{"status": {"msg": "OK", "credits": "1", "remaining_credits": "39842", "code": "0"}, "token_list": [{"endp": "122", "style": {"isItalics": "no", "isUnderlined": "no", "isTitle": "no", "isBold": "no"}, "token_list": [{"endp": "41", "style": {"isItalics": "no", "isUnderlined": "no", "isTitle": "no", "isBold": "no"}, "token_list": [{"endp": "0", "style": {"isItalics": "no", "isUnderlined": "no", "isTitle": "no", "isBold": "no"}, "token_list": [{"endp": "0", "style": {"isItalics": "no", "isUnderlined": "no", "isTitle": "no", "isBold": "no"}, "inip": "0", "form": "I", "quote_level": "0", "affected_by_negation": "no", "separation": "_", "analysis_list": [{"lemma": "I", "tag": "PP-S1NN-", "sense_id_list": [{"sense_id": "PRONHUMAN"}], "original_form": "I"}], "sense_list": [{"info": "semhum=human", "id": "PRONHUMAN", "form": "I"}], "id": "1"}], "separation": "_", "form": "I", "quote_level": "0", "head": "1", "syntactic_tree_relation_list": [{"type": "isSubject", "id": "36"}], "affected_by_negation": "no", "inip": "0", "analysis_list": [{"lemma": "I", "tag": "GN-S1S--", "original_form": "I"}], "type": "phrase", "id": "47"}, {"endp": "11", "style": {"isItalics": "no", "isUnderlined": "no", "isTitle": "no", "isBold": "no"}, "separation": "1", "form": "was trying", "quote_level": "0", "head": "2", "syntactic_tree_relation_list": [{"type": "iof_isSubject", "id": "47"}, {"type": "iof_isDirectObject", "id": "51"}], "affected_by_negation": "no", "inip": "2", "analysis_list": [{"lemma": "try", "tag": "VI-S1ACA-N-N9", "original_form": "was trying"}], "type": "multiword", "id": "36"}, {"endp": "41", "style": {"isItalics": "no", "isUnderlined": "no", "isTitle": "no", "isBold": "no"}, "token_list": [{"endp": "19", "style": {"isItalics": "no", "isUnderlined": "no", "isTitle": "no", "isBold": "no"}, "separation": "1", "form": "to open", "quote_level": "0", "head": "5", "syntactic_tree_relation_list": [{"type": "iof_isDirectObject", "id": "40"}], "affected_by_negation": "no", "inip": "13", "analysis_list": [{"lemma": "open", "tag": "VF---OSA-N-N4", "sense_id_list": [{"sense_id": "ODENTITY_LINGUISTIC_COMMUNICATION"}, {"sense_id": "ODENTITY_GAME"}, {"sense_id": "ODENTITY_MOTION"}, {"sense_id": "ODENTITY_PROCESS"}, {"sense_id": "ODENTITY_SHAPE_CHANGE"}], "original_form": "to open"}], "sense_list": [{"info": "sementity/id=ODENTITY_GAME@type=Top>Product>CulturalProduct>Game\tsemld_list=sumo:CulturalProduct", "id": "ODENTITY_GAME", "form": "open"}, {"info": "sementity/id=ODENTITY_LINGUISTIC_COMMUNICATION@type=Top>Process>ContentBearingProcess>CommunicationProcess>LinguisticCommunication\tsemld_list=sumo:Entity", "id": "ODENTITY_LINGUISTIC_COMMUNICATION", "form": "open"}, {"info": "sementity/id=ODENTITY_MOTION@type=Top>Process>Motion\tsemld_list=sumo:Entity", "id": "ODENTITY_MOTION", "form": "open"}, {"info": "sementity/id=ODENTITY_PROCESS@type=Top>Process\tsemld_list=sumo:Entity", "id": "ODENTITY_PROCESS", "form": "open"}, {"info": "sementity/id=ODENTITY_SHAPE_CHANGE@type=Top>Process>InternalChange>ShapeChange\tsemld_list=sumo:Entity", "id": "ODENTITY_SHAPE_CHANGE", "form": "open"}], "type": "multiword", "id": "39"}, {"endp": "41", "style": {"isItalics": "no", "isUnderlined": "no", "isTitle": "no", "isBold": "no"}, "token_list": [{"endp": "23", "style": {"isItalics": "no", "isUnderlined": "no", "isTitle": "no", "isBold": "no"}, "inip": "21", "form": "the", "quote_level": "0", "affected_by_negation": "no", "separation": "1", "analysis_list": [{"lemma": "the", "tag": "TD-SN9", "original_form": "the"}], "id": "6"}, {"endp": "28", "style": {"isItalics": "no", "isUnderlined": "no", "isTitle": "no", "isBold": "no"}, "inip": "25", "form": "lock", "quote_level": "0", "affected_by_negation": "no", "separation": "1", "analysis_list": [{"lemma": "lock", "tag": "NC-S-N4", "original_form": "lock"}], "id": "7"}, {"endp": "41", "style": {"isItalics": "no", "isUnderlined": "no", "isTitle": "no", "isBold": "no"}, "token_list": [{"endp": "33", "style": {"isItalics": "no", "isUnderlined": "no", "isTitle": "no", "isBold": "no"}, "inip": "30", "form": "with", "quote_level": "0", "affected_by_negation": "no", "separation": "1", "analysis_list": [{"lemma": "with", "tag": "YN8", "original_form": "with"}], "id": "8"}, {"endp": "41", "style": {"isItalics": "no", "isUnderlined": "no", "isTitle": "no", "isBold": "no"}, "token_list": [{"endp": "37", "style": {"isItalics": "no", "isUnderlined": "no", "isTitle": "no", "isBold": "no"}, "inip": "35", "form": "the", "quote_level": "0", "affected_by_negation": "no", "separation": "1", "analysis_list": [{"lemma": "the", "tag": "TD-SN9", "original_form": "the"}], "id": "9"}, {"endp": "41", "style": {"isItalics": "no", "isUnderlined": "no", "isTitle": "no", "isBold": "no"}, "inip": "39", "form": "key", "quote_level": "0", "affected_by_negation": "no", "separation": "1", "analysis_list": [{"lemma": "key", "tag": "NC-S-N5", "sense_id_list": [{"sense_id": "d9ff511af0"}, {"sense_id": "eba021b67d"}], "original_form": "key"}], "sense_list": [{"info": "sementity/class=class@fiction=nonfiction@id=ODENTITY_ISLE@type=Top>Location>GeographicalEntity>LandForm>Isle\tsemld_list=sumo:Island", "id": "d9ff511af0", "form": "key"}, {"info": "sementity/class=class@fiction=nonfiction@id=ODENTITY_TOP@type=Top\tsemld_list=sumo:Entity\tsemtheme_list/id=ODTHEME_MUSIC@type=Top>Arts>Music", "id": "eba021b67d", "form": "key"}], "id": "10"}], "separation": "1", "form": "the key", "quote_level": "0", "head": "10", "affected_by_negation": "no", "inip": "35", "analysis_list": [{"lemma": "key", "tag": "GN-S3---", "original_form": "the key"}], "type": "phrase", "id": "41"}], "separation": "1", "form": "with the key", "quote_level": "0", "head": "8", "affected_by_negation": "no", "inip": "30", "analysis_list": [{"lemma": "with", "tag": "GY------", "original_form": "with the key"}], "type": "phrase", "id": "50"}], "separation": "1", "form": "the lock with the key", "quote_level": "0", "head": "7", "syntactic_tree_relation_list": [{"type": "isDirectObject", "id": "39"}], "affected_by_negation": "no", "inip": "21", "analysis_list": [{"lemma": "lock", "tag": "GN-S3D--", "original_form": "the lock"}], "type": "phrase", "id": "40"}], "separation": "1", "form": "to open the lock with the key", "quote_level": "0", "syntactic_tree_relation_list": [{"type": "isDirectObject", "id": "36"}], "affected_by_negation": "no", "inip": "13", "analysis_list": [{"lemma": "*", "tag": "ZN---DFO----", "original_form": "to open the lock with the key"}], "type": "phrase", "id": "51"}], "separation": "_", "form": "I was trying to open the lock with the key", "quote_level": "0", "affected_by_negation": "no", "inip": "0", "analysis_list": [{"lemma": "*", "tag": "ZC----------", "original_form": "I was trying to open the lock with the key"}], "type": "phrase", "id": "52"}, {"endp": "42", "style": {"isItalics": "no", "isUnderlined": "no", "isTitle": "no", "isBold": "no"}, "inip": "42", "form": ",", "quote_level": "0", "affected_by_negation": "no", "separation": "A", "analysis_list": [{"lemma": ",", "tag": "1D--", "original_form": ","}], "id": "11"}, {"endp": "46", "style": {"isItalics": "no", "isUnderlined": "no", "isTitle": "no", "isBold": "no"}, "inip": "44", "form": "but", "quote_level": "0", "affected_by_negation": "no", "separation": "1", "analysis_list": [{"lemma": "but", "tag": "CCAN8", "original_form": "but"}], "id": "12"}, {"endp": "94", "style": {"isItalics": "no", "isUnderlined": "no", "isTitle": "no", "isBold": "no"}, "token_list": [{"endp": "54", "style": {"isItalics": "no", "isUnderlined": "no", "isTitle": "no", "isBold": "no"}, "token_list": [{"endp": "54", "style": {"isItalics": "no", "isUnderlined": "no", "isTitle": "no", "isBold": "no"}, "inip": "48", "form": "someone", "quote_level": "0", "affected_by_negation": "no", "separation": "1", "analysis_list": [{"lemma": "someone", "tag": "QP-SPN6", "sense_id_list": [{"sense_id": "PRONHUMAN"}], "original_form": "someone"}], "sense_list": [{"info": "semhum=human", "id": "PRONHUMAN", "form": "someone"}], "id": "13"}], "separation": "1", "form": "someone", "quote_level": "0", "head": "13", "syntactic_tree_relation_list": [{"type": "isSubject", "id": "35"}], "affected_by_negation": "no", "inip": "48", "analysis_list": [{"lemma": "someone", "tag": "GN-S3S--", "original_form": "someone"}], "type": "phrase", "id": "46"}, {"endp": "65", "style": {"isItalics": "no", "isUnderlined": "no", "isTitle": "no", "isBold": "no"}, "separation": "1", "form": "had filled", "quote_level": "0", "head": "14", "syntactic_tree_relation_list": [{"type": "iof_isSubject", "id": "46"}, {"type": "iof_isDirectObject", "id": "42"}], "affected_by_negation": "no", "inip": "56", "analysis_list": [{"lemma": "fill", "tag": "VI-S3APA-N-N9", "original_form": "had filled"}], "type": "multiword", "id": "35"}, {"endp": "94", "style": {"isItalics": "no", "isUnderlined": "no", "isTitle": "no", "isBold": "no"}, "token_list": [{"endp": "69", "style": {"isItalics": "no", "isUnderlined": "no", "isTitle": "no", "isBold": "no"}, "inip": "67", "form": "the", "quote_level": "0", "affected_by_negation": "no", "separation": "1", "analysis_list": [{"lemma": "the", "tag": "TD-SN9", "original_form": "the"}], "id": "16"}, {"endp": "77", "style": {"isItalics": "no", "isUnderlined": "no", "isTitle": "no", "isBold": "no"}, "inip": "71", "form": "keyhole", "quote_level": "0", "affected_by_negation": "no", "separation": "1", "analysis_list": [{"lemma": "keyhole", "tag": "NC-S-N-", "original_form": "keyhole"}], "id": "17"}, {"endp": "94", "style": {"isItalics": "no", "isUnderlined": "no", "isTitle": "no", "isBold": "no"}, "token_list": [{"endp": "82", "style": {"isItalics": "no", "isUnderlined": "no", "isTitle": "no", "isBold": "no"}, "inip": "79", "form": "with", "quote_level": "0", "affected_by_negation": "no", "separation": "1", "analysis_list": [{"lemma": "with", "tag": "YN8", "original_form": "with"}], "id": "18"}, {"endp": "94", "style": {"isItalics": "no", "isUnderlined": "no", "isTitle": "no", "isBold": "no"}, "token_list": [{"endp": "94", "style": {"isItalics": "no", "isUnderlined": "no", "isTitle": "no", "isBold": "no"}, "inip": "84", "form": "chewing gum", "quote_level": "0", "affected_by_negation": "no", "separation": "1", "analysis_list": [{"lemma": "chewing gum", "tag": "NC-S-N-", "original_form": "chewing gum"}], "id": "33"}], "separation": "1", "form": "chewing gum", "quote_level": "0", "head": "33", "affected_by_negation": "no", "inip": "84", "analysis_list": [{"lemma": "chewing gum", "tag": "GN-S3---", "original_form": "chewing gum"}], "type": "phrase", "id": "43"}], "separation": "1", "form": "with chewing gum", "quote_level": "0", "head": "18", "affected_by_negation": "no", "inip": "79", "analysis_list": [{"lemma": "with", "tag": "GY------", "original_form": "with chewing gum"}], "type": "phrase", "id": "49"}], "separation": "1", "form": "the keyhole with chewing gum", "quote_level": "0", "head": "17", "syntactic_tree_relation_list": [{"type": "isDirectObject", "id": "35"}, {"type": "iof_isAnaphora", "id": "44"}], "affected_by_negation": "no", "inip": "67", "analysis_list": [{"lemma": "keyhole", "tag": "GN-S3D--", "original_form": "the keyhole"}], "type": "phrase", "id": "42"}], "separation": "1", "form": "someone had filled the keyhole with chewing gum", "quote_level": "0", "affected_by_negation": "no", "inip": "48", "analysis_list": [{"lemma": "*", "tag": "ZC----------", "original_form": "someone had filled the keyhole with chewing gum"}], "type": "phrase", "id": "53"}, {"endp": "95", "style": {"isItalics": "no", "isUnderlined": "no", "isTitle": "no", "isBold": "no"}, "inip": "95", "form": ",", "quote_level": "0", "affected_by_negation": "no", "separation": "A", "analysis_list": [{"lemma": ",", "tag": "1D--", "original_form": ","}], "id": "21"}, {"endp": "99", "style": {"isItalics": "no", "isUnderlined": "no", "isTitle": "no", "isBold": "no"}, "inip": "97", "form": "and", "quote_level": "0", "affected_by_negation": "no", "separation": "1", "analysis_list": [{"lemma": "and", "tag": "CCYN9", "original_form": "and"}], "id": "22"}, {"endp": "121", "style": {"isItalics": "no", "isUnderlined": "no", "isTitle": "no", "isBold": "no"}, "token_list": [{"endp": "101", "style": {"isItalics": "no", "isUnderlined": "no", "isTitle": "no", "isBold": "no"}, "token_list": [{"endp": "101", "style": {"isItalics": "no", "isUnderlined": "no", "isTitle": "no", "isBold": "no"}, "inip": "101", "form": "I", "quote_level": "0", "affected_by_negation": "no", "separation": "1", "analysis_list": [{"lemma": "I", "tag": "PP-S1NN-", "sense_id_list": [{"sense_id": "PRONHUMAN"}], "original_form": "I"}], "sense_list": [{"info": "semhum=human", "id": "PRONHUMAN", "form": "I"}], "id": "23"}], "separation": "1", "form": "I", "quote_level": "0", "head": "23", "syntactic_tree_relation_list": [{"type": "isSubject", "id": "34"}], "affected_by_negation": "no", "inip": "101", "analysis_list": [{"lemma": "I", "tag": "GN-S1S--", "original_form": "I"}], "type": "phrase", "id": "45"}, {"endp": "114", "style": {"isItalics": "no", "isUnderlined": "no", "isTitle": "no", "isBold": "no"}, "separation": "1", "form": "couldn't get", "quote_level": "0", "head": "32", "syntactic_tree_relation_list": [{"type": "iof_isSubject", "id": "45"}, {"type": "iof_isDirectObject", "id": "44"}, {"type": "iof_isLocationComplement", "id": "48"}], "affected_by_negation": "yes", "inip": "103", "analysis_list": [{"lemma": "get", "tag": "VW-S1OSA-NNE7", "original_form": "couldn't get"}], "type": "multiword", "id": "34"}, {"endp": "117", "style": {"isItalics": "no", "isUnderlined": "no", "isTitle": "no", "isBold": "no"}, "token_list": [{"endp": "117", "style": {"isItalics": "no", "isUnderlined": "no", "isTitle": "no", "isBold": "no"}, "inip": "116", "form": "it", "quote_level": "0", "affected_by_negation": "no", "separation": "1", "analysis_list": [{"lemma": "it", "tag": "PP-S3AN8", "sense_id_list": [{"sense_id": "PRONNONHUMAN"}], "original_form": "it"}], "sense_list": [{"info": "semhum=nonhuman", "id": "PRONNONHUMAN", "form": "it"}], "id": "28"}], "separation": "1", "form": "it", "quote_level": "0", "head": "28", "syntactic_tree_relation_list": [{"type": "isAnaphora", "id": "42"}, {"type": "isDirectObject", "id": "34"}], "affected_by_negation": "no", "inip": "116", "analysis_list": [{"lemma": "it", "tag": "GN-S3D--", "original_form": "it"}], "type": "phrase", "id": "44"}, {"endp": "121", "style": {"isItalics": "no", "isUnderlined": "no", "isTitle": "no", "isBold": "no"}, "token_list": [{"endp": "121", "style": {"isItalics": "no", "isUnderlined": "no", "isTitle": "no", "isBold": "no"}, "inip": "119", "form": "out", "quote_level": "0", "affected_by_negation": "no", "separation": "1", "analysis_list": [{"lemma": "out", "tag": "ENLPN4", "original_form": "out"}], "id": "29"}], "separation": "1", "form": "out", "quote_level": "0", "head": "29", "syntactic_tree_relation_list": [{"type": "isLocationComplement", "id": "34"}], "affected_by_negation": "no", "inip": "119", "analysis_list": [{"lemma": "out", "tag": "GEL--L--", "original_form": "out"}], "type": "phrase", "id": "48"}], "separation": "1", "form": "I couldn't get it out", "quote_level": "0", "affected_by_negation": "no", "inip": "101", "analysis_list": [{"lemma": "*", "tag": "ZC----------", "original_form": "I couldn't get it out"}], "type": "phrase", "id": "54"}, {"endp": "122", "style": {"isItalics": "no", "isUnderlined": "no", "isTitle": "no", "isBold": "no"}, "inip": "122", "form": ".", "quote_level": "0", "affected_by_negation": "no", "separation": "A", "analysis_list": [{"lemma": ".", "tag": "1D--", "original_form": "."}], "id": "30"}], "inip": "0", "quote_level": "0", "affected_by_negation": "no", "separation": "A", "type": "sentence", "id": "37"}]}