{"status": {"msg": "OK", "credits": "1", "remaining_credits": "39841", "code": "0"}, "token_list": [{"endp": "43", "style": {"isItalics": "no", "isUnderlined": "no", "isTitle": "no", "isBold": "no"}, "token_list": [{"endp": "43", "style": {"isItalics": "no", "isUnderlined": "no", "isTitle": "no", "isBold": "no"}, "token_list": [{"endp": "6", "style": {"isItalics": "no", "isUnderlined": "no", "isTitle": "no", "isBold": "no"}, "token_list": [{"endp": "2", "style": {"isItalics": "no", "isUnderlined": "no", "isTitle": "no", "isBold": "no"}, "inip": "0", "form": "The", "quote_level": "0", "affected_by_negation": "no", "separation": "_", "analysis_list": [{"lemma": "the", "tag": "TD-SN9", "original_form": "the"}], "id": "1"}, {"endp": "6", "style": {"isItalics": "no", "isUnderlined": "no", "isTitle": "no", "isBold": "no"}, "inip": "4", "form": "dog", "quote_level": "0", "affected_by_negation": "no", "separation": "1", "analysis_list": [{"lemma": "dog", "tag": "NC-S-N5", "sense_id_list": [{"sense_id": "587be6b063"}], "original_form": "dog"}], "sense_list": [{"info": "sementity/class=class@fiction=nonfiction@id=ODENTITY_MAMMAL@type=Top>LivingThing>Animal>Vertebrate>Mammal\tsemld_list=sumo:Mammal\tsemtheme_list/id=ODTHEME_ZOOLOGY@type=Top>NaturalSciences>Zoology", "id": "587be6b063", "form": "dog"}], "id": "2"}], "separation": "_", "form": "The dog", "quote_level": "0", "head": "2", "syntactic_tree_relation_list": [{"type": "isSubject", "id": "3"}], "affected_by_negation": "no", "inip": "0", "analysis_list": [{"lemma": "dog", "tag": "GN-S3S--", "original_form": "The dog"}], "type": "phrase", "id": "24"}, {"endp": "13", "style": {"isItalics": "no", "isUnderlined": "no", "isTitle": "no", "isBold": "no"}, "inip": "8", "form": "chased", "quote_level": "0", "syntactic_tree_relation_list": [{"type": "iof_isSubject", "id": "24"}, {"type": "iof_isDirectObject", "id": "25"}], "affected_by_negation": "no", "separation": "1", "analysis_list": [{"lemma": "chase", "tag": "VI-S3ASA-N-N1", "sense_id_list": [{"sense_id": "ODENTITY_PURSUING"}, {"sense_id": "ODENTITY_SHAPE_CHANGE"}, {"sense_id": "ODENTITY_SOCIAL_INTERACTION"}], "original_form": "chased"}], "sense_list": [{"info": "sementity/id=ODENTITY_PURSUING@type=Top>Process>IntentionalProcess>Pursuing\tsemld_list=sumo:IntentionalProcess", "id": "ODENTITY_PURSUING", "form": "chase"}, {"info": "sementity/id=ODENTITY_SHAPE_CHANGE@type=Top>Process>InternalChange>ShapeChange\tsemld_list=sumo:Entity", "id": "ODENTITY_SHAPE_CHANGE", "form": "chase"}, {"info": "sementity/id=ODENTITY_SOCIAL_INTERACTION@type=Top>Process>IntentionalProcess>SocialInteraction\tsemld_list=sumo:IntentionalProcess", "id": "ODENTITY_SOCIAL_INTERACTION", "form": "chase"}], "id": "3"}, {"endp": "21", "style": {"isItalics": "no", "isUnderlined": "no", "isTitle": "no", "isBold": "no"}, "token_list": [{"endp": "17", "style": {"isItalics": "no", "isUnderlined": "no", "isTitle": "no", "isBold": "no"}, "inip": "15", "form": "the", "quote_level": "0", "affected_by_negation": "no", "separation": "1", "analysis_list": [{"lemma": "the", "tag": "TD-SN9", "original_form": "the"}], "id": "4"}, {"endp": "21", "style": {"isItalics": "no", "isUnderlined": "no", "isTitle": "no", "isBold": "no"}, "inip": "19", "form": "cat", "quote_level": "0", "affected_by_negation": "no", "separation": "1", "analysis_list": [{"lemma": "cat", "tag": "NC-S-N5", "sense_id_list": [{"sense_id": "af2c7e7b16"}], "original_form": "cat"}], "sense_list": [{"info": "sementity/class=class@fiction=nonfiction@id=ODENTITY_MAMMAL@type=Top>LivingThing>Animal>Vertebrate>Mammal\tsemld_list=sumo:Mammal\tsemtheme_list/id=ODTHEME_ZOOLOGY@type=Top>NaturalSciences>Zoology", "id": "af2c7e7b16", "form": "cat"}], "id": "5"}], "separation": "1", "form": "the cat", "quote_level": "0", "head": "5", "syntactic_tree_relation_list": [{"type": "isSubject", "id": "8"}, {"type": "isDirectObject", "id": "3"}, {"type": "iof_isNonRestrictiveApposition", "id": "29"}, {"type": "iof_isAnaphora", "id": "27"}, {"type": "iof_isAnaphora", "id": "32"}], "affected_by_negation": "no", "inip": "15", "analysis_list": [{"lemma": "cat", "tag": "GN-S3D--", "original_form": "the cat"}], "type": "phrase", "id": "25"}, {"endp": "22", "style": {"isItalics": "no", "isUnderlined": "no", "isTitle": "no", "isBold": "no"}, "inip": "22", "form": ",", "quote_level": "0", "affected_by_negation": "no", "separation": "A", "analysis_list": [{"lemma": ",", "tag": "1D--", "original_form": ","}], "id": "6"}, {"endp": "43", "style": {"isItalics": "no", "isUnderlined": "no", "isTitle": "no", "isBold": "no"}, "token_list": [{"endp": "28", "style": {"isItalics": "no", "isUnderlined": "no", "isTitle": "no", "isBold": "no"}, "token_list": [{"endp": "28", "style": {"isItalics": "no", "isUnderlined": "no", "isTitle": "no", "isBold": "no"}, "inip": "24", "form": "which", "quote_level": "0", "affected_by_negation": "no", "separation": "1", "analysis_list": [{"lemma": "which", "tag": "RP-SN8", "sense_id_list": [{"sense_id": "PRONBOTH"}], "original_form": "which"}], "sense_list": [{"info": "semhum=both", "id": "PRONBOTH", "form": "which"}], "id": "7"}], "separation": "1", "form": "which", "quote_level": "0", "head": "7", "syntactic_tree_relation_list": [{"type": "isAnaphora", "id": "25"}], "affected_by_negation": "no", "inip": "24", "analysis_list": [{"lemma": "which", "tag": "GN-S3---", "original_form": "which"}], "type": "phrase", "id": "27"}, {"endp": "32", "style": {"isItalics": "no", "isUnderlined": "no", "isTitle": "no", "isBold": "no"}, "inip": "30", "form": "ran", "quote_level": "0", "syntactic_tree_relation_list": [{"type": "iof_isSubject", "id": "25"}, {"type": "iof_isComplement", "id": "28"}], "affected_by_negation": "no", "separation": "1", "analysis_list": [{"lemma": "run", "tag": "VI-UUASA-N-N5", "original_form": "ran"}], "id": "8"}, {"endp": "42", "style": {"isItalics": "no", "isUnderlined": "no", "isTitle": "no", "isBold": "no"}, "token_list": [{"endp": "35", "style": {"isItalics": "no", "isUnderlined": "no", "isTitle": "no", "isBold": "no"}, "inip": "34", "form": "up", "quote_level": "0", "affected_by_negation": "no", "separation": "1", "analysis_list": [{"lemma": "up", "tag": "YN6", "original_form": "up"}], "id": "9"}, {"endp": "42", "style": {"isItalics": "no", "isUnderlined": "no", "isTitle": "no", "isBold": "no"}, "token_list": [{"endp": "37", "style": {"isItalics": "no", "isUnderlined": "no", "isTitle": "no", "isBold": "no"}, "inip": "37", "form": "a", "quote_level": "0", "affected_by_negation": "no", "separation": "1", "analysis_list": [{"lemma": "a", "tag": "QD-SPN9", "original_form": "a"}], "id": "10"}, {"endp": "42", "style": {"isItalics": "no", "isUnderlined": "no", "isTitle": "no", "isBold": "no"}, "inip": "39", "form": "tree", "quote_level": "0", "affected_by_negation": "no", "separation": "1", "analysis_list": [{"lemma": "tree", "tag": "NC-S-N6", "sense_id_list": [{"sense_id": "35f20d6542"}], "original_form": "tree"}], "sense_list": [{"info": "sementity/class=class@fiction=nonfiction@id=ODENTITY_FLORA@type=Top>LivingThing>Flora\tsemld_list=sumo:Plant\tsemtheme_list/id=ODTHEME_BOTANY@type=Top>NaturalSciences>Botany", "id": "35f20d6542", "form": "tree"}], "id": "11"}], "separation": "1", "form": "a tree", "quote_level": "0", "head": "11", "affected_by_negation": "no", "inip": "37", "analysis_list": [{"lemma": "tree", "tag": "GN-S3---", "original_form": "a tree"}], "type": "phrase", "id": "26"}], "separation": "1", "form": "up a tree", "quote_level": "0", "head": "9", "syntactic_tree_relation_list": [{"type": "isComplement", "id": "8"}], "affected_by_negation": "no", "inip": "34", "analysis_list": [{"lemma": "up", "tag": "GY---C--", "original_form": "up a tree"}], "type": "phrase", "id": "28"}, {"endp": "43", "style": {"isItalics": "no", "isUnderlined": "no", "isTitle": "no", "isBold": "no"}, "inip": "43", "form": ".", "quote_level": "0", "affected_by_negation": "no", "separation": "A", "analysis_list": [{"lemma": ".", "tag": "1D--", "original_form": "."}], "id": "12"}], "separation": "1", "form": "which ran up a tree.", "quote_level": "0", "syntactic_tree_relation_list": [{"type": "isNonRestrictiveApposition", "id": "25"}], "affected_by_negation": "no", "inip": "24", "analysis_list": [{"lemma": "*", "tag": "ZA---X------", "original_form": "which ran up a tree."}], "type": "phrase", "id": "29"}], "separation": "_", "form": "The dog chased the cat, which ran up a tree.", "quote_level": "0", "affected_by_negation": "no", "inip": "0", "analysis_list": [{"lemma": "*", "tag": "Z-----------", "original_form": "The dog chased the cat, which ran up a tree."}], "type": "phrase", "id": "30"}], "inip": "0", "quote_level": "0", "affected_by_negation": "no", "separation": "A", "type": "sentence", "id": "20"}, {"endp": "68", "style": {"isItalics": "no", "isUnderlined": "no", "isTitle": "no", "isBold": "no"}, "token_list": [{"endp": "67", "style": {"isItalics": "no", "isUnderlined": "no", "isTitle": "no", "isBold": "no"}, "token_list": [{"endp": "46", "style": {"isItalics": "no", "isUnderlined": "no", "isTitle": "no", "isBold": "no"}, "token_list": [{"endp": "46", "style": {"isItalics": "no", "isUnderlined": "no", "isTitle": "no", "isBold": "no"}, "inip": "45", "form": "It", "quote_level": "0", "affected_by_negation": "no", "separation": "1", "analysis_list": [{"lemma": "it", "tag": "PP-S3NN8", "sense_id_list": [{"sense_id": "PRONNONHUMAN"}], "original_form": "it"}], "sense_list": [{"info": "semhum=nonhuman", "id": "PRONNONHUMAN", "form": "it"}], "id": "13"}], "separation": "1", "form": "It", "quote_level": "0", "head": "13", "syntactic_tree_relation_list": [{"type": "isAnaphora", "id": "25"}, {"type": "isSubject", "id": "14"}], "affected_by_negation": "no", "inip": "45", "analysis_list": [{"lemma": "it", "tag": "GN-S3S--", "original_form": "It"}], "type": "phrase", "id": "32"}, {"endp": "53", "style": {"isItalics": "no", "isUnderlined": "no", "isTitle": "no", "isBold": "no"}, "inip": "48", "form": "waited", "quote_level": "0", "syntactic_tree_relation_list": [{"type": "iof_isSubject", "id": "32"}, {"type": "iof_isComplement", "id": "33"}], "affected_by_negation": "no", "separation": "1", "analysis_list": [{"lemma": "wait", "tag": "VI-S3ASA-N-N6", "sense_id_list": [{"sense_id": "ODENTITY_INTENTIONAL_PROCESS"}, {"sense_id": "ODENTITY_INTENTIONAL_PSYCHOLOGICAL_PROCESS"}], "original_form": "waited"}], "sense_list": [{"info": "sementity/id=ODENTITY_INTENTIONAL_PROCESS@type=Top>Process>IntentionalProcess\tsemld_list=sumo:IntentionalProcess", "id": "ODENTITY_INTENTIONAL_PROCESS", "form": "wait"}, {"info": "sementity/id=ODENTITY_INTENTIONAL_PSYCHOLOGICAL_PROCESS@type=Top>Process>IntentionalProcess>IntentionalPsychologicalProcess\tsemld_list=sumo:IntentionalProcess", "id": "ODENTITY_INTENTIONAL_PSYCHOLOGICAL_PROCESS", "form": "wait"}], "id": "14"}, {"endp": "67", "style": {"isItalics": "no", "isUnderlined": "no", "isTitle": "no", "isBold": "no"}, "token_list": [{"endp": "56", "style": {"isItalics": "no", "isUnderlined": "no", "isTitle": "no", "isBold": "no"}, "inip": "55", "form": "at", "quote_level": "0", "affected_by_negation": "no", "separation": "1", "analysis_list": [{"lemma": "at", "tag": "YN8", "original_form": "at"}], "id": "15"}, {"endp": "67", "style": {"isItalics": "no", "isUnderlined": "no", "isTitle": "no", "isBold": "no"}, "token_list": [{"endp": "60", "style": {"isItalics": "no", "isUnderlined": "no", "isTitle": "no", "isBold": "no"}, "inip": "58", "form": "the", "quote_level": "0", "affected_by_negation": "no", "separation": "1", "analysis_list": [{"lemma": "the", "tag": "TD-SN9", "original_form": "the"}], "id": "16"}, {"endp": "67", "style": {"isItalics": "no", "isUnderlined": "no", "isTitle": "no", "isBold": "no"}, "inip": "62", "form": "bottom", "quote_level": "0", "affected_by_negation": "no", "separation": "1", "analysis_list": [{"lemma": "bottom", "tag": "NC-S-N4", "sense_id_list": [{"sense_id": "40e4e51b12"}], "original_form": "bottom"}], "sense_list": [{"info": "sementity/class=class@fiction=nonfiction@id=ODENTITY_BODY_PART@type=Top>LivingThing>BodyPart\tsemld_list=sumo:Organism\tsemtheme_list/id=ODTHEME_ANATOMY@type=Top>LifeSciences>Anatomy", "id": "40e4e51b12", "form": "ass"}], "id": "17"}], "separation": "1", "form": "the bottom", "quote_level": "0", "head": "17", "affected_by_negation": "no", "inip": "58", "analysis_list": [{"lemma": "bottom", "tag": "GN-S3---", "original_form": "the bottom"}], "type": "phrase", "id": "31"}], "separation": "1", "form": "at the bottom", "quote_level": "0", "head": "15", "syntactic_tree_relation_list": [{"type": "isComplement", "id": "14"}], "affected_by_negation": "no", "inip": "55", "analysis_list": [{"lemma": "at", "tag": "GY---C--", "original_form": "at the bottom"}], "type": "phrase", "id": "33"}], "separation": "1", "form": "It waited at the bottom", "quote_level": "0", "affected_by_negation": "no", "inip": "45", "analysis_list": [{"lemma": "*", "tag": "Z-----------", "original_form": "It waited at the bottom"}], "type": "phrase", "id": "34"}, {"endp": "68", "style": {"isItalics": "no", "isUnderlined": "no", "isTitle": "no", "isBold": "no"}, "inip": "68", "form": ".", "quote_level": "0", "affected_by_negation": "no", "separation": "A", "analysis_list": [{"lemma": ".", "tag": "1D--", "original_form": "."}], "id": "18"}], "inip": "45", "quote_level": "0", "affected_by_negation": "no", "separation": "A", "type": "sentence", "id": "22"}]}