{"status": {"msg": "OK", "credits": "1", "remaining_credits": "39839", "code": "0"}, "token_list": [{"endp": "73", "style": {"isItalics": "no", "isUnderlined": "no", "isTitle": "no", "isBold": "no"}, "token_list": [{"endp": "12", "style": {"isItalics": "no", "isUnderlined": "no", "isTitle": "no", "isBold": "no"}, "token_list": [{"endp": "11", "style": {"isItalics": "no", "isUnderlined": "no", "isTitle": "no", "isBold": "no"}, "token_list": [{"endp": "1", "style": {"isItalics": "no", "isUnderlined": "no", "isTitle": "no", "isBold": "no"}, "inip": "0", "form": "In", "quote_level": "0", "affected_by_negation": "no", "separation": "_", "analysis_list": [{"lemma": "in", "tag": "YN6", "original_form": "in"}], "id": "1"}, {"endp": "11", "style": {"isItalics": "no", "isUnderlined": "no", "isTitle": "no", "isBold": "no"}, "token_list": [{"endp": "5", "style": {"isItalics": "no", "isUnderlined": "no", "isTitle": "no", "isBold": "no"}, "inip": "3", "form": "the", "quote_level": "0", "affected_by_negation": "no", "separation": "1", "analysis_list": [{"lemma": "the", "tag": "TD-SN9", "original_form": "the"}], "id": "2"}, {"endp": "11", "style": {"isItalics": "no", "isUnderlined": "no", "isTitle": "no", "isBold": "no"}, "inip": "7", "form": "storm", "quote_level": "0", "affected_by_negation": "no", "separation": "1", "analysis_list": [{"lemma": "storm", "tag": "NC-S-N2", "sense_id_list": [{"sense_id": "45eeccece2"}], "original_form": "storm"}], "sense_list": [{"info": "sementity/class=class@fiction=nonfiction@id=ODENTITY_NATURAL_PHENOMENA@type=Top>Event>NaturalPhenomena\tsemld_list=sumo:WeatherProcess", "id": "45eeccece2", "form": "storm"}], "id": "3"}], "separation": "1", "form": "the storm", "quote_level": "0", "head": "3", "affected_by_negation": "no", "inip": "3", "analysis_list": [{"lemma": "storm", "tag": "GN-S3---", "original_form": "the storm"}], "type": "phrase", "id": "33"}], "separation": "_", "form": "In the storm", "quote_level": "0", "head": "1", "syntactic_tree_relation_list": [{"type": "isComplement", "id": "7"}], "affected_by_negation": "no", "inip": "0", "analysis_list": [{"lemma": "in", "tag": "GY---C--", "original_form": "In the storm"}], "type": "phrase", "id": "40"}, {"endp": "12", "style": {"isItalics": "no", "isUnderlined": "no", "isTitle": "no", "isBold": "no"}, "inip": "12", "form": ",", "quote_level": "0", "affected_by_negation": "no", "separation": "A", "analysis_list": [{"lemma": ",", "tag": "1D--", "original_form": ","}], "id": "4"}], "separation": "_", "form": "In the storm,", "quote_level": "0", "affected_by_negation": "no", "inip": "0", "analysis_list": [{"lemma": "*", "tag": "Z-----------", "original_form": "In the storm,"}], "type": "phrase", "id": "43"}, {"endp": "31", "style": {"isItalics": "no", "isUnderlined": "no", "isTitle": "no", "isBold": "no"}, "token_list": [{"endp": "21", "style": {"isItalics": "no", "isUnderlined": "no", "isTitle": "no", "isBold": "no"}, "token_list": [{"endp": "16", "style": {"isItalics": "no", "isUnderlined": "no", "isTitle": "no", "isBold": "no"}, "inip": "14", "form": "the", "quote_level": "0", "affected_by_negation": "no", "separation": "1", "analysis_list": [{"lemma": "the", "tag": "TD-SN9", "original_form": "the"}], "id": "5"}, {"endp": "21", "style": {"isItalics": "no", "isUnderlined": "no", "isTitle": "no", "isBold": "no"}, "inip": "18", "form": "tree", "quote_level": "0", "affected_by_negation": "no", "separation": "1", "analysis_list": [{"lemma": "tree", "tag": "NC-S-N6", "sense_id_list": [{"sense_id": "35f20d6542"}], "original_form": "tree"}], "sense_list": [{"info": "sementity/class=class@fiction=nonfiction@id=ODENTITY_FLORA@type=Top>LivingThing>Flora\tsemld_list=sumo:Plant\tsemtheme_list/id=ODTHEME_BOTANY@type=Top>NaturalSciences>Botany", "id": "35f20d6542", "form": "tree"}], "id": "6"}], "separation": "1", "form": "the tree", "quote_level": "0", "head": "6", "syntactic_tree_relation_list": [{"type": "isSubject", "id": "10"}, {"type": "isSubject", "id": "7"}, {"type": "iof_isAnaphora", "id": "44"}], "affected_by_negation": "no", "inip": "14", "analysis_list": [{"lemma": "tree", "tag": "GN-S3S--", "original_form": "the tree"}], "type": "phrase", "id": "34"}, {"endp": "26", "style": {"isItalics": "no", "isUnderlined": "no", "isTitle": "no", "isBold": "no"}, "inip": "23", "form": "fell", "quote_level": "0", "syntactic_tree_relation_list": [{"type": "iof_isComplement", "id": "40"}, {"type": "iof_isSubject", "id": "34"}, {"type": "iof_isLocationComplement", "id": "39"}], "affected_by_negation": "no", "separation": "1", "analysis_list": [{"lemma": "fall", "tag": "VI-S3ASA-N-N5", "sense_id_list": [{"sense_id": "ODENTITY_BIOLOGICAL_PROCESS"}, {"sense_id": "ODENTITY_BODY_MOTION"}, {"sense_id": "ODENTITY_CLASSIFYING"}, {"sense_id": "ODENTITY_DECREASING"}, {"sense_id": "ODENTITY_CHANGE_OF_POSSESSION"}, {"sense_id": "ODENTITY_LEAVING_AN_ORGANIZATION"}, {"sense_id": "ODENTITY_MOTION"}, {"sense_id": "ODENTITY_PROCESS"}, {"sense_id": "ODENTITY_TRANSFER"}], "original_form": "fell"}], "sense_list": [{"info": "sementity/id=ODENTITY_BIOLOGICAL_PROCESS@type=Top>Process>InternalChange>BiologicalProcess\tsemld_list=sumo:Entity", "id": "ODENTITY_BIOLOGICAL_PROCESS", "form": "fall"}, {"info": "sementity/id=ODENTITY_BODY_MOTION@type=Top>Process>Motion>BodyMotion\tsemld_list=sumo:Entity", "id": "ODENTITY_BODY_MOTION", "form": "fall"}, {"info": "sementity/id=ODENTITY_CHANGE_OF_POSSESSION@type=Top>Process>IntentionalProcess>SocialInteraction>ChangeOfPossession\tsemld_list=sumo:IntentionalProcess", "id": "ODENTITY_CHANGE_OF_POSSESSION", "form": "fall"}, {"info": "sementity/id=ODENTITY_CLASSIFYING@type=Top>Process>IntentionalProcess>IntentionalPsychologicalProcess>Classifying\tsemld_list=sumo:IntentionalProcess", "id": "ODENTITY_CLASSIFYING", "form": "fall"}, {"info": "sementity/id=ODENTITY_DECREASING@type=Top>Process>InternalChange>QuantityChange>Decreasing\tsemld_list=sumo:Entity", "id": "ODENTITY_DECREASING", "form": "fall"}, {"info": "sementity/id=ODENTITY_LEAVING_AN_ORGANIZATION@type=Top>Process>IntentionalProcess>OrganizationalProcess>LeavingAnOrganization\tsemld_list=sumo:IntentionalProcess", "id": "ODENTITY_LEAVING_AN_ORGANIZATION", "form": "fall"}, {"info": "sementity/id=ODENTITY_MOTION@type=Top>Process>Motion\tsemld_list=sumo:Entity", "id": "ODENTITY_MOTION", "form": "fall"}, {"info": "sementity/id=ODENTITY_PROCESS@type=Top>Process\tsemld_list=sumo:Entity", "id": "ODENTITY_PROCESS", "form": "fall"}, {"info": "sementity/id=ODENTITY_TRANSFER@type=Top>Process>Motion>Translocation>Transfer\tsemld_list=sumo:Entity", "id": "ODENTITY_TRANSFER", "form": "fall"}], "id": "7"}, {"endp": "31", "style": {"isItalics": "no", "isUnderlined": "no", "isTitle": "no", "isBold": "no"}, "token_list": [{"endp": "31", "style": {"isItalics": "no", "isUnderlined": "no", "isTitle": "no", "isBold": "no"}, "inip": "28", "form": "down", "quote_level": "0", "affected_by_negation": "no", "separation": "1", "analysis_list": [{"lemma": "down", "tag": "ENLPN5", "original_form": "down"}], "id": "8"}], "separation": "1", "form": "down", "quote_level": "0", "head": "8", "syntactic_tree_relation_list": [{"type": "isLocationComplement", "id": "7"}], "affected_by_negation": "no", "inip": "28", "analysis_list": [{"lemma": "down", "tag": "GEL--L--", "original_form": "down"}], "type": "phrase", "id": "39"}], "separation": "1", "form": "the tree fell down", "quote_level": "0", "affected_by_negation": "no", "inip": "14", "analysis_list": [{"lemma": "*", "tag": "ZC----------", "original_form": "the tree fell down"}], "type": "phrase", "id": "41"}, {"endp": "35", "style": {"isItalics": "no", "isUnderlined": "no", "isTitle": "no", "isBold": "no"}, "inip": "33", "form": "and", "quote_level": "0", "affected_by_negation": "no", "separation": "1", "analysis_list": [{"lemma": "and", "tag": "CCYN9", "original_form": "and"}], "id": "9"}, {"endp": "72", "style": {"isItalics": "no", "isUnderlined": "no", "isTitle": "no", "isBold": "no"}, "token_list": [{"endp": "43", "style": {"isItalics": "no", "isUnderlined": "no", "isTitle": "no", "isBold": "no"}, "inip": "37", "form": "crashed", "quote_level": "0", "syntactic_tree_relation_list": [{"type": "iof_isSubject", "id": "34"}, {"type": "iof_isComplement", "id": "38"}], "affected_by_negation": "no", "separation": "1", "analysis_list": [{"lemma": "crash", "tag": "VP---ASA-N-N4", "sense_id_list": [{"sense_id": "ODENTITY_DAMAGING"}, {"sense_id": "ODENTITY_TRANSFER"}, {"sense_id": "ODENTITY_MOTION"}, {"sense_id": "ODENTITY_BIOLOGICAL_PROCESS"}, {"sense_id": "ODENTITY_PROCESS"}, {"sense_id": "ODENTITY_SOCIAL_INTERACTION"}], "original_form": "crashed"}, {"lemma": "crash", "tag": "VI-UUASA-N-N4", "sense_id_list": [{"sense_id": "ODENTITY_DAMAGING"}, {"sense_id": "ODENTITY_TRANSFER"}, {"sense_id": "ODENTITY_MOTION"}, {"sense_id": "ODENTITY_BIOLOGICAL_PROCESS"}, {"sense_id": "ODENTITY_PROCESS"}, {"sense_id": "ODENTITY_SOCIAL_INTERACTION"}], "original_form": "crashed"}], "sense_list": [{"info": "sementity/id=ODENTITY_BIOLOGICAL_PROCESS@type=Top>Process>InternalChange>BiologicalProcess\tsemld_list=sumo:Entity", "id": "ODENTITY_BIOLOGICAL_PROCESS", "form": "crash"}, {"info": "sementity/id=ODENTITY_DAMAGING@type=Top>Process>InternalChange>Damaging\tsemld_list=sumo:Entity", "id": "ODENTITY_DAMAGING", "form": "crash"}, {"info": "sementity/id=ODENTITY_MOTION@type=Top>Process>Motion\tsemld_list=sumo:Entity", "id": "ODENTITY_MOTION", "form": "crash"}, {"info": "sementity/id=ODENTITY_PROCESS@type=Top>Process\tsemld_list=sumo:Entity", "id": "ODENTITY_PROCESS", "form": "crash"}, {"info": "sementity/id=ODENTITY_SOCIAL_INTERACTION@type=Top>Process>IntentionalProcess>SocialInteraction\tsemld_list=sumo:IntentionalProcess", "id": "ODENTITY_SOCIAL_INTERACTION", "form": "crash"}, {"info": "sementity/id=ODENTITY_TRANSFER@type=Top>Process>Motion>Translocation>Transfer\tsemld_list=sumo:Entity", "id": "ODENTITY_TRANSFER", "form": "crash"}], "id": "10"}, {"endp": "72", "style": {"isItalics": "no", "isUnderlined": "no", "isTitle": "no", "isBold": "no"}, "token_list": [{"endp": "51", "style": {"isItalics": "no", "isUnderlined": "no", "isTitle": "no", "isBold": "no"}, "inip": "45", "form": "through", "quote_level": "0", "affected_by_negation": "no", "separation": "1", "analysis_list": [{"lemma": "through", "tag": "YN5", "original_form": "through"}], "id": "11"}, {"endp": "72", "style": {"isItalics": "no", "isUnderlined": "no", "isTitle": "no", "isBold": "no"}, "token_list": [{"endp": "55", "style": {"isItalics": "no", "isUnderlined": "no", "isTitle": "no", "isBold": "no"}, "inip": "53", "form": "the", "quote_level": "0", "affected_by_negation": "no", "separation": "1", "analysis_list": [{"lemma": "the", "tag": "TD-SN9", "original_form": "the"}], "id": "12"}, {"endp": "60", "style": {"isItalics": "no", "isUnderlined": "no", "isTitle": "no", "isBold": "no"}, "inip": "57", "form": "roof", "quote_level": "0", "affected_by_negation": "no", "separation": "1", "analysis_list": [{"lemma": "roof", "tag": "NC-S-N5", "sense_id_list": [{"sense_id": "dd9e2f3faa"}], "original_form": "roof"}], "sense_list": [{"info": "sementity/class=class@fiction=nonfiction@id=ODENTITY_LOCATION@type=Top>Location\tsemld_list=sumo:Region", "id": "dd9e2f3faa", "form": "roof"}], "id": "13"}, {"endp": "72", "style": {"isItalics": "no", "isUnderlined": "no", "isTitle": "no", "isBold": "no"}, "token_list": [{"endp": "63", "style": {"isItalics": "no", "isUnderlined": "no", "isTitle": "no", "isBold": "no"}, "inip": "62", "form": "of", "quote_level": "0", "affected_by_negation": "no", "separation": "1", "analysis_list": [{"lemma": "of", "tag": "YN9", "original_form": "of"}], "id": "14"}, {"endp": "72", "style": {"isItalics": "no", "isUnderlined": "no", "isTitle": "no", "isBold": "no"}, "token_list": [{"endp": "66", "style": {"isItalics": "no", "isUnderlined": "no", "isTitle": "no", "isBold": "no"}, "inip": "65", "form": "my", "quote_level": "0", "affected_by_negation": "no", "separation": "1", "analysis_list": [{"lemma": "my", "tag": "SD-SMS1N7", "sense_id_list": [{"sense_id": "PRONHUMAN"}], "original_form": "my"}, {"lemma": "my", "tag": "SD-SFS1N7", "sense_id_list": [{"sense_id": "PRONHUMAN"}], "original_form": "my"}], "sense_list": [{"info": "semhum=human", "id": "PRONHUMAN", "form": "my"}], "id": "15"}, {"endp": "72", "style": {"isItalics": "no", "isUnderlined": "no", "isTitle": "no", "isBold": "no"}, "inip": "68", "form": "house", "quote_level": "0", "affected_by_negation": "no", "separation": "1", "analysis_list": [{"lemma": "house", "tag": "NC-S-N5", "sense_id_list": [{"sense_id": "144b5c0ed4"}], "original_form": "house"}], "sense_list": [{"info": "sementity/class=class@fiction=nonfiction@id=ODENTITY_FACILITY@type=Top>Location>Facility\tsemld_list=sumo:FacilityPartOther", "id": "144b5c0ed4", "form": "home"}], "id": "16"}], "separation": "1", "form": "my house", "quote_level": "0", "head": "16", "affected_by_negation": "no", "inip": "65", "analysis_list": [{"lemma": "house", "tag": "GN-S3---", "original_form": "my house"}], "type": "phrase", "id": "36"}], "separation": "1", "form": "of my house", "quote_level": "0", "head": "14", "affected_by_negation": "no", "inip": "62", "analysis_list": [{"lemma": "of", "tag": "GY------", "original_form": "of my house"}], "type": "phrase", "id": "37"}], "separation": "1", "form": "the roof of my house", "quote_level": "0", "head": "13", "affected_by_negation": "no", "inip": "53", "analysis_list": [{"lemma": "roof", "tag": "GN-S3---", "original_form": "the roof"}], "type": "phrase", "id": "35"}], "separation": "1", "form": "through the roof of my house", "quote_level": "0", "head": "11", "syntactic_tree_relation_list": [{"type": "isComplement", "id": "10"}], "affected_by_negation": "no", "inip": "45", "analysis_list": [{"lemma": "through", "tag": "GY---C--", "original_form": "through the roof of my house"}], "type": "phrase", "id": "38"}], "separation": "1", "form": "crashed through the roof of my house", "quote_level": "0", "affected_by_negation": "no", "inip": "37", "analysis_list": [{"lemma": "*", "tag": "ZC----------", "original_form": "crashed through the roof of my house"}], "type": "phrase", "id": "42"}, {"endp": "73", "style": {"isItalics": "no", "isUnderlined": "no", "isTitle": "no", "isBold": "no"}, "inip": "73", "form": ".", "quote_level": "0", "affected_by_negation": "no", "separation": "A", "analysis_list": [{"lemma": ".", "tag": "1D--", "original_form": "."}], "id": "17"}], "inip": "0", "quote_level": "0", "affected_by_negation": "no", "separation": "A", "type": "sentence", "id": "29"}, {"endp": "104", "style": {"isItalics": "no", "isUnderlined": "no", "isTitle": "no", "isBold": "no"}, "token_list": [{"endp": "103", "style": {"isItalics": "no", "isUnderlined": "no", "isTitle": "no", "isBold": "no"}, "token_list": [{"endp": "77", "style": {"isItalics": "no", "isUnderlined": "no", "isTitle": "no", "isBold": "no"}, "token_list": [{"endp": "77", "style": {"isItalics": "no", "isUnderlined": "no", "isTitle": "no", "isBold": "no"}, "separation": "1", "form": "Now", "quote_level": "0", "affected_by_negation": "no", "inip": "75", "analysis_list": [{"lemma": "now", "tag": "ENTPN7", "original_form": "now"}], "id": "18", "normalized_form": "date@||||||+0|+0|||"}], "separation": "1", "form": "Now", "quote_level": "0", "head": "18", "syntactic_tree_relation_list": [{"type": "isTimeComplement", "id": "28"}], "affected_by_negation": "no", "inip": "75", "analysis_list": [{"lemma": "now", "tag": "GET--T--", "original_form": "Now"}], "type": "phrase", "id": "46", "normalized_form": "date@||||||+0|+0|||"}, {"endp": "78", "style": {"isItalics": "no", "isUnderlined": "no", "isTitle": "no", "isBold": "no"}, "inip": "78", "form": ",", "quote_level": "0", "affected_by_negation": "no", "separation": "A", "analysis_list": [{"lemma": ",", "tag": "1D--", "original_form": ","}], "id": "19"}, {"endp": "80", "style": {"isItalics": "no", "isUnderlined": "no", "isTitle": "no", "isBold": "no"}, "token_list": [{"endp": "80", "style": {"isItalics": "no", "isUnderlined": "no", "isTitle": "no", "isBold": "no"}, "inip": "80", "form": "I", "quote_level": "0", "affected_by_negation": "no", "separation": "1", "analysis_list": [{"lemma": "I", "tag": "PP-S1NN-", "sense_id_list": [{"sense_id": "PRONHUMAN"}], "original_form": "I"}], "sense_list": [{"info": "semhum=human", "id": "PRONHUMAN", "form": "I"}], "id": "20"}], "separation": "1", "form": "I", "quote_level": "0", "head": "20", "syntactic_tree_relation_list": [{"type": "isSubject", "id": "28"}], "affected_by_negation": "no", "inip": "80", "analysis_list": [{"lemma": "I", "tag": "GN-S1S--", "original_form": "I"}], "type": "phrase", "id": "45"}, {"endp": "92", "style": {"isItalics": "no", "isUnderlined": "no", "isTitle": "no", "isBold": "no"}, "separation": "1", "form": "have to get", "quote_level": "0", "head": "21", "syntactic_tree_relation_list": [{"type": "iof_isTimeComplement", "id": "46"}, {"type": "iof_isSubject", "id": "45"}, {"type": "iof_isDirectObject", "id": "44"}], "affected_by_negation": "no", "inip": "82", "analysis_list": [{"lemma": "have to get", "tag": "VI-S1PSA-N-N9", "original_form": "have to get"}], "type": "multiword", "id": "28"}, {"endp": "103", "style": {"isItalics": "no", "isUnderlined": "no", "isTitle": "no", "isBold": "no"}, "token_list": [{"endp": "95", "style": {"isItalics": "no", "isUnderlined": "no", "isTitle": "no", "isBold": "no"}, "inip": "94", "form": "it", "quote_level": "0", "affected_by_negation": "no", "separation": "1", "analysis_list": [{"lemma": "it", "tag": "PP-S3AN8", "sense_id_list": [{"sense_id": "PRONNONHUMAN"}], "original_form": "it"}], "sense_list": [{"info": "semhum=nonhuman", "id": "PRONNONHUMAN", "form": "it"}], "id": "24"}, {"endp": "103", "style": {"isItalics": "no", "isUnderlined": "no", "isTitle": "no", "isBold": "no"}, "token_list": [{"endp": "103", "style": {"isItalics": "no", "isUnderlined": "no", "isTitle": "no", "isBold": "no"}, "inip": "97", "form": "removed", "quote_level": "0", "affected_by_negation": "no", "separation": "1", "analysis_list": [{"lemma": "remove", "tag": "VP---ASA-N-N5", "sense_id_list": [{"sense_id": "ODENTITY_DAMAGING"}, {"sense_id": "ODENTITY_LEAVING_AN_ORGANIZATION"}, {"sense_id": "ODENTITY_TRANSFER"}], "original_form": "removed"}], "sense_list": [{"info": "sementity/id=ODENTITY_DAMAGING@type=Top>Process>InternalChange>Damaging\tsemld_list=sumo:Entity", "id": "ODENTITY_DAMAGING", "form": "remove"}, {"info": "sementity/id=ODENTITY_LEAVING_AN_ORGANIZATION@type=Top>Process>IntentionalProcess>OrganizationalProcess>LeavingAnOrganization\tsemld_list=sumo:IntentionalProcess", "id": "ODENTITY_LEAVING_AN_ORGANIZATION", "form": "remove"}, {"info": "sementity/id=ODENTITY_TRANSFER@type=Top>Process>Motion>Translocation>Transfer\tsemld_list=sumo:Entity", "id": "ODENTITY_TRANSFER", "form": "remove"}], "id": "25"}], "separation": "1", "form": "removed", "quote_level": "0", "affected_by_negation": "no", "inip": "97", "analysis_list": [{"lemma": "*", "tag": "ZA----PA----", "original_form": "removed"}], "type": "phrase", "id": "47"}], "separation": "1", "form": "it removed", "quote_level": "0", "head": "24", "syntactic_tree_relation_list": [{"type": "isAnaphora", "id": "34"}, {"type": "isDirectObject", "id": "28"}], "affected_by_negation": "no", "inip": "94", "analysis_list": [{"lemma": "it", "tag": "GN-S3D--", "original_form": "it"}], "type": "phrase", "id": "44"}], "separation": "1", "form": "Now, I have to get it removed", "quote_level": "0", "affected_by_negation": "no", "inip": "75", "analysis_list": [{"lemma": "*", "tag": "Z-----------", "original_form": "Now, I have to get it removed"}], "type": "phrase", "id": "48"}, {"endp": "104", "style": {"isItalics": "no", "isUnderlined": "no", "isTitle": "no", "isBold": "no"}, "inip": "104", "form": ".", "quote_level": "0", "affected_by_negation": "no", "separation": "A", "analysis_list": [{"lemma": ".", "tag": "1D--", "original_form": "."}], "id": "26"}], "inip": "75", "quote_level": "0", "affected_by_negation": "no", "separation": "A", "type": "sentence", "id": "31"}]}