{"status": {"msg": "OK", "credits": "1", "remaining_credits": "39836", "code": "0"}, "token_list": [{"endp": "64", "style": {"isItalics": "no", "isUnderlined": "no", "isTitle": "no", "isBold": "no"}, "token_list": [{"endp": "32", "style": {"isItalics": "no", "isUnderlined": "no", "isTitle": "no", "isBold": "no"}, "token_list": [{"endp": "11", "style": {"isItalics": "no", "isUnderlined": "no", "isTitle": "no", "isBold": "no"}, "token_list": [{"endp": "2", "style": {"isItalics": "no", "isUnderlined": "no", "isTitle": "no", "isBold": "no"}, "inip": "0", "form": "The", "quote_level": "0", "affected_by_negation": "no", "separation": "_", "analysis_list": [{"lemma": "the", "tag": "TD-SN9", "original_form": "the"}], "id": "1"}, {"endp": "11", "style": {"isItalics": "no", "isUnderlined": "no", "isTitle": "no", "isBold": "no"}, "inip": "4", "form": "customer", "quote_level": "0", "affected_by_negation": "no", "separation": "1", "analysis_list": [{"lemma": "customer", "tag": "NC-S-N5", "sense_id_list": [{"sense_id": "cda27ab3a7"}], "original_form": "customer"}], "sense_list": [{"info": "sementity/class=class@fiction=nonfiction@id=ODENTITY_ORGANIZATION@type=Top>Organization\tsemld_list=sumo:Organization\tsemtheme_list/id=ODTHEME_ECONOMY@type=Top>SocialSciences>Economy", "id": "cda27ab3a7", "form": "customer"}], "id": "2"}], "separation": "_", "form": "The customer", "quote_level": "0", "head": "2", "syntactic_tree_relation_list": [{"type": "isSubject", "id": "8"}, {"type": "isSubject", "id": "3"}, {"type": "iof_isAnaphora", "id": "36"}], "affected_by_negation": "no", "inip": "0", "analysis_list": [{"lemma": "customer", "tag": "GN-S3S--", "original_form": "The customer"}], "type": "phrase", "id": "27"}, {"endp": "18", "style": {"isItalics": "no", "isUnderlined": "no", "isTitle": "no", "isBold": "no"}, "inip": "13", "form": "walked", "quote_level": "0", "syntactic_tree_relation_list": [{"type": "iof_isSubject", "id": "27"}, {"type": "iof_isComplement", "id": "32"}], "affected_by_negation": "no", "separation": "1", "analysis_list": [{"lemma": "walk", "tag": "VI-S3ASA-N-N5", "sense_id_list": [{"sense_id": "ODENTITY_COOPERATION"}, {"sense_id": "ODENTITY_GAME"}, {"sense_id": "ODENTITY_INTENTIONAL_PROCESS"}, {"sense_id": "ODENTITY_GAMING"}, {"sense_id": "ODENTITY_AMBULATING"}], "original_form": "walked"}], "sense_list": [{"info": "sementity/id=ODENTITY_AMBULATING@type=Top>Process>Motion>Translocation>Ambulating\tsemld_list=sumo:Entity", "id": "ODENTITY_AMBULATING", "form": "walk"}, {"info": "sementity/id=ODENTITY_COOPERATION@type=Top>Process>IntentionalProcess>SocialInteraction>Cooperation\tsemld_list=sumo:IntentionalProcess", "id": "ODENTITY_COOPERATION", "form": "walk"}, {"info": "sementity/id=ODENTITY_GAME@type=Top>Product>CulturalProduct>Game\tsemld_list=sumo:CulturalProduct", "id": "ODENTITY_GAME", "form": "walk"}, {"info": "sementity/id=ODENTITY_GAMING@type=Top>Process>IntentionalProcess>RecreationOrExercise>Gaming\tsemld_list=sumo:IntentionalProcess", "id": "ODENTITY_GAMING", "form": "walk"}, {"info": "sementity/id=ODENTITY_INTENTIONAL_PROCESS@type=Top>Process>IntentionalProcess\tsemld_list=sumo:IntentionalProcess", "id": "ODENTITY_INTENTIONAL_PROCESS", "form": "walk"}], "id": "3"}, {"endp": "32", "style": {"isItalics": "no", "isUnderlined": "no", "isTitle": "no", "isBold": "no"}, "token_list": [{"endp": "23", "style": {"isItalics": "no", "isUnderlined": "no", "isTitle": "no", "isBold": "no"}, "inip": "20", "form": "into", "quote_level": "0", "affected_by_negation": "no", "separation": "1", "analysis_list": [{"lemma": "into", "tag": "YN7", "original_form": "into"}], "id": "4"}, {"endp": "32", "style": {"isItalics": "no", "isUnderlined": "no", "isTitle": "no", "isBold": "no"}, "token_list": [{"endp": "27", "style": {"isItalics": "no", "isUnderlined": "no", "isTitle": "no", "isBold": "no"}, "inip": "25", "form": "the", "quote_level": "0", "affected_by_negation": "no", "separation": "1", "analysis_list": [{"lemma": "the", "tag": "TD-SN9", "original_form": "the"}], "id": "5"}, {"endp": "32", "style": {"isItalics": "no", "isUnderlined": "no", "isTitle": "no", "isBold": "no"}, "inip": "29", "form": "bank", "quote_level": "0", "affected_by_negation": "no", "separation": "1", "analysis_list": [{"lemma": "bank", "tag": "NC-S-N6", "sense_id_list": [{"sense_id": "2143ccf1a5"}, {"sense_id": "8428c00d8b"}], "original_form": "bank"}], "sense_list": [{"info": "sementity/class=class@fiction=nonfiction@id=ODENTITY_BANKING_COMPANY@type=Top>Organization>Company>FinancialCompany>BankingCompany\tsemld_list=sumo:FinancialCompany\tsemtheme_list/id=ODTHEME_ECONOMY@type=Top>SocialSciences>Economy", "id": "2143ccf1a5", "form": "bank"}, {"info": "sementity/class=class@fiction=nonfiction@id=ODENTITY_BANK@type=Top>Organization>Company>FinancialCompany>BankingCompany>BankingServices>Bank\tsemld_list=sumo:Bank\tsemtheme_list/id=ODTHEME_ECONOMY@type=Top>SocialSciences>Economy", "id": "8428c00d8b", "form": "bank"}], "id": "6"}], "separation": "1", "form": "the bank", "quote_level": "0", "head": "6", "affected_by_negation": "no", "inip": "25", "analysis_list": [{"lemma": "bank", "tag": "GN-S3---", "original_form": "the bank"}], "type": "phrase", "id": "28"}], "separation": "1", "form": "into the bank", "quote_level": "0", "head": "4", "syntactic_tree_relation_list": [{"type": "isComplement", "id": "3"}], "affected_by_negation": "no", "inip": "20", "analysis_list": [{"lemma": "into", "tag": "GY---C--", "original_form": "into the bank"}], "type": "phrase", "id": "32"}], "separation": "_", "form": "The customer walked into the bank", "quote_level": "0", "affected_by_negation": "no", "inip": "0", "analysis_list": [{"lemma": "*", "tag": "ZC----------", "original_form": "The customer walked into the bank"}], "type": "phrase", "id": "33"}, {"endp": "36", "style": {"isItalics": "no", "isUnderlined": "no", "isTitle": "no", "isBold": "no"}, "inip": "34", "form": "and", "quote_level": "0", "affected_by_negation": "no", "separation": "1", "analysis_list": [{"lemma": "and", "tag": "CCYN9", "original_form": "and"}], "id": "7"}, {"endp": "63", "style": {"isItalics": "no", "isUnderlined": "no", "isTitle": "no", "isBold": "no"}, "token_list": [{"endp": "44", "style": {"isItalics": "no", "isUnderlined": "no", "isTitle": "no", "isBold": "no"}, "inip": "38", "form": "stabbed", "quote_level": "0", "syntactic_tree_relation_list": [{"type": "iof_isSubject", "id": "27"}, {"type": "iof_isDirectObject", "id": "30"}], "affected_by_negation": "no", "separation": "1", "analysis_list": [{"lemma": "stab", "tag": "VP---ASA-N-N3", "sense_id_list": [{"sense_id": "ODENTITY_INTENTIONAL_PROCESS"}], "original_form": "stabbed"}, {"lemma": "stab", "tag": "VI-UUASA-N-N3", "sense_id_list": [{"sense_id": "ODENTITY_INTENTIONAL_PROCESS"}], "original_form": "stabbed"}], "sense_list": [{"info": "sementity/id=ODENTITY_INTENTIONAL_PROCESS@type=Top>Process>IntentionalProcess\tsemld_list=sumo:IntentionalProcess", "id": "ODENTITY_INTENTIONAL_PROCESS", "form": "stab"}], "id": "8"}, {"endp": "63", "style": {"isItalics": "no", "isUnderlined": "no", "isTitle": "no", "isBold": "no"}, "token_list": [{"endp": "48", "style": {"isItalics": "no", "isUnderlined": "no", "isTitle": "no", "isBold": "no"}, "separation": "1", "form": "one", "quote_level": "0", "affected_by_negation": "no", "inip": "46", "analysis_list": [{"lemma": "one", "tag": "MP-SCN7", "sense_id_list": [{"sense_id": "e01b5f50fb"}], "original_form": "one"}, {"lemma": "one", "tag": "QP-SPN7", "original_form": "one"}], "sense_list": [{"info": "sementity/class=class@fiction=nonfiction@id=ODENTITY_NUMEX@type=Top>Numex\tsemld_list=sumo:Quantity", "id": "e01b5f50fb", "form": "one"}], "id": "9", "normalized_form": "numeric@1"}, {"endp": "63", "style": {"isItalics": "no", "isUnderlined": "no", "isTitle": "no", "isBold": "no"}, "token_list": [{"endp": "51", "style": {"isItalics": "no", "isUnderlined": "no", "isTitle": "no", "isBold": "no"}, "inip": "50", "form": "of", "quote_level": "0", "affected_by_negation": "no", "separation": "1", "analysis_list": [{"lemma": "of", "tag": "YN9", "original_form": "of"}], "id": "10"}, {"endp": "63", "style": {"isItalics": "no", "isUnderlined": "no", "isTitle": "no", "isBold": "no"}, "token_list": [{"endp": "55", "style": {"isItalics": "no", "isUnderlined": "no", "isTitle": "no", "isBold": "no"}, "inip": "53", "form": "the", "quote_level": "0", "affected_by_negation": "no", "separation": "1", "analysis_list": [{"lemma": "the", "tag": "TD-PN9", "original_form": "the"}], "id": "11"}, {"endp": "63", "style": {"isItalics": "no", "isUnderlined": "no", "isTitle": "no", "isBold": "no"}, "inip": "57", "form": "tellers", "quote_level": "0", "affected_by_negation": "no", "separation": "1", "analysis_list": [{"lemma": "teller", "tag": "NC-P-N-", "sense_id_list": [{"sense_id": "b4c5b97ad8"}], "original_form": "tellers"}], "sense_list": [{"info": "sementity/class=class@fiction=nonfiction@id=ODENTITY_PRODUCT@type=Top>Product\tsemld_list=sumo:Artifact\tsemtheme_list/id=ODTHEME_ECONOMY@type=Top>SocialSciences>Economy", "id": "b4c5b97ad8", "form": "teller"}], "id": "12"}], "separation": "1", "form": "the tellers", "quote_level": "0", "head": "12", "affected_by_negation": "no", "inip": "53", "analysis_list": [{"lemma": "teller", "tag": "GN-P3---", "original_form": "the tellers"}], "type": "phrase", "id": "29"}], "separation": "1", "form": "of the tellers", "quote_level": "0", "head": "10", "affected_by_negation": "no", "inip": "50", "analysis_list": [{"lemma": "of", "tag": "GY------", "original_form": "of the tellers"}], "type": "phrase", "id": "31"}], "separation": "1", "form": "one of the tellers", "quote_level": "0", "head": "9", "syntactic_tree_relation_list": [{"type": "isDirectObject", "id": "8"}], "affected_by_negation": "no", "inip": "46", "analysis_list": [{"lemma": "one", "tag": "GN-S3D--", "original_form": "one"}], "type": "phrase", "id": "30"}], "separation": "1", "form": "stabbed one of the tellers", "quote_level": "0", "affected_by_negation": "no", "inip": "38", "analysis_list": [{"lemma": "*", "tag": "ZC----------", "original_form": "stabbed one of the tellers"}], "type": "phrase", "id": "34"}, {"endp": "64", "style": {"isItalics": "no", "isUnderlined": "no", "isTitle": "no", "isBold": "no"}, "inip": "64", "form": ".", "quote_level": "0", "affected_by_negation": "no", "separation": "A", "analysis_list": [{"lemma": ".", "tag": "1D--", "original_form": "."}], "id": "13"}], "inip": "0", "quote_level": "0", "affected_by_negation": "no", "separation": "A", "type": "sentence", "id": "23"}, {"endp": "106", "style": {"isItalics": "no", "isUnderlined": "no", "isTitle": "no", "isBold": "no"}, "token_list": [{"endp": "105", "style": {"isItalics": "no", "isUnderlined": "no", "isTitle": "no", "isBold": "no"}, "token_list": [{"endp": "67", "style": {"isItalics": "no", "isUnderlined": "no", "isTitle": "no", "isBold": "no"}, "token_list": [{"endp": "67", "style": {"isItalics": "no", "isUnderlined": "no", "isTitle": "no", "isBold": "no"}, "inip": "66", "form": "He", "quote_level": "0", "affected_by_negation": "no", "separation": "1", "analysis_list": [{"lemma": "he", "tag": "PPMS3NN8", "sense_id_list": [{"sense_id": "PRONHUMAN"}], "original_form": "he"}], "sense_list": [{"info": "semhum=human", "id": "PRONHUMAN", "form": "he"}], "id": "14"}], "separation": "1", "form": "He", "quote_level": "0", "head": "14", "syntactic_tree_relation_list": [{"type": "isAnaphora", "id": "27"}, {"type": "isSubject", "id": "15"}], "affected_by_negation": "no", "inip": "66", "analysis_list": [{"lemma": "he", "tag": "GNMS3S--", "original_form": "He"}], "type": "phrase", "id": "36"}, {"endp": "71", "style": {"isItalics": "no", "isUnderlined": "no", "isTitle": "no", "isBold": "no"}, "inip": "69", "form": "was", "quote_level": "0", "syntactic_tree_relation_list": [{"type": "iof_isSubject", "id": "36"}], "affected_by_negation": "no", "separation": "1", "analysis_list": [{"lemma": "be", "tag": "VI-S3ASA-N-N9", "original_form": "was"}], "id": "15"}, {"endp": "83", "style": {"isItalics": "no", "isUnderlined": "no", "isTitle": "no", "isBold": "no"}, "inip": "73", "form": "immedaitely", "quote_level": "0", "affected_by_negation": "no", "separation": "1", "id": "16"}, {"endp": "89", "style": {"isItalics": "no", "isUnderlined": "no", "isTitle": "no", "isBold": "no"}, "inip": "85", "form": "taken", "quote_level": "0", "syntactic_tree_relation_list": [{"type": "iof_isComplement", "id": "37"}], "affected_by_negation": "no", "separation": "1", "analysis_list": [{"lemma": "take", "tag": "VP---ASA-N-N7", "sense_id_list": [{"sense_id": "ODENTITY_BODY_MOTION"}, {"sense_id": "ODENTITY_TRANSACTION"}, {"sense_id": "ODENTITY_CONTENT_DEVELOPMENT"}, {"sense_id": "ODENTITY_CONTEST"}, {"sense_id": "ODENTITY_CHANGE_OF_POSSESSION"}, {"sense_id": "ODENTITY_INTENTIONAL_PROCESS"}, {"sense_id": "ODENTITY_BIOLOGICAL_PROCESS"}, {"sense_id": "ODENTITY_INTENTIONAL_PSYCHOLOGICAL_PROCESS"}, {"sense_id": "ODENTITY_LEARNING"}, {"sense_id": "ODENTITY_MOTION"}, {"sense_id": "ODENTITY_SOCIAL_INTERACTION"}, {"sense_id": "ODENTITY_PROCESS"}, {"sense_id": "ODENTITY_TRANSFER"}, {"sense_id": "ODENTITY_SELECTING"}, {"sense_id": "ODENTITY_LINGUISTIC_COMMUNICATION"}, {"sense_id": "ODENTITY_TRANSPORTATION"}], "original_form": "taken"}], "sense_list": [{"info": "sementity/id=ODENTITY_BIOLOGICAL_PROCESS@type=Top>Process>InternalChange>BiologicalProcess\tsemld_list=sumo:Entity", "id": "ODENTITY_BIOLOGICAL_PROCESS", "form": "take"}, {"info": "sementity/id=ODENTITY_BODY_MOTION@type=Top>Process>Motion>BodyMotion\tsemld_list=sumo:Entity", "id": "ODENTITY_BODY_MOTION", "form": "take"}, {"info": "sementity/id=ODENTITY_CHANGE_OF_POSSESSION@type=Top>Process>IntentionalProcess>SocialInteraction>ChangeOfPossession\tsemld_list=sumo:IntentionalProcess", "id": "ODENTITY_CHANGE_OF_POSSESSION", "form": "take"}, {"info": "sementity/id=ODENTITY_CONTENT_DEVELOPMENT@type=Top>Process>IntentionalProcess>ContentDevelopment\tsemld_list=sumo:IntentionalProcess", "id": "ODENTITY_CONTENT_DEVELOPMENT", "form": "take"}, {"info": "sementity/id=ODENTITY_CONTEST@type=Top>Process>IntentionalProcess>SocialInteraction>Contest\tsemld_list=sumo:IntentionalProcess", "id": "ODENTITY_CONTEST", "form": "take"}, {"info": "sementity/id=ODENTITY_INTENTIONAL_PROCESS@type=Top>Process>IntentionalProcess\tsemld_list=sumo:IntentionalProcess", "id": "ODENTITY_INTENTIONAL_PROCESS", "form": "take"}, {"info": "sementity/id=ODENTITY_INTENTIONAL_PSYCHOLOGICAL_PROCESS@type=Top>Process>IntentionalProcess>IntentionalPsychologicalProcess\tsemld_list=sumo:IntentionalProcess", "id": "ODENTITY_INTENTIONAL_PSYCHOLOGICAL_PROCESS", "form": "take"}, {"info": "sementity/id=ODENTITY_LEARNING@type=Top>Process>IntentionalProcess>IntentionalPsychologicalProcess>Learning\tsemld_list=sumo:IntentionalProcess", "id": "ODENTITY_LEARNING", "form": "take"}, {"info": "sementity/id=ODENTITY_LINGUISTIC_COMMUNICATION@type=Top>Process>ContentBearingProcess>CommunicationProcess>LinguisticCommunication\tsemld_list=sumo:Entity", "id": "ODENTITY_LINGUISTIC_COMMUNICATION", "form": "take"}, {"info": "sementity/id=ODENTITY_MOTION@type=Top>Process>Motion\tsemld_list=sumo:Entity", "id": "ODENTITY_MOTION", "form": "take"}, {"info": "sementity/id=ODENTITY_PROCESS@type=Top>Process\tsemld_list=sumo:Entity", "id": "ODENTITY_PROCESS", "form": "take"}, {"info": "sementity/id=ODENTITY_SELECTING@type=Top>Process>IntentionalProcess>IntentionalPsychologicalProcess>Selecting\tsemld_list=sumo:IntentionalProcess", "id": "ODENTITY_SELECTING", "form": "take"}, {"info": "sementity/id=ODENTITY_SOCIAL_INTERACTION@type=Top>Process>IntentionalProcess>SocialInteraction\tsemld_list=sumo:IntentionalProcess", "id": "ODENTITY_SOCIAL_INTERACTION", "form": "take"}, {"info": "sementity/id=ODENTITY_TRANSACTION@type=Top>Process>DualObjectProcess>Transaction\tsemld_list=sumo:Entity", "id": "ODENTITY_TRANSACTION", "form": "take"}, {"info": "sementity/id=ODENTITY_TRANSFER@type=Top>Process>Motion>Translocation>Transfer\tsemld_list=sumo:Entity", "id": "ODENTITY_TRANSFER", "form": "take"}, {"info": "sementity/id=ODENTITY_TRANSPORTATION@type=Top>Process>Motion>Translocation>Transportation\tsemld_list=sumo:Entity", "id": "ODENTITY_TRANSPORTATION", "form": "take"}], "id": "17"}, {"endp": "105", "style": {"isItalics": "no", "isUnderlined": "no", "isTitle": "no", "isBold": "no"}, "token_list": [{"endp": "92", "style": {"isItalics": "no", "isUnderlined": "no", "isTitle": "no", "isBold": "no"}, "inip": "91", "form": "to", "quote_level": "0", "affected_by_negation": "no", "separation": "1", "analysis_list": [{"lemma": "to", "tag": "YN6", "original_form": "to"}], "id": "18"}, {"endp": "105", "style": {"isItalics": "no", "isUnderlined": "no", "isTitle": "no", "isBold": "no"}, "token_list": [{"endp": "96", "style": {"isItalics": "no", "isUnderlined": "no", "isTitle": "no", "isBold": "no"}, "inip": "94", "form": "the", "quote_level": "0", "affected_by_negation": "no", "separation": "1", "analysis_list": [{"lemma": "the", "tag": "TD-SN9", "original_form": "the"}], "id": "19"}, {"endp": "105", "style": {"isItalics": "no", "isUnderlined": "no", "isTitle": "no", "isBold": "no"}, "inip": "98", "form": "hospital", "quote_level": "0", "affected_by_negation": "no", "separation": "1", "analysis_list": [{"lemma": "hospital", "tag": "NC-S-N6", "original_form": "hospital"}], "id": "20"}], "separation": "1", "form": "the hospital", "quote_level": "0", "head": "20", "affected_by_negation": "no", "inip": "94", "analysis_list": [{"lemma": "hospital", "tag": "GN-S3---", "original_form": "the hospital"}], "type": "phrase", "id": "35"}], "separation": "1", "form": "to the hospital", "quote_level": "0", "head": "18", "syntactic_tree_relation_list": [{"type": "isComplement", "id": "17"}], "affected_by_negation": "no", "inip": "91", "analysis_list": [{"lemma": "to", "tag": "GY---C--", "original_form": "to the hospital"}], "type": "phrase", "id": "37"}], "separation": "1", "form": "He was immedaitely taken to the hospital", "quote_level": "0", "affected_by_negation": "no", "inip": "66", "analysis_list": [{"lemma": "*", "tag": "Z-----------", "original_form": "He was immedaitely taken to the hospital"}], "type": "phrase", "id": "38"}, {"endp": "106", "style": {"isItalics": "no", "isUnderlined": "no", "isTitle": "no", "isBold": "no"}, "inip": "106", "form": ".", "quote_level": "0", "affected_by_negation": "no", "separation": "A", "analysis_list": [{"lemma": ".", "tag": "1D--", "original_form": "."}], "id": "21"}], "inip": "66", "quote_level": "0", "affected_by_negation": "no", "separation": "A", "type": "sentence", "id": "25"}]}