{"status": {"msg": "OK", "credits": "1", "remaining_credits": "39834", "code": "0"}, "token_list": [{"endp": "80", "style": {"isItalics": "no", "isUnderlined": "no", "isTitle": "no", "isBold": "no"}, "token_list": [{"endp": "65", "style": {"isItalics": "no", "isUnderlined": "no", "isTitle": "no", "isBold": "no"}, "token_list": [{"endp": "3", "style": {"isItalics": "no", "isUnderlined": "no", "isTitle": "no", "isBold": "no"}, "token_list": [{"endp": "3", "style": {"isItalics": "no", "isUnderlined": "no", "isTitle": "no", "isBold": "no"}, "inip": "0", "form": "John", "quote_level": "0", "affected_by_negation": "no", "separation": "_", "analysis_list": [{"lemma": "john", "tag": "NC-S-N-", "original_form": "john"}, {"lemma": "John", "tag": "NPUU-N-", "sense_id_list": [{"sense_id": "__5364979498223444230"}], "original_form": "John"}], "sense_list": [{"info": "sementity/class=instance@fiction=nonfiction@type=Top>Person@confidence=uncertain", "id": "__5364979498223444230", "form": "John"}], "id": "1"}], "separation": "_", "form": "John", "quote_level": "0", "head": "1", "syntactic_tree_relation_list": [{"type": "isSubject", "id": "23"}, {"type": "iof_isAnaphora", "id": "32"}, {"type": "iof_isAnaphora", "id": "40"}], "affected_by_negation": "no", "inip": "0", "analysis_list": [{"lemma": "John", "tag": "GN-S3S--", "original_form": "John"}, {"lemma": "john", "tag": "GN-S3S--", "original_form": "John"}, {"lemma": "John", "tag": "GNUS3S--", "original_form": "John"}], "type": "phrase", "id": "28"}, {"endp": "13", "style": {"isItalics": "no", "isUnderlined": "no", "isTitle": "no", "isBold": "no"}, "separation": "1", "form": "was doing", "quote_level": "0", "head": "2", "syntactic_tree_relation_list": [{"type": "iof_isSubject", "id": "28"}, {"type": "iof_isDirectObject", "id": "29"}, {"type": "iof_isComplement", "id": "33"}, {"type": "iof_isTimeComplement", "id": "36"}], "affected_by_negation": "no", "inip": "5", "analysis_list": [{"lemma": "do", "tag": "VI-S3ACA-N-N9", "original_form": "was doing"}], "type": "multiword", "id": "23"}, {"endp": "22", "style": {"isItalics": "no", "isUnderlined": "no", "isTitle": "no", "isBold": "no"}, "token_list": [{"endp": "22", "style": {"isItalics": "no", "isUnderlined": "no", "isTitle": "no", "isBold": "no"}, "inip": "15", "form": "research", "quote_level": "0", "affected_by_negation": "no", "separation": "1", "analysis_list": [{"lemma": "research", "tag": "NC-S-N4", "sense_id_list": [{"sense_id": "98a5a66858"}], "original_form": "research"}], "sense_list": [{"info": "sementity/class=class@fiction=nonfiction@id=ODENTITY_TOP@type=Top\tsemld_list=sumo:Entity", "id": "98a5a66858", "form": "research"}], "id": "4"}], "separation": "1", "form": "research", "quote_level": "0", "head": "4", "syntactic_tree_relation_list": [{"type": "isDirectObject", "id": "23"}], "affected_by_negation": "no", "inip": "15", "analysis_list": [{"lemma": "research", "tag": "GN-S3D--", "original_form": "research"}], "type": "phrase", "id": "29"}, {"endp": "37", "style": {"isItalics": "no", "isUnderlined": "no", "isTitle": "no", "isBold": "no"}, "token_list": [{"endp": "25", "style": {"isItalics": "no", "isUnderlined": "no", "isTitle": "no", "isBold": "no"}, "inip": "24", "form": "in", "quote_level": "0", "affected_by_negation": "no", "separation": "1", "analysis_list": [{"lemma": "in", "tag": "YN6", "original_form": "in"}], "id": "5"}, {"endp": "37", "style": {"isItalics": "no", "isUnderlined": "no", "isTitle": "no", "isBold": "no"}, "token_list": [{"endp": "29", "style": {"isItalics": "no", "isUnderlined": "no", "isTitle": "no", "isBold": "no"}, "inip": "27", "form": "the", "quote_level": "0", "affected_by_negation": "no", "separation": "1", "analysis_list": [{"lemma": "the", "tag": "TD-SN9", "original_form": "the"}], "id": "6"}, {"endp": "37", "style": {"isItalics": "no", "isUnderlined": "no", "isTitle": "no", "isBold": "no"}, "inip": "31", "form": "library", "quote_level": "0", "affected_by_negation": "no", "separation": "1", "analysis_list": [{"lemma": "library", "tag": "NC-S-N5", "sense_id_list": [{"sense_id": "f96491ce30"}], "original_form": "library"}], "sense_list": [{"info": "sementity/class=class@fiction=nonfiction@id=ODENTITY_FACILITY@type=Top>Location>Facility\tsemld_list=sumo:FacilityPartOther", "id": "f96491ce30", "form": "library"}], "id": "7"}], "separation": "1", "form": "the library", "quote_level": "0", "head": "7", "affected_by_negation": "no", "inip": "27", "analysis_list": [{"lemma": "library", "tag": "GN-S3---", "original_form": "the library"}], "type": "phrase", "id": "30"}], "separation": "1", "form": "in the library", "quote_level": "0", "head": "5", "syntactic_tree_relation_list": [{"type": "isComplement", "id": "23"}], "affected_by_negation": "no", "inip": "24", "analysis_list": [{"lemma": "in", "tag": "GY---C--", "original_form": "in the library"}], "type": "phrase", "id": "33"}, {"endp": "65", "style": {"isItalics": "no", "isUnderlined": "no", "isTitle": "no", "isBold": "no"}, "token_list": [{"endp": "42", "style": {"isItalics": "no", "isUnderlined": "no", "isTitle": "no", "isBold": "no"}, "inip": "39", "form": "when", "quote_level": "0", "affected_by_negation": "no", "separation": "1", "analysis_list": [{"lemma": "when", "tag": "CSCN7", "original_form": "when"}], "id": "8"}, {"endp": "45", "style": {"isItalics": "no", "isUnderlined": "no", "isTitle": "no", "isBold": "no"}, "token_list": [{"endp": "45", "style": {"isItalics": "no", "isUnderlined": "no", "isTitle": "no", "isBold": "no"}, "inip": "44", "form": "he", "quote_level": "0", "affected_by_negation": "no", "separation": "1", "analysis_list": [{"lemma": "he", "tag": "PPMS3NN8", "sense_id_list": [{"sense_id": "PRONHUMAN"}], "original_form": "he"}], "sense_list": [{"info": "semhum=human", "id": "PRONHUMAN", "form": "he"}], "id": "9"}], "separation": "1", "form": "he", "quote_level": "0", "head": "9", "syntactic_tree_relation_list": [{"type": "isAnaphora", "id": "28"}, {"type": "isSubject", "id": "10"}], "affected_by_negation": "no", "inip": "44", "analysis_list": [{"lemma": "he", "tag": "GNMS3S--", "original_form": "he"}], "type": "phrase", "id": "32"}, {"endp": "51", "style": {"isItalics": "no", "isUnderlined": "no", "isTitle": "no", "isBold": "no"}, "inip": "47", "form": "heard", "quote_level": "0", "syntactic_tree_relation_list": [{"type": "iof_isSubject", "id": "32"}], "affected_by_negation": "no", "separation": "1", "analysis_list": [{"lemma": "hear", "tag": "VI-UUASA-N-N6", "original_form": "heard"}], "id": "10"}, {"endp": "65", "style": {"isItalics": "no", "isUnderlined": "no", "isTitle": "no", "isBold": "no"}, "token_list": [{"endp": "53", "style": {"isItalics": "no", "isUnderlined": "no", "isTitle": "no", "isBold": "no"}, "inip": "53", "form": "a", "quote_level": "0", "affected_by_negation": "no", "separation": "1", "analysis_list": [{"lemma": "a", "tag": "QD-SPN9", "original_form": "a"}], "id": "11"}, {"endp": "57", "style": {"isItalics": "no", "isUnderlined": "no", "isTitle": "no", "isBold": "no"}, "inip": "55", "form": "man", "quote_level": "0", "affected_by_negation": "no", "separation": "1", "analysis_list": [{"lemma": "man", "tag": "NC-S-N7", "sense_id_list": [{"sense_id": "20a218cbdf"}, {"sense_id": "19771675a5"}], "original_form": "man"}], "sense_list": [{"info": "sementity/class=class@fiction=nonfiction@id=ODENTITY_PERSON@type=Top>Person\tsemld_list=sumo:Human", "id": "19771675a5", "form": "man"}, {"info": "sementity/class=class@fiction=nonfiction@id=ODENTITY_PERSON@type=Top>Person\tsemld_list=sumo:Human", "id": "20a218cbdf", "form": "man"}], "id": "12"}, {"endp": "65", "style": {"isItalics": "no", "isUnderlined": "no", "isTitle": "no", "isBold": "no"}, "token_list": [{"endp": "65", "style": {"isItalics": "no", "isUnderlined": "no", "isTitle": "no", "isBold": "no"}, "inip": "59", "form": "humming", "quote_level": "0", "affected_by_negation": "no", "separation": "1", "analysis_list": [{"lemma": "hum", "tag": "VP---PSA-N-N-", "original_form": "humming"}], "id": "13"}], "separation": "1", "form": "humming", "quote_level": "0", "affected_by_negation": "no", "inip": "59", "analysis_list": [{"lemma": "*", "tag": "ZA----PP----", "original_form": "humming"}], "type": "phrase", "id": "35"}], "separation": "1", "form": "a man humming", "quote_level": "0", "head": "12", "affected_by_negation": "no", "inip": "53", "analysis_list": [{"lemma": "man", "tag": "GN-S3---", "original_form": "a man"}], "type": "phrase", "id": "31"}], "separation": "1", "form": "when he heard a man humming", "quote_level": "0", "syntactic_tree_relation_list": [{"type": "isTimeComplement", "id": "23"}], "affected_by_negation": "no", "inip": "39", "analysis_list": [{"lemma": "*", "tag": "ZE---TIA----", "original_form": "when he heard a man humming"}], "type": "phrase", "id": "36"}], "separation": "_", "form": "John was doing research in the library when he heard a man humming", "quote_level": "0", "affected_by_negation": "no", "inip": "0", "analysis_list": [{"lemma": "*", "tag": "Z-----------", "original_form": "John was doing research in the library when he heard a man humming"}], "type": "phrase", "id": "37"}, {"endp": "69", "style": {"isItalics": "no", "isUnderlined": "no", "isTitle": "no", "isBold": "no"}, "inip": "67", "form": "and", "quote_level": "0", "affected_by_negation": "no", "separation": "1", "analysis_list": [{"lemma": "and", "tag": "CCYN9", "original_form": "and"}], "id": "14"}, {"endp": "79", "style": {"isItalics": "no", "isUnderlined": "no", "isTitle": "no", "isBold": "no"}, "token_list": [{"endp": "79", "style": {"isItalics": "no", "isUnderlined": "no", "isTitle": "no", "isBold": "no"}, "inip": "71", "form": "whistling", "quote_level": "0", "affected_by_negation": "no", "separation": "1", "analysis_list": [{"lemma": "whistle", "tag": "VP---PSA-N-N-", "sense_id_list": [{"sense_id": "ODENTITY_COMMUNICATION_PROCESS"}, {"sense_id": "ODENTITY_MOTION"}, {"sense_id": "ODENTITY_RADIATING"}], "original_form": "whistling"}], "sense_list": [{"info": "sementity/id=ODENTITY_COMMUNICATION_PROCESS@type=Top>Process>ContentBearingProcess>CommunicationProcess\tsemld_list=sumo:Entity", "id": "ODENTITY_COMMUNICATION_PROCESS", "form": "whistle"}, {"info": "sementity/id=ODENTITY_MOTION@type=Top>Process>Motion\tsemld_list=sumo:Entity", "id": "ODENTITY_MOTION", "form": "whistle"}, {"info": "sementity/id=ODENTITY_RADIATING@type=Top>Process>Motion>Radiating\tsemld_list=sumo:Entity", "id": "ODENTITY_RADIATING", "form": "whistle"}], "id": "15"}], "separation": "1", "form": "whistling", "quote_level": "0", "affected_by_negation": "no", "inip": "71", "analysis_list": [{"lemma": "*", "tag": "ZN-S3SPP----", "original_form": "whistling"}], "type": "phrase", "id": "34"}, {"endp": "80", "style": {"isItalics": "no", "isUnderlined": "no", "isTitle": "no", "isBold": "no"}, "inip": "80", "form": ".", "quote_level": "0", "affected_by_negation": "no", "separation": "A", "analysis_list": [{"lemma": ".", "tag": "1D--", "original_form": "."}], "id": "16"}], "inip": "0", "quote_level": "0", "affected_by_negation": "no", "separation": "A", "type": "sentence", "id": "24"}, {"endp": "102", "style": {"isItalics": "no", "isUnderlined": "no", "isTitle": "no", "isBold": "no"}, "token_list": [{"endp": "101", "style": {"isItalics": "no", "isUnderlined": "no", "isTitle": "no", "isBold": "no"}, "token_list": [{"endp": "83", "style": {"isItalics": "no", "isUnderlined": "no", "isTitle": "no", "isBold": "no"}, "token_list": [{"endp": "83", "style": {"isItalics": "no", "isUnderlined": "no", "isTitle": "no", "isBold": "no"}, "inip": "82", "form": "He", "quote_level": "0", "affected_by_negation": "no", "separation": "1", "analysis_list": [{"lemma": "he", "tag": "PPMS3NN8", "sense_id_list": [{"sense_id": "PRONHUMAN"}], "original_form": "he"}], "sense_list": [{"info": "semhum=human", "id": "PRONHUMAN", "form": "he"}], "id": "17"}], "separation": "1", "form": "He", "quote_level": "0", "head": "17", "syntactic_tree_relation_list": [{"type": "isAnaphora", "id": "28"}, {"type": "isSubject", "id": "18"}], "affected_by_negation": "no", "inip": "82", "analysis_list": [{"lemma": "he", "tag": "GNMS3S--", "original_form": "He"}], "type": "phrase", "id": "40"}, {"endp": "87", "style": {"isItalics": "no", "isUnderlined": "no", "isTitle": "no", "isBold": "no"}, "inip": "85", "form": "was", "quote_level": "0", "syntactic_tree_relation_list": [{"type": "iof_isSubject", "id": "40"}, {"type": "iof_isAttribute", "id": "39"}], "affected_by_negation": "no", "separation": "1", "analysis_list": [{"lemma": "be", "tag": "VI-S3ASA-Y-N9", "original_form": "was"}], "id": "18"}, {"endp": "101", "style": {"isItalics": "no", "isUnderlined": "no", "isTitle": "no", "isBold": "no"}, "token_list": [{"endp": "92", "style": {"isItalics": "no", "isUnderlined": "no", "isTitle": "no", "isBold": "no"}, "inip": "89", "form": "very", "quote_level": "0", "affected_by_negation": "no", "separation": "1", "analysis_list": [{"lemma": "very", "tag": "ENMSN5", "original_form": "very"}], "id": "19"}, {"endp": "101", "style": {"isItalics": "no", "isUnderlined": "no", "isTitle": "no", "isBold": "no"}, "inip": "94", "form": "annoying", "quote_level": "0", "affected_by_negation": "no", "separation": "1", "analysis_list": [{"lemma": "annoying", "tag": "AP-N-", "original_form": "annoying"}], "id": "20"}], "separation": "1", "form": "very annoying", "quote_level": "0", "head": "20", "syntactic_tree_relation_list": [{"type": "isAttribute", "id": "18"}], "affected_by_negation": "no", "inip": "89", "analysis_list": [{"lemma": "annoying", "tag": "GA---A--", "original_form": "very annoying"}], "type": "phrase", "id": "39"}], "separation": "1", "form": "He was very annoying", "quote_level": "0", "affected_by_negation": "no", "inip": "82", "analysis_list": [{"lemma": "*", "tag": "Z-----------", "original_form": "He was very annoying"}], "type": "phrase", "id": "41"}, {"endp": "102", "style": {"isItalics": "no", "isUnderlined": "no", "isTitle": "no", "isBold": "no"}, "inip": "102", "form": ".", "quote_level": "0", "affected_by_negation": "no", "separation": "A", "analysis_list": [{"lemma": ".", "tag": "1D--", "original_form": "."}], "id": "21"}], "inip": "82", "quote_level": "0", "affected_by_negation": "no", "separation": "A", "type": "sentence", "id": "26"}]}