{"status": {"msg": "OK", "credits": "1", "remaining_credits": "39933", "code": "0"}, "token_list": [{"endp": "73", "style": {"isItalics": "no", "isUnderlined": "no", "isTitle": "no", "isBold": "no"}, "token_list": [{"endp": "38", "style": {"isItalics": "no", "isUnderlined": "no", "isTitle": "no", "isBold": "no"}, "token_list": [{"endp": "9", "style": {"isItalics": "no", "isUnderlined": "no", "isTitle": "no", "isBold": "no"}, "token_list": [{"endp": "2", "style": {"isItalics": "no", "isUnderlined": "no", "isTitle": "no", "isBold": "no"}, "inip": "0", "form": "The", "quote_level": "0", "affected_by_negation": "no", "separation": "_", "analysis_list": [{"lemma": "the", "tag": "TD-SN9", "original_form": "the"}], "id": "1"}, {"endp": "9", "style": {"isItalics": "no", "isUnderlined": "no", "isTitle": "no", "isBold": "no"}, "inip": "4", "form": "lawyer", "quote_level": "0", "affected_by_negation": "no", "separation": "1", "analysis_list": [{"lemma": "lawyer", "tag": "NC-S-N5", "sense_id_list": [{"sense_id": "cf0813dcb7"}], "original_form": "lawyer"}], "sense_list": [{"info": "sementity/class=class@fiction=nonfiction@id=ODENTITY_TITLE@type=Top>OtherEntity>Title\tsemld_list=sumo:Title\tsemtheme_list/id=ODTHEME_LAW@type=Top>SocialSciences>Law", "id": "cf0813dcb7", "form": "advocate"}], "id": "2"}], "separation": "_", "form": "The lawyer", "quote_level": "0", "head": "2", "syntactic_tree_relation_list": [{"type": "isSubject", "id": "3"}], "affected_by_negation": "no", "inip": "0", "analysis_list": [{"lemma": "lawyer", "tag": "GN-S3S--", "original_form": "The lawyer"}], "type": "phrase", "id": "19"}, {"endp": "15", "style": {"isItalics": "no", "isUnderlined": "no", "isTitle": "no", "isBold": "no"}, "inip": "11", "form": "asked", "quote_level": "0", "syntactic_tree_relation_list": [{"type": "iof_isSubject", "id": "19"}], "affected_by_negation": "no", "separation": "1", "analysis_list": [{"lemma": "ask", "tag": "VI-S3ASA-N-N7", "sense_id_list": [{"sense_id": "ODENTITY_LINGUISTIC_COMMUNICATION"}], "original_form": "asked"}], "sense_list": [{"info": "sementity/id=ODENTITY_LINGUISTIC_COMMUNICATION@type=Top>Process>ContentBearingProcess>CommunicationProcess>LinguisticCommunication\tsemld_list=sumo:Entity", "id": "ODENTITY_LINGUISTIC_COMMUNICATION", "form": "ask"}], "id": "3"}, {"endp": "27", "style": {"isItalics": "no", "isUnderlined": "no", "isTitle": "no", "isBold": "no"}, "token_list": [{"endp": "19", "style": {"isItalics": "no", "isUnderlined": "no", "isTitle": "no", "isBold": "no"}, "inip": "17", "form": "the", "quote_level": "0", "affected_by_negation": "no", "separation": "1", "analysis_list": [{"lemma": "the", "tag": "TD-SN9", "original_form": "the"}], "id": "4"}, {"endp": "27", "style": {"isItalics": "no", "isUnderlined": "no", "isTitle": "no", "isBold": "no"}, "inip": "21", "form": "witness", "quote_level": "0", "affected_by_negation": "no", "separation": "1", "analysis_list": [{"lemma": "witness", "tag": "NC-S-N4", "sense_id_list": [{"sense_id": "bfa33bf4e4"}], "original_form": "witness"}], "sense_list": [{"info": "sementity/class=class@fiction=nonfiction@id=ODENTITY_TOP@type=Top\tsemld_list=sumo:Entity", "id": "bfa33bf4e4", "form": "witness"}], "id": "5"}], "separation": "1", "form": "the witness", "quote_level": "0", "head": "5", "affected_by_negation": "no", "inip": "17", "analysis_list": [{"lemma": "witness", "tag": "GN-S3---", "original_form": "the witness"}], "type": "phrase", "id": "20"}, {"endp": "38", "style": {"isItalics": "no", "isUnderlined": "no", "isTitle": "no", "isBold": "no"}, "token_list": [{"endp": "29", "style": {"isItalics": "no", "isUnderlined": "no", "isTitle": "no", "isBold": "no"}, "inip": "29", "form": "a", "quote_level": "0", "affected_by_negation": "no", "separation": "1", "analysis_list": [{"lemma": "a", "tag": "QD-SPN9", "original_form": "a"}], "id": "6"}, {"endp": "38", "style": {"isItalics": "no", "isUnderlined": "no", "isTitle": "no", "isBold": "no"}, "inip": "31", "form": "question", "quote_level": "0", "affected_by_negation": "no", "separation": "1", "analysis_list": [{"lemma": "question", "tag": "NC-S-N5", "sense_id_list": [{"sense_id": "1b19e12452"}], "original_form": "question"}], "sense_list": [{"info": "sementity/class=class@fiction=nonfiction@id=ODENTITY_TOP@type=Top\tsemld_list=sumo:Entity\tsemtheme_list/id=ODTHEME_LINGUISTICS@type=Top>Humanities>Linguistics", "id": "1b19e12452", "form": "question"}], "id": "7"}], "separation": "1", "form": "a question", "quote_level": "0", "head": "7", "syntactic_tree_relation_list": [{"type": "iof_isAnaphora", "id": "25"}, {"type": "iof_isAnaphora", "id": "24"}], "affected_by_negation": "no", "inip": "29", "analysis_list": [{"lemma": "question", "tag": "GN-S3---", "original_form": "a question"}], "type": "phrase", "id": "21"}], "separation": "_", "form": "The lawyer asked the witness a question", "quote_level": "0", "affected_by_negation": "no", "inip": "0", "analysis_list": [{"lemma": "*", "tag": "ZC----------", "original_form": "The lawyer asked the witness a question"}], "type": "phrase", "id": "26"}, {"endp": "39", "style": {"isItalics": "no", "isUnderlined": "no", "isTitle": "no", "isBold": "no"}, "inip": "39", "form": ",", "quote_level": "0", "affected_by_negation": "no", "separation": "A", "analysis_list": [{"lemma": ",", "tag": "1D--", "original_form": ","}], "id": "8"}, {"endp": "43", "style": {"isItalics": "no", "isUnderlined": "no", "isTitle": "no", "isBold": "no"}, "inip": "41", "form": "but", "quote_level": "0", "affected_by_negation": "no", "separation": "1", "analysis_list": [{"lemma": "but", "tag": "CCAN8", "original_form": "but"}], "id": "9"}, {"endp": "73", "style": {"isItalics": "no", "isUnderlined": "no", "isTitle": "no", "isBold": "no"}, "token_list": [{"endp": "46", "style": {"isItalics": "no", "isUnderlined": "no", "isTitle": "no", "isBold": "no"}, "token_list": [{"endp": "46", "style": {"isItalics": "no", "isUnderlined": "no", "isTitle": "no", "isBold": "no"}, "inip": "45", "form": "he", "quote_level": "0", "affected_by_negation": "no", "separation": "1", "analysis_list": [{"lemma": "he", "tag": "PPMS3NN8", "sense_id_list": [{"sense_id": "PRONHUMAN"}], "original_form": "he"}], "sense_list": [{"info": "semhum=human", "id": "PRONHUMAN", "form": "he"}], "id": "10"}], "separation": "1", "form": "he", "quote_level": "0", "head": "10", "syntactic_tree_relation_list": [{"type": "isAnaphora", "id": "21"}, {"type": "isSubject", "id": "11"}], "affected_by_negation": "no", "inip": "45", "analysis_list": [{"lemma": "he", "tag": "GNMS3S--", "original_form": "he"}], "type": "phrase", "id": "25"}, {"endp": "50", "style": {"isItalics": "no", "isUnderlined": "no", "isTitle": "no", "isBold": "no"}, "inip": "48", "form": "was", "quote_level": "0", "syntactic_tree_relation_list": [{"type": "iof_isSubject", "id": "25"}, {"type": "iof_isAttribute", "id": "22"}], "affected_by_negation": "no", "separation": "1", "analysis_list": [{"lemma": "be", "tag": "VI-S3ASA-N-N9", "original_form": "was"}], "id": "11"}, {"endp": "60", "style": {"isItalics": "no", "isUnderlined": "no", "isTitle": "no", "isBold": "no"}, "token_list": [{"endp": "60", "style": {"isItalics": "no", "isUnderlined": "no", "isTitle": "no", "isBold": "no"}, "inip": "52", "form": "reluctant", "quote_level": "0", "affected_by_negation": "no", "separation": "1", "analysis_list": [{"lemma": "reluctant", "tag": "AP-N4", "original_form": "reluctant"}], "id": "12"}], "separation": "1", "form": "reluctant", "quote_level": "0", "head": "12", "syntactic_tree_relation_list": [{"type": "isAttribute", "id": "11"}], "affected_by_negation": "no", "inip": "52", "analysis_list": [{"lemma": "reluctant", "tag": "GA---A--", "original_form": "reluctant"}], "type": "phrase", "id": "22"}, {"endp": "70", "style": {"isItalics": "no", "isUnderlined": "no", "isTitle": "no", "isBold": "no"}, "separation": "1", "form": "to repeat", "quote_level": "0", "head": "14", "syntactic_tree_relation_list": [{"type": "iof_isDirectObject", "id": "24"}], "affected_by_negation": "no", "inip": "62", "analysis_list": [{"lemma": "repeat", "tag": "VF---OSA-N-N5", "sense_id_list": [{"sense_id": "ODENTITY_COMMUNICATION_PROCESS"}, {"sense_id": "ODENTITY_INTENTIONAL_PROCESS"}, {"sense_id": "ODENTITY_RADIATING"}, {"sense_id": "ODENTITY_PROCESS"}], "original_form": "to repeat"}], "sense_list": [{"info": "sementity/id=ODENTITY_COMMUNICATION_PROCESS@type=Top>Process>ContentBearingProcess>CommunicationProcess\tsemld_list=sumo:Entity", "id": "ODENTITY_COMMUNICATION_PROCESS", "form": "repeat"}, {"info": "sementity/id=ODENTITY_INTENTIONAL_PROCESS@type=Top>Process>IntentionalProcess\tsemld_list=sumo:IntentionalProcess", "id": "ODENTITY_INTENTIONAL_PROCESS", "form": "repeat"}, {"info": "sementity/id=ODENTITY_PROCESS@type=Top>Process\tsemld_list=sumo:Entity", "id": "ODENTITY_PROCESS", "form": "repeat"}, {"info": "sementity/id=ODENTITY_RADIATING@type=Top>Process>Motion>Radiating\tsemld_list=sumo:Entity", "id": "ODENTITY_RADIATING", "form": "repeat"}], "type": "multiword", "id": "23"}, {"endp": "73", "style": {"isItalics": "no", "isUnderlined": "no", "isTitle": "no", "isBold": "no"}, "token_list": [{"endp": "73", "style": {"isItalics": "no", "isUnderlined": "no", "isTitle": "no", "isBold": "no"}, "inip": "72", "form": "it", "quote_level": "0", "affected_by_negation": "no", "separation": "1", "analysis_list": [{"lemma": "it", "tag": "PP-S3AN8", "sense_id_list": [{"sense_id": "PRONNONHUMAN"}], "original_form": "it"}], "sense_list": [{"info": "semhum=nonhuman", "id": "PRONNONHUMAN", "form": "it"}], "id": "15"}], "separation": "1", "form": "it", "quote_level": "0", "head": "15", "syntactic_tree_relation_list": [{"type": "isAnaphora", "id": "21"}, {"type": "isDirectObject", "id": "23"}], "affected_by_negation": "no", "inip": "72", "analysis_list": [{"lemma": "it", "tag": "GN-S3D--", "original_form": "it"}], "type": "phrase", "id": "24"}], "separation": "1", "form": "he was reluctant to repeat it", "quote_level": "0", "affected_by_negation": "no", "inip": "45", "analysis_list": [{"lemma": "*", "tag": "ZC----------", "original_form": "he was reluctant to repeat it"}], "type": "phrase", "id": "27"}], "inip": "0", "quote_level": "0", "affected_by_negation": "no", "separation": "A", "type": "sentence", "id": "17"}]}