{"status": {"msg": "OK", "credits": "1", "remaining_credits": "39832", "code": "0"}, "token_list": [{"endp": "72", "style": {"isItalics": "no", "isUnderlined": "no", "isTitle": "no", "isBold": "no"}, "token_list": [{"endp": "71", "style": {"isItalics": "no", "isUnderlined": "no", "isTitle": "no", "isBold": "no"}, "token_list": [{"endp": "3", "style": {"isItalics": "no", "isUnderlined": "no", "isTitle": "no", "isBold": "no"}, "token_list": [{"endp": "3", "style": {"isItalics": "no", "isUnderlined": "no", "isTitle": "no", "isBold": "no"}, "inip": "0", "form": "John", "quote_level": "0", "affected_by_negation": "no", "separation": "_", "analysis_list": [{"lemma": "john", "tag": "NC-S-N-", "original_form": "john"}, {"lemma": "John", "tag": "NPUU-N-", "sense_id_list": [{"sense_id": "__5364979498223444230"}], "original_form": "John"}], "sense_list": [{"info": "sementity/class=instance@fiction=nonfiction@type=Top>Person@confidence=uncertain", "id": "__5364979498223444230", "form": "John"}], "id": "1"}], "separation": "_", "form": "John", "quote_level": "0", "head": "1", "syntactic_tree_relation_list": [{"type": "isSubject", "id": "21"}, {"type": "iof_isAnaphora", "id": "30"}, {"type": "iof_isAnaphora", "id": "37"}], "affected_by_negation": "no", "inip": "0", "analysis_list": [{"lemma": "John", "tag": "GN-S3S--", "original_form": "John"}, {"lemma": "john", "tag": "GN-S3S--", "original_form": "John"}, {"lemma": "John", "tag": "GNUS3S--", "original_form": "John"}], "type": "phrase", "id": "26"}, {"endp": "15", "style": {"isItalics": "no", "isUnderlined": "no", "isTitle": "no", "isBold": "no"}, "separation": "1", "form": "was walking", "quote_level": "0", "head": "2", "syntactic_tree_relation_list": [{"type": "iof_isSubject", "id": "26"}, {"type": "iof_isComplement", "id": "31"}, {"type": "iof_isTimeComplement", "id": "33"}], "affected_by_negation": "no", "inip": "5", "analysis_list": [{"lemma": "walk", "tag": "VI-S3ACA-N-N9", "original_form": "was walking"}], "type": "multiword", "id": "21"}, {"endp": "32", "style": {"isItalics": "no", "isUnderlined": "no", "isTitle": "no", "isBold": "no"}, "token_list": [{"endp": "23", "style": {"isItalics": "no", "isUnderlined": "no", "isTitle": "no", "isBold": "no"}, "inip": "17", "form": "through", "quote_level": "0", "affected_by_negation": "no", "separation": "1", "analysis_list": [{"lemma": "through", "tag": "YN5", "original_form": "through"}], "id": "4"}, {"endp": "32", "style": {"isItalics": "no", "isUnderlined": "no", "isTitle": "no", "isBold": "no"}, "token_list": [{"endp": "27", "style": {"isItalics": "no", "isUnderlined": "no", "isTitle": "no", "isBold": "no"}, "inip": "25", "form": "the", "quote_level": "0", "affected_by_negation": "no", "separation": "1", "analysis_list": [{"lemma": "the", "tag": "TD-SN9", "original_form": "the"}], "id": "5"}, {"endp": "32", "style": {"isItalics": "no", "isUnderlined": "no", "isTitle": "no", "isBold": "no"}, "inip": "29", "form": "park", "quote_level": "0", "affected_by_negation": "no", "separation": "1", "analysis_list": [{"lemma": "park", "tag": "NC-S-N4", "sense_id_list": [{"sense_id": "eb38243e3b"}], "original_form": "park"}], "sense_list": [{"info": "sementity/class=class@fiction=nonfiction@id=ODENTITY_PARK@type=Top>Location>Facility>Park\tsemld_list=sumo:Park", "id": "eb38243e3b", "form": "park"}], "id": "6"}], "separation": "1", "form": "the park", "quote_level": "0", "head": "6", "affected_by_negation": "no", "inip": "25", "analysis_list": [{"lemma": "park", "tag": "GN-S3---", "original_form": "the park"}], "type": "phrase", "id": "27"}], "separation": "1", "form": "through the park", "quote_level": "0", "head": "4", "syntactic_tree_relation_list": [{"type": "isComplement", "id": "21"}], "affected_by_negation": "no", "inip": "17", "analysis_list": [{"lemma": "through", "tag": "GY---C--", "original_form": "through the park"}], "type": "phrase", "id": "31"}, {"endp": "71", "style": {"isItalics": "no", "isUnderlined": "no", "isTitle": "no", "isBold": "no"}, "token_list": [{"endp": "37", "style": {"isItalics": "no", "isUnderlined": "no", "isTitle": "no", "isBold": "no"}, "inip": "34", "form": "when", "quote_level": "0", "affected_by_negation": "no", "separation": "1", "analysis_list": [{"lemma": "when", "tag": "CSCN7", "original_form": "when"}], "id": "7"}, {"endp": "40", "style": {"isItalics": "no", "isUnderlined": "no", "isTitle": "no", "isBold": "no"}, "token_list": [{"endp": "40", "style": {"isItalics": "no", "isUnderlined": "no", "isTitle": "no", "isBold": "no"}, "inip": "39", "form": "he", "quote_level": "0", "affected_by_negation": "no", "separation": "1", "analysis_list": [{"lemma": "he", "tag": "PPMS3NN8", "sense_id_list": [{"sense_id": "PRONHUMAN"}], "original_form": "he"}], "sense_list": [{"info": "semhum=human", "id": "PRONHUMAN", "form": "he"}], "id": "8"}], "separation": "1", "form": "he", "quote_level": "0", "head": "8", "syntactic_tree_relation_list": [{"type": "isAnaphora", "id": "26"}, {"type": "isSubject", "id": "9"}], "affected_by_negation": "no", "inip": "39", "analysis_list": [{"lemma": "he", "tag": "GNMS3S--", "original_form": "he"}], "type": "phrase", "id": "30"}, {"endp": "44", "style": {"isItalics": "no", "isUnderlined": "no", "isTitle": "no", "isBold": "no"}, "inip": "42", "form": "saw", "quote_level": "0", "syntactic_tree_relation_list": [{"type": "iof_isSubject", "id": "30"}, {"type": "iof_isDirectObject", "id": "28"}], "affected_by_negation": "no", "separation": "1", "analysis_list": [{"lemma": "saw", "tag": "VI-S1PSA-N-N-", "original_form": "saw"}, {"lemma": "saw", "tag": "VI-S2PSA-N-N-", "original_form": "saw"}, {"lemma": "saw", "tag": "VI-S3PSA-N-N-", "original_form": "saw"}, {"lemma": "saw", "tag": "VI-PUPSA-N-N-", "original_form": "saw"}, {"lemma": "see", "tag": "VI-UUASA-N-N7", "original_form": "saw"}], "id": "9"}, {"endp": "71", "style": {"isItalics": "no", "isUnderlined": "no", "isTitle": "no", "isBold": "no"}, "token_list": [{"endp": "46", "style": {"isItalics": "no", "isUnderlined": "no", "isTitle": "no", "isBold": "no"}, "inip": "46", "form": "a", "quote_level": "0", "affected_by_negation": "no", "separation": "1", "analysis_list": [{"lemma": "a", "tag": "QD-SPN9", "original_form": "a"}], "id": "10"}, {"endp": "50", "style": {"isItalics": "no", "isUnderlined": "no", "isTitle": "no", "isBold": "no"}, "inip": "48", "form": "man", "quote_level": "0", "affected_by_negation": "no", "separation": "1", "analysis_list": [{"lemma": "man", "tag": "NC-S-N7", "sense_id_list": [{"sense_id": "20a218cbdf"}, {"sense_id": "19771675a5"}], "original_form": "man"}], "sense_list": [{"info": "sementity/class=class@fiction=nonfiction@id=ODENTITY_PERSON@type=Top>Person\tsemld_list=sumo:Human", "id": "19771675a5", "form": "man"}, {"info": "sementity/class=class@fiction=nonfiction@id=ODENTITY_PERSON@type=Top>Person\tsemld_list=sumo:Human", "id": "20a218cbdf", "form": "man"}], "id": "11"}, {"endp": "71", "style": {"isItalics": "no", "isUnderlined": "no", "isTitle": "no", "isBold": "no"}, "token_list": [{"endp": "59", "style": {"isItalics": "no", "isUnderlined": "no", "isTitle": "no", "isBold": "no"}, "inip": "52", "form": "juggling", "quote_level": "0", "syntactic_tree_relation_list": [{"type": "iof_isDirectObject", "id": "29"}], "affected_by_negation": "no", "separation": "1", "analysis_list": [{"lemma": "juggle", "tag": "VP---PSA-N-N-", "sense_id_list": [{"sense_id": "ODENTITY_TRANSFER"}, {"sense_id": "ODENTITY_INTENTIONAL_PROCESS"}, {"sense_id": "ODENTITY_SOCIAL_INTERACTION"}], "original_form": "juggling"}], "sense_list": [{"info": "sementity/id=ODENTITY_INTENTIONAL_PROCESS@type=Top>Process>IntentionalProcess\tsemld_list=sumo:IntentionalProcess", "id": "ODENTITY_INTENTIONAL_PROCESS", "form": "juggle"}, {"info": "sementity/id=ODENTITY_SOCIAL_INTERACTION@type=Top>Process>IntentionalProcess>SocialInteraction\tsemld_list=sumo:IntentionalProcess", "id": "ODENTITY_SOCIAL_INTERACTION", "form": "juggle"}, {"info": "sementity/id=ODENTITY_TRANSFER@type=Top>Process>Motion>Translocation>Transfer\tsemld_list=sumo:Entity", "id": "ODENTITY_TRANSFER", "form": "juggle"}], "id": "12"}, {"endp": "71", "style": {"isItalics": "no", "isUnderlined": "no", "isTitle": "no", "isBold": "no"}, "token_list": [{"endp": "71", "style": {"isItalics": "no", "isUnderlined": "no", "isTitle": "no", "isBold": "no"}, "inip": "61", "form": "watermelons", "quote_level": "0", "affected_by_negation": "no", "separation": "1", "analysis_list": [{"lemma": "watermelon", "tag": "NC-P-N-", "original_form": "watermelons"}], "id": "13"}], "separation": "1", "form": "watermelons", "quote_level": "0", "head": "13", "syntactic_tree_relation_list": [{"type": "isDirectObject", "id": "12"}], "affected_by_negation": "no", "inip": "61", "analysis_list": [{"lemma": "watermelon", "tag": "GN-P3D--", "original_form": "watermelons"}], "type": "phrase", "id": "29"}], "separation": "1", "form": "juggling watermelons", "quote_level": "0", "affected_by_negation": "no", "inip": "52", "analysis_list": [{"lemma": "*", "tag": "ZA----PP----", "original_form": "juggling watermelons"}], "type": "phrase", "id": "32"}], "separation": "1", "form": "a man juggling watermelons", "quote_level": "0", "head": "11", "syntactic_tree_relation_list": [{"type": "isDirectObject", "id": "9"}], "affected_by_negation": "no", "inip": "46", "analysis_list": [{"lemma": "man", "tag": "GN-S3D--", "original_form": "a man"}], "type": "phrase", "id": "28"}], "separation": "1", "form": "when he saw a man juggling watermelons", "quote_level": "0", "syntactic_tree_relation_list": [{"type": "isTimeComplement", "id": "21"}], "affected_by_negation": "no", "inip": "34", "analysis_list": [{"lemma": "*", "tag": "ZE---TIP----", "original_form": "when he saw a man juggling watermelons"}, {"lemma": "*", "tag": "ZE---TA-----", "original_form": "when he saw a man juggling watermelons"}], "type": "phrase", "id": "33"}], "separation": "_", "form": "John was walking through the park when he saw a man juggling watermelons", "quote_level": "0", "affected_by_negation": "no", "inip": "0", "analysis_list": [{"lemma": "*", "tag": "Z-----------", "original_form": "John was walking through the park when he saw a man juggling watermelons"}], "type": "phrase", "id": "34"}, {"endp": "72", "style": {"isItalics": "no", "isUnderlined": "no", "isTitle": "no", "isBold": "no"}, "inip": "72", "form": ".", "quote_level": "0", "affected_by_negation": "no", "separation": "A", "analysis_list": [{"lemma": ".", "tag": "1D--", "original_form": "."}], "id": "14"}], "inip": "0", "quote_level": "0", "affected_by_negation": "no", "separation": "A", "type": "sentence", "id": "22"}, {"endp": "96", "style": {"isItalics": "no", "isUnderlined": "no", "isTitle": "no", "isBold": "no"}, "token_list": [{"endp": "95", "style": {"isItalics": "no", "isUnderlined": "no", "isTitle": "no", "isBold": "no"}, "token_list": [{"endp": "75", "style": {"isItalics": "no", "isUnderlined": "no", "isTitle": "no", "isBold": "no"}, "token_list": [{"endp": "75", "style": {"isItalics": "no", "isUnderlined": "no", "isTitle": "no", "isBold": "no"}, "inip": "74", "form": "He", "quote_level": "0", "affected_by_negation": "no", "separation": "1", "analysis_list": [{"lemma": "he", "tag": "PPMS3NN8", "sense_id_list": [{"sense_id": "PRONHUMAN"}], "original_form": "he"}], "sense_list": [{"info": "semhum=human", "id": "PRONHUMAN", "form": "he"}], "id": "15"}], "separation": "1", "form": "He", "quote_level": "0", "head": "15", "syntactic_tree_relation_list": [{"type": "isAnaphora", "id": "26"}, {"type": "isSubject", "id": "16"}], "affected_by_negation": "no", "inip": "74", "analysis_list": [{"lemma": "he", "tag": "GNMS3S--", "original_form": "He"}], "type": "phrase", "id": "37"}, {"endp": "79", "style": {"isItalics": "no", "isUnderlined": "no", "isTitle": "no", "isBold": "no"}, "inip": "77", "form": "was", "quote_level": "0", "syntactic_tree_relation_list": [{"type": "iof_isSubject", "id": "37"}, {"type": "iof_isAttribute", "id": "36"}], "affected_by_negation": "no", "separation": "1", "analysis_list": [{"lemma": "be", "tag": "VI-S3ASA-N-N9", "original_form": "was"}], "id": "16"}, {"endp": "95", "style": {"isItalics": "no", "isUnderlined": "no", "isTitle": "no", "isBold": "no"}, "token_list": [{"endp": "84", "style": {"isItalics": "no", "isUnderlined": "no", "isTitle": "no", "isBold": "no"}, "inip": "81", "form": "very", "quote_level": "0", "affected_by_negation": "no", "separation": "1", "analysis_list": [{"lemma": "very", "tag": "ENMSN5", "original_form": "very"}], "id": "17"}, {"endp": "95", "style": {"isItalics": "no", "isUnderlined": "no", "isTitle": "no", "isBold": "no"}, "inip": "86", "form": "impressive", "quote_level": "0", "affected_by_negation": "no", "separation": "1", "analysis_list": [{"lemma": "impressive", "tag": "AP-N4", "original_form": "impressive"}], "id": "18"}], "separation": "1", "form": "very impressive", "quote_level": "0", "head": "18", "syntactic_tree_relation_list": [{"type": "isAttribute", "id": "16"}], "affected_by_negation": "no", "inip": "81", "analysis_list": [{"lemma": "impressive", "tag": "GA---A--", "original_form": "very impressive"}], "type": "phrase", "id": "36"}], "separation": "1", "form": "He was very impressive", "quote_level": "0", "affected_by_negation": "no", "inip": "74", "analysis_list": [{"lemma": "*", "tag": "Z-----------", "original_form": "He was very impressive"}], "type": "phrase", "id": "38"}, {"endp": "96", "style": {"isItalics": "no", "isUnderlined": "no", "isTitle": "no", "isBold": "no"}, "inip": "96", "form": ".", "quote_level": "0", "affected_by_negation": "no", "separation": "A", "analysis_list": [{"lemma": ".", "tag": "1D--", "original_form": "."}], "id": "19"}], "inip": "74", "quote_level": "0", "affected_by_negation": "no", "separation": "A", "type": "sentence", "id": "24"}]}