{"status": {"msg": "OK", "credits": "1", "remaining_credits": "39831", "code": "0"}, "token_list": [{"endp": "29", "style": {"isItalics": "no", "isUnderlined": "no", "isTitle": "no", "isBold": "no"}, "token_list": [{"endp": "28", "style": {"isItalics": "no", "isUnderlined": "no", "isTitle": "no", "isBold": "no"}, "token_list": [{"endp": "2", "style": {"isItalics": "no", "isUnderlined": "no", "isTitle": "no", "isBold": "no"}, "token_list": [{"endp": "2", "style": {"isItalics": "no", "isUnderlined": "no", "isTitle": "no", "isBold": "no"}, "inip": "0", "form": "Bob", "quote_level": "0", "affected_by_negation": "no", "separation": "_", "analysis_list": [{"lemma": "bob", "tag": "NC-S-N-", "original_form": "bob"}], "id": "1"}], "separation": "_", "form": "Bob", "quote_level": "0", "head": "1", "syntactic_tree_relation_list": [{"type": "isSubject", "id": "2"}, {"type": "iof_isAnaphora", "id": "33"}], "affected_by_negation": "no", "inip": "0", "analysis_list": [{"lemma": "bob", "tag": "GN-S3S--", "original_form": "Bob"}], "type": "phrase", "id": "27"}, {"endp": "12", "style": {"isItalics": "no", "isUnderlined": "no", "isTitle": "no", "isBold": "no"}, "inip": "4", "form": "collapsed", "quote_level": "0", "syntactic_tree_relation_list": [{"type": "iof_isSubject", "id": "27"}, {"type": "iof_isComplement", "id": "29"}], "affected_by_negation": "no", "separation": "1", "analysis_list": [{"lemma": "collapse", "tag": "VI-S3ASA-N-N4", "sense_id_list": [{"sense_id": "ODENTITY_BODY_MOTION"}, {"sense_id": "ODENTITY_DAMAGING"}, {"sense_id": "ODENTITY_DECREASING"}, {"sense_id": "ODENTITY_MOTION"}], "original_form": "collapsed"}], "sense_list": [{"info": "sementity/id=ODENTITY_BODY_MOTION@type=Top>Process>Motion>BodyMotion\tsemld_list=sumo:Entity", "id": "ODENTITY_BODY_MOTION", "form": "collapse"}, {"info": "sementity/id=ODENTITY_DAMAGING@type=Top>Process>InternalChange>Damaging\tsemld_list=sumo:Entity", "id": "ODENTITY_DAMAGING", "form": "collapse"}, {"info": "sementity/id=ODENTITY_DECREASING@type=Top>Process>InternalChange>QuantityChange>Decreasing\tsemld_list=sumo:Entity", "id": "ODENTITY_DECREASING", "form": "collapse"}, {"info": "sementity/id=ODENTITY_MOTION@type=Top>Process>Motion\tsemld_list=sumo:Entity", "id": "ODENTITY_MOTION", "form": "collapse"}], "id": "2"}, {"endp": "28", "style": {"isItalics": "no", "isUnderlined": "no", "isTitle": "no", "isBold": "no"}, "token_list": [{"endp": "15", "style": {"isItalics": "no", "isUnderlined": "no", "isTitle": "no", "isBold": "no"}, "inip": "14", "form": "on", "quote_level": "0", "affected_by_negation": "no", "separation": "1", "analysis_list": [{"lemma": "on", "tag": "YN7", "original_form": "on"}], "id": "3"}, {"endp": "28", "style": {"isItalics": "no", "isUnderlined": "no", "isTitle": "no", "isBold": "no"}, "token_list": [{"endp": "19", "style": {"isItalics": "no", "isUnderlined": "no", "isTitle": "no", "isBold": "no"}, "inip": "17", "form": "the", "quote_level": "0", "affected_by_negation": "no", "separation": "1", "analysis_list": [{"lemma": "the", "tag": "TD-SN9", "original_form": "the"}], "id": "4"}, {"endp": "28", "style": {"isItalics": "no", "isUnderlined": "no", "isTitle": "no", "isBold": "no"}, "inip": "21", "form": "sidewalk", "quote_level": "0", "affected_by_negation": "no", "separation": "1", "analysis_list": [{"lemma": "sidewalk", "tag": "NC-S-N-", "sense_id_list": [{"sense_id": "5941b46e0b"}], "original_form": "sidewalk"}], "sense_list": [{"info": "sementity/class=class@fiction=nonfiction@id=ODENTITY_LINE@type=Top>Location>Facility>Line\tsemld_list=sumo:Transitway", "id": "5941b46e0b", "form": "crosswalk"}], "id": "5"}], "separation": "1", "form": "the sidewalk", "quote_level": "0", "head": "5", "affected_by_negation": "no", "inip": "17", "analysis_list": [{"lemma": "sidewalk", "tag": "GN-S3---", "original_form": "the sidewalk"}], "type": "phrase", "id": "28"}], "separation": "1", "form": "on the sidewalk", "quote_level": "0", "head": "3", "syntactic_tree_relation_list": [{"type": "isComplement", "id": "2"}], "affected_by_negation": "no", "inip": "14", "analysis_list": [{"lemma": "on", "tag": "GY---C--", "original_form": "on the sidewalk"}], "type": "phrase", "id": "29"}], "separation": "_", "form": "Bob collapsed on the sidewalk", "quote_level": "0", "affected_by_negation": "no", "inip": "0", "analysis_list": [{"lemma": "*", "tag": "Z-----------", "original_form": "Bob collapsed on the sidewalk"}], "type": "phrase", "id": "30"}, {"endp": "29", "style": {"isItalics": "no", "isUnderlined": "no", "isTitle": "no", "isBold": "no"}, "inip": "29", "form": ".", "quote_level": "0", "affected_by_negation": "no", "separation": "A", "analysis_list": [{"lemma": ".", "tag": "1D--", "original_form": "."}], "id": "6"}], "inip": "0", "quote_level": "0", "affected_by_negation": "no", "separation": "A", "type": "sentence", "id": "21"}, {"endp": "62", "style": {"isItalics": "no", "isUnderlined": "no", "isTitle": "no", "isBold": "no"}, "token_list": [{"endp": "61", "style": {"isItalics": "no", "isUnderlined": "no", "isTitle": "no", "isBold": "no"}, "token_list": [{"endp": "34", "style": {"isItalics": "no", "isUnderlined": "no", "isTitle": "no", "isBold": "no"}, "token_list": [{"endp": "34", "style": {"isItalics": "no", "isUnderlined": "no", "isTitle": "no", "isBold": "no"}, "inip": "31", "form": "Soon", "quote_level": "0", "affected_by_negation": "no", "separation": "1", "analysis_list": [{"lemma": "soon", "tag": "ENTPN6", "original_form": "soon"}], "id": "7"}], "separation": "1", "form": "Soon", "quote_level": "0", "head": "7", "syntactic_tree_relation_list": [{"type": "isTimeComplement", "id": "9"}], "affected_by_negation": "no", "inip": "31", "analysis_list": [{"lemma": "soon", "tag": "GET--T--", "original_form": "Soon"}], "type": "phrase", "id": "34"}, {"endp": "37", "style": {"isItalics": "no", "isUnderlined": "no", "isTitle": "no", "isBold": "no"}, "token_list": [{"endp": "37", "style": {"isItalics": "no", "isUnderlined": "no", "isTitle": "no", "isBold": "no"}, "inip": "36", "form": "he", "quote_level": "0", "affected_by_negation": "no", "separation": "1", "analysis_list": [{"lemma": "he", "tag": "PPMS3NN8", "sense_id_list": [{"sense_id": "PRONHUMAN"}], "original_form": "he"}], "sense_list": [{"info": "semhum=human", "id": "PRONHUMAN", "form": "he"}], "id": "8"}], "separation": "1", "form": "he", "quote_level": "0", "head": "8", "syntactic_tree_relation_list": [{"type": "isAnaphora", "id": "27"}, {"type": "isSubject", "id": "9"}], "affected_by_negation": "no", "inip": "36", "analysis_list": [{"lemma": "he", "tag": "GNMS3S--", "original_form": "he"}], "type": "phrase", "id": "33"}, {"endp": "41", "style": {"isItalics": "no", "isUnderlined": "no", "isTitle": "no", "isBold": "no"}, "inip": "39", "form": "saw", "quote_level": "0", "syntactic_tree_relation_list": [{"type": "iof_isTimeComplement", "id": "34"}, {"type": "iof_isSubject", "id": "33"}, {"type": "iof_isDirectObject", "id": "31"}], "affected_by_negation": "no", "separation": "1", "analysis_list": [{"lemma": "saw", "tag": "VI-S3PSA-N-N-", "original_form": "saw"}, {"lemma": "see", "tag": "VI-S3ASA-N-N7", "original_form": "saw"}], "id": "9"}, {"endp": "61", "style": {"isItalics": "no", "isUnderlined": "no", "isTitle": "no", "isBold": "no"}, "token_list": [{"endp": "46", "style": {"isItalics": "no", "isUnderlined": "no", "isTitle": "no", "isBold": "no"}, "inip": "43", "form": "Carl", "quote_level": "0", "affected_by_negation": "no", "separation": "1", "analysis_list": [{"lemma": "Carl", "tag": "NPMS-N-", "sense_id_list": [{"sense_id": "000c53d61e"}], "original_form": "Carl"}], "sense_list": [{"info": "sementity/class=instance@fiction=nonfiction@id=ODENTITY_FIRST_NAME@type=Top>Person>FirstName\tsemld_list=sumo:FirstName", "id": "000c53d61e", "form": "Carl"}], "id": "10"}, {"endp": "61", "style": {"isItalics": "no", "isUnderlined": "no", "isTitle": "no", "isBold": "no"}, "token_list": [{"endp": "53", "style": {"isItalics": "no", "isUnderlined": "no", "isTitle": "no", "isBold": "no"}, "inip": "48", "form": "coming", "quote_level": "0", "affected_by_negation": "no", "separation": "1", "analysis_list": [{"lemma": "come", "tag": "VP---PSA-N-N7", "sense_id_list": [{"sense_id": "ODENTITY_BODY_MOTION"}, {"sense_id": "ODENTITY_CLASSIFYING"}, {"sense_id": "ODENTITY_COMMUNICATION_PROCESS"}, {"sense_id": "ODENTITY_TRANSLOCATION"}, {"sense_id": "ODENTITY_INTENTIONAL_PROCESS"}, {"sense_id": "ODENTITY_INTENTIONAL_PSYCHOLOGICAL_PROCESS"}, {"sense_id": "ODENTITY_MOTION"}, {"sense_id": "ODENTITY_BIOLOGICAL_PROCESS"}, {"sense_id": "ODENTITY_PROCESS"}], "original_form": "coming"}], "sense_list": [{"info": "sementity/id=ODENTITY_BIOLOGICAL_PROCESS@type=Top>Process>InternalChange>BiologicalProcess\tsemld_list=sumo:Entity", "id": "ODENTITY_BIOLOGICAL_PROCESS", "form": "come"}, {"info": "sementity/id=ODENTITY_BODY_MOTION@type=Top>Process>Motion>BodyMotion\tsemld_list=sumo:Entity", "id": "ODENTITY_BODY_MOTION", "form": "come"}, {"info": "sementity/id=ODENTITY_CLASSIFYING@type=Top>Process>IntentionalProcess>IntentionalPsychologicalProcess>Classifying\tsemld_list=sumo:IntentionalProcess", "id": "ODENTITY_CLASSIFYING", "form": "come"}, {"info": "sementity/id=ODENTITY_COMMUNICATION_PROCESS@type=Top>Process>ContentBearingProcess>CommunicationProcess\tsemld_list=sumo:Entity", "id": "ODENTITY_COMMUNICATION_PROCESS", "form": "come"}, {"info": "sementity/id=ODENTITY_INTENTIONAL_PROCESS@type=Top>Process>IntentionalProcess\tsemld_list=sumo:IntentionalProcess", "id": "ODENTITY_INTENTIONAL_PROCESS", "form": "come"}, {"info": "sementity/id=ODENTITY_INTENTIONAL_PSYCHOLOGICAL_PROCESS@type=Top>Process>IntentionalProcess>IntentionalPsychologicalProcess\tsemld_list=sumo:IntentionalProcess", "id": "ODENTITY_INTENTIONAL_PSYCHOLOGICAL_PROCESS", "form": "come"}, {"info": "sementity/id=ODENTITY_MOTION@type=Top>Process>Motion\tsemld_list=sumo:Entity", "id": "ODENTITY_MOTION", "form": "come"}, {"info": "sementity/id=ODENTITY_PROCESS@type=Top>Process\tsemld_list=sumo:Entity", "id": "ODENTITY_PROCESS", "form": "come"}, {"info": "sementity/id=ODENTITY_TRANSLOCATION@type=Top>Process>Motion>Translocation\tsemld_list=sumo:Entity", "id": "ODENTITY_TRANSLOCATION", "form": "come"}], "id": "11"}, {"endp": "61", "style": {"isItalics": "no", "isUnderlined": "no", "isTitle": "no", "isBold": "no"}, "separation": "1", "form": "to help", "quote_level": "0", "head": "13", "affected_by_negation": "no", "inip": "55", "analysis_list": [{"lemma": "help", "tag": "VF---OSA-N-N5", "sense_id_list": [{"sense_id": "ODENTITY_CHANGE_OF_POSSESSION"}, {"sense_id": "ODENTITY_INCREASING"}, {"sense_id": "ODENTITY_REPAIRING"}], "original_form": "to help"}], "sense_list": [{"info": "sementity/id=ODENTITY_CHANGE_OF_POSSESSION@type=Top>Process>IntentionalProcess>SocialInteraction>ChangeOfPossession\tsemld_list=sumo:IntentionalProcess", "id": "ODENTITY_CHANGE_OF_POSSESSION", "form": "help"}, {"info": "sementity/id=ODENTITY_INCREASING@type=Top>Process>InternalChange>QuantityChange>Increasing\tsemld_list=sumo:Entity", "id": "ODENTITY_INCREASING", "form": "help"}, {"info": "sementity/id=ODENTITY_REPAIRING@type=Top>Process>IntentionalProcess>Repairing\tsemld_list=sumo:IntentionalProcess", "id": "ODENTITY_REPAIRING", "form": "help"}], "type": "multiword", "id": "32"}], "separation": "1", "form": "coming to help", "quote_level": "0", "affected_by_negation": "no", "inip": "48", "analysis_list": [{"lemma": "*", "tag": "ZA----PP----", "original_form": "coming to help"}], "type": "phrase", "id": "35"}], "separation": "1", "form": "Carl coming to help", "quote_level": "0", "head": "10", "syntactic_tree_relation_list": [{"type": "isDirectObject", "id": "9"}, {"type": "iof_isAnaphora", "id": "39"}], "affected_by_negation": "no", "inip": "43", "analysis_list": [{"lemma": "Carl", "tag": "GNMS3D--", "original_form": "Carl"}], "type": "phrase", "id": "31"}], "separation": "1", "form": "Soon he saw Carl coming to help", "quote_level": "0", "affected_by_negation": "no", "inip": "31", "analysis_list": [{"lemma": "*", "tag": "Z-----------", "original_form": "Soon he saw Carl coming to help"}], "type": "phrase", "id": "36"}, {"endp": "62", "style": {"isItalics": "no", "isUnderlined": "no", "isTitle": "no", "isBold": "no"}, "inip": "62", "form": ".", "quote_level": "0", "affected_by_negation": "no", "separation": "A", "analysis_list": [{"lemma": ".", "tag": "1D--", "original_form": "."}], "id": "14"}], "inip": "31", "quote_level": "0", "affected_by_negation": "no", "separation": "A", "type": "sentence", "id": "23"}, {"endp": "79", "style": {"isItalics": "no", "isUnderlined": "no", "isTitle": "no", "isBold": "no"}, "token_list": [{"endp": "78", "style": {"isItalics": "no", "isUnderlined": "no", "isTitle": "no", "isBold": "no"}, "token_list": [{"endp": "65", "style": {"isItalics": "no", "isUnderlined": "no", "isTitle": "no", "isBold": "no"}, "token_list": [{"endp": "65", "style": {"isItalics": "no", "isUnderlined": "no", "isTitle": "no", "isBold": "no"}, "inip": "64", "form": "He", "quote_level": "0", "affected_by_negation": "no", "separation": "1", "analysis_list": [{"lemma": "he", "tag": "PPMS3NN8", "sense_id_list": [{"sense_id": "PRONHUMAN"}], "original_form": "he"}], "sense_list": [{"info": "semhum=human", "id": "PRONHUMAN", "form": "he"}], "id": "15"}], "separation": "1", "form": "He", "quote_level": "0", "head": "15", "syntactic_tree_relation_list": [{"type": "isAnaphora", "id": "31"}, {"type": "isSubject", "id": "16"}], "affected_by_negation": "no", "inip": "64", "analysis_list": [{"lemma": "he", "tag": "GNMS3S--", "original_form": "He"}], "type": "phrase", "id": "39"}, {"endp": "69", "style": {"isItalics": "no", "isUnderlined": "no", "isTitle": "no", "isBold": "no"}, "inip": "67", "form": "was", "quote_level": "0", "syntactic_tree_relation_list": [{"type": "iof_isSubject", "id": "39"}, {"type": "iof_isAttribute", "id": "38"}], "affected_by_negation": "no", "separation": "1", "analysis_list": [{"lemma": "be", "tag": "VI-S3ASA-N-N9", "original_form": "was"}], "id": "16"}, {"endp": "78", "style": {"isItalics": "no", "isUnderlined": "no", "isTitle": "no", "isBold": "no"}, "token_list": [{"endp": "74", "style": {"isItalics": "no", "isUnderlined": "no", "isTitle": "no", "isBold": "no"}, "inip": "71", "form": "very", "quote_level": "0", "affected_by_negation": "no", "separation": "1", "analysis_list": [{"lemma": "very", "tag": "ENMSN5", "original_form": "very"}], "id": "17"}, {"endp": "78", "style": {"isItalics": "no", "isUnderlined": "no", "isTitle": "no", "isBold": "no"}, "inip": "76", "form": "ill", "quote_level": "0", "affected_by_negation": "no", "separation": "1", "analysis_list": [{"lemma": "ill", "tag": "AP-N4", "original_form": "ill"}], "id": "18"}], "separation": "1", "form": "very ill", "quote_level": "0", "head": "18", "syntactic_tree_relation_list": [{"type": "isAttribute", "id": "16"}], "affected_by_negation": "no", "inip": "71", "analysis_list": [{"lemma": "ill", "tag": "GA---A--", "original_form": "very ill"}], "type": "phrase", "id": "38"}], "separation": "1", "form": "He was very ill", "quote_level": "0", "affected_by_negation": "no", "inip": "64", "analysis_list": [{"lemma": "*", "tag": "Z-----------", "original_form": "He was very ill"}], "type": "phrase", "id": "40"}, {"endp": "79", "style": {"isItalics": "no", "isUnderlined": "no", "isTitle": "no", "isBold": "no"}, "inip": "79", "form": ".", "quote_level": "0", "affected_by_negation": "no", "separation": "A", "analysis_list": [{"lemma": ".", "tag": "1D--", "original_form": "."}], "id": "19"}], "inip": "64", "quote_level": "0", "affected_by_negation": "no", "separation": "A", "type": "sentence", "id": "25"}]}