{"status": {"msg": "OK", "credits": "1", "remaining_credits": "39829", "code": "0"}, "token_list": [{"endp": "102", "style": {"isItalics": "no", "isUnderlined": "no", "isTitle": "no", "isBold": "no"}, "token_list": [{"endp": "35", "style": {"isItalics": "no", "isUnderlined": "no", "isTitle": "no", "isBold": "no"}, "token_list": [{"endp": "10", "style": {"isItalics": "no", "isUnderlined": "no", "isTitle": "no", "isBold": "no"}, "token_list": [{"endp": "2", "style": {"isItalics": "no", "isUnderlined": "no", "isTitle": "no", "isBold": "no"}, "token_list": [{"endp": "2", "style": {"isItalics": "no", "isUnderlined": "no", "isTitle": "no", "isBold": "no"}, "inip": "0", "form": "Sam", "quote_level": "0", "affected_by_negation": "no", "separation": "_", "analysis_list": [{"lemma": "Sam", "tag": "NPUS-N-", "sense_id_list": [{"sense_id": "0bd9abb268"}], "original_form": "Sam"}], "sense_list": [{"info": "sementity/class=instance@fiction=nonfiction@id=ODENTITY_FIRST_NAME@type=Top>Person>FirstName\tsemld_list=sumo:FirstName", "id": "0bd9abb268", "form": "Sam"}], "id": "1"}], "separation": "_", "form": "Sam", "quote_level": "0", "head": "1", "affected_by_negation": "no", "inip": "0", "analysis_list": [{"lemma": "Sam", "tag": "GNUS3---", "original_form": "Sam"}], "type": "phrase", "id": "28"}, {"endp": "6", "style": {"isItalics": "no", "isUnderlined": "no", "isTitle": "no", "isBold": "no"}, "inip": "4", "form": "and", "quote_level": "0", "affected_by_negation": "no", "separation": "1", "analysis_list": [{"lemma": "and", "tag": "CCYN9", "original_form": "and"}], "id": "2"}, {"endp": "10", "style": {"isItalics": "no", "isUnderlined": "no", "isTitle": "no", "isBold": "no"}, "token_list": [{"endp": "10", "style": {"isItalics": "no", "isUnderlined": "no", "isTitle": "no", "isBold": "no"}, "inip": "8", "form": "Amy", "quote_level": "0", "affected_by_negation": "no", "separation": "1", "analysis_list": [{"lemma": "Amy", "tag": "NPFS-N-", "sense_id_list": [{"sense_id": "7d4af28ed0"}], "original_form": "Amy"}], "sense_list": [{"info": "sementity/class=instance@fiction=nonfiction@id=ODENTITY_FIRST_NAME@type=Top>Person>FirstName\tsemld_list=sumo:FirstName", "id": "7d4af28ed0", "form": "Amy"}], "id": "3"}], "separation": "1", "form": "Amy", "quote_level": "0", "head": "3", "affected_by_negation": "no", "inip": "8", "analysis_list": [{"lemma": "Amy", "tag": "GNFS3---", "original_form": "Amy"}], "type": "phrase", "id": "29"}], "separation": "_", "form": "Sam and Amy", "quote_level": "0", "syntactic_tree_relation_list": [{"type": "isSubject", "id": "4"}, {"type": "iof_isAnaphora", "id": "35"}], "affected_by_negation": "no", "inip": "0", "analysis_list": [{"lemma": "*", "tag": "GNUP3S--", "original_form": "Sam and Amy"}], "type": "phrase", "id": "41"}, {"endp": "14", "style": {"isItalics": "no", "isUnderlined": "no", "isTitle": "no", "isBold": "no"}, "inip": "12", "form": "are", "quote_level": "0", "syntactic_tree_relation_list": [{"type": "iof_isSubject", "id": "41"}, {"type": "iof_isMannerComplement", "id": "40"}, {"type": "iof_isComplement", "id": "39"}], "affected_by_negation": "no", "separation": "1", "analysis_list": [{"lemma": "be", "tag": "VI-P3PSA-N-N9", "original_form": "are"}], "id": "4"}, {"endp": "27", "style": {"isItalics": "no", "isUnderlined": "no", "isTitle": "no", "isBold": "no"}, "token_list": [{"endp": "27", "style": {"isItalics": "no", "isUnderlined": "no", "isTitle": "no", "isBold": "no"}, "inip": "16", "form": "passionately", "quote_level": "0", "affected_by_negation": "no", "separation": "1", "analysis_list": [{"lemma": "passionately", "tag": "ENMPN-", "original_form": "passionately"}], "id": "5"}], "separation": "1", "form": "passionately", "quote_level": "0", "head": "5", "syntactic_tree_relation_list": [{"type": "isMannerComplement", "id": "4"}], "affected_by_negation": "no", "inip": "16", "analysis_list": [{"lemma": "passionately", "tag": "GEM--M--", "original_form": "passionately"}], "type": "phrase", "id": "40"}, {"endp": "35", "style": {"isItalics": "no", "isUnderlined": "no", "isTitle": "no", "isBold": "no"}, "token_list": [{"endp": "30", "style": {"isItalics": "no", "isUnderlined": "no", "isTitle": "no", "isBold": "no"}, "inip": "29", "form": "in", "quote_level": "0", "affected_by_negation": "no", "separation": "1", "analysis_list": [{"lemma": "in", "tag": "YN6", "original_form": "in"}], "id": "6"}, {"endp": "35", "style": {"isItalics": "no", "isUnderlined": "no", "isTitle": "no", "isBold": "no"}, "token_list": [{"endp": "35", "style": {"isItalics": "no", "isUnderlined": "no", "isTitle": "no", "isBold": "no"}, "inip": "32", "form": "love", "quote_level": "0", "affected_by_negation": "no", "separation": "1", "analysis_list": [{"lemma": "love", "tag": "NC-S-N6", "sense_id_list": [{"sense_id": "4389870a4a"}, {"sense_id": "d6a74cda8b"}], "original_form": "love"}], "sense_list": [{"info": "sementity/class=class@fiction=nonfiction@id=ODENTITY_PERSON@type=Top>Person\tsemld_list=sumo:Human", "id": "4389870a4a", "form": "love"}, {"info": "sementity/class=class@fiction=nonfiction@id=ODENTITY_PERSON@type=Top>Person\tsemld_list=sumo:Human", "id": "d6a74cda8b", "form": "love"}], "id": "7"}], "separation": "1", "form": "love", "quote_level": "0", "head": "7", "affected_by_negation": "no", "inip": "32", "analysis_list": [{"lemma": "love", "tag": "GN-S3---", "original_form": "love"}], "type": "phrase", "id": "30"}], "separation": "1", "form": "in love", "quote_level": "0", "head": "6", "syntactic_tree_relation_list": [{"type": "isComplement", "id": "4"}], "affected_by_negation": "no", "inip": "29", "analysis_list": [{"lemma": "in", "tag": "GY---C--", "original_form": "in love"}], "type": "phrase", "id": "39"}], "separation": "_", "form": "Sam and Amy are passionately in love", "quote_level": "0", "affected_by_negation": "no", "inip": "0", "analysis_list": [{"lemma": "*", "tag": "ZC----------", "original_form": "Sam and Amy are passionately in love"}], "type": "phrase", "id": "43"}, {"endp": "36", "style": {"isItalics": "no", "isUnderlined": "no", "isTitle": "no", "isBold": "no"}, "inip": "36", "form": ",", "quote_level": "0", "affected_by_negation": "no", "separation": "A", "analysis_list": [{"lemma": ",", "tag": "1D--", "original_form": ","}], "id": "8"}, {"endp": "40", "style": {"isItalics": "no", "isUnderlined": "no", "isTitle": "no", "isBold": "no"}, "inip": "38", "form": "but", "quote_level": "0", "affected_by_negation": "no", "separation": "1", "analysis_list": [{"lemma": "but", "tag": "CCAN8", "original_form": "but"}], "id": "9"}, {"endp": "75", "style": {"isItalics": "no", "isUnderlined": "no", "isTitle": "no", "isBold": "no"}, "token_list": [{"endp": "54", "style": {"isItalics": "no", "isUnderlined": "no", "isTitle": "no", "isBold": "no"}, "token_list": [{"endp": "44", "style": {"isItalics": "no", "isUnderlined": "no", "isTitle": "no", "isBold": "no"}, "token_list": [{"endp": "44", "style": {"isItalics": "no", "isUnderlined": "no", "isTitle": "no", "isBold": "no"}, "inip": "42", "form": "Amy", "quote_level": "0", "affected_by_negation": "no", "separation": "1", "analysis_list": [{"lemma": "Amy", "tag": "NPFS-N-", "sense_id_list": [{"sense_id": "7d4af28ed0"}], "original_form": "Amy"}], "sense_list": [{"info": "sementity/class=instance@fiction=nonfiction@id=ODENTITY_FIRST_NAME@type=Top>Person>FirstName\tsemld_list=sumo:FirstName", "id": "7d4af28ed0", "form": "Amy"}], "id": "10"}], "separation": "1", "form": "Amy", "quote_level": "0", "head": "10", "affected_by_negation": "no", "inip": "42", "analysis_list": [{"lemma": "Amy", "tag": "GNFS3---", "original_form": "Amy"}], "type": "phrase", "id": "31"}, {"endp": "46", "style": {"isItalics": "no", "isUnderlined": "no", "isTitle": "no", "isBold": "no"}, "inip": "45", "form": "'s", "quote_level": "0", "affected_by_negation": "no", "separation": "A", "analysis_list": [{"lemma": "'s", "tag": "WN-", "original_form": "'s"}], "id": "25"}, {"endp": "54", "style": {"isItalics": "no", "isUnderlined": "no", "isTitle": "no", "isBold": "no"}, "token_list": [{"endp": "54", "style": {"isItalics": "no", "isUnderlined": "no", "isTitle": "no", "isBold": "no"}, "inip": "48", "form": "parents", "quote_level": "0", "affected_by_negation": "no", "separation": "1", "analysis_list": [{"lemma": "parent", "tag": "NC-P-N6", "original_form": "parents"}], "id": "13"}], "separation": "1", "form": "parents", "quote_level": "0", "head": "13", "affected_by_negation": "no", "inip": "48", "analysis_list": [{"lemma": "parent", "tag": "GN-P3---", "original_form": "parents"}], "type": "phrase", "id": "32"}], "separation": "1", "form": "Amy's parents", "quote_level": "0", "head": "32", "syntactic_tree_relation_list": [{"type": "isSubject", "id": "14"}, {"type": "iof_isAnaphora", "id": "36"}], "affected_by_negation": "no", "inip": "42", "analysis_list": [{"lemma": "parent", "tag": "GN-P3S--", "original_form": "Amy's parents"}], "type": "phrase", "id": "38"}, {"endp": "58", "style": {"isItalics": "no", "isUnderlined": "no", "isTitle": "no", "isBold": "no"}, "inip": "56", "form": "are", "quote_level": "0", "syntactic_tree_relation_list": [{"type": "iof_isSubject", "id": "38"}, {"type": "iof_isAttribute", "id": "33"}, {"type": "iof_isComplement", "id": "37"}, {"type": "iof_isComplement", "id": "42"}], "affected_by_negation": "no", "separation": "1", "analysis_list": [{"lemma": "be", "tag": "VI-P3PSA-N-N9", "original_form": "are"}], "id": "14"}, {"endp": "66", "style": {"isItalics": "no", "isUnderlined": "no", "isTitle": "no", "isBold": "no"}, "token_list": [{"endp": "66", "style": {"isItalics": "no", "isUnderlined": "no", "isTitle": "no", "isBold": "no"}, "inip": "60", "form": "unhappy", "quote_level": "0", "affected_by_negation": "no", "separation": "1", "analysis_list": [{"lemma": "unhappy", "tag": "AP-N4", "original_form": "unhappy"}], "id": "15"}], "separation": "1", "form": "unhappy", "quote_level": "0", "head": "15", "syntactic_tree_relation_list": [{"type": "isAttribute", "id": "14"}], "affected_by_negation": "no", "inip": "60", "analysis_list": [{"lemma": "unhappy", "tag": "GA---A--", "original_form": "unhappy"}], "type": "phrase", "id": "33"}, {"endp": "72", "style": {"isItalics": "no", "isUnderlined": "no", "isTitle": "no", "isBold": "no"}, "token_list": [{"endp": "72", "style": {"isItalics": "no", "isUnderlined": "no", "isTitle": "no", "isBold": "no"}, "inip": "68", "form": "about", "quote_level": "0", "affected_by_negation": "no", "separation": "1", "analysis_list": [{"lemma": "about", "tag": "ENOPN6", "original_form": "about"}], "id": "16"}], "separation": "1", "form": "about", "quote_level": "0", "head": "16", "syntactic_tree_relation_list": [{"type": "isComplement", "id": "14"}], "affected_by_negation": "no", "inip": "68", "analysis_list": [{"lemma": "about", "tag": "GEO--C--", "original_form": "about"}], "type": "phrase", "id": "37"}, {"endp": "75", "style": {"isItalics": "no", "isUnderlined": "no", "isTitle": "no", "isBold": "no"}, "token_list": [{"endp": "75", "style": {"isItalics": "no", "isUnderlined": "no", "isTitle": "no", "isBold": "no"}, "inip": "74", "form": "it", "quote_level": "0", "affected_by_negation": "no", "separation": "1", "analysis_list": [{"lemma": "it", "tag": "PP-S3NN8", "sense_id_list": [{"sense_id": "PRONNONHUMAN"}], "original_form": "it"}, {"lemma": "it", "tag": "PP-S3AN8", "sense_id_list": [{"sense_id": "PRONNONHUMAN"}], "original_form": "it"}], "sense_list": [{"info": "semhum=nonhuman", "id": "PRONNONHUMAN", "form": "it"}], "id": "17"}], "separation": "1", "form": "it", "quote_level": "0", "head": "17", "syntactic_tree_relation_list": [{"type": "isAnaphora", "id": "38"}], "affected_by_negation": "no", "inip": "74", "analysis_list": [{"lemma": "it", "tag": "GN-S3---", "original_form": "it"}], "type": "phrase", "id": "36"}], "separation": "1", "form": "Amy's parents are unhappy about it", "quote_level": "0", "affected_by_negation": "no", "inip": "42", "analysis_list": [{"lemma": "*", "tag": "ZC----------", "original_form": "Amy's parents are unhappy about it"}], "type": "phrase", "id": "44"}, {"endp": "76", "style": {"isItalics": "no", "isUnderlined": "no", "isTitle": "no", "isBold": "no"}, "inip": "76", "form": ",", "quote_level": "0", "affected_by_negation": "no", "separation": "A", "analysis_list": [{"lemma": ",", "tag": "1D--", "original_form": ","}], "id": "18"}, {"endp": "101", "style": {"isItalics": "no", "isUnderlined": "no", "isTitle": "no", "isBold": "no"}, "token_list": [{"endp": "84", "style": {"isItalics": "no", "isUnderlined": "no", "isTitle": "no", "isBold": "no"}, "inip": "78", "form": "because", "quote_level": "0", "affected_by_negation": "no", "separation": "1", "analysis_list": [{"lemma": "because", "tag": "CSPN7", "original_form": "because"}], "id": "19"}, {"endp": "89", "style": {"isItalics": "no", "isUnderlined": "no", "isTitle": "no", "isBold": "no"}, "token_list": [{"endp": "89", "style": {"isItalics": "no", "isUnderlined": "no", "isTitle": "no", "isBold": "no"}, "inip": "86", "form": "they", "quote_level": "0", "affected_by_negation": "no", "separation": "1", "analysis_list": [{"lemma": "they", "tag": "PP-P3NN8", "sense_id_list": [{"sense_id": "PRONBOTH"}], "original_form": "they"}], "sense_list": [{"info": "semhum=both", "id": "PRONBOTH", "form": "they"}], "id": "20"}], "separation": "1", "form": "they", "quote_level": "0", "head": "20", "syntactic_tree_relation_list": [{"type": "isAnaphora", "id": "41"}, {"type": "isSubject", "id": "21"}], "affected_by_negation": "no", "inip": "86", "analysis_list": [{"lemma": "they", "tag": "GN-P3S--", "original_form": "they"}], "type": "phrase", "id": "35"}, {"endp": "93", "style": {"isItalics": "no", "isUnderlined": "no", "isTitle": "no", "isBold": "no"}, "inip": "91", "form": "are", "quote_level": "0", "syntactic_tree_relation_list": [{"type": "iof_isSubject", "id": "35"}, {"type": "iof_isAttribute", "id": "34"}], "affected_by_negation": "no", "separation": "1", "analysis_list": [{"lemma": "be", "tag": "VI-P1PSA-N-N9", "original_form": "are"}, {"lemma": "be", "tag": "VI-S2PSA-N-N9", "original_form": "are"}, {"lemma": "be", "tag": "VI-P2PSA-N-N9", "original_form": "are"}, {"lemma": "be", "tag": "VI-P3PSA-N-N9", "original_form": "are"}], "id": "21"}, {"endp": "101", "style": {"isItalics": "no", "isUnderlined": "no", "isTitle": "no", "isBold": "no"}, "token_list": [{"endp": "101", "style": {"isItalics": "no", "isUnderlined": "no", "isTitle": "no", "isBold": "no"}, "separation": "1", "form": "fifteen", "quote_level": "0", "affected_by_negation": "no", "inip": "95", "analysis_list": [{"lemma": "fifteen", "tag": "MP-PCN-", "original_form": "fifteen"}], "id": "22", "normalized_form": "numeric@15"}], "separation": "1", "form": "fifteen", "quote_level": "0", "head": "22", "syntactic_tree_relation_list": [{"type": "isAttribute", "id": "21"}], "affected_by_negation": "no", "inip": "95", "analysis_list": [{"lemma": "fifteen", "tag": "GN-P3A--", "original_form": "fifteen"}], "type": "phrase", "id": "34"}], "separation": "1", "form": "because they are fifteen", "quote_level": "0", "syntactic_tree_relation_list": [{"type": "isComplement", "id": "14"}], "affected_by_negation": "no", "inip": "78", "analysis_list": [{"lemma": "*", "tag": "ZE---CIP----", "original_form": "because they are fifteen"}], "type": "phrase", "id": "42"}, {"endp": "102", "style": {"isItalics": "no", "isUnderlined": "no", "isTitle": "no", "isBold": "no"}, "inip": "102", "form": ".", "quote_level": "0", "affected_by_negation": "no", "separation": "A", "analysis_list": [{"lemma": ".", "tag": "1D--", "original_form": "."}], "id": "23"}], "inip": "0", "quote_level": "0", "affected_by_negation": "no", "separation": "A", "type": "sentence", "id": "26"}]}