{"status": {"msg": "OK", "credits": "1", "remaining_credits": "39827", "code": "0"}, "token_list": [{"endp": "71", "style": {"isItalics": "no", "isUnderlined": "no", "isTitle": "no", "isBold": "no"}, "token_list": [{"endp": "71", "style": {"isItalics": "no", "isUnderlined": "no", "isTitle": "no", "isBold": "no"}, "token_list": [{"endp": "3", "style": {"isItalics": "no", "isUnderlined": "no", "isTitle": "no", "isBold": "no"}, "token_list": [{"endp": "3", "style": {"isItalics": "no", "isUnderlined": "no", "isTitle": "no", "isBold": "no"}, "inip": "0", "form": "Mark", "quote_level": "0", "affected_by_negation": "no", "separation": "_", "analysis_list": [{"lemma": "mark", "tag": "NC-S-N5", "sense_id_list": [{"sense_id": "e51cb85b8a"}, {"sense_id": "3da7400028"}, {"sense_id": "62986b6216"}], "original_form": "mark"}], "sense_list": [{"info": "sementity/class=class@fiction=nonfiction@id=ODENTITY_CURRENCY@type=Top>Unit>Currency\tsemgeo_list/continent=Europe#id:0404ea4d6c@country=Finland#id:9662e52c3c#ISO3166-1-a2:FI#ISO3166-1-a3:FIN\tsemld_list=sumo:UnitOfCurrency\tsemtheme_list/id=ODTHEME_ECONOMY@type=Top>SocialSciences>Economy\tstandard_list/id=ISO4217@value=FIM", "id": "3da7400028", "form": "mark"}, {"info": "sementity/class=class@fiction=nonfiction@id=ODENTITY_CURRENCY@type=Top>Unit>Currency\tsemgeo_list/continent=Europe#id:0404ea4d6c@country=Germany#id:1864d0b4d1#ISO3166-1-a2:DE#ISO3166-1-a3:DEU\tsemld_list=sumo:UnitOfCurrency\tsemtheme_list/id=ODTHEME_ECONOMY@type=Top>SocialSciences>Economy\tstandard_list/id=ISO4217@value=DEM", "id": "62986b6216", "form": "mark"}, {"info": "sementity/class=class@fiction=nonfiction@id=ODENTITY_CURRENCY@type=Top>Unit>Currency\tsemgeo_list/continent=Europe#id:0404ea4d6c@country=Bosnia-Herzegovina#id:3b75e63a01#ISO3166-1-a2:BA#ISO3166-1-a3:BIH\tsemld_list=sumo:UnitOfCurrency\tsemtheme_list/id=ODTHEME_ECONOMY@type=Top>SocialSciences>Economy\tstandard_list/id=ISO4217@value=BAM", "id": "e51cb85b8a", "form": "Bosnia and Herzegovina convertible mark"}], "id": "1"}], "separation": "_", "form": "Mark", "quote_level": "0", "head": "1", "syntactic_tree_relation_list": [{"type": "isSubject", "id": "2"}, {"type": "iof_isAnaphora", "id": "32"}], "affected_by_negation": "no", "inip": "0", "analysis_list": [{"lemma": "mark", "tag": "GN-S3S--", "original_form": "Mark"}], "type": "phrase", "id": "30"}, {"endp": "8", "style": {"isItalics": "no", "isUnderlined": "no", "isTitle": "no", "isBold": "no"}, "inip": "5", "form": "told", "quote_level": "0", "syntactic_tree_relation_list": [{"type": "iof_isSubject", "id": "30"}], "affected_by_negation": "no", "separation": "1", "analysis_list": [{"lemma": "tell", "tag": "VI-S3ASA-N-N7", "sense_id_list": [{"sense_id": "ODENTITY_CLASSIFYING"}, {"sense_id": "ODENTITY_COMMUNICATION_PROCESS"}, {"sense_id": "ODENTITY_INTENTIONAL_PSYCHOLOGICAL_PROCESS"}, {"sense_id": "ODENTITY_LINGUISTIC_COMMUNICATION"}], "original_form": "told"}], "sense_list": [{"info": "sementity/id=ODENTITY_CLASSIFYING@type=Top>Process>IntentionalProcess>IntentionalPsychologicalProcess>Classifying\tsemld_list=sumo:IntentionalProcess", "id": "ODENTITY_CLASSIFYING", "form": "tell"}, {"info": "sementity/id=ODENTITY_COMMUNICATION_PROCESS@type=Top>Process>ContentBearingProcess>CommunicationProcess\tsemld_list=sumo:Entity", "id": "ODENTITY_COMMUNICATION_PROCESS", "form": "tell"}, {"info": "sementity/id=ODENTITY_INTENTIONAL_PSYCHOLOGICAL_PROCESS@type=Top>Process>IntentionalProcess>IntentionalPsychologicalProcess\tsemld_list=sumo:IntentionalProcess", "id": "ODENTITY_INTENTIONAL_PSYCHOLOGICAL_PROCESS", "form": "tell"}, {"info": "sementity/id=ODENTITY_LINGUISTIC_COMMUNICATION@type=Top>Process>ContentBearingProcess>CommunicationProcess>LinguisticCommunication\tsemld_list=sumo:Entity", "id": "ODENTITY_LINGUISTIC_COMMUNICATION", "form": "tell"}], "id": "2"}, {"endp": "13", "style": {"isItalics": "no", "isUnderlined": "no", "isTitle": "no", "isBold": "no"}, "token_list": [{"endp": "13", "style": {"isItalics": "no", "isUnderlined": "no", "isTitle": "no", "isBold": "no"}, "inip": "10", "form": "Pete", "quote_level": "0", "affected_by_negation": "no", "separation": "1", "analysis_list": [{"lemma": "Pete", "tag": "NPMS-N-", "sense_id_list": [{"sense_id": "5b0b08ce4c"}], "original_form": "Pete"}], "sense_list": [{"info": "sementity/class=instance@fiction=nonfiction@id=ODENTITY_FIRST_NAME@type=Top>Person>FirstName\tsemld_list=sumo:FirstName", "id": "5b0b08ce4c", "form": "Pete"}], "id": "3"}], "separation": "1", "form": "Pete", "quote_level": "0", "head": "3", "syntactic_tree_relation_list": [{"type": "isSubject", "id": "11"}, {"type": "iof_isPossessor", "id": "37"}, {"type": "iof_isAnaphora", "id": "43"}], "affected_by_negation": "no", "inip": "10", "analysis_list": [{"lemma": "Pete", "tag": "GNMS3---", "original_form": "Pete"}], "type": "phrase", "id": "31"}, {"endp": "37", "style": {"isItalics": "no", "isUnderlined": "no", "isTitle": "no", "isBold": "no"}, "token_list": [{"endp": "18", "style": {"isItalics": "no", "isUnderlined": "no", "isTitle": "no", "isBold": "no"}, "inip": "15", "form": "many", "quote_level": "0", "affected_by_negation": "no", "separation": "1", "analysis_list": [{"lemma": "many", "tag": "QD-PPN7", "original_form": "many"}], "id": "4"}, {"endp": "23", "style": {"isItalics": "no", "isUnderlined": "no", "isTitle": "no", "isBold": "no"}, "inip": "20", "form": "lies", "quote_level": "0", "affected_by_negation": "no", "separation": "1", "analysis_list": [{"lemma": "lie", "tag": "NC-P-N4", "original_form": "lies"}], "id": "5"}, {"endp": "37", "style": {"isItalics": "no", "isUnderlined": "no", "isTitle": "no", "isBold": "no"}, "token_list": [{"endp": "29", "style": {"isItalics": "no", "isUnderlined": "no", "isTitle": "no", "isBold": "no"}, "inip": "25", "form": "about", "quote_level": "0", "affected_by_negation": "no", "separation": "1", "analysis_list": [{"lemma": "about", "tag": "YN6", "original_form": "about"}], "id": "6"}, {"endp": "37", "style": {"isItalics": "no", "isUnderlined": "no", "isTitle": "no", "isBold": "no"}, "token_list": [{"endp": "37", "style": {"isItalics": "no", "isUnderlined": "no", "isTitle": "no", "isBold": "no"}, "inip": "31", "form": "himself", "quote_level": "0", "affected_by_negation": "no", "separation": "1", "analysis_list": [{"lemma": "himself", "tag": "PPMS3RN6", "sense_id_list": [{"sense_id": "PRONHUMAN"}], "original_form": "himself"}], "sense_list": [{"info": "semhum=human", "id": "PRONHUMAN", "form": "himself"}], "id": "7"}], "separation": "1", "form": "himself", "quote_level": "0", "head": "7", "affected_by_negation": "no", "inip": "31", "analysis_list": [{"lemma": "himself", "tag": "GNMS3---", "original_form": "himself"}], "type": "phrase", "id": "36"}], "separation": "1", "form": "about himself", "quote_level": "0", "head": "6", "affected_by_negation": "no", "inip": "25", "analysis_list": [{"lemma": "about", "tag": "GY------", "original_form": "about himself"}], "type": "phrase", "id": "38"}], "separation": "1", "form": "many lies about himself", "quote_level": "0", "head": "5", "syntactic_tree_relation_list": [{"type": "isAnaphora", "id": "30"}, {"type": "iof_isNonRestrictiveApposition", "id": "39"}, {"type": "iof_isAnaphora", "id": "35"}], "affected_by_negation": "no", "inip": "15", "analysis_list": [{"lemma": "lie", "tag": "GN-P3---", "original_form": "many lies"}], "type": "phrase", "id": "32"}, {"endp": "38", "style": {"isItalics": "no", "isUnderlined": "no", "isTitle": "no", "isBold": "no"}, "inip": "38", "form": ",", "quote_level": "0", "affected_by_negation": "no", "separation": "A", "analysis_list": [{"lemma": ",", "tag": "1D--", "original_form": ","}], "id": "8"}, {"endp": "71", "style": {"isItalics": "no", "isUnderlined": "no", "isTitle": "no", "isBold": "no"}, "token_list": [{"endp": "44", "style": {"isItalics": "no", "isUnderlined": "no", "isTitle": "no", "isBold": "no"}, "token_list": [{"endp": "44", "style": {"isItalics": "no", "isUnderlined": "no", "isTitle": "no", "isBold": "no"}, "inip": "40", "form": "which", "quote_level": "0", "affected_by_negation": "no", "separation": "1", "analysis_list": [{"lemma": "which", "tag": "RP-SN8", "sense_id_list": [{"sense_id": "PRONBOTH"}], "original_form": "which"}, {"lemma": "which", "tag": "RP-PN8", "sense_id_list": [{"sense_id": "PRONBOTH"}], "original_form": "which"}], "sense_list": [{"info": "semhum=both", "id": "PRONBOTH", "form": "which"}], "id": "9"}], "separation": "1", "form": "which", "quote_level": "0", "head": "9", "syntactic_tree_relation_list": [{"type": "isAnaphora", "id": "32"}], "affected_by_negation": "no", "inip": "40", "analysis_list": [{"lemma": "which", "tag": "GN-S3---", "original_form": "which"}, {"lemma": "which", "tag": "GN-P3---", "original_form": "which"}], "type": "phrase", "id": "35"}, {"endp": "49", "style": {"isItalics": "no", "isUnderlined": "no", "isTitle": "no", "isBold": "no"}, "token_list": [{"endp": "49", "style": {"isItalics": "no", "isUnderlined": "no", "isTitle": "no", "isBold": "no"}, "inip": "46", "form": "Pete", "quote_level": "0", "affected_by_negation": "no", "separation": "1", "analysis_list": [{"lemma": "Pete", "tag": "NPMS-N-", "sense_id_list": [{"sense_id": "5b0b08ce4c"}], "original_form": "Pete"}], "sense_list": [{"info": "sementity/class=instance@fiction=nonfiction@id=ODENTITY_FIRST_NAME@type=Top>Person>FirstName\tsemld_list=sumo:FirstName", "id": "5b0b08ce4c", "form": "Pete"}], "id": "10"}], "separation": "1", "form": "Pete", "quote_level": "0", "head": "10", "affected_by_negation": "no", "inip": "46", "analysis_list": [{"lemma": "Pete", "tag": "GNMS3---", "original_form": "Pete"}], "type": "phrase", "id": "33"}, {"endp": "58", "style": {"isItalics": "no", "isUnderlined": "no", "isTitle": "no", "isBold": "no"}, "inip": "51", "form": "included", "quote_level": "0", "syntactic_tree_relation_list": [{"type": "iof_isSubject", "id": "31"}, {"type": "iof_isComplement", "id": "37"}], "affected_by_negation": "no", "separation": "1", "analysis_list": [{"lemma": "include", "tag": "VI-UUASA-N-N6", "sense_id_list": [{"sense_id": "ODENTITY_COMBINING"}, {"sense_id": "ODENTITY_INTENTIONAL_PSYCHOLOGICAL_PROCESS"}], "original_form": "included"}], "sense_list": [{"info": "sementity/id=ODENTITY_COMBINING@type=Top>Process>DualObjectProcess>Combining\tsemld_list=sumo:Entity", "id": "ODENTITY_COMBINING", "form": "include"}, {"info": "sementity/id=ODENTITY_INTENTIONAL_PSYCHOLOGICAL_PROCESS@type=Top>Process>IntentionalProcess>IntentionalPsychologicalProcess\tsemld_list=sumo:IntentionalProcess", "id": "ODENTITY_INTENTIONAL_PSYCHOLOGICAL_PROCESS", "form": "include"}], "id": "11"}, {"endp": "70", "style": {"isItalics": "no", "isUnderlined": "no", "isTitle": "no", "isBold": "no"}, "token_list": [{"endp": "61", "style": {"isItalics": "no", "isUnderlined": "no", "isTitle": "no", "isBold": "no"}, "inip": "60", "form": "in", "quote_level": "0", "affected_by_negation": "no", "separation": "1", "analysis_list": [{"lemma": "in", "tag": "YN6", "original_form": "in"}], "id": "12"}, {"endp": "70", "style": {"isItalics": "no", "isUnderlined": "no", "isTitle": "no", "isBold": "no"}, "token_list": [{"endp": "65", "style": {"isItalics": "no", "isUnderlined": "no", "isTitle": "no", "isBold": "no"}, "inip": "63", "form": "his", "quote_level": "0", "affected_by_negation": "no", "separation": "1", "analysis_list": [{"lemma": "his", "tag": "SD-SMS3N5", "sense_id_list": [{"sense_id": "PRONHUMAN"}], "original_form": "his"}], "sense_list": [{"info": "semhum=human", "id": "PRONHUMAN", "form": "his"}], "id": "13"}, {"endp": "70", "style": {"isItalics": "no", "isUnderlined": "no", "isTitle": "no", "isBold": "no"}, "inip": "67", "form": "book", "quote_level": "0", "affected_by_negation": "no", "separation": "1", "analysis_list": [{"lemma": "book", "tag": "NC-S-N4", "sense_id_list": [{"sense_id": "63f1adb37f"}], "original_form": "book"}], "sense_list": [{"info": "sementity/class=class@fiction=nonfiction@id=ODENTITY_BOOK@type=Top>Product>CulturalProduct>Printing>Book\tsemld_list=sumo:Book", "id": "63f1adb37f", "form": "book"}], "id": "14"}], "separation": "1", "form": "his book", "quote_level": "0", "head": "14", "affected_by_negation": "no", "inip": "63", "analysis_list": [{"lemma": "book", "tag": "GN-S3---", "original_form": "his book"}], "type": "phrase", "id": "34"}], "separation": "1", "form": "in his book", "quote_level": "0", "head": "12", "syntactic_tree_relation_list": [{"type": "isComplement", "id": "11"}, {"type": "isPossessor", "id": "31"}], "affected_by_negation": "no", "inip": "60", "analysis_list": [{"lemma": "in", "tag": "GY---C--", "original_form": "in his book"}], "type": "phrase", "id": "37"}, {"endp": "71", "style": {"isItalics": "no", "isUnderlined": "no", "isTitle": "no", "isBold": "no"}, "inip": "71", "form": ".", "quote_level": "0", "affected_by_negation": "no", "separation": "A", "analysis_list": [{"lemma": ".", "tag": "1D--", "original_form": "."}], "id": "15"}], "separation": "1", "form": "which Pete included in his book.", "quote_level": "0", "syntactic_tree_relation_list": [{"type": "isNonRestrictiveApposition", "id": "32"}], "affected_by_negation": "no", "inip": "40", "analysis_list": [{"lemma": "*", "tag": "ZA---X------", "original_form": "which Pete included in his book."}], "type": "phrase", "id": "39"}], "separation": "_", "form": "Mark told Pete many lies about himself, which Pete included in his book.", "quote_level": "0", "affected_by_negation": "no", "inip": "0", "analysis_list": [{"lemma": "*", "tag": "Z-----------", "original_form": "Mark told Pete many lies about himself, which Pete included in his book."}], "type": "phrase", "id": "40"}], "inip": "0", "quote_level": "0", "affected_by_negation": "no", "separation": "A", "type": "sentence", "id": "26"}, {"endp": "106", "style": {"isItalics": "no", "isUnderlined": "no", "isTitle": "no", "isBold": "no"}, "token_list": [{"endp": "105", "style": {"isItalics": "no", "isUnderlined": "no", "isTitle": "no", "isBold": "no"}, "token_list": [{"endp": "74", "style": {"isItalics": "no", "isUnderlined": "no", "isTitle": "no", "isBold": "no"}, "token_list": [{"endp": "74", "style": {"isItalics": "no", "isUnderlined": "no", "isTitle": "no", "isBold": "no"}, "inip": "73", "form": "He", "quote_level": "0", "affected_by_negation": "no", "separation": "1", "analysis_list": [{"lemma": "he", "tag": "PPMS3NN8", "sense_id_list": [{"sense_id": "PRONHUMAN"}], "original_form": "he"}], "sense_list": [{"info": "semhum=human", "id": "PRONHUMAN", "form": "he"}], "id": "16"}], "separation": "1", "form": "He", "quote_level": "0", "head": "16", "syntactic_tree_relation_list": [{"type": "isAnaphora", "id": "31"}, {"type": "isSubject", "id": "25"}], "affected_by_negation": "no", "inip": "73", "analysis_list": [{"lemma": "he", "tag": "GNMS3S--", "original_form": "He"}], "type": "phrase", "id": "43"}, {"endp": "91", "style": {"isItalics": "no", "isUnderlined": "no", "isTitle": "no", "isBold": "no"}, "separation": "1", "form": "should have been", "quote_level": "0", "head": "17", "syntactic_tree_relation_list": [{"type": "iof_isSubject", "id": "43"}, {"type": "iof_isAttribute", "id": "42"}], "affected_by_negation": "no", "inip": "76", "analysis_list": [{"lemma": "be", "tag": "VW-S3OSA-N-N7", "original_form": "should have been"}], "type": "multiword", "id": "25"}, {"endp": "105", "style": {"isItalics": "no", "isUnderlined": "no", "isTitle": "no", "isBold": "no"}, "token_list": [{"endp": "96", "style": {"isItalics": "no", "isUnderlined": "no", "isTitle": "no", "isBold": "no"}, "inip": "93", "form": "more", "quote_level": "0", "affected_by_negation": "no", "separation": "1", "analysis_list": [{"lemma": "much", "tag": "ENQPN6", "original_form": "more"}, {"lemma": "much", "tag": "QD-SCN6", "original_form": "more"}, {"lemma": "much", "tag": "QD-PCN6", "original_form": "more"}, {"lemma": "many", "tag": "QD-SCN7", "original_form": "more"}, {"lemma": "many", "tag": "QD-PCN7", "original_form": "more"}, {"lemma": "much", "tag": "QP-SCN6", "original_form": "more"}, {"lemma": "much", "tag": "QP-PCN6", "original_form": "more"}, {"lemma": "many", "tag": "QP-SCN7", "original_form": "more"}, {"lemma": "many", "tag": "QP-PCN7", "original_form": "more"}], "id": "20"}, {"endp": "105", "style": {"isItalics": "no", "isUnderlined": "no", "isTitle": "no", "isBold": "no"}, "inip": "98", "form": "truthful", "quote_level": "0", "affected_by_negation": "no", "separation": "1", "analysis_list": [{"lemma": "truthful", "tag": "AP-N-", "original_form": "truthful"}], "id": "21"}], "separation": "1", "form": "more truthful", "quote_level": "0", "head": "21", "syntactic_tree_relation_list": [{"type": "isAttribute", "id": "25"}], "affected_by_negation": "no", "inip": "93", "analysis_list": [{"lemma": "truthful", "tag": "GA---A--", "original_form": "more truthful"}], "type": "phrase", "id": "42"}], "separation": "1", "form": "He should have been more truthful", "quote_level": "0", "affected_by_negation": "no", "inip": "73", "analysis_list": [{"lemma": "*", "tag": "Z-----------", "original_form": "He should have been more truthful"}], "type": "phrase", "id": "44"}, {"endp": "106", "style": {"isItalics": "no", "isUnderlined": "no", "isTitle": "no", "isBold": "no"}, "inip": "106", "form": ".", "quote_level": "0", "affected_by_negation": "no", "separation": "A", "analysis_list": [{"lemma": ".", "tag": "1D--", "original_form": "."}], "id": "22"}], "inip": "73", "quote_level": "0", "affected_by_negation": "no", "separation": "A", "type": "sentence", "id": "28"}]}