{"status": {"msg": "OK", "credits": "1", "remaining_credits": "39825", "code": "0"}, "token_list": [{"endp": "60", "style": {"isItalics": "no", "isUnderlined": "no", "isTitle": "no", "isBold": "no"}, "token_list": [{"endp": "21", "style": {"isItalics": "no", "isUnderlined": "no", "isTitle": "no", "isBold": "no"}, "token_list": [{"endp": "2", "style": {"isItalics": "no", "isUnderlined": "no", "isTitle": "no", "isBold": "no"}, "token_list": [{"endp": "2", "style": {"isItalics": "no", "isUnderlined": "no", "isTitle": "no", "isBold": "no"}, "inip": "0", "form": "Joe", "quote_level": "0", "affected_by_negation": "no", "separation": "_", "analysis_list": [{"lemma": "Joe", "tag": "NPUS-N-", "sense_id_list": [{"sense_id": "f67cafb594"}], "original_form": "Joe"}], "sense_list": [{"info": "sementity/class=instance@fiction=nonfiction@id=ODENTITY_FIRST_NAME@type=Top>Person>FirstName\tsemld_list=sumo:FirstName", "id": "f67cafb594", "form": "Joe"}], "id": "1"}], "separation": "_", "form": "Joe", "quote_level": "0", "head": "1", "syntactic_tree_relation_list": [{"type": "isSubject", "id": "7"}, {"type": "isSubject", "id": "31"}, {"type": "iof_isPossessor", "id": "37"}, {"type": "iof_isAnaphora", "id": "45"}, {"type": "iof_isAnaphora", "id": "47"}], "affected_by_negation": "no", "inip": "0", "analysis_list": [{"lemma": "Joe", "tag": "GNUS3S--", "original_form": "Joe"}], "type": "phrase", "id": "36"}, {"endp": "11", "style": {"isItalics": "no", "isUnderlined": "no", "isTitle": "no", "isBold": "no"}, "separation": "1", "form": "has sold", "quote_level": "0", "head": "2", "syntactic_tree_relation_list": [{"type": "iof_isSubject", "id": "36"}, {"type": "iof_isDirectObject", "id": "37"}], "affected_by_negation": "no", "inip": "4", "analysis_list": [{"lemma": "sell", "tag": "VI-S3PPA-N-N9", "original_form": "has sold"}], "type": "multiword", "id": "31"}, {"endp": "21", "style": {"isItalics": "no", "isUnderlined": "no", "isTitle": "no", "isBold": "no"}, "token_list": [{"endp": "15", "style": {"isItalics": "no", "isUnderlined": "no", "isTitle": "no", "isBold": "no"}, "inip": "13", "form": "his", "quote_level": "0", "affected_by_negation": "no", "separation": "1", "analysis_list": [{"lemma": "his", "tag": "SD-SMS3N5", "sense_id_list": [{"sense_id": "PRONHUMAN"}], "original_form": "his"}], "sense_list": [{"info": "semhum=human", "id": "PRONHUMAN", "form": "his"}], "id": "4"}, {"endp": "21", "style": {"isItalics": "no", "isUnderlined": "no", "isTitle": "no", "isBold": "no"}, "inip": "17", "form": "house", "quote_level": "0", "affected_by_negation": "no", "separation": "1", "analysis_list": [{"lemma": "house", "tag": "NC-S-N5", "sense_id_list": [{"sense_id": "144b5c0ed4"}], "original_form": "house"}], "sense_list": [{"info": "sementity/class=class@fiction=nonfiction@id=ODENTITY_FACILITY@type=Top>Location>Facility\tsemld_list=sumo:FacilityPartOther", "id": "144b5c0ed4", "form": "home"}], "id": "5"}], "separation": "1", "form": "his house", "quote_level": "0", "head": "5", "syntactic_tree_relation_list": [{"type": "isPossessor", "id": "36"}, {"type": "isDirectObject", "id": "31"}], "affected_by_negation": "no", "inip": "13", "analysis_list": [{"lemma": "house", "tag": "GN-S3D--", "original_form": "his house"}], "type": "phrase", "id": "37"}], "separation": "_", "form": "Joe has sold his house", "quote_level": "0", "affected_by_negation": "no", "inip": "0", "analysis_list": [{"lemma": "*", "tag": "ZC----------", "original_form": "Joe has sold his house"}], "type": "phrase", "id": "41"}, {"endp": "25", "style": {"isItalics": "no", "isUnderlined": "no", "isTitle": "no", "isBold": "no"}, "inip": "23", "form": "and", "quote_level": "0", "affected_by_negation": "no", "separation": "1", "analysis_list": [{"lemma": "and", "tag": "CCYN9", "original_form": "and"}], "id": "6"}, {"endp": "59", "style": {"isItalics": "no", "isUnderlined": "no", "isTitle": "no", "isBold": "no"}, "token_list": [{"endp": "32", "style": {"isItalics": "no", "isUnderlined": "no", "isTitle": "no", "isBold": "no"}, "inip": "27", "form": "bought", "quote_level": "0", "syntactic_tree_relation_list": [{"type": "iof_isSubject", "id": "36"}, {"type": "iof_isDirectObject", "id": "38"}, {"type": "iof_isDirectObject", "id": "39"}, {"type": "iof_isLocationComplement", "id": "40"}], "affected_by_negation": "no", "separation": "1", "analysis_list": [{"lemma": "buy", "tag": "VP---ASA-N-N6", "original_form": "bought"}, {"lemma": "buy", "tag": "VI-UUASA-N-N6", "original_form": "bought"}], "id": "7"}, {"endp": "42", "style": {"isItalics": "no", "isUnderlined": "no", "isTitle": "no", "isBold": "no"}, "token_list": [{"endp": "34", "style": {"isItalics": "no", "isUnderlined": "no", "isTitle": "no", "isBold": "no"}, "inip": "34", "form": "a", "quote_level": "0", "affected_by_negation": "no", "separation": "1", "analysis_list": [{"lemma": "a", "tag": "QD-SPN9", "original_form": "a"}], "id": "8"}, {"endp": "38", "style": {"isItalics": "no", "isUnderlined": "no", "isTitle": "no", "isBold": "no"}, "inip": "36", "form": "new", "quote_level": "0", "affected_by_negation": "no", "separation": "1", "analysis_list": [{"lemma": "new", "tag": "AP-N7", "original_form": "new"}], "id": "9"}, {"endp": "42", "style": {"isItalics": "no", "isUnderlined": "no", "isTitle": "no", "isBold": "no"}, "separation": "1", "form": "one", "quote_level": "0", "affected_by_negation": "no", "inip": "40", "analysis_list": [{"lemma": "one", "tag": "MP-SCN7", "sense_id_list": [{"sense_id": "e01b5f50fb"}], "original_form": "one"}, {"lemma": "one", "tag": "QP-SPN7", "original_form": "one"}], "sense_list": [{"info": "sementity/class=class@fiction=nonfiction@id=ODENTITY_NUMEX@type=Top>Numex\tsemld_list=sumo:Quantity", "id": "e01b5f50fb", "form": "one"}], "id": "10", "normalized_form": "numeric@1"}], "separation": "1", "form": "a new one", "quote_level": "0", "head": "10", "syntactic_tree_relation_list": [{"type": "isDirectObject", "id": "7"}], "affected_by_negation": "no", "inip": "34", "analysis_list": [{"lemma": "one", "tag": "GN-S3D--", "original_form": "a new one"}], "type": "phrase", "id": "38"}, {"endp": "54", "style": {"isItalics": "no", "isUnderlined": "no", "isTitle": "no", "isBold": "no"}, "token_list": [{"endp": "48", "style": {"isItalics": "no", "isUnderlined": "no", "isTitle": "no", "isBold": "no"}, "inip": "44", "form": "a few", "quote_level": "0", "affected_by_negation": "no", "separation": "1", "analysis_list": [{"lemma": "a few", "tag": "QD-PPN-", "original_form": "a few"}], "id": "28"}, {"endp": "54", "style": {"isItalics": "no", "isUnderlined": "no", "isTitle": "no", "isBold": "no"}, "inip": "50", "form": "miles", "quote_level": "0", "affected_by_negation": "no", "separation": "1", "analysis_list": [{"lemma": "mile", "tag": "NC-P-N6", "sense_id_list": [{"sense_id": "d889b3bd56"}], "original_form": "miles"}], "sense_list": [{"info": "sementity/class=class@fiction=nonfiction@id=ODENTITY_PHYSICAL_EXTENT_UNIT@type=Top>Unit>PhysicalExtentUnit\tsemld_list=sumo:UnitOfLength", "id": "d889b3bd56", "form": "mile"}], "id": "13"}], "separation": "1", "form": "a few miles", "quote_level": "0", "head": "13", "syntactic_tree_relation_list": [{"type": "isDirectObject", "id": "7"}], "affected_by_negation": "no", "inip": "44", "analysis_list": [{"lemma": "mile", "tag": "GN-P3D--", "original_form": "a few miles"}], "type": "phrase", "id": "39"}, {"endp": "59", "style": {"isItalics": "no", "isUnderlined": "no", "isTitle": "no", "isBold": "no"}, "token_list": [{"endp": "59", "style": {"isItalics": "no", "isUnderlined": "no", "isTitle": "no", "isBold": "no"}, "inip": "56", "form": "away", "quote_level": "0", "affected_by_negation": "no", "separation": "1", "analysis_list": [{"lemma": "away", "tag": "ENLPN6", "original_form": "away"}], "id": "14"}], "separation": "1", "form": "away", "quote_level": "0", "head": "14", "syntactic_tree_relation_list": [{"type": "isLocationComplement", "id": "7"}], "affected_by_negation": "no", "inip": "56", "analysis_list": [{"lemma": "away", "tag": "GEL--L--", "original_form": "away"}], "type": "phrase", "id": "40"}], "separation": "1", "form": "bought a new one a few miles away", "quote_level": "0", "affected_by_negation": "no", "inip": "27", "analysis_list": [{"lemma": "*", "tag": "ZC----------", "original_form": "bought a new one a few miles away"}], "type": "phrase", "id": "42"}, {"endp": "60", "style": {"isItalics": "no", "isUnderlined": "no", "isTitle": "no", "isBold": "no"}, "inip": "60", "form": ".", "quote_level": "0", "affected_by_negation": "no", "separation": "A", "analysis_list": [{"lemma": ".", "tag": "1D--", "original_form": "."}], "id": "15"}], "inip": "0", "quote_level": "0", "affected_by_negation": "no", "separation": "A", "type": "sentence", "id": "32"}, {"endp": "101", "style": {"isItalics": "no", "isUnderlined": "no", "isTitle": "no", "isBold": "no"}, "token_list": [{"endp": "100", "style": {"isItalics": "no", "isUnderlined": "no", "isTitle": "no", "isBold": "no"}, "token_list": [{"endp": "63", "style": {"isItalics": "no", "isUnderlined": "no", "isTitle": "no", "isBold": "no"}, "token_list": [{"endp": "63", "style": {"isItalics": "no", "isUnderlined": "no", "isTitle": "no", "isBold": "no"}, "inip": "62", "form": "He", "quote_level": "0", "affected_by_negation": "no", "separation": "1", "analysis_list": [{"lemma": "he", "tag": "PPMS3NN8", "sense_id_list": [{"sense_id": "PRONHUMAN"}], "original_form": "he"}], "sense_list": [{"info": "semhum=human", "id": "PRONHUMAN", "form": "he"}], "id": "16"}], "separation": "1", "form": "He", "quote_level": "0", "head": "16", "syntactic_tree_relation_list": [{"type": "isAnaphora", "id": "36"}, {"type": "isSubject", "id": "30"}], "affected_by_negation": "no", "inip": "62", "analysis_list": [{"lemma": "he", "tag": "GNMS3S--", "original_form": "He"}], "type": "phrase", "id": "45"}, {"endp": "78", "style": {"isItalics": "no", "isUnderlined": "no", "isTitle": "no", "isBold": "no"}, "separation": "1", "form": "will be moving", "quote_level": "0", "head": "17", "syntactic_tree_relation_list": [{"type": "iof_isSubject", "id": "45"}, {"type": "iof_isComplement", "id": "47"}, {"type": "iof_isTimeComplement", "id": "46"}], "affected_by_negation": "no", "inip": "65", "analysis_list": [{"lemma": "move", "tag": "VI-S3FCA-N-N4", "original_form": "will be moving"}], "type": "multiword", "id": "30"}, {"endp": "88", "style": {"isItalics": "no", "isUnderlined": "no", "isTitle": "no", "isBold": "no"}, "token_list": [{"endp": "85", "style": {"isItalics": "no", "isUnderlined": "no", "isTitle": "no", "isBold": "no"}, "inip": "80", "form": "out of", "quote_level": "0", "affected_by_negation": "no", "separation": "1", "analysis_list": [{"lemma": "out of", "tag": "YN-", "original_form": "out of"}], "id": "27"}, {"endp": "88", "style": {"isItalics": "no", "isUnderlined": "no", "isTitle": "no", "isBold": "no"}, "token_list": [{"endp": "88", "style": {"isItalics": "no", "isUnderlined": "no", "isTitle": "no", "isBold": "no"}, "inip": "87", "form": "it", "quote_level": "0", "affected_by_negation": "no", "separation": "1", "analysis_list": [{"lemma": "it", "tag": "PP-S3AN8", "sense_id_list": [{"sense_id": "PRONNONHUMAN"}], "original_form": "it"}], "sense_list": [{"info": "semhum=nonhuman", "id": "PRONNONHUMAN", "form": "it"}], "id": "22"}], "separation": "1", "form": "it", "quote_level": "0", "head": "22", "affected_by_negation": "no", "inip": "87", "analysis_list": [{"lemma": "it", "tag": "GN-S3---", "original_form": "it"}], "type": "phrase", "id": "44"}], "separation": "1", "form": "out of it", "quote_level": "0", "head": "27", "syntactic_tree_relation_list": [{"type": "isComplement", "id": "30"}, {"type": "isAnaphora", "id": "36"}], "affected_by_negation": "no", "inip": "80", "analysis_list": [{"lemma": "out of", "tag": "GY---C--", "original_form": "out of it"}], "type": "phrase", "id": "47"}, {"endp": "100", "style": {"isItalics": "no", "isUnderlined": "no", "isTitle": "no", "isBold": "no"}, "token_list": [{"endp": "91", "style": {"isItalics": "no", "isUnderlined": "no", "isTitle": "no", "isBold": "no"}, "inip": "90", "form": "on", "quote_level": "0", "affected_by_negation": "no", "separation": "1", "analysis_list": [{"lemma": "on", "tag": "YN7", "original_form": "on"}], "id": "23"}, {"endp": "100", "style": {"isItalics": "no", "isUnderlined": "no", "isTitle": "no", "isBold": "no"}, "token_list": [{"endp": "100", "style": {"isItalics": "no", "isUnderlined": "no", "isTitle": "no", "isBold": "no"}, "separation": "1", "form": "Thursday", "quote_level": "0", "affected_by_negation": "no", "inip": "93", "analysis_list": [{"lemma": "Thursday", "tag": "NC-S-N-", "sense_id_list": [{"sense_id": "736e27da46"}], "original_form": "Thursday"}], "sense_list": [{"info": "sementity/class=class@fiction=nonfiction@id=ODENTITY_DAY@type=Top>Unit>TimeUnit>Day\tsemld_list=sumo:UnitOfDuration", "id": "736e27da46", "form": "Thursday"}], "id": "24", "normalized_form": "date@|||j|||||||"}], "separation": "1", "form": "Thursday", "quote_level": "0", "head": "24", "affected_by_negation": "no", "inip": "93", "analysis_list": [{"lemma": "Thursday", "tag": "GN-S3T--", "original_form": "Thursday"}], "type": "phrase", "id": "43", "normalized_form": "date@|||j|||||||"}], "separation": "1", "form": "on Thursday", "quote_level": "0", "head": "23", "syntactic_tree_relation_list": [{"type": "isTimeComplement", "id": "30"}], "affected_by_negation": "no", "inip": "90", "analysis_list": [{"lemma": "on", "tag": "GY---T--", "original_form": "on Thursday"}], "type": "phrase", "id": "46", "normalized_form": "date@|||j|||||||"}], "separation": "1", "form": "He will be moving out of it on Thursday", "quote_level": "0", "affected_by_negation": "no", "inip": "62", "analysis_list": [{"lemma": "*", "tag": "Z-----------", "original_form": "He will be moving out of it on Thursday"}], "type": "phrase", "id": "48"}, {"endp": "101", "style": {"isItalics": "no", "isUnderlined": "no", "isTitle": "no", "isBold": "no"}, "inip": "101", "form": ".", "quote_level": "0", "affected_by_negation": "no", "separation": "A", "analysis_list": [{"lemma": ".", "tag": "1D--", "original_form": "."}], "id": "25"}], "inip": "62", "quote_level": "0", "affected_by_negation": "no", "separation": "A", "type": "sentence", "id": "34"}]}