{"status": {"msg": "OK", "credits": "1", "remaining_credits": "39823", "code": "0"}, "token_list": [{"endp": "62", "style": {"isItalics": "no", "isUnderlined": "no", "isTitle": "no", "isBold": "no"}, "token_list": [{"endp": "37", "style": {"isItalics": "no", "isUnderlined": "no", "isTitle": "no", "isBold": "no"}, "token_list": [{"endp": "3", "style": {"isItalics": "no", "isUnderlined": "no", "isTitle": "no", "isBold": "no"}, "token_list": [{"endp": "3", "style": {"isItalics": "no", "isUnderlined": "no", "isTitle": "no", "isBold": "no"}, "inip": "0", "form": "Many", "quote_level": "0", "affected_by_negation": "no", "separation": "_", "analysis_list": [{"lemma": "many", "tag": "QP-PPN7", "sense_id_list": [{"sense_id": "PRONBOTH"}], "original_form": "many"}], "sense_list": [{"info": "semhum=both", "id": "PRONBOTH", "form": "many"}], "id": "1"}], "separation": "_", "form": "Many", "quote_level": "0", "head": "1", "syntactic_tree_relation_list": [{"type": "isSubject", "id": "2"}], "affected_by_negation": "no", "inip": "0", "analysis_list": [{"lemma": "many", "tag": "GN-P3S--", "original_form": "Many"}], "type": "phrase", "id": "40"}, {"endp": "10", "style": {"isItalics": "no", "isUnderlined": "no", "isTitle": "no", "isBold": "no"}, "inip": "5", "form": "people", "quote_level": "0", "syntactic_tree_relation_list": [{"type": "iof_isSubject", "id": "40"}, {"type": "iof_isDirectObject", "id": "36"}], "affected_by_negation": "no", "separation": "1", "analysis_list": [{"lemma": "people", "tag": "VI-P3PSA-N-N7", "sense_id_list": [{"sense_id": "ODENTITY_MOTION"}], "original_form": "people"}], "sense_list": [{"info": "sementity/id=ODENTITY_MOTION@type=Top>Process>Motion\tsemld_list=sumo:Entity", "id": "ODENTITY_MOTION", "form": "people"}], "id": "2"}, {"endp": "16", "style": {"isItalics": "no", "isUnderlined": "no", "isTitle": "no", "isBold": "no"}, "token_list": [{"endp": "16", "style": {"isItalics": "no", "isUnderlined": "no", "isTitle": "no", "isBold": "no"}, "inip": "12", "form": "start", "quote_level": "0", "affected_by_negation": "no", "separation": "1", "analysis_list": [{"lemma": "start", "tag": "NC-S-N5", "sense_id_list": [{"sense_id": "d3125963b9"}], "original_form": "start"}], "sense_list": [{"info": "sementity/class=class@fiction=nonfiction@id=ODENTITY_PROCESS@type=Top>Process\tsemld_list=sumo:Entity", "id": "d3125963b9", "form": "start"}], "id": "3"}], "separation": "1", "form": "start", "quote_level": "0", "head": "3", "syntactic_tree_relation_list": [{"type": "isDirectObject", "id": "2"}], "affected_by_negation": "no", "inip": "12", "analysis_list": [{"lemma": "start", "tag": "GN-S3D--", "original_form": "start"}], "type": "phrase", "id": "36"}, {"endp": "19", "style": {"isItalics": "no", "isUnderlined": "no", "isTitle": "no", "isBold": "no"}, "inip": "18", "form": "to", "quote_level": "0", "affected_by_negation": "no", "separation": "1", "analysis_list": [{"lemma": "to", "tag": "YN6", "original_form": "to"}], "id": "4"}, {"endp": "24", "style": {"isItalics": "no", "isUnderlined": "no", "isTitle": "no", "isBold": "no"}, "inip": "21", "form": "read", "quote_level": "0", "affected_by_negation": "no", "separation": "1", "analysis_list": [{"lemma": "read", "tag": "VP---ASA-N-N6", "sense_id_list": [{"sense_id": "ODENTITY_COMMUNICATION_PROCESS"}, {"sense_id": "ODENTITY_INTENTIONAL_PROCESS"}, {"sense_id": "ODENTITY_INTENTIONAL_PSYCHOLOGICAL_PROCESS"}, {"sense_id": "ODENTITY_LEARNING"}, {"sense_id": "ODENTITY_PROCESS"}, {"sense_id": "ODENTITY_READING"}, {"sense_id": "ODENTITY_REASONING"}], "original_form": "read"}], "sense_list": [{"info": "sementity/id=ODENTITY_COMMUNICATION_PROCESS@type=Top>Process>ContentBearingProcess>CommunicationProcess\tsemld_list=sumo:Entity", "id": "ODENTITY_COMMUNICATION_PROCESS", "form": "read"}, {"info": "sementity/id=ODENTITY_INTENTIONAL_PROCESS@type=Top>Process>IntentionalProcess\tsemld_list=sumo:IntentionalProcess", "id": "ODENTITY_INTENTIONAL_PROCESS", "form": "read"}, {"info": "sementity/id=ODENTITY_INTENTIONAL_PSYCHOLOGICAL_PROCESS@type=Top>Process>IntentionalProcess>IntentionalPsychologicalProcess\tsemld_list=sumo:IntentionalProcess", "id": "ODENTITY_INTENTIONAL_PSYCHOLOGICAL_PROCESS", "form": "read"}, {"info": "sementity/id=ODENTITY_LEARNING@type=Top>Process>IntentionalProcess>IntentionalPsychologicalProcess>Learning\tsemld_list=sumo:IntentionalProcess", "id": "ODENTITY_LEARNING", "form": "read"}, {"info": "sementity/id=ODENTITY_PROCESS@type=Top>Process\tsemld_list=sumo:Entity", "id": "ODENTITY_PROCESS", "form": "read"}, {"info": "sementity/id=ODENTITY_READING@type=Top>Process>IntentionalProcess>ContentDevelopment>Reading\tsemld_list=sumo:IntentionalProcess", "id": "ODENTITY_READING", "form": "read"}, {"info": "sementity/id=ODENTITY_REASONING@type=Top>Process>IntentionalProcess>IntentionalPsychologicalProcess>Reasoning\tsemld_list=sumo:IntentionalProcess", "id": "ODENTITY_REASONING", "form": "read"}], "id": "5"}, {"endp": "37", "style": {"isItalics": "no", "isUnderlined": "no", "isTitle": "no", "isBold": "no"}, "token_list": [{"endp": "29", "style": {"isItalics": "no", "isUnderlined": "no", "isTitle": "no", "isBold": "no"}, "token_list": [{"endp": "29", "style": {"isItalics": "no", "isUnderlined": "no", "isTitle": "no", "isBold": "no"}, "inip": "26", "form": "Paul", "quote_level": "0", "affected_by_negation": "no", "separation": "1", "analysis_list": [{"lemma": "Paul", "tag": "NPUU-N-", "sense_id_list": [{"sense_id": "__9550648342474512805"}], "original_form": "Paul"}], "sense_list": [{"info": "sementity/class=instance@fiction=nonfiction@type=Top>Person@confidence=uncertain", "id": "__9550648342474512805", "form": "Paul"}], "id": "6"}], "separation": "1", "form": "Paul", "quote_level": "0", "head": "6", "affected_by_negation": "no", "inip": "26", "analysis_list": [{"lemma": "Paul", "tag": "GNUU3---", "original_form": "Paul"}], "type": "phrase", "id": "37"}, {"endp": "31", "style": {"isItalics": "no", "isUnderlined": "no", "isTitle": "no", "isBold": "no"}, "inip": "30", "form": "'s", "quote_level": "0", "affected_by_negation": "no", "separation": "A", "analysis_list": [{"lemma": "'s", "tag": "WN-", "original_form": "'s"}], "id": "29"}, {"endp": "37", "style": {"isItalics": "no", "isUnderlined": "no", "isTitle": "no", "isBold": "no"}, "token_list": [{"endp": "37", "style": {"isItalics": "no", "isUnderlined": "no", "isTitle": "no", "isBold": "no"}, "inip": "33", "form": "books", "quote_level": "0", "affected_by_negation": "no", "separation": "1", "analysis_list": [{"lemma": "book", "tag": "NC-P-N4", "sense_id_list": [{"sense_id": "63f1adb37f"}], "original_form": "books"}], "sense_list": [{"info": "sementity/class=class@fiction=nonfiction@id=ODENTITY_BOOK@type=Top>Product>CulturalProduct>Printing>Book\tsemld_list=sumo:Book", "id": "63f1adb37f", "form": "book"}], "id": "9"}], "separation": "1", "form": "books", "quote_level": "0", "head": "9", "affected_by_negation": "no", "inip": "33", "analysis_list": [{"lemma": "book", "tag": "GN-P3---", "original_form": "books"}], "type": "phrase", "id": "38"}], "separation": "1", "form": "Paul's books", "quote_level": "0", "head": "38", "syntactic_tree_relation_list": [{"type": "isSubject", "id": "31"}, {"type": "iof_isAnaphora", "id": "39"}, {"type": "iof_isAnaphora", "id": "46"}], "affected_by_negation": "no", "inip": "26", "analysis_list": [{"lemma": "book", "tag": "GN-P3---", "original_form": "Paul's books"}], "type": "phrase", "id": "42"}], "separation": "_", "form": "Many people start to read Paul's books", "quote_level": "0", "affected_by_negation": "no", "inip": "0", "analysis_list": [{"lemma": "*", "tag": "ZC----------", "original_form": "Many people start to read Paul's books"}], "type": "phrase", "id": "43"}, {"endp": "41", "style": {"isItalics": "no", "isUnderlined": "no", "isTitle": "no", "isBold": "no"}, "inip": "39", "form": "and", "quote_level": "0", "affected_by_negation": "no", "separation": "1", "analysis_list": [{"lemma": "and", "tag": "CCYN9", "original_form": "and"}], "id": "10"}, {"endp": "61", "style": {"isItalics": "no", "isUnderlined": "no", "isTitle": "no", "isBold": "no"}, "token_list": [{"endp": "51", "style": {"isItalics": "no", "isUnderlined": "no", "isTitle": "no", "isBold": "no"}, "separation": "1", "form": "can't put", "quote_level": "0", "head": "28", "syntactic_tree_relation_list": [{"type": "iof_isSubject", "id": "42"}, {"type": "iof_isDirectObject", "id": "39"}, {"type": "iof_isLocationComplement", "id": "41"}], "affected_by_negation": "yes", "inip": "43", "analysis_list": [{"lemma": "put", "tag": "VW-UUOSA-NNE3", "original_form": "can't put"}], "type": "multiword", "id": "31"}, {"endp": "56", "style": {"isItalics": "no", "isUnderlined": "no", "isTitle": "no", "isBold": "no"}, "token_list": [{"endp": "56", "style": {"isItalics": "no", "isUnderlined": "no", "isTitle": "no", "isBold": "no"}, "inip": "53", "form": "them", "quote_level": "0", "affected_by_negation": "no", "separation": "1", "analysis_list": [{"lemma": "them", "tag": "PP-P3AN7", "sense_id_list": [{"sense_id": "PRONBOTH"}], "original_form": "them"}], "sense_list": [{"info": "semhum=both", "id": "PRONBOTH", "form": "them"}], "id": "15"}], "separation": "1", "form": "them", "quote_level": "0", "head": "15", "syntactic_tree_relation_list": [{"type": "isAnaphora", "id": "42"}, {"type": "isDirectObject", "id": "31"}], "affected_by_negation": "no", "inip": "53", "analysis_list": [{"lemma": "them", "tag": "GN-P3D--", "original_form": "them"}], "type": "phrase", "id": "39"}, {"endp": "61", "style": {"isItalics": "no", "isUnderlined": "no", "isTitle": "no", "isBold": "no"}, "token_list": [{"endp": "61", "style": {"isItalics": "no", "isUnderlined": "no", "isTitle": "no", "isBold": "no"}, "inip": "58", "form": "down", "quote_level": "0", "affected_by_negation": "no", "separation": "1", "analysis_list": [{"lemma": "down", "tag": "ENLPN5", "original_form": "down"}], "id": "16"}], "separation": "1", "form": "down", "quote_level": "0", "head": "16", "syntactic_tree_relation_list": [{"type": "isLocationComplement", "id": "31"}], "affected_by_negation": "no", "inip": "58", "analysis_list": [{"lemma": "down", "tag": "GEL--L--", "original_form": "down"}], "type": "phrase", "id": "41"}], "separation": "1", "form": "can't put them down", "quote_level": "0", "affected_by_negation": "no", "inip": "43", "analysis_list": [{"lemma": "*", "tag": "ZC----------", "original_form": "can't put them down"}], "type": "phrase", "id": "44"}, {"endp": "62", "style": {"isItalics": "no", "isUnderlined": "no", "isTitle": "no", "isBold": "no"}, "inip": "62", "form": ".", "quote_level": "0", "affected_by_negation": "no", "separation": "A", "analysis_list": [{"lemma": ".", "tag": "1D--", "original_form": "."}], "id": "17"}], "inip": "0", "quote_level": "0", "affected_by_negation": "no", "separation": "A", "type": "sentence", "id": "32"}, {"endp": "108", "style": {"isItalics": "no", "isUnderlined": "no", "isTitle": "no", "isBold": "no"}, "token_list": [{"endp": "107", "style": {"isItalics": "no", "isUnderlined": "no", "isTitle": "no", "isBold": "no"}, "token_list": [{"endp": "67", "style": {"isItalics": "no", "isUnderlined": "no", "isTitle": "no", "isBold": "no"}, "token_list": [{"endp": "67", "style": {"isItalics": "no", "isUnderlined": "no", "isTitle": "no", "isBold": "no"}, "inip": "64", "form": "They", "quote_level": "0", "affected_by_negation": "no", "separation": "1", "analysis_list": [{"lemma": "they", "tag": "PP-P3NN8", "sense_id_list": [{"sense_id": "PRONBOTH"}], "original_form": "they"}], "sense_list": [{"info": "semhum=both", "id": "PRONBOTH", "form": "they"}], "id": "18"}], "separation": "1", "form": "They", "quote_level": "0", "head": "18", "syntactic_tree_relation_list": [{"type": "isAnaphora", "id": "42"}, {"type": "isSubject", "id": "30"}], "affected_by_negation": "no", "inip": "64", "analysis_list": [{"lemma": "they", "tag": "GN-P3S--", "original_form": "They"}], "type": "phrase", "id": "46"}, {"endp": "79", "style": {"isItalics": "no", "isUnderlined": "no", "isTitle": "no", "isBold": "no"}, "separation": "1", "form": "are gripped", "quote_level": "0", "head": "19", "syntactic_tree_relation_list": [{"type": "iof_isSubject", "id": "46"}, {"type": "iof_isComplement", "id": "48"}], "affected_by_negation": "no", "inip": "69", "analysis_list": [{"lemma": "grip", "tag": "VI-P3PSP-N-N9", "original_form": "are gripped"}], "type": "multiword", "id": "30"}, {"endp": "107", "style": {"isItalics": "no", "isUnderlined": "no", "isTitle": "no", "isBold": "no"}, "token_list": [{"endp": "87", "style": {"isItalics": "no", "isUnderlined": "no", "isTitle": "no", "isBold": "no"}, "inip": "81", "form": "because", "quote_level": "0", "affected_by_negation": "no", "separation": "1", "analysis_list": [{"lemma": "because", "tag": "CSPN7", "original_form": "because"}], "id": "21"}, {"endp": "92", "style": {"isItalics": "no", "isUnderlined": "no", "isTitle": "no", "isBold": "no"}, "token_list": [{"endp": "92", "style": {"isItalics": "no", "isUnderlined": "no", "isTitle": "no", "isBold": "no"}, "inip": "89", "form": "Paul", "quote_level": "0", "affected_by_negation": "no", "separation": "1", "analysis_list": [{"lemma": "Paul", "tag": "NPUU-N-", "sense_id_list": [{"sense_id": "__9550648342474512805"}], "original_form": "Paul"}], "sense_list": [{"info": "sementity/class=instance@fiction=nonfiction@type=Top>Person@confidence=uncertain", "id": "__9550648342474512805", "form": "Paul"}], "id": "22"}], "separation": "1", "form": "Paul", "quote_level": "0", "head": "22", "syntactic_tree_relation_list": [{"type": "isSubject", "id": "23"}], "affected_by_negation": "no", "inip": "89", "analysis_list": [{"lemma": "Paul", "tag": "GNUU3---", "original_form": "Paul"}], "type": "phrase", "id": "45"}, {"endp": "99", "style": {"isItalics": "no", "isUnderlined": "no", "isTitle": "no", "isBold": "no"}, "inip": "94", "form": "writes", "quote_level": "0", "syntactic_tree_relation_list": [{"type": "iof_isSubject", "id": "45"}], "affected_by_negation": "no", "separation": "1", "analysis_list": [{"lemma": "write", "tag": "VI-S3PSA-N-N6", "sense_id_list": [{"sense_id": "ODENTITY_CONTENT_DEVELOPMENT"}, {"sense_id": "ODENTITY_WRITING"}, {"sense_id": "ODENTITY_INTENTIONAL_PSYCHOLOGICAL_PROCESS"}, {"sense_id": "ODENTITY_PUBLICATION"}], "original_form": "writes"}], "sense_list": [{"info": "sementity/id=ODENTITY_CONTENT_DEVELOPMENT@type=Top>Process>IntentionalProcess>ContentDevelopment\tsemld_list=sumo:IntentionalProcess", "id": "ODENTITY_CONTENT_DEVELOPMENT", "form": "write"}, {"info": "sementity/id=ODENTITY_INTENTIONAL_PSYCHOLOGICAL_PROCESS@type=Top>Process>IntentionalProcess>IntentionalPsychologicalProcess\tsemld_list=sumo:IntentionalProcess", "id": "ODENTITY_INTENTIONAL_PSYCHOLOGICAL_PROCESS", "form": "write"}, {"info": "sementity/id=ODENTITY_PUBLICATION@type=Top>Process>IntentionalProcess>ContentDevelopment>Publication\tsemld_list=sumo:IntentionalProcess", "id": "ODENTITY_PUBLICATION", "form": "write"}, {"info": "sementity/id=ODENTITY_WRITING@type=Top>Process>IntentionalProcess>ContentDevelopment>Writing\tsemld_list=sumo:IntentionalProcess", "id": "ODENTITY_WRITING", "form": "write"}], "id": "23"}, {"endp": "102", "style": {"isItalics": "no", "isUnderlined": "no", "isTitle": "no", "isBold": "no"}, "inip": "101", "form": "so", "quote_level": "0", "affected_by_negation": "no", "separation": "1", "analysis_list": [{"lemma": "so", "tag": "ENMPN7", "original_form": "so"}, {"lemma": "so", "tag": "ENQPN7", "original_form": "so"}, {"lemma": "so", "tag": "CSLN7", "original_form": "so"}, {"lemma": "so", "tag": "CSFN7", "original_form": "so"}], "id": "24"}, {"endp": "107", "style": {"isItalics": "no", "isUnderlined": "no", "isTitle": "no", "isBold": "no"}, "token_list": [{"endp": "107", "style": {"isItalics": "no", "isUnderlined": "no", "isTitle": "no", "isBold": "no"}, "inip": "104", "form": "well", "quote_level": "0", "affected_by_negation": "no", "separation": "1", "analysis_list": [{"lemma": "well", "tag": "ENMPN4", "original_form": "well"}], "id": "25"}], "separation": "1", "form": "well", "quote_level": "0", "head": "25", "affected_by_negation": "no", "inip": "104", "analysis_list": [{"lemma": "well", "tag": "GEM--M--", "original_form": "well"}], "type": "phrase", "id": "47"}], "separation": "1", "form": "because Paul writes so well", "quote_level": "0", "syntactic_tree_relation_list": [{"type": "isComplement", "id": "30"}], "affected_by_negation": "no", "inip": "81", "analysis_list": [{"lemma": "*", "tag": "ZE---CIP----", "original_form": "because Paul writes so well"}], "type": "phrase", "id": "48"}], "separation": "1", "form": "They are gripped because Paul writes so well", "quote_level": "0", "affected_by_negation": "no", "inip": "64", "analysis_list": [{"lemma": "*", "tag": "Z-----------", "original_form": "They are gripped because Paul writes so well"}], "type": "phrase", "id": "49"}, {"endp": "108", "style": {"isItalics": "no", "isUnderlined": "no", "isTitle": "no", "isBold": "no"}, "inip": "108", "form": ".", "quote_level": "0", "affected_by_negation": "no", "separation": "A", "analysis_list": [{"lemma": ".", "tag": "1D--", "original_form": "."}], "id": "26"}], "inip": "64", "quote_level": "0", "affected_by_negation": "no", "separation": "A", "type": "sentence", "id": "34"}]}