{"status": {"msg": "OK", "credits": "1", "remaining_credits": "39820", "code": "0"}, "token_list": [{"endp": "61", "style": {"isItalics": "no", "isUnderlined": "no", "isTitle": "no", "isBold": "no"}, "token_list": [{"endp": "22", "style": {"isItalics": "no", "isUnderlined": "no", "isTitle": "no", "isBold": "no"}, "token_list": [{"endp": "3", "style": {"isItalics": "no", "isUnderlined": "no", "isTitle": "no", "isBold": "no"}, "token_list": [{"endp": "3", "style": {"isItalics": "no", "isUnderlined": "no", "isTitle": "no", "isBold": "no"}, "inip": "0", "form": "Mary", "quote_level": "0", "affected_by_negation": "no", "separation": "_", "analysis_list": [{"lemma": "Mary", "tag": "NPFS-N-", "sense_id_list": [{"sense_id": "25653f61af"}], "original_form": "Mary"}], "sense_list": [{"info": "sementity/class=instance@fiction=nonfiction@id=ODENTITY_FIRST_NAME@type=Top>Person>FirstName\tsemld_list=sumo:FirstName", "id": "25653f61af", "form": "Mary"}], "id": "1"}], "separation": "_", "form": "Mary", "quote_level": "0", "head": "1", "syntactic_tree_relation_list": [{"type": "isSubject", "id": "7"}, {"type": "isSubject", "id": "2"}, {"type": "iof_isPossessor", "id": "32"}, {"type": "iof_isPossessor", "id": "34"}, {"type": "iof_isAnaphora", "id": "42"}, {"type": "iof_isAnaphora", "id": "41"}, {"type": "iof_isAnaphora", "id": "40"}], "affected_by_negation": "no", "inip": "0", "analysis_list": [{"lemma": "Mary", "tag": "GNFS3S--", "original_form": "Mary"}], "type": "phrase", "id": "31"}, {"endp": "8", "style": {"isItalics": "no", "isUnderlined": "no", "isTitle": "no", "isBold": "no"}, "inip": "5", "form": "took", "quote_level": "0", "syntactic_tree_relation_list": [{"type": "iof_isSubject", "id": "31"}, {"type": "iof_isLocationComplement", "id": "36"}], "affected_by_negation": "no", "separation": "1", "analysis_list": [{"lemma": "take", "tag": "VI-S3ASA-N-N7", "sense_id_list": [{"sense_id": "ODENTITY_BODY_MOTION"}, {"sense_id": "ODENTITY_TRANSACTION"}, {"sense_id": "ODENTITY_CONTENT_DEVELOPMENT"}, {"sense_id": "ODENTITY_CONTEST"}, {"sense_id": "ODENTITY_CHANGE_OF_POSSESSION"}, {"sense_id": "ODENTITY_INTENTIONAL_PROCESS"}, {"sense_id": "ODENTITY_BIOLOGICAL_PROCESS"}, {"sense_id": "ODENTITY_INTENTIONAL_PSYCHOLOGICAL_PROCESS"}, {"sense_id": "ODENTITY_LEARNING"}, {"sense_id": "ODENTITY_MOTION"}, {"sense_id": "ODENTITY_SOCIAL_INTERACTION"}, {"sense_id": "ODENTITY_PROCESS"}, {"sense_id": "ODENTITY_TRANSFER"}, {"sense_id": "ODENTITY_SELECTING"}, {"sense_id": "ODENTITY_LINGUISTIC_COMMUNICATION"}, {"sense_id": "ODENTITY_TRANSPORTATION"}], "original_form": "took"}], "sense_list": [{"info": "sementity/id=ODENTITY_BIOLOGICAL_PROCESS@type=Top>Process>InternalChange>BiologicalProcess\tsemld_list=sumo:Entity", "id": "ODENTITY_BIOLOGICAL_PROCESS", "form": "take"}, {"info": "sementity/id=ODENTITY_BODY_MOTION@type=Top>Process>Motion>BodyMotion\tsemld_list=sumo:Entity", "id": "ODENTITY_BODY_MOTION", "form": "take"}, {"info": "sementity/id=ODENTITY_CHANGE_OF_POSSESSION@type=Top>Process>IntentionalProcess>SocialInteraction>ChangeOfPossession\tsemld_list=sumo:IntentionalProcess", "id": "ODENTITY_CHANGE_OF_POSSESSION", "form": "take"}, {"info": "sementity/id=ODENTITY_CONTENT_DEVELOPMENT@type=Top>Process>IntentionalProcess>ContentDevelopment\tsemld_list=sumo:IntentionalProcess", "id": "ODENTITY_CONTENT_DEVELOPMENT", "form": "take"}, {"info": "sementity/id=ODENTITY_CONTEST@type=Top>Process>IntentionalProcess>SocialInteraction>Contest\tsemld_list=sumo:IntentionalProcess", "id": "ODENTITY_CONTEST", "form": "take"}, {"info": "sementity/id=ODENTITY_INTENTIONAL_PROCESS@type=Top>Process>IntentionalProcess\tsemld_list=sumo:IntentionalProcess", "id": "ODENTITY_INTENTIONAL_PROCESS", "form": "take"}, {"info": "sementity/id=ODENTITY_INTENTIONAL_PSYCHOLOGICAL_PROCESS@type=Top>Process>IntentionalProcess>IntentionalPsychologicalProcess\tsemld_list=sumo:IntentionalProcess", "id": "ODENTITY_INTENTIONAL_PSYCHOLOGICAL_PROCESS", "form": "take"}, {"info": "sementity/id=ODENTITY_LEARNING@type=Top>Process>IntentionalProcess>IntentionalPsychologicalProcess>Learning\tsemld_list=sumo:IntentionalProcess", "id": "ODENTITY_LEARNING", "form": "take"}, {"info": "sementity/id=ODENTITY_LINGUISTIC_COMMUNICATION@type=Top>Process>ContentBearingProcess>CommunicationProcess>LinguisticCommunication\tsemld_list=sumo:Entity", "id": "ODENTITY_LINGUISTIC_COMMUNICATION", "form": "take"}, {"info": "sementity/id=ODENTITY_MOTION@type=Top>Process>Motion\tsemld_list=sumo:Entity", "id": "ODENTITY_MOTION", "form": "take"}, {"info": "sementity/id=ODENTITY_PROCESS@type=Top>Process\tsemld_list=sumo:Entity", "id": "ODENTITY_PROCESS", "form": "take"}, {"info": "sementity/id=ODENTITY_SELECTING@type=Top>Process>IntentionalProcess>IntentionalPsychologicalProcess>Selecting\tsemld_list=sumo:IntentionalProcess", "id": "ODENTITY_SELECTING", "form": "take"}, {"info": "sementity/id=ODENTITY_SOCIAL_INTERACTION@type=Top>Process>IntentionalProcess>SocialInteraction\tsemld_list=sumo:IntentionalProcess", "id": "ODENTITY_SOCIAL_INTERACTION", "form": "take"}, {"info": "sementity/id=ODENTITY_TRANSACTION@type=Top>Process>DualObjectProcess>Transaction\tsemld_list=sumo:Entity", "id": "ODENTITY_TRANSACTION", "form": "take"}, {"info": "sementity/id=ODENTITY_TRANSFER@type=Top>Process>Motion>Translocation>Transfer\tsemld_list=sumo:Entity", "id": "ODENTITY_TRANSFER", "form": "take"}, {"info": "sementity/id=ODENTITY_TRANSPORTATION@type=Top>Process>Motion>Translocation>Transportation\tsemld_list=sumo:Entity", "id": "ODENTITY_TRANSPORTATION", "form": "take"}], "id": "2"}, {"endp": "12", "style": {"isItalics": "no", "isUnderlined": "no", "isTitle": "no", "isBold": "no"}, "token_list": [{"endp": "12", "style": {"isItalics": "no", "isUnderlined": "no", "isTitle": "no", "isBold": "no"}, "inip": "10", "form": "out", "quote_level": "0", "affected_by_negation": "no", "separation": "1", "analysis_list": [{"lemma": "out", "tag": "ENLPN4", "original_form": "out"}], "id": "3"}], "separation": "1", "form": "out", "quote_level": "0", "head": "3", "syntactic_tree_relation_list": [{"type": "isLocationComplement", "id": "2"}], "affected_by_negation": "no", "inip": "10", "analysis_list": [{"lemma": "out", "tag": "GEL--L--", "original_form": "out"}], "type": "phrase", "id": "36"}, {"endp": "22", "style": {"isItalics": "no", "isUnderlined": "no", "isTitle": "no", "isBold": "no"}, "token_list": [{"endp": "16", "style": {"isItalics": "no", "isUnderlined": "no", "isTitle": "no", "isBold": "no"}, "inip": "14", "form": "her", "quote_level": "0", "affected_by_negation": "no", "separation": "1", "analysis_list": [{"lemma": "her", "tag": "SD-SFS3N7", "sense_id_list": [{"sense_id": "PRONHUMAN"}], "original_form": "her"}], "sense_list": [{"info": "semhum=human", "id": "PRONHUMAN", "form": "her"}], "id": "4"}, {"endp": "22", "style": {"isItalics": "no", "isUnderlined": "no", "isTitle": "no", "isBold": "no"}, "inip": "18", "form": "flute", "quote_level": "0", "affected_by_negation": "no", "separation": "1", "analysis_list": [{"lemma": "flute", "tag": "NC-S-N-", "sense_id_list": [{"sense_id": "943e1cbd04"}, {"sense_id": "e93b315493"}], "original_form": "flute"}], "sense_list": [{"info": "sementity/class=class@fiction=nonfiction@id=ODENTITY_PRODUCT@type=Top>Product\tsemld_list=sumo:Artifact\tsemtheme_list/id=ODTHEME_MUSIC@type=Top>Arts>Music", "id": "943e1cbd04", "form": "flute"}, {"info": "sementity/class=class@fiction=nonfiction@id=ODENTITY_INSTRUMENT@type=Top>Product>Machine>Instrument\tsemld_list=sumo:Artifact\tsemtheme_list/id=ODTHEME_MUSIC@type=Top>Arts>Music", "id": "e93b315493", "form": "flute"}], "id": "5"}], "separation": "1", "form": "her flute", "quote_level": "0", "head": "5", "syntactic_tree_relation_list": [{"type": "isPossessor", "id": "31"}], "affected_by_negation": "no", "inip": "14", "analysis_list": [{"lemma": "flute", "tag": "GN-S3---", "original_form": "her flute"}], "type": "phrase", "id": "32"}], "separation": "_", "form": "Mary took out her flute", "quote_level": "0", "affected_by_negation": "no", "inip": "0", "analysis_list": [{"lemma": "*", "tag": "ZC----------", "original_form": "Mary took out her flute"}], "type": "phrase", "id": "37"}, {"endp": "26", "style": {"isItalics": "no", "isUnderlined": "no", "isTitle": "no", "isBold": "no"}, "inip": "24", "form": "and", "quote_level": "0", "affected_by_negation": "no", "separation": "1", "analysis_list": [{"lemma": "and", "tag": "CCYN9", "original_form": "and"}], "id": "6"}, {"endp": "60", "style": {"isItalics": "no", "isUnderlined": "no", "isTitle": "no", "isBold": "no"}, "token_list": [{"endp": "33", "style": {"isItalics": "no", "isUnderlined": "no", "isTitle": "no", "isBold": "no"}, "inip": "28", "form": "played", "quote_level": "0", "syntactic_tree_relation_list": [{"type": "iof_isSubject", "id": "31"}, {"type": "iof_isDirectObject", "id": "34"}], "affected_by_negation": "no", "separation": "1", "analysis_list": [{"lemma": "play", "tag": "VP---ASA-N-N5", "sense_id_list": [{"sense_id": "ODENTITY_CONTEST"}, {"sense_id": "ODENTITY_GAME"}, {"sense_id": "ODENTITY_TRANSFER"}, {"sense_id": "ODENTITY_INTENTIONAL_PROCESS"}, {"sense_id": "ODENTITY_INTENTIONAL_PSYCHOLOGICAL_PROCESS"}, {"sense_id": "ODENTITY_MOTION"}, {"sense_id": "ODENTITY_RADIATING"}, {"sense_id": "ODENTITY_SOCIAL_INTERACTION"}, {"sense_id": "ODENTITY_PROCESS"}, {"sense_id": "ODENTITY_RECREATION_OR_EXERCISE"}, {"sense_id": "ODENTITY_GAMING"}], "original_form": "played"}, {"lemma": "play", "tag": "VI-UUASA-N-N5", "sense_id_list": [{"sense_id": "ODENTITY_CONTEST"}, {"sense_id": "ODENTITY_GAME"}, {"sense_id": "ODENTITY_TRANSFER"}, {"sense_id": "ODENTITY_INTENTIONAL_PROCESS"}, {"sense_id": "ODENTITY_INTENTIONAL_PSYCHOLOGICAL_PROCESS"}, {"sense_id": "ODENTITY_MOTION"}, {"sense_id": "ODENTITY_RADIATING"}, {"sense_id": "ODENTITY_SOCIAL_INTERACTION"}, {"sense_id": "ODENTITY_PROCESS"}, {"sense_id": "ODENTITY_RECREATION_OR_EXERCISE"}, {"sense_id": "ODENTITY_GAMING"}], "original_form": "played"}], "sense_list": [{"info": "sementity/id=ODENTITY_CONTEST@type=Top>Process>IntentionalProcess>SocialInteraction>Contest\tsemld_list=sumo:IntentionalProcess", "id": "ODENTITY_CONTEST", "form": "play"}, {"info": "sementity/id=ODENTITY_GAME@type=Top>Product>CulturalProduct>Game\tsemld_list=sumo:CulturalProduct", "id": "ODENTITY_GAME", "form": "play"}, {"info": "sementity/id=ODENTITY_GAMING@type=Top>Process>IntentionalProcess>RecreationOrExercise>Gaming\tsemld_list=sumo:IntentionalProcess", "id": "ODENTITY_GAMING", "form": "play"}, {"info": "sementity/id=ODENTITY_INTENTIONAL_PROCESS@type=Top>Process>IntentionalProcess\tsemld_list=sumo:IntentionalProcess", "id": "ODENTITY_INTENTIONAL_PROCESS", "form": "play"}, {"info": "sementity/id=ODENTITY_INTENTIONAL_PSYCHOLOGICAL_PROCESS@type=Top>Process>IntentionalProcess>IntentionalPsychologicalProcess\tsemld_list=sumo:IntentionalProcess", "id": "ODENTITY_INTENTIONAL_PSYCHOLOGICAL_PROCESS", "form": "play"}, {"info": "sementity/id=ODENTITY_MOTION@type=Top>Process>Motion\tsemld_list=sumo:Entity", "id": "ODENTITY_MOTION", "form": "play"}, {"info": "sementity/id=ODENTITY_PROCESS@type=Top>Process\tsemld_list=sumo:Entity", "id": "ODENTITY_PROCESS", "form": "play"}, {"info": "sementity/id=ODENTITY_RADIATING@type=Top>Process>Motion>Radiating\tsemld_list=sumo:Entity", "id": "ODENTITY_RADIATING", "form": "play"}, {"info": "sementity/id=ODENTITY_RECREATION_OR_EXERCISE@type=Top>Process>IntentionalProcess>RecreationOrExercise\tsemld_list=sumo:IntentionalProcess", "id": "ODENTITY_RECREATION_OR_EXERCISE", "form": "play"}, {"info": "sementity/id=ODENTITY_SOCIAL_INTERACTION@type=Top>Process>IntentionalProcess>SocialInteraction\tsemld_list=sumo:IntentionalProcess", "id": "ODENTITY_SOCIAL_INTERACTION", "form": "play"}, {"info": "sementity/id=ODENTITY_TRANSFER@type=Top>Process>Motion>Translocation>Transfer\tsemld_list=sumo:Entity", "id": "ODENTITY_TRANSFER", "form": "play"}], "id": "7"}, {"endp": "60", "style": {"isItalics": "no", "isUnderlined": "no", "isTitle": "no", "isBold": "no"}, "token_list": [{"endp": "37", "style": {"isItalics": "no", "isUnderlined": "no", "isTitle": "no", "isBold": "no"}, "separation": "1", "form": "one", "quote_level": "0", "affected_by_negation": "no", "inip": "35", "analysis_list": [{"lemma": "one", "tag": "MP-SCN7", "sense_id_list": [{"sense_id": "e01b5f50fb"}], "original_form": "one"}, {"lemma": "one", "tag": "QP-SPN7", "original_form": "one"}], "sense_list": [{"info": "sementity/class=class@fiction=nonfiction@id=ODENTITY_NUMEX@type=Top>Numex\tsemld_list=sumo:Quantity", "id": "e01b5f50fb", "form": "one"}], "id": "8", "normalized_form": "numeric@1"}, {"endp": "60", "style": {"isItalics": "no", "isUnderlined": "no", "isTitle": "no", "isBold": "no"}, "token_list": [{"endp": "40", "style": {"isItalics": "no", "isUnderlined": "no", "isTitle": "no", "isBold": "no"}, "inip": "39", "form": "of", "quote_level": "0", "affected_by_negation": "no", "separation": "1", "analysis_list": [{"lemma": "of", "tag": "YN9", "original_form": "of"}], "id": "9"}, {"endp": "60", "style": {"isItalics": "no", "isUnderlined": "no", "isTitle": "no", "isBold": "no"}, "token_list": [{"endp": "44", "style": {"isItalics": "no", "isUnderlined": "no", "isTitle": "no", "isBold": "no"}, "inip": "42", "form": "her", "quote_level": "0", "affected_by_negation": "no", "separation": "1", "analysis_list": [{"lemma": "her", "tag": "SD-PFS3N7", "sense_id_list": [{"sense_id": "PRONHUMAN"}], "original_form": "her"}], "sense_list": [{"info": "semhum=human", "id": "PRONHUMAN", "form": "her"}], "id": "10"}, {"endp": "53", "style": {"isItalics": "no", "isUnderlined": "no", "isTitle": "no", "isBold": "no"}, "inip": "46", "form": "favorite", "quote_level": "0", "affected_by_negation": "no", "separation": "1", "analysis_list": [{"check_info": {"form_list": [{"form": "favourite"}], "tag": "aR-1-"}, "variety_dictionary": "en-GB", "lemma": "favorite", "tag": "NC-S-N-", "original_form": "favorite", "sense_id_list": [{"sense_id": "fb40d84a11"}]}], "sense_list": [{"info": "sementity/class=class@fiction=nonfiction@id=ODENTITY_PERSON@type=Top>Person\tsemld_list=sumo:Human", "id": "fb40d84a11", "form": "favorite"}], "id": "11"}, {"endp": "60", "style": {"isItalics": "no", "isUnderlined": "no", "isTitle": "no", "isBold": "no"}, "inip": "55", "form": "pieces", "quote_level": "0", "affected_by_negation": "no", "separation": "1", "analysis_list": [{"lemma": "piece", "tag": "NC-P-N6", "original_form": "pieces"}], "id": "12"}], "separation": "1", "form": "her favorite pieces", "quote_level": "0", "head": "12", "affected_by_negation": "no", "inip": "42", "analysis_list": [{"lemma": "piece", "tag": "GN-P3---", "original_form": "her favorite pieces"}], "type": "phrase", "id": "33"}], "separation": "1", "form": "of her favorite pieces", "quote_level": "0", "head": "9", "affected_by_negation": "no", "inip": "39", "analysis_list": [{"lemma": "of", "tag": "GY------", "original_form": "of her favorite pieces"}], "type": "phrase", "id": "35"}], "separation": "1", "form": "one of her favorite pieces", "quote_level": "0", "head": "8", "syntactic_tree_relation_list": [{"type": "isDirectObject", "id": "7"}, {"type": "isPossessor", "id": "31"}], "affected_by_negation": "no", "inip": "35", "analysis_list": [{"lemma": "one", "tag": "GN-S3D--", "original_form": "one"}], "type": "phrase", "id": "34"}], "separation": "1", "form": "played one of her favorite pieces", "quote_level": "0", "affected_by_negation": "no", "inip": "28", "analysis_list": [{"lemma": "*", "tag": "ZC----------", "original_form": "played one of her favorite pieces"}], "type": "phrase", "id": "38"}, {"endp": "61", "style": {"isItalics": "no", "isUnderlined": "no", "isTitle": "no", "isBold": "no"}, "inip": "61", "form": ".", "quote_level": "0", "affected_by_negation": "no", "separation": "A", "analysis_list": [{"lemma": ".", "tag": "1D--", "original_form": "."}], "id": "13"}], "inip": "0", "quote_level": "0", "affected_by_negation": "no", "separation": "A", "type": "sentence", "id": "26"}, {"endp": "101", "style": {"isItalics": "no", "isUnderlined": "no", "isTitle": "no", "isBold": "no"}, "token_list": [{"endp": "100", "style": {"isItalics": "no", "isUnderlined": "no", "isTitle": "no", "isBold": "no"}, "token_list": [{"endp": "65", "style": {"isItalics": "no", "isUnderlined": "no", "isTitle": "no", "isBold": "no"}, "token_list": [{"endp": "65", "style": {"isItalics": "no", "isUnderlined": "no", "isTitle": "no", "isBold": "no"}, "inip": "63", "form": "She", "quote_level": "0", "affected_by_negation": "no", "separation": "1", "analysis_list": [{"lemma": "she", "tag": "PPFS3NN8", "sense_id_list": [{"sense_id": "PRONHUMAN"}], "original_form": "she"}], "sense_list": [{"info": "semhum=human", "id": "PRONHUMAN", "form": "she"}], "id": "14"}], "separation": "1", "form": "She", "quote_level": "0", "head": "14", "syntactic_tree_relation_list": [{"type": "isAnaphora", "id": "31"}, {"type": "isSubject", "id": "25"}], "affected_by_negation": "no", "inip": "63", "analysis_list": [{"lemma": "she", "tag": "GNFS3S--", "original_form": "She"}], "type": "phrase", "id": "42"}, {"endp": "75", "style": {"isItalics": "no", "isUnderlined": "no", "isTitle": "no", "isBold": "no"}, "separation": "1", "form": "has loved", "quote_level": "0", "head": "15", "syntactic_tree_relation_list": [{"type": "iof_isSubject", "id": "42"}, {"type": "iof_isDirectObject", "id": "41"}, {"type": "iof_isTimeComplement", "id": "43"}], "affected_by_negation": "no", "inip": "67", "analysis_list": [{"lemma": "love", "tag": "VI-S3PPA-N-N9", "original_form": "has loved"}], "type": "multiword", "id": "25"}, {"endp": "78", "style": {"isItalics": "no", "isUnderlined": "no", "isTitle": "no", "isBold": "no"}, "token_list": [{"endp": "78", "style": {"isItalics": "no", "isUnderlined": "no", "isTitle": "no", "isBold": "no"}, "inip": "77", "form": "it", "quote_level": "0", "affected_by_negation": "no", "separation": "1", "analysis_list": [{"lemma": "it", "tag": "PP-S3AN8", "sense_id_list": [{"sense_id": "PRONNONHUMAN"}], "original_form": "it"}], "sense_list": [{"info": "semhum=nonhuman", "id": "PRONNONHUMAN", "form": "it"}], "id": "17"}], "separation": "1", "form": "it", "quote_level": "0", "head": "17", "syntactic_tree_relation_list": [{"type": "isAnaphora", "id": "31"}, {"type": "isDirectObject", "id": "25"}], "affected_by_negation": "no", "inip": "77", "analysis_list": [{"lemma": "it", "tag": "GN-S3D--", "original_form": "it"}], "type": "phrase", "id": "41"}, {"endp": "84", "style": {"isItalics": "no", "isUnderlined": "no", "isTitle": "no", "isBold": "no"}, "token_list": [{"endp": "84", "style": {"isItalics": "no", "isUnderlined": "no", "isTitle": "no", "isBold": "no"}, "inip": "80", "form": "since", "quote_level": "0", "affected_by_negation": "no", "separation": "1", "analysis_list": [{"lemma": "since", "tag": "ENTPN4", "original_form": "since"}], "id": "18"}], "separation": "1", "form": "since", "quote_level": "0", "head": "18", "syntactic_tree_relation_list": [{"type": "isTimeComplement", "id": "25"}], "affected_by_negation": "no", "inip": "80", "analysis_list": [{"lemma": "since", "tag": "GET--T--", "original_form": "since"}], "type": "phrase", "id": "43"}, {"endp": "88", "style": {"isItalics": "no", "isUnderlined": "no", "isTitle": "no", "isBold": "no"}, "token_list": [{"endp": "88", "style": {"isItalics": "no", "isUnderlined": "no", "isTitle": "no", "isBold": "no"}, "inip": "86", "form": "she", "quote_level": "0", "affected_by_negation": "no", "separation": "1", "analysis_list": [{"lemma": "she", "tag": "PPFS3NN8", "sense_id_list": [{"sense_id": "PRONHUMAN"}], "original_form": "she"}], "sense_list": [{"info": "semhum=human", "id": "PRONHUMAN", "form": "she"}], "id": "19"}], "separation": "1", "form": "she", "quote_level": "0", "head": "19", "syntactic_tree_relation_list": [{"type": "isAnaphora", "id": "31"}, {"type": "isSubject", "id": "20"}], "affected_by_negation": "no", "inip": "86", "analysis_list": [{"lemma": "she", "tag": "GNFS3S--", "original_form": "she"}], "type": "phrase", "id": "40"}, {"endp": "92", "style": {"isItalics": "no", "isUnderlined": "no", "isTitle": "no", "isBold": "no"}, "inip": "90", "form": "was", "quote_level": "0", "syntactic_tree_relation_list": [{"type": "iof_isSubject", "id": "40"}, {"type": "iof_isAttribute", "id": "39"}], "affected_by_negation": "no", "separation": "1", "analysis_list": [{"lemma": "be", "tag": "VI-S3ASA-N-N9", "original_form": "was"}], "id": "20"}, {"endp": "100", "style": {"isItalics": "no", "isUnderlined": "no", "isTitle": "no", "isBold": "no"}, "token_list": [{"endp": "94", "style": {"isItalics": "no", "isUnderlined": "no", "isTitle": "no", "isBold": "no"}, "inip": "94", "form": "a", "quote_level": "0", "affected_by_negation": "no", "separation": "1", "analysis_list": [{"lemma": "a", "tag": "QD-SPN9", "original_form": "a"}], "id": "21"}, {"endp": "100", "style": {"isItalics": "no", "isUnderlined": "no", "isTitle": "no", "isBold": "no"}, "inip": "96", "form": "child", "quote_level": "0", "affected_by_negation": "no", "separation": "1", "analysis_list": [{"lemma": "child", "tag": "NC-S-N7", "sense_id_list": [{"sense_id": "88b99f4a4d"}], "original_form": "child"}], "sense_list": [{"info": "sementity/class=class@fiction=nonfiction@id=ODENTITY_PERSON@type=Top>Person\tsemld_list=sumo:Human", "id": "88b99f4a4d", "form": "child"}], "id": "22"}], "separation": "1", "form": "a child", "quote_level": "0", "head": "22", "syntactic_tree_relation_list": [{"type": "isAttribute", "id": "20"}], "affected_by_negation": "no", "inip": "94", "analysis_list": [{"lemma": "child", "tag": "GN-S3A--", "original_form": "a child"}], "type": "phrase", "id": "39"}], "separation": "1", "form": "She has loved it since she was a child", "quote_level": "0", "affected_by_negation": "no", "inip": "63", "analysis_list": [{"lemma": "*", "tag": "Z-----------", "original_form": "She has loved it since she was a child"}], "type": "phrase", "id": "44"}, {"endp": "101", "style": {"isItalics": "no", "isUnderlined": "no", "isTitle": "no", "isBold": "no"}, "inip": "101", "form": ".", "quote_level": "0", "affected_by_negation": "no", "separation": "A", "analysis_list": [{"lemma": ".", "tag": "1D--", "original_form": "."}], "id": "23"}], "inip": "63", "quote_level": "0", "affected_by_negation": "no", "separation": "A", "type": "sentence", "id": "28"}]}