{"status": {"msg": "OK", "credits": "1", "remaining_credits": "39818", "code": "0"}, "token_list": [{"endp": "80", "style": {"isItalics": "no", "isUnderlined": "no", "isTitle": "no", "isBold": "no"}, "token_list": [{"endp": "33", "style": {"isItalics": "no", "isUnderlined": "no", "isTitle": "no", "isBold": "no"}, "token_list": [{"endp": "2", "style": {"isItalics": "no", "isUnderlined": "no", "isTitle": "no", "isBold": "no"}, "token_list": [{"endp": "2", "style": {"isItalics": "no", "isUnderlined": "no", "isTitle": "no", "isBold": "no"}, "inip": "0", "form": "Sam", "quote_level": "0", "affected_by_negation": "no", "separation": "_", "analysis_list": [{"lemma": "Sam", "tag": "NPUS-N-", "sense_id_list": [{"sense_id": "0bd9abb268"}], "original_form": "Sam"}], "sense_list": [{"info": "sementity/class=instance@fiction=nonfiction@id=ODENTITY_FIRST_NAME@type=Top>Person>FirstName\tsemld_list=sumo:FirstName", "id": "0bd9abb268", "form": "Sam"}], "id": "1"}], "separation": "_", "form": "Sam", "quote_level": "0", "head": "1", "syntactic_tree_relation_list": [{"type": "isSubject", "id": "2"}, {"type": "iof_isAnaphora", "id": "31"}, {"type": "iof_isAnaphora", "id": "30"}], "affected_by_negation": "no", "inip": "0", "analysis_list": [{"lemma": "Sam", "tag": "GNUS3S--", "original_form": "Sam"}], "type": "phrase", "id": "27"}, {"endp": "9", "style": {"isItalics": "no", "isUnderlined": "no", "isTitle": "no", "isBold": "no"}, "inip": "4", "form": "pulled", "quote_level": "0", "syntactic_tree_relation_list": [{"type": "iof_isSubject", "id": "27"}, {"type": "iof_isComplement", "id": "34"}], "affected_by_negation": "no", "separation": "1", "analysis_list": [{"lemma": "pull", "tag": "VI-S3ASA-N-N6", "sense_id_list": [{"sense_id": "ODENTITY_INTENTIONAL_PROCESS"}, {"sense_id": "ODENTITY_TRANSFER"}, {"sense_id": "ODENTITY_DAMAGING"}, {"sense_id": "ODENTITY_INTENTIONAL_PSYCHOLOGICAL_PROCESS"}, {"sense_id": "ODENTITY_MOTION"}, {"sense_id": "ODENTITY_PROCESS"}, {"sense_id": "ODENTITY_SEPARATING"}, {"sense_id": "ODENTITY_SOCIAL_INTERACTION"}, {"sense_id": "ODENTITY_TRANSPORTATION"}], "original_form": "pulled"}], "sense_list": [{"info": "sementity/id=ODENTITY_DAMAGING@type=Top>Process>InternalChange>Damaging\tsemld_list=sumo:Entity", "id": "ODENTITY_DAMAGING", "form": "pull"}, {"info": "sementity/id=ODENTITY_INTENTIONAL_PROCESS@type=Top>Process>IntentionalProcess\tsemld_list=sumo:IntentionalProcess", "id": "ODENTITY_INTENTIONAL_PROCESS", "form": "pull"}, {"info": "sementity/id=ODENTITY_INTENTIONAL_PSYCHOLOGICAL_PROCESS@type=Top>Process>IntentionalProcess>IntentionalPsychologicalProcess\tsemld_list=sumo:IntentionalProcess", "id": "ODENTITY_INTENTIONAL_PSYCHOLOGICAL_PROCESS", "form": "pull"}, {"info": "sementity/id=ODENTITY_MOTION@type=Top>Process>Motion\tsemld_list=sumo:Entity", "id": "ODENTITY_MOTION", "form": "pull"}, {"info": "sementity/id=ODENTITY_PROCESS@type=Top>Process\tsemld_list=sumo:Entity", "id": "ODENTITY_PROCESS", "form": "pull"}, {"info": "sementity/id=ODENTITY_SEPARATING@type=Top>Process>DualObjectProcess>Separating\tsemld_list=sumo:Entity", "id": "ODENTITY_SEPARATING", "form": "pull"}, {"info": "sementity/id=ODENTITY_SOCIAL_INTERACTION@type=Top>Process>IntentionalProcess>SocialInteraction\tsemld_list=sumo:IntentionalProcess", "id": "ODENTITY_SOCIAL_INTERACTION", "form": "pull"}, {"info": "sementity/id=ODENTITY_TRANSFER@type=Top>Process>Motion>Translocation>Transfer\tsemld_list=sumo:Entity", "id": "ODENTITY_TRANSFER", "form": "pull"}, {"info": "sementity/id=ODENTITY_TRANSPORTATION@type=Top>Process>Motion>Translocation>Transportation\tsemld_list=sumo:Entity", "id": "ODENTITY_TRANSPORTATION", "form": "pull"}], "id": "2"}, {"endp": "33", "style": {"isItalics": "no", "isUnderlined": "no", "isTitle": "no", "isBold": "no"}, "token_list": [{"endp": "12", "style": {"isItalics": "no", "isUnderlined": "no", "isTitle": "no", "isBold": "no"}, "inip": "11", "form": "up", "quote_level": "0", "affected_by_negation": "no", "separation": "1", "analysis_list": [{"lemma": "up", "tag": "YN6", "original_form": "up"}], "id": "3"}, {"endp": "33", "style": {"isItalics": "no", "isUnderlined": "no", "isTitle": "no", "isBold": "no"}, "token_list": [{"endp": "14", "style": {"isItalics": "no", "isUnderlined": "no", "isTitle": "no", "isBold": "no"}, "inip": "14", "form": "a", "quote_level": "0", "affected_by_negation": "no", "separation": "1", "analysis_list": [{"lemma": "a", "tag": "QD-SPN9", "original_form": "a"}], "id": "4"}, {"endp": "20", "style": {"isItalics": "no", "isUnderlined": "no", "isTitle": "no", "isBold": "no"}, "inip": "16", "form": "chair", "quote_level": "0", "affected_by_negation": "no", "separation": "1", "analysis_list": [{"lemma": "chair", "tag": "NC-S-N3", "sense_id_list": [{"sense_id": "38e4c77d77"}], "original_form": "chair"}], "sense_list": [{"info": "sementity/class=class@fiction=nonfiction@id=ODENTITY_FACILITY@type=Top>Location>Facility\tsemld_list=sumo:FacilityPartOther", "id": "38e4c77d77", "form": "chair"}], "id": "5"}, {"endp": "33", "style": {"isItalics": "no", "isUnderlined": "no", "isTitle": "no", "isBold": "no"}, "token_list": [{"endp": "23", "style": {"isItalics": "no", "isUnderlined": "no", "isTitle": "no", "isBold": "no"}, "inip": "22", "form": "to", "quote_level": "0", "affected_by_negation": "no", "separation": "1", "analysis_list": [{"lemma": "to", "tag": "YN6", "original_form": "to"}], "id": "6"}, {"endp": "33", "style": {"isItalics": "no", "isUnderlined": "no", "isTitle": "no", "isBold": "no"}, "token_list": [{"endp": "27", "style": {"isItalics": "no", "isUnderlined": "no", "isTitle": "no", "isBold": "no"}, "inip": "25", "form": "the", "quote_level": "0", "affected_by_negation": "no", "separation": "1", "analysis_list": [{"lemma": "the", "tag": "TD-SN9", "original_form": "the"}], "id": "7"}, {"endp": "33", "style": {"isItalics": "no", "isUnderlined": "no", "isTitle": "no", "isBold": "no"}, "inip": "29", "form": "piano", "quote_level": "0", "affected_by_negation": "no", "separation": "1", "analysis_list": [{"lemma": "piano", "tag": "NC-S-N4", "sense_id_list": [{"sense_id": "96faa917ee"}], "original_form": "piano"}], "sense_list": [{"info": "sementity/class=class@fiction=nonfiction@id=ODENTITY_INSTRUMENT@type=Top>Product>Machine>Instrument\tsemld_list=sumo:Artifact\tsemtheme_list/id=ODTHEME_MUSIC@type=Top>Arts>Music", "id": "96faa917ee", "form": "piano"}], "id": "8"}], "separation": "1", "form": "the piano", "quote_level": "0", "head": "8", "affected_by_negation": "no", "inip": "25", "analysis_list": [{"lemma": "piano", "tag": "GN-S3---", "original_form": "the piano"}], "type": "phrase", "id": "29"}], "separation": "1", "form": "to the piano", "quote_level": "0", "head": "6", "affected_by_negation": "no", "inip": "22", "analysis_list": [{"lemma": "to", "tag": "GY------", "original_form": "to the piano"}], "type": "phrase", "id": "33"}], "separation": "1", "form": "a chair to the piano", "quote_level": "0", "head": "5", "affected_by_negation": "no", "inip": "14", "analysis_list": [{"lemma": "chair", "tag": "GN-S3---", "original_form": "a chair"}], "type": "phrase", "id": "28"}], "separation": "1", "form": "up a chair to the piano", "quote_level": "0", "head": "3", "syntactic_tree_relation_list": [{"type": "isComplement", "id": "2"}], "affected_by_negation": "no", "inip": "11", "analysis_list": [{"lemma": "up", "tag": "GY---C--", "original_form": "up a chair to the piano"}], "type": "phrase", "id": "34"}], "separation": "_", "form": "Sam pulled up a chair to the piano", "quote_level": "0", "affected_by_negation": "no", "inip": "0", "analysis_list": [{"lemma": "*", "tag": "ZC----------", "original_form": "Sam pulled up a chair to the piano"}], "type": "phrase", "id": "36"}, {"endp": "34", "style": {"isItalics": "no", "isUnderlined": "no", "isTitle": "no", "isBold": "no"}, "inip": "34", "form": ",", "quote_level": "0", "affected_by_negation": "no", "separation": "A", "analysis_list": [{"lemma": ",", "tag": "1D--", "original_form": ","}], "id": "9"}, {"endp": "38", "style": {"isItalics": "no", "isUnderlined": "no", "isTitle": "no", "isBold": "no"}, "inip": "36", "form": "but", "quote_level": "0", "affected_by_negation": "no", "separation": "1", "analysis_list": [{"lemma": "but", "tag": "CCAN8", "original_form": "but"}], "id": "10"}, {"endp": "52", "style": {"isItalics": "no", "isUnderlined": "no", "isTitle": "no", "isBold": "no"}, "token_list": [{"endp": "41", "style": {"isItalics": "no", "isUnderlined": "no", "isTitle": "no", "isBold": "no"}, "token_list": [{"endp": "41", "style": {"isItalics": "no", "isUnderlined": "no", "isTitle": "no", "isBold": "no"}, "inip": "40", "form": "it", "quote_level": "0", "affected_by_negation": "no", "separation": "1", "analysis_list": [{"lemma": "it", "tag": "PP-S3NN8", "sense_id_list": [{"sense_id": "PRONNONHUMAN"}], "original_form": "it"}], "sense_list": [{"info": "semhum=nonhuman", "id": "PRONNONHUMAN", "form": "it"}], "id": "11"}], "separation": "1", "form": "it", "quote_level": "0", "head": "11", "syntactic_tree_relation_list": [{"type": "isAnaphora", "id": "27"}, {"type": "isSubject", "id": "23"}], "affected_by_negation": "no", "inip": "40", "analysis_list": [{"lemma": "it", "tag": "GN-S3S--", "original_form": "it"}], "type": "phrase", "id": "31"}, {"endp": "52", "style": {"isItalics": "no", "isUnderlined": "no", "isTitle": "no", "isBold": "no"}, "separation": "1", "form": "was broken", "quote_level": "0", "head": "12", "syntactic_tree_relation_list": [{"type": "iof_isSubject", "id": "31"}, {"type": "iof_isComplement", "id": "35"}], "affected_by_negation": "no", "inip": "43", "analysis_list": [{"lemma": "break", "tag": "VI-S3ASP-N-N9", "original_form": "was broken"}], "type": "multiword", "id": "23"}], "separation": "1", "form": "it was broken", "quote_level": "0", "affected_by_negation": "no", "inip": "40", "analysis_list": [{"lemma": "*", "tag": "ZC----------", "original_form": "it was broken"}], "type": "phrase", "id": "37"}, {"endp": "53", "style": {"isItalics": "no", "isUnderlined": "no", "isTitle": "no", "isBold": "no"}, "inip": "53", "form": ",", "quote_level": "0", "affected_by_negation": "no", "separation": "A", "analysis_list": [{"lemma": ",", "tag": "1D--", "original_form": ","}], "id": "14"}, {"endp": "79", "style": {"isItalics": "no", "isUnderlined": "no", "isTitle": "no", "isBold": "no"}, "token_list": [{"endp": "56", "style": {"isItalics": "no", "isUnderlined": "no", "isTitle": "no", "isBold": "no"}, "inip": "55", "form": "so", "quote_level": "0", "affected_by_negation": "no", "separation": "1", "analysis_list": [{"lemma": "so", "tag": "CSLN7", "original_form": "so"}, {"lemma": "so", "tag": "CSFN7", "original_form": "so"}], "id": "15"}, {"endp": "59", "style": {"isItalics": "no", "isUnderlined": "no", "isTitle": "no", "isBold": "no"}, "token_list": [{"endp": "59", "style": {"isItalics": "no", "isUnderlined": "no", "isTitle": "no", "isBold": "no"}, "inip": "58", "form": "he", "quote_level": "0", "affected_by_negation": "no", "separation": "1", "analysis_list": [{"lemma": "he", "tag": "PPMS3NN8", "sense_id_list": [{"sense_id": "PRONHUMAN"}], "original_form": "he"}], "sense_list": [{"info": "semhum=human", "id": "PRONHUMAN", "form": "he"}], "id": "16"}], "separation": "1", "form": "he", "quote_level": "0", "head": "16", "syntactic_tree_relation_list": [{"type": "isAnaphora", "id": "27"}, {"type": "isSubject", "id": "24"}], "affected_by_negation": "no", "inip": "58", "analysis_list": [{"lemma": "he", "tag": "GNMS3S--", "original_form": "he"}], "type": "phrase", "id": "30"}, {"endp": "71", "style": {"isItalics": "no", "isUnderlined": "no", "isTitle": "no", "isBold": "no"}, "separation": "1", "form": "had to sing", "quote_level": "0", "head": "17", "syntactic_tree_relation_list": [{"type": "iof_isSubject", "id": "30"}, {"type": "iof_isComplement", "id": "32"}], "affected_by_negation": "no", "inip": "61", "analysis_list": [{"lemma": "had to sing", "tag": "VI-UUASA-N-N9", "original_form": "had to sing"}], "type": "multiword", "id": "24"}, {"endp": "79", "style": {"isItalics": "no", "isUnderlined": "no", "isTitle": "no", "isBold": "no"}, "token_list": [{"endp": "79", "style": {"isItalics": "no", "isUnderlined": "no", "isTitle": "no", "isBold": "no"}, "inip": "73", "form": "instead", "quote_level": "0", "affected_by_negation": "no", "separation": "1", "analysis_list": [{"lemma": "instead", "tag": "ENOPN6", "original_form": "instead"}], "id": "20"}], "separation": "1", "form": "instead", "quote_level": "0", "head": "20", "syntactic_tree_relation_list": [{"type": "isComplement", "id": "24"}], "affected_by_negation": "no", "inip": "73", "analysis_list": [{"lemma": "instead", "tag": "GEO--C--", "original_form": "instead"}], "type": "phrase", "id": "32"}], "separation": "1", "form": "so he had to sing instead", "quote_level": "0", "syntactic_tree_relation_list": [{"type": "isComplement", "id": "23"}], "affected_by_negation": "no", "inip": "55", "analysis_list": [{"lemma": "*", "tag": "ZE---CIA----", "original_form": "so he had to sing instead"}], "type": "phrase", "id": "35"}, {"endp": "80", "style": {"isItalics": "no", "isUnderlined": "no", "isTitle": "no", "isBold": "no"}, "inip": "80", "form": ".", "quote_level": "0", "affected_by_negation": "no", "separation": "A", "analysis_list": [{"lemma": ".", "tag": "1D--", "original_form": "."}], "id": "21"}], "inip": "0", "quote_level": "0", "affected_by_negation": "no", "separation": "A", "type": "sentence", "id": "25"}]}