{"status": {"msg": "OK", "credits": "1", "remaining_credits": "39816", "code": "0"}, "token_list": [{"endp": "77", "style": {"isItalics": "no", "isUnderlined": "no", "isTitle": "no", "isBold": "no"}, "token_list": [{"endp": "76", "style": {"isItalics": "no", "isUnderlined": "no", "isTitle": "no", "isBold": "no"}, "token_list": [{"endp": "4", "style": {"isItalics": "no", "isUnderlined": "no", "isTitle": "no", "isBold": "no"}, "token_list": [{"endp": "4", "style": {"isItalics": "no", "isUnderlined": "no", "isTitle": "no", "isBold": "no"}, "inip": "0", "form": "Since", "quote_level": "0", "affected_by_negation": "no", "separation": "_", "analysis_list": [{"lemma": "since", "tag": "ENTPN4", "original_form": "since"}], "id": "1"}], "separation": "_", "form": "Since", "quote_level": "0", "head": "1", "syntactic_tree_relation_list": [{"type": "isTimeComplement", "id": "19"}], "affected_by_negation": "no", "inip": "0", "analysis_list": [{"lemma": "since", "tag": "GET--T--", "original_form": "Since"}], "type": "phrase", "id": "29"}, {"endp": "7", "style": {"isItalics": "no", "isUnderlined": "no", "isTitle": "no", "isBold": "no"}, "token_list": [{"endp": "7", "style": {"isItalics": "no", "isUnderlined": "no", "isTitle": "no", "isBold": "no"}, "inip": "6", "form": "it", "quote_level": "0", "affected_by_negation": "no", "separation": "1", "analysis_list": [{"lemma": "it", "tag": "PP-S3NN8", "sense_id_list": [{"sense_id": "PRONNONHUMAN"}], "original_form": "it"}], "sense_list": [{"info": "semhum=nonhuman", "id": "PRONNONHUMAN", "form": "it"}], "id": "2"}], "separation": "1", "form": "it", "quote_level": "0", "head": "2", "syntactic_tree_relation_list": [{"type": "isNonAnaphoric", "id": "27"}, {"type": "iof_isNonAnaphoric", "id": "27"}, {"type": "isSubject", "id": "19"}], "affected_by_negation": "no", "inip": "6", "analysis_list": [{"lemma": "it", "tag": "GN-S3S--", "original_form": "it"}], "type": "phrase", "id": "27"}, {"endp": "19", "style": {"isItalics": "no", "isUnderlined": "no", "isTitle": "no", "isBold": "no"}, "separation": "1", "form": "was raining", "quote_level": "0", "head": "3", "syntactic_tree_relation_list": [{"type": "iof_isTimeComplement", "id": "29"}, {"type": "iof_isSubject", "id": "27"}], "affected_by_negation": "no", "inip": "9", "analysis_list": [{"lemma": "rain", "tag": "VI-S3ACA-N-N9", "original_form": "was raining"}], "type": "multiword", "id": "19"}, {"endp": "20", "style": {"isItalics": "no", "isUnderlined": "no", "isTitle": "no", "isBold": "no"}, "inip": "20", "form": ",", "quote_level": "0", "affected_by_negation": "no", "separation": "A", "analysis_list": [{"lemma": ",", "tag": "1D--", "original_form": ","}], "id": "5"}, {"endp": "22", "style": {"isItalics": "no", "isUnderlined": "no", "isTitle": "no", "isBold": "no"}, "token_list": [{"endp": "22", "style": {"isItalics": "no", "isUnderlined": "no", "isTitle": "no", "isBold": "no"}, "inip": "22", "form": "I", "quote_level": "0", "affected_by_negation": "no", "separation": "1", "analysis_list": [{"lemma": "I", "tag": "PP-S1NN-", "sense_id_list": [{"sense_id": "PRONHUMAN"}], "original_form": "I"}], "sense_list": [{"info": "semhum=human", "id": "PRONHUMAN", "form": "I"}], "id": "6"}], "separation": "1", "form": "I", "quote_level": "0", "head": "6", "syntactic_tree_relation_list": [{"type": "isSubject", "id": "7"}], "affected_by_negation": "no", "inip": "22", "analysis_list": [{"lemma": "I", "tag": "GN-S1S--", "original_form": "I"}], "type": "phrase", "id": "26"}, {"endp": "30", "style": {"isItalics": "no", "isUnderlined": "no", "isTitle": "no", "isBold": "no"}, "inip": "24", "form": "carried", "quote_level": "0", "syntactic_tree_relation_list": [{"type": "iof_isSubject", "id": "26"}, {"type": "iof_isDirectObject", "id": "22"}], "affected_by_negation": "no", "separation": "1", "analysis_list": [{"lemma": "carry", "tag": "VI-S1ASA-N-N6", "sense_id_list": [{"sense_id": "ODENTITY_BODY_MOTION"}, {"sense_id": "ODENTITY_COMMUNICATION_PROCESS"}, {"sense_id": "ODENTITY_CONTEST"}, {"sense_id": "ODENTITY_BIOLOGICAL_PROCESS"}, {"sense_id": "ODENTITY_TRANSACTION"}, {"sense_id": "ODENTITY_TRANSFER"}, {"sense_id": "ODENTITY_INTENTIONAL_PROCESS"}, {"sense_id": "ODENTITY_KEEPING"}, {"sense_id": "ODENTITY_MOTION"}, {"sense_id": "ODENTITY_RADIATING"}, {"sense_id": "ODENTITY_PROCESS"}, {"sense_id": "ODENTITY_PUBLICATION"}, {"sense_id": "ODENTITY_LINGUISTIC_COMMUNICATION"}, {"sense_id": "ODENTITY_TRANSPORTATION"}, {"sense_id": "ODENTITY_CHANGE_OF_POSSESSION"}], "original_form": "carried"}], "sense_list": [{"info": "sementity/id=ODENTITY_BIOLOGICAL_PROCESS@type=Top>Process>InternalChange>BiologicalProcess\tsemld_list=sumo:Entity", "id": "ODENTITY_BIOLOGICAL_PROCESS", "form": "carry"}, {"info": "sementity/id=ODENTITY_BODY_MOTION@type=Top>Process>Motion>BodyMotion\tsemld_list=sumo:Entity", "id": "ODENTITY_BODY_MOTION", "form": "carry"}, {"info": "sementity/id=ODENTITY_CHANGE_OF_POSSESSION@type=Top>Process>IntentionalProcess>SocialInteraction>ChangeOfPossession\tsemld_list=sumo:IntentionalProcess", "id": "ODENTITY_CHANGE_OF_POSSESSION", "form": "carry"}, {"info": "sementity/id=ODENTITY_COMMUNICATION_PROCESS@type=Top>Process>ContentBearingProcess>CommunicationProcess\tsemld_list=sumo:Entity", "id": "ODENTITY_COMMUNICATION_PROCESS", "form": "carry"}, {"info": "sementity/id=ODENTITY_CONTEST@type=Top>Process>IntentionalProcess>SocialInteraction>Contest\tsemld_list=sumo:IntentionalProcess", "id": "ODENTITY_CONTEST", "form": "carry"}, {"info": "sementity/id=ODENTITY_INTENTIONAL_PROCESS@type=Top>Process>IntentionalProcess\tsemld_list=sumo:IntentionalProcess", "id": "ODENTITY_INTENTIONAL_PROCESS", "form": "carry"}, {"info": "sementity/id=ODENTITY_KEEPING@type=Top>Process>IntentionalProcess>Keeping\tsemld_list=sumo:Keeping", "id": "ODENTITY_KEEPING", "form": "carry"}, {"info": "sementity/id=ODENTITY_LINGUISTIC_COMMUNICATION@type=Top>Process>ContentBearingProcess>CommunicationProcess>LinguisticCommunication\tsemld_list=sumo:Entity", "id": "ODENTITY_LINGUISTIC_COMMUNICATION", "form": "carry"}, {"info": "sementity/id=ODENTITY_MOTION@type=Top>Process>Motion\tsemld_list=sumo:Entity", "id": "ODENTITY_MOTION", "form": "carry"}, {"info": "sementity/id=ODENTITY_PROCESS@type=Top>Process\tsemld_list=sumo:Entity", "id": "ODENTITY_PROCESS", "form": "carry"}, {"info": "sementity/id=ODENTITY_PUBLICATION@type=Top>Process>IntentionalProcess>ContentDevelopment>Publication\tsemld_list=sumo:IntentionalProcess", "id": "ODENTITY_PUBLICATION", "form": "carry"}, {"info": "sementity/id=ODENTITY_RADIATING@type=Top>Process>Motion>Radiating\tsemld_list=sumo:Entity", "id": "ODENTITY_RADIATING", "form": "carry"}, {"info": "sementity/id=ODENTITY_TRANSACTION@type=Top>Process>DualObjectProcess>Transaction\tsemld_list=sumo:Entity", "id": "ODENTITY_TRANSACTION", "form": "carry"}, {"info": "sementity/id=ODENTITY_TRANSFER@type=Top>Process>Motion>Translocation>Transfer\tsemld_list=sumo:Entity", "id": "ODENTITY_TRANSFER", "form": "carry"}, {"info": "sementity/id=ODENTITY_TRANSPORTATION@type=Top>Process>Motion>Translocation>Transportation\tsemld_list=sumo:Entity", "id": "ODENTITY_TRANSPORTATION", "form": "carry"}], "id": "7"}, {"endp": "76", "style": {"isItalics": "no", "isUnderlined": "no", "isTitle": "no", "isBold": "no"}, "token_list": [{"endp": "34", "style": {"isItalics": "no", "isUnderlined": "no", "isTitle": "no", "isBold": "no"}, "inip": "32", "form": "the", "quote_level": "0", "affected_by_negation": "no", "separation": "1", "analysis_list": [{"lemma": "the", "tag": "TD-SN9", "original_form": "the"}], "id": "8"}, {"endp": "44", "style": {"isItalics": "no", "isUnderlined": "no", "isTitle": "no", "isBold": "no"}, "inip": "36", "form": "newspaper", "quote_level": "0", "affected_by_negation": "no", "separation": "1", "analysis_list": [{"lemma": "newspaper", "tag": "NC-S-N5", "sense_id_list": [{"sense_id": "deefad2167"}], "original_form": "newspaper"}], "sense_list": [{"info": "sementity/class=class@fiction=nonfiction@id=ODENTITY_NEWSPAPER@type=Top>Product>CulturalProduct>Printing>Newspaper\tsemld_list=sumo:Newspaper\tsemtheme_list/id=ODTHEME_MEDIA@type=Top>Society>Media", "id": "deefad2167", "form": "newspaper"}], "id": "9"}, {"endp": "61", "style": {"isItalics": "no", "isUnderlined": "no", "isTitle": "no", "isBold": "no"}, "token_list": [{"endp": "49", "style": {"isItalics": "no", "isUnderlined": "no", "isTitle": "no", "isBold": "no"}, "inip": "46", "form": "over", "quote_level": "0", "affected_by_negation": "no", "separation": "1", "analysis_list": [{"lemma": "over", "tag": "YN4", "original_form": "over"}], "id": "10"}, {"endp": "61", "style": {"isItalics": "no", "isUnderlined": "no", "isTitle": "no", "isBold": "no"}, "token_list": [{"endp": "52", "style": {"isItalics": "no", "isUnderlined": "no", "isTitle": "no", "isBold": "no"}, "inip": "51", "form": "my", "quote_level": "0", "affected_by_negation": "no", "separation": "1", "analysis_list": [{"lemma": "my", "tag": "SD-SMS1N7", "sense_id_list": [{"sense_id": "PRONHUMAN"}], "original_form": "my"}, {"lemma": "my", "tag": "SD-SFS1N7", "sense_id_list": [{"sense_id": "PRONHUMAN"}], "original_form": "my"}], "sense_list": [{"info": "semhum=human", "id": "PRONHUMAN", "form": "my"}], "id": "11"}, {"endp": "61", "style": {"isItalics": "no", "isUnderlined": "no", "isTitle": "no", "isBold": "no"}, "inip": "54", "form": "backpack", "quote_level": "0", "affected_by_negation": "no", "separation": "1", "analysis_list": [{"lemma": "backpack", "tag": "NC-S-N-", "original_form": "backpack"}], "id": "12"}], "separation": "1", "form": "my backpack", "quote_level": "0", "head": "12", "affected_by_negation": "no", "inip": "51", "analysis_list": [{"lemma": "backpack", "tag": "GN-S3---", "original_form": "my backpack"}], "type": "phrase", "id": "23"}], "separation": "1", "form": "over my backpack", "quote_level": "0", "head": "10", "affected_by_negation": "no", "inip": "46", "analysis_list": [{"lemma": "over", "tag": "GY------", "original_form": "over my backpack"}], "type": "phrase", "id": "28"}, {"endp": "76", "style": {"isItalics": "no", "isUnderlined": "no", "isTitle": "no", "isBold": "no"}, "token_list": [{"endp": "69", "style": {"isItalics": "no", "isUnderlined": "no", "isTitle": "no", "isBold": "no"}, "separation": "1", "form": "to keep", "quote_level": "0", "head": "14", "syntactic_tree_relation_list": [{"type": "iof_isDirectObject", "id": "25"}], "affected_by_negation": "no", "inip": "63", "analysis_list": [{"lemma": "keep", "tag": "VF---OSA-N-N6", "sense_id_list": [{"sense_id": "ODENTITY_LINGUISTIC_COMMUNICATION"}, {"sense_id": "ODENTITY_MAKING"}, {"sense_id": "ODENTITY_INTENTIONAL_PROCESS"}, {"sense_id": "ODENTITY_INTENTIONAL_PSYCHOLOGICAL_PROCESS"}, {"sense_id": "ODENTITY_KEEPING"}, {"sense_id": "ODENTITY_PROCESS"}, {"sense_id": "ODENTITY_TRANSLOCATION"}, {"sense_id": "ODENTITY_ORGANIZATIONAL_PROCESS"}, {"sense_id": "ODENTITY_WRITING"}], "original_form": "to keep"}], "sense_list": [{"info": "sementity/id=ODENTITY_INTENTIONAL_PROCESS@type=Top>Process>IntentionalProcess\tsemld_list=sumo:IntentionalProcess", "id": "ODENTITY_INTENTIONAL_PROCESS", "form": "keep"}, {"info": "sementity/id=ODENTITY_INTENTIONAL_PSYCHOLOGICAL_PROCESS@type=Top>Process>IntentionalProcess>IntentionalPsychologicalProcess\tsemld_list=sumo:IntentionalProcess", "id": "ODENTITY_INTENTIONAL_PSYCHOLOGICAL_PROCESS", "form": "keep"}, {"info": "sementity/id=ODENTITY_KEEPING@type=Top>Process>IntentionalProcess>Keeping\tsemld_list=sumo:Keeping", "id": "ODENTITY_KEEPING", "form": "keep"}, {"info": "sementity/id=ODENTITY_LINGUISTIC_COMMUNICATION@type=Top>Process>ContentBearingProcess>CommunicationProcess>LinguisticCommunication\tsemld_list=sumo:Entity", "id": "ODENTITY_LINGUISTIC_COMMUNICATION", "form": "keep"}, {"info": "sementity/id=ODENTITY_MAKING@type=Top>Process>IntentionalProcess>Making\tsemld_list=sumo:IntentionalProcess", "id": "ODENTITY_MAKING", "form": "keep"}, {"info": "sementity/id=ODENTITY_ORGANIZATIONAL_PROCESS@type=Top>Process>IntentionalProcess>OrganizationalProcess\tsemld_list=sumo:IntentionalProcess", "id": "ODENTITY_ORGANIZATIONAL_PROCESS", "form": "keep"}, {"info": "sementity/id=ODENTITY_PROCESS@type=Top>Process\tsemld_list=sumo:Entity", "id": "ODENTITY_PROCESS", "form": "keep"}, {"info": "sementity/id=ODENTITY_TRANSLOCATION@type=Top>Process>Motion>Translocation\tsemld_list=sumo:Entity", "id": "ODENTITY_TRANSLOCATION", "form": "keep"}, {"info": "sementity/id=ODENTITY_WRITING@type=Top>Process>IntentionalProcess>ContentDevelopment>Writing\tsemld_list=sumo:IntentionalProcess", "id": "ODENTITY_WRITING", "form": "keep"}], "type": "multiword", "id": "24"}, {"endp": "72", "style": {"isItalics": "no", "isUnderlined": "no", "isTitle": "no", "isBold": "no"}, "token_list": [{"endp": "72", "style": {"isItalics": "no", "isUnderlined": "no", "isTitle": "no", "isBold": "no"}, "inip": "71", "form": "it", "quote_level": "0", "affected_by_negation": "no", "separation": "1", "analysis_list": [{"lemma": "it", "tag": "PP-S3AN8", "sense_id_list": [{"sense_id": "PRONNONHUMAN"}], "original_form": "it"}], "sense_list": [{"info": "semhum=nonhuman", "id": "PRONNONHUMAN", "form": "it"}], "id": "15"}], "separation": "1", "form": "it", "quote_level": "0", "head": "15", "syntactic_tree_relation_list": [{"type": "isAnaphora", "id": "22"}, {"type": "isDirectObject", "id": "24"}], "affected_by_negation": "no", "inip": "71", "analysis_list": [{"lemma": "it", "tag": "GN-S3D--", "original_form": "it"}], "type": "phrase", "id": "25"}, {"endp": "76", "style": {"isItalics": "no", "isUnderlined": "no", "isTitle": "no", "isBold": "no"}, "inip": "74", "form": "dry", "quote_level": "0", "affected_by_negation": "no", "separation": "1", "analysis_list": [{"lemma": "dry", "tag": "VF---OSA-N-N4", "sense_id_list": [{"sense_id": "ODENTITY_TRANSFER"}], "original_form": "dry"}], "sense_list": [{"info": "sementity/id=ODENTITY_TRANSFER@type=Top>Process>Motion>Translocation>Transfer\tsemld_list=sumo:Entity", "id": "ODENTITY_TRANSFER", "form": "dry"}], "id": "16"}], "separation": "1", "form": "to keep it dry", "quote_level": "0", "affected_by_negation": "no", "inip": "63", "analysis_list": [{"lemma": "*", "tag": "ZN-S3-FO----", "original_form": "to keep it dry"}], "type": "phrase", "id": "30"}], "separation": "1", "form": "the newspaper over my backpack to keep it dry", "quote_level": "0", "head": "9", "syntactic_tree_relation_list": [{"type": "isDirectObject", "id": "7"}, {"type": "iof_isAnaphora", "id": "25"}], "affected_by_negation": "no", "inip": "32", "analysis_list": [{"lemma": "newspaper", "tag": "GN-S3D--", "original_form": "the newspaper"}], "type": "phrase", "id": "22"}], "separation": "_", "form": "Since it was raining, I carried the newspaper over my backpack to keep it dry", "quote_level": "0", "affected_by_negation": "no", "inip": "0", "analysis_list": [{"lemma": "*", "tag": "Z-----------", "original_form": "Since it was raining, I carried the newspaper over my backpack to keep it dry"}], "type": "phrase", "id": "31"}, {"endp": "77", "style": {"isItalics": "no", "isUnderlined": "no", "isTitle": "no", "isBold": "no"}, "inip": "77", "form": ".", "quote_level": "0", "affected_by_negation": "no", "separation": "A", "analysis_list": [{"lemma": ".", "tag": "1D--", "original_form": "."}], "id": "17"}], "inip": "0", "quote_level": "0", "affected_by_negation": "no", "separation": "A", "type": "sentence", "id": "20"}]}