{"status": {"msg": "OK", "credits": "1", "remaining_credits": "39815", "code": "0"}, "token_list": [{"endp": "93", "style": {"isItalics": "no", "isUnderlined": "no", "isTitle": "no", "isBold": "no"}, "token_list": [{"endp": "92", "style": {"isItalics": "no", "isUnderlined": "no", "isTitle": "no", "isBold": "no"}, "token_list": [{"endp": "3", "style": {"isItalics": "no", "isUnderlined": "no", "isTitle": "no", "isBold": "no"}, "token_list": [{"endp": "3", "style": {"isItalics": "no", "isUnderlined": "no", "isTitle": "no", "isBold": "no"}, "inip": "0", "form": "Sara", "quote_level": "0", "affected_by_negation": "no", "separation": "_", "analysis_list": [{"lemma": "Sara", "tag": "NPUU-N-", "sense_id_list": [{"sense_id": "__16646558389455552906"}], "original_form": "Sara"}], "sense_list": [{"info": "sementity/class=instance@fiction=nonfiction@type=Top>Person@confidence=uncertain", "id": "__16646558389455552906", "form": "Sara"}], "id": "1"}], "separation": "_", "form": "Sara", "quote_level": "0", "head": "1", "syntactic_tree_relation_list": [{"type": "isSubject", "id": "31"}, {"type": "isSubject", "id": "2"}, {"type": "iof_isAnaphora", "id": "42"}, {"type": "iof_isAnaphora", "id": "41"}, {"type": "iof_isAnaphora", "id": "40"}, {"type": "iof_isAnaphora", "id": "53"}, {"type": "iof_isAnaphora", "id": "52"}, {"type": "iof_isAnaphora", "id": "51"}], "affected_by_negation": "no", "inip": "0", "analysis_list": [{"lemma": "Sara", "tag": "GNUU3S--", "original_form": "Sara"}], "type": "phrase", "id": "36"}, {"endp": "12", "style": {"isItalics": "no", "isUnderlined": "no", "isTitle": "no", "isBold": "no"}, "inip": "5", "form": "borrowed", "quote_level": "0", "syntactic_tree_relation_list": [{"type": "iof_isSubject", "id": "36"}, {"type": "iof_isDirectObject", "id": "37"}, {"type": "iof_isComplement", "id": "47"}], "affected_by_negation": "no", "separation": "1", "analysis_list": [{"lemma": "borrow", "tag": "VI-U3ASA-N-N5", "sense_id_list": [{"sense_id": "ODENTITY_CHANGE_OF_POSSESSION"}], "original_form": "borrowed"}], "sense_list": [{"info": "sementity/id=ODENTITY_CHANGE_OF_POSSESSION@type=Top>Process>IntentionalProcess>SocialInteraction>ChangeOfPossession\tsemld_list=sumo:IntentionalProcess", "id": "ODENTITY_CHANGE_OF_POSSESSION", "form": "borrow"}], "id": "2"}, {"endp": "38", "style": {"isItalics": "no", "isUnderlined": "no", "isTitle": "no", "isBold": "no"}, "token_list": [{"endp": "16", "style": {"isItalics": "no", "isUnderlined": "no", "isTitle": "no", "isBold": "no"}, "inip": "14", "form": "the", "quote_level": "0", "affected_by_negation": "no", "separation": "1", "analysis_list": [{"lemma": "the", "tag": "TD-SN9", "original_form": "the"}], "id": "3"}, {"endp": "21", "style": {"isItalics": "no", "isUnderlined": "no", "isTitle": "no", "isBold": "no"}, "inip": "18", "form": "book", "quote_level": "0", "affected_by_negation": "no", "separation": "1", "analysis_list": [{"lemma": "book", "tag": "NC-S-N4", "sense_id_list": [{"sense_id": "63f1adb37f"}], "original_form": "book"}], "sense_list": [{"info": "sementity/class=class@fiction=nonfiction@id=ODENTITY_BOOK@type=Top>Product>CulturalProduct>Printing>Book\tsemld_list=sumo:Book", "id": "63f1adb37f", "form": "book"}], "id": "4"}, {"endp": "38", "style": {"isItalics": "no", "isUnderlined": "no", "isTitle": "no", "isBold": "no"}, "token_list": [{"endp": "26", "style": {"isItalics": "no", "isUnderlined": "no", "isTitle": "no", "isBold": "no"}, "inip": "23", "form": "from", "quote_level": "0", "affected_by_negation": "no", "separation": "1", "analysis_list": [{"lemma": "from", "tag": "YN8", "original_form": "from"}], "id": "5"}, {"endp": "38", "style": {"isItalics": "no", "isUnderlined": "no", "isTitle": "no", "isBold": "no"}, "token_list": [{"endp": "30", "style": {"isItalics": "no", "isUnderlined": "no", "isTitle": "no", "isBold": "no"}, "inip": "28", "form": "the", "quote_level": "0", "affected_by_negation": "no", "separation": "1", "analysis_list": [{"lemma": "the", "tag": "TD-SN9", "original_form": "the"}], "id": "6"}, {"endp": "38", "style": {"isItalics": "no", "isUnderlined": "no", "isTitle": "no", "isBold": "no"}, "inip": "32", "form": "library", "quote_level": "0", "affected_by_negation": "no", "separation": "1", "analysis_list": [{"lemma": "library", "tag": "NC-S-N5", "sense_id_list": [{"sense_id": "f96491ce30"}], "original_form": "library"}], "sense_list": [{"info": "sementity/class=class@fiction=nonfiction@id=ODENTITY_FACILITY@type=Top>Location>Facility\tsemld_list=sumo:FacilityPartOther", "id": "f96491ce30", "form": "library"}], "id": "7"}], "separation": "1", "form": "the library", "quote_level": "0", "head": "7", "affected_by_negation": "no", "inip": "28", "analysis_list": [{"lemma": "library", "tag": "GN-S3---", "original_form": "the library"}], "type": "phrase", "id": "38"}], "separation": "1", "form": "from the library", "quote_level": "0", "head": "5", "affected_by_negation": "no", "inip": "23", "analysis_list": [{"lemma": "from", "tag": "GY------", "original_form": "from the library"}], "type": "phrase", "id": "45"}], "separation": "1", "form": "the book from the library", "quote_level": "0", "head": "4", "syntactic_tree_relation_list": [{"type": "isDirectObject", "id": "2"}], "affected_by_negation": "no", "inip": "14", "analysis_list": [{"lemma": "book", "tag": "GN-S3D--", "original_form": "the book"}], "type": "phrase", "id": "37"}, {"endp": "92", "style": {"isItalics": "no", "isUnderlined": "no", "isTitle": "no", "isBold": "no"}, "token_list": [{"endp": "46", "style": {"isItalics": "no", "isUnderlined": "no", "isTitle": "no", "isBold": "no"}, "inip": "40", "form": "because", "quote_level": "0", "affected_by_negation": "no", "separation": "1", "analysis_list": [{"lemma": "because", "tag": "CSPN7", "original_form": "because"}], "id": "8"}, {"endp": "50", "style": {"isItalics": "no", "isUnderlined": "no", "isTitle": "no", "isBold": "no"}, "token_list": [{"endp": "50", "style": {"isItalics": "no", "isUnderlined": "no", "isTitle": "no", "isBold": "no"}, "inip": "48", "form": "she", "quote_level": "0", "affected_by_negation": "no", "separation": "1", "analysis_list": [{"lemma": "she", "tag": "PPFS3NN8", "sense_id_list": [{"sense_id": "PRONHUMAN"}], "original_form": "she"}], "sense_list": [{"info": "semhum=human", "id": "PRONHUMAN", "form": "she"}], "id": "9"}], "separation": "1", "form": "she", "quote_level": "0", "head": "9", "syntactic_tree_relation_list": [{"type": "isAnaphora", "id": "36"}, {"type": "isSubject", "id": "10"}], "affected_by_negation": "no", "inip": "48", "analysis_list": [{"lemma": "she", "tag": "GNFS3S--", "original_form": "she"}], "type": "phrase", "id": "42"}, {"endp": "56", "style": {"isItalics": "no", "isUnderlined": "no", "isTitle": "no", "isBold": "no"}, "inip": "52", "form": "needs", "quote_level": "0", "syntactic_tree_relation_list": [{"type": "iof_isSubject", "id": "42"}, {"type": "iof_isDirectObject", "id": "41"}, {"type": "iof_isComplement", "id": "44"}], "affected_by_negation": "no", "separation": "1", "analysis_list": [{"lemma": "need", "tag": "VI-S3PSA-N-N5", "sense_id_list": [{"sense_id": "ODENTITY_INTENTIONAL_PSYCHOLOGICAL_PROCESS"}], "original_form": "needs"}], "sense_list": [{"info": "sementity/id=ODENTITY_INTENTIONAL_PSYCHOLOGICAL_PROCESS@type=Top>Process>IntentionalProcess>IntentionalPsychologicalProcess\tsemld_list=sumo:IntentionalProcess", "id": "ODENTITY_INTENTIONAL_PSYCHOLOGICAL_PROCESS", "form": "need"}], "id": "10"}, {"endp": "59", "style": {"isItalics": "no", "isUnderlined": "no", "isTitle": "no", "isBold": "no"}, "token_list": [{"endp": "59", "style": {"isItalics": "no", "isUnderlined": "no", "isTitle": "no", "isBold": "no"}, "inip": "58", "form": "it", "quote_level": "0", "affected_by_negation": "no", "separation": "1", "analysis_list": [{"lemma": "it", "tag": "PP-S3AN8", "sense_id_list": [{"sense_id": "PRONNONHUMAN"}], "original_form": "it"}], "sense_list": [{"info": "semhum=nonhuman", "id": "PRONNONHUMAN", "form": "it"}], "id": "11"}], "separation": "1", "form": "it", "quote_level": "0", "head": "11", "syntactic_tree_relation_list": [{"type": "isAnaphora", "id": "36"}, {"type": "isDirectObject", "id": "10"}], "affected_by_negation": "no", "inip": "58", "analysis_list": [{"lemma": "it", "tag": "GN-S3D--", "original_form": "it"}], "type": "phrase", "id": "41"}, {"endp": "92", "style": {"isItalics": "no", "isUnderlined": "no", "isTitle": "no", "isBold": "no"}, "token_list": [{"endp": "63", "style": {"isItalics": "no", "isUnderlined": "no", "isTitle": "no", "isBold": "no"}, "inip": "61", "form": "for", "quote_level": "0", "affected_by_negation": "no", "separation": "1", "analysis_list": [{"lemma": "for", "tag": "YN5", "original_form": "for"}], "id": "12"}, {"endp": "74", "style": {"isItalics": "no", "isUnderlined": "no", "isTitle": "no", "isBold": "no"}, "token_list": [{"endp": "66", "style": {"isItalics": "no", "isUnderlined": "no", "isTitle": "no", "isBold": "no"}, "inip": "65", "form": "an", "quote_level": "0", "affected_by_negation": "no", "separation": "1", "analysis_list": [{"lemma": "an", "tag": "QD-SPN8", "original_form": "an"}], "id": "13"}, {"endp": "74", "style": {"isItalics": "no", "isUnderlined": "no", "isTitle": "no", "isBold": "no"}, "inip": "68", "form": "article", "quote_level": "0", "affected_by_negation": "no", "separation": "1", "analysis_list": [{"lemma": "article", "tag": "NC-S-N5", "sense_id_list": [{"sense_id": "ac7531be4c"}, {"sense_id": "24c38dbf04"}, {"sense_id": "66dea91825"}], "original_form": "article"}], "sense_list": [{"info": "sementity/class=class@fiction=nonfiction@id=ODENTITY_TOP@type=Top\tsemld_list=sumo:Entity\tsemtheme_list/id=ODTHEME_LINGUISTICS@type=Top>Humanities>Linguistics", "id": "24c38dbf04", "form": "article"}, {"info": "sementity/class=class@fiction=nonfiction@id=ODENTITY_BROADCAST@type=Top>Product>CulturalProduct>Broadcast\tsemld_list=sumo:BroadcastProgram\tsemtheme_list/id=ODTHEME_MEDIA@type=Top>Society>Media\tsemtheme_list/id=ODTHEME_SOCIAL_SCIENCES@type=Top>SocialSciences", "id": "66dea91825", "form": "report"}, {"info": "sementity/class=class@fiction=nonfiction@id=ODENTITY_PRINTING@type=Top>Product>CulturalProduct>Printing\tsemld_list=sumo:Printing\tsemtheme_list/id=ODTHEME_LAW@type=Top>SocialSciences>Law", "id": "ac7531be4c", "form": "article"}], "id": "14"}], "separation": "1", "form": "an article", "quote_level": "0", "head": "14", "affected_by_negation": "no", "inip": "65", "analysis_list": [{"lemma": "article", "tag": "GN-S3---", "original_form": "an article"}], "type": "phrase", "id": "39"}, {"endp": "92", "style": {"isItalics": "no", "isUnderlined": "no", "isTitle": "no", "isBold": "no"}, "token_list": [{"endp": "78", "style": {"isItalics": "no", "isUnderlined": "no", "isTitle": "no", "isBold": "no"}, "token_list": [{"endp": "78", "style": {"isItalics": "no", "isUnderlined": "no", "isTitle": "no", "isBold": "no"}, "inip": "76", "form": "she", "quote_level": "0", "affected_by_negation": "no", "separation": "1", "analysis_list": [{"lemma": "she", "tag": "PPFS3NN8", "sense_id_list": [{"sense_id": "PRONHUMAN"}], "original_form": "she"}], "sense_list": [{"info": "semhum=human", "id": "PRONHUMAN", "form": "she"}], "id": "15"}], "separation": "1", "form": "she", "quote_level": "0", "head": "15", "syntactic_tree_relation_list": [{"type": "isAnaphora", "id": "36"}], "affected_by_negation": "no", "inip": "76", "analysis_list": [{"lemma": "she", "tag": "GNFS3---", "original_form": "she"}], "type": "phrase", "id": "40"}, {"endp": "89", "style": {"isItalics": "no", "isUnderlined": "no", "isTitle": "no", "isBold": "no"}, "separation": "1", "form": "is working", "quote_level": "0", "head": "16", "syntactic_tree_relation_list": [{"type": "iof_isSubject", "id": "36"}, {"type": "iof_isLocationComplement", "id": "43"}], "affected_by_negation": "no", "inip": "80", "analysis_list": [{"lemma": "work", "tag": "VI-S3PCA-N-N9", "original_form": "is working"}], "type": "multiword", "id": "31"}, {"endp": "92", "style": {"isItalics": "no", "isUnderlined": "no", "isTitle": "no", "isBold": "no"}, "token_list": [{"endp": "92", "style": {"isItalics": "no", "isUnderlined": "no", "isTitle": "no", "isBold": "no"}, "inip": "91", "form": "on", "quote_level": "0", "affected_by_negation": "no", "separation": "1", "analysis_list": [{"lemma": "on", "tag": "ENLPN7", "original_form": "on"}, {"lemma": "on", "tag": "ENOPN7", "original_form": "on"}], "id": "18"}], "separation": "1", "form": "on", "quote_level": "0", "head": "18", "syntactic_tree_relation_list": [{"type": "isLocationComplement", "id": "31"}], "affected_by_negation": "no", "inip": "91", "analysis_list": [{"lemma": "on", "tag": "GEL--L--", "original_form": "on"}, {"lemma": "on", "tag": "GEO--L--", "original_form": "on"}], "type": "phrase", "id": "43"}], "separation": "1", "form": "she is working on", "quote_level": "0", "affected_by_negation": "no", "inip": "76", "analysis_list": [{"lemma": "*", "tag": "ZA----IP----", "original_form": "she is working on"}], "type": "phrase", "id": "46"}], "separation": "1", "form": "for an article she is working on", "quote_level": "0", "head": "12", "syntactic_tree_relation_list": [{"type": "isComplement", "id": "10"}], "affected_by_negation": "no", "inip": "61", "analysis_list": [{"lemma": "for", "tag": "GY---C--", "original_form": "for an article"}], "type": "phrase", "id": "44"}], "separation": "1", "form": "because she needs it for an article she is working on", "quote_level": "0", "syntactic_tree_relation_list": [{"type": "isComplement", "id": "2"}], "affected_by_negation": "no", "inip": "40", "analysis_list": [{"lemma": "*", "tag": "ZE---CIP----", "original_form": "because she needs it for an article she is working on"}], "type": "phrase", "id": "47"}], "separation": "_", "form": "Sara borrowed the book from the library because she needs it for an article she is working on", "quote_level": "0", "affected_by_negation": "no", "inip": "0", "analysis_list": [{"lemma": "*", "tag": "Z-----------", "original_form": "Sara borrowed the book from the library because she needs it for an article she is working on"}], "type": "phrase", "id": "48"}, {"endp": "93", "style": {"isItalics": "no", "isUnderlined": "no", "isTitle": "no", "isBold": "no"}, "inip": "93", "form": ".", "quote_level": "0", "affected_by_negation": "no", "separation": "A", "analysis_list": [{"lemma": ".", "tag": "1D--", "original_form": "."}], "id": "19"}], "inip": "0", "quote_level": "0", "affected_by_negation": "no", "separation": "A", "type": "sentence", "id": "32"}, {"endp": "136", "style": {"isItalics": "no", "isUnderlined": "no", "isTitle": "no", "isBold": "no"}, "token_list": [{"endp": "135", "style": {"isItalics": "no", "isUnderlined": "no", "isTitle": "no", "isBold": "no"}, "token_list": [{"endp": "97", "style": {"isItalics": "no", "isUnderlined": "no", "isTitle": "no", "isBold": "no"}, "token_list": [{"endp": "97", "style": {"isItalics": "no", "isUnderlined": "no", "isTitle": "no", "isBold": "no"}, "inip": "95", "form": "She", "quote_level": "0", "affected_by_negation": "no", "separation": "1", "analysis_list": [{"lemma": "she", "tag": "PPFS3NN8", "sense_id_list": [{"sense_id": "PRONHUMAN"}], "original_form": "she"}], "sense_list": [{"info": "semhum=human", "id": "PRONHUMAN", "form": "she"}], "id": "20"}], "separation": "1", "form": "She", "quote_level": "0", "head": "20", "syntactic_tree_relation_list": [{"type": "isAnaphora", "id": "36"}, {"type": "isSubject", "id": "21"}], "affected_by_negation": "no", "inip": "95", "analysis_list": [{"lemma": "she", "tag": "GNFS3S--", "original_form": "She"}], "type": "phrase", "id": "53"}, {"endp": "103", "style": {"isItalics": "no", "isUnderlined": "no", "isTitle": "no", "isBold": "no"}, "inip": "99", "form": "reads", "quote_level": "0", "syntactic_tree_relation_list": [{"type": "iof_isSubject", "id": "53"}, {"type": "iof_isTimeComplement", "id": "55"}], "affected_by_negation": "no", "separation": "1", "analysis_list": [{"lemma": "read", "tag": "VI-S3PSA-N-N6", "sense_id_list": [{"sense_id": "ODENTITY_COMMUNICATION_PROCESS"}, {"sense_id": "ODENTITY_INTENTIONAL_PROCESS"}, {"sense_id": "ODENTITY_INTENTIONAL_PSYCHOLOGICAL_PROCESS"}, {"sense_id": "ODENTITY_LEARNING"}, {"sense_id": "ODENTITY_PROCESS"}, {"sense_id": "ODENTITY_READING"}, {"sense_id": "ODENTITY_REASONING"}], "original_form": "reads"}], "sense_list": [{"info": "sementity/id=ODENTITY_COMMUNICATION_PROCESS@type=Top>Process>ContentBearingProcess>CommunicationProcess\tsemld_list=sumo:Entity", "id": "ODENTITY_COMMUNICATION_PROCESS", "form": "read"}, {"info": "sementity/id=ODENTITY_INTENTIONAL_PROCESS@type=Top>Process>IntentionalProcess\tsemld_list=sumo:IntentionalProcess", "id": "ODENTITY_INTENTIONAL_PROCESS", "form": "read"}, {"info": "sementity/id=ODENTITY_INTENTIONAL_PSYCHOLOGICAL_PROCESS@type=Top>Process>IntentionalProcess>IntentionalPsychologicalProcess\tsemld_list=sumo:IntentionalProcess", "id": "ODENTITY_INTENTIONAL_PSYCHOLOGICAL_PROCESS", "form": "read"}, {"info": "sementity/id=ODENTITY_LEARNING@type=Top>Process>IntentionalProcess>IntentionalPsychologicalProcess>Learning\tsemld_list=sumo:IntentionalProcess", "id": "ODENTITY_LEARNING", "form": "read"}, {"info": "sementity/id=ODENTITY_PROCESS@type=Top>Process\tsemld_list=sumo:Entity", "id": "ODENTITY_PROCESS", "form": "read"}, {"info": "sementity/id=ODENTITY_READING@type=Top>Process>IntentionalProcess>ContentDevelopment>Reading\tsemld_list=sumo:IntentionalProcess", "id": "ODENTITY_READING", "form": "read"}, {"info": "sementity/id=ODENTITY_REASONING@type=Top>Process>IntentionalProcess>IntentionalPsychologicalProcess>Reasoning\tsemld_list=sumo:IntentionalProcess", "id": "ODENTITY_REASONING", "form": "read"}], "id": "21"}, {"endp": "106", "style": {"isItalics": "no", "isUnderlined": "no", "isTitle": "no", "isBold": "no"}, "token_list": [{"endp": "106", "style": {"isItalics": "no", "isUnderlined": "no", "isTitle": "no", "isBold": "no"}, "inip": "105", "form": "it", "quote_level": "0", "affected_by_negation": "no", "separation": "1", "analysis_list": [{"lemma": "it", "tag": "PP-S3NN8", "sense_id_list": [{"sense_id": "PRONNONHUMAN"}], "original_form": "it"}], "sense_list": [{"info": "semhum=nonhuman", "id": "PRONNONHUMAN", "form": "it"}], "id": "22"}], "separation": "1", "form": "it", "quote_level": "0", "head": "22", "syntactic_tree_relation_list": [{"type": "isAnaphora", "id": "36"}], "affected_by_negation": "no", "inip": "105", "analysis_list": [{"lemma": "it", "tag": "GN-S3---", "original_form": "it"}], "type": "phrase", "id": "52"}, {"endp": "135", "style": {"isItalics": "no", "isUnderlined": "no", "isTitle": "no", "isBold": "no"}, "token_list": [{"endp": "111", "style": {"isItalics": "no", "isUnderlined": "no", "isTitle": "no", "isBold": "no"}, "inip": "108", "form": "when", "quote_level": "0", "affected_by_negation": "no", "separation": "1", "analysis_list": [{"lemma": "when", "tag": "CSCN7", "original_form": "when"}], "id": "23"}, {"endp": "115", "style": {"isItalics": "no", "isUnderlined": "no", "isTitle": "no", "isBold": "no"}, "token_list": [{"endp": "115", "style": {"isItalics": "no", "isUnderlined": "no", "isTitle": "no", "isBold": "no"}, "inip": "113", "form": "she", "quote_level": "0", "affected_by_negation": "no", "separation": "1", "analysis_list": [{"lemma": "she", "tag": "PPFS3NN8", "sense_id_list": [{"sense_id": "PRONHUMAN"}], "original_form": "she"}], "sense_list": [{"info": "semhum=human", "id": "PRONHUMAN", "form": "she"}], "id": "24"}], "separation": "1", "form": "she", "quote_level": "0", "head": "24", "syntactic_tree_relation_list": [{"type": "isAnaphora", "id": "36"}, {"type": "isSubject", "id": "25"}], "affected_by_negation": "no", "inip": "113", "analysis_list": [{"lemma": "she", "tag": "GNFS3S--", "original_form": "she"}], "type": "phrase", "id": "51"}, {"endp": "120", "style": {"isItalics": "no", "isUnderlined": "no", "isTitle": "no", "isBold": "no"}, "inip": "117", "form": "gets", "quote_level": "0", "syntactic_tree_relation_list": [{"type": "iof_isSubject", "id": "51"}, {"type": "iof_isDirectObject", "id": "49"}], "affected_by_negation": "no", "separation": "1", "analysis_list": [{"lemma": "get", "tag": "VI-S3PSA-N-N7", "original_form": "gets"}], "id": "25"}, {"endp": "135", "style": {"isItalics": "no", "isUnderlined": "no", "isTitle": "no", "isBold": "no"}, "token_list": [{"endp": "125", "style": {"isItalics": "no", "isUnderlined": "no", "isTitle": "no", "isBold": "no"}, "inip": "122", "form": "home", "quote_level": "0", "affected_by_negation": "no", "separation": "1", "analysis_list": [{"lemma": "home", "tag": "NC-S-N6", "sense_id_list": [{"sense_id": "144b5c0ed4"}], "original_form": "home"}], "sense_list": [{"info": "sementity/class=class@fiction=nonfiction@id=ODENTITY_FACILITY@type=Top>Location>Facility\tsemld_list=sumo:FacilityPartOther", "id": "144b5c0ed4", "form": "home"}], "id": "26"}, {"endp": "135", "style": {"isItalics": "no", "isUnderlined": "no", "isTitle": "no", "isBold": "no"}, "token_list": [{"endp": "130", "style": {"isItalics": "no", "isUnderlined": "no", "isTitle": "no", "isBold": "no"}, "inip": "127", "form": "from", "quote_level": "0", "affected_by_negation": "no", "separation": "1", "analysis_list": [{"lemma": "from", "tag": "YN8", "original_form": "from"}], "id": "27"}, {"endp": "135", "style": {"isItalics": "no", "isUnderlined": "no", "isTitle": "no", "isBold": "no"}, "token_list": [{"endp": "135", "style": {"isItalics": "no", "isUnderlined": "no", "isTitle": "no", "isBold": "no"}, "inip": "132", "form": "work", "quote_level": "0", "affected_by_negation": "no", "separation": "1", "analysis_list": [{"lemma": "work", "tag": "NC-S-N7", "sense_id_list": [{"sense_id": "3a2809b5b8"}, {"sense_id": "7aa7306d3d"}], "original_form": "work"}], "sense_list": [{"info": "sementity/class=class@fiction=nonfiction@id=ODENTITY_CULTURAL_PRODUCT@type=Top>Product>CulturalProduct\tsemld_list=sumo:CulturalProduct", "id": "3a2809b5b8", "form": "work"}, {"info": "sementity/class=class@fiction=nonfiction@id=ODENTITY_VOCATION@type=Top>OtherEntity>Vocation\tsemld_list=sumo:Position", "id": "7aa7306d3d", "form": "job"}], "id": "28"}], "separation": "1", "form": "work", "quote_level": "0", "head": "28", "affected_by_negation": "no", "inip": "132", "analysis_list": [{"lemma": "work", "tag": "GN-S3---", "original_form": "work"}], "type": "phrase", "id": "50"}], "separation": "1", "form": "from work", "quote_level": "0", "head": "27", "affected_by_negation": "no", "inip": "127", "analysis_list": [{"lemma": "from", "tag": "GY------", "original_form": "from work"}], "type": "phrase", "id": "54"}], "separation": "1", "form": "home from work", "quote_level": "0", "head": "26", "syntactic_tree_relation_list": [{"type": "isDirectObject", "id": "25"}], "affected_by_negation": "no", "inip": "122", "analysis_list": [{"lemma": "home", "tag": "GN-S3D--", "original_form": "home"}], "type": "phrase", "id": "49"}], "separation": "1", "form": "when she gets home from work", "quote_level": "0", "syntactic_tree_relation_list": [{"type": "isTimeComplement", "id": "21"}], "affected_by_negation": "no", "inip": "108", "analysis_list": [{"lemma": "*", "tag": "ZE---TIP----", "original_form": "when she gets home from work"}], "type": "phrase", "id": "55"}], "separation": "1", "form": "She reads it when she gets home from work", "quote_level": "0", "affected_by_negation": "no", "inip": "95", "analysis_list": [{"lemma": "*", "tag": "Z-----------", "original_form": "She reads it when she gets home from work"}], "type": "phrase", "id": "56"}, {"endp": "136", "style": {"isItalics": "no", "isUnderlined": "no", "isTitle": "no", "isBold": "no"}, "inip": "136", "form": ".", "quote_level": "0", "affected_by_negation": "no", "separation": "A", "analysis_list": [{"lemma": ".", "tag": "1D--", "original_form": "."}], "id": "29"}], "inip": "95", "quote_level": "0", "affected_by_negation": "no", "separation": "A", "type": "sentence", "id": "34"}]}