{"status": {"msg": "OK", "credits": "1", "remaining_credits": "39931", "code": "0"}, "token_list": [{"endp": "71", "style": {"isItalics": "no", "isUnderlined": "no", "isTitle": "no", "isBold": "no"}, "token_list": [{"endp": "71", "style": {"isItalics": "no", "isUnderlined": "no", "isTitle": "no", "isBold": "no"}, "token_list": [{"endp": "71", "style": {"isItalics": "no", "isUnderlined": "no", "isTitle": "no", "isBold": "no"}, "token_list": [{"endp": "2", "style": {"isItalics": "no", "isUnderlined": "no", "isTitle": "no", "isBold": "no"}, "inip": "0", "form": "The", "quote_level": "0", "affected_by_negation": "no", "separation": "_", "analysis_list": [{"lemma": "the", "tag": "TD-SN9", "original_form": "the"}], "id": "1"}, {"endp": "11", "style": {"isItalics": "no", "isUnderlined": "no", "isTitle": "no", "isBold": "no"}, "inip": "4", "form": "delivery", "quote_level": "0", "affected_by_negation": "no", "separation": "1", "analysis_list": [{"lemma": "delivery", "tag": "NC-S-N5", "original_form": "delivery"}], "id": "2"}, {"endp": "17", "style": {"isItalics": "no", "isUnderlined": "no", "isTitle": "no", "isBold": "no"}, "inip": "13", "form": "truck", "quote_level": "0", "affected_by_negation": "no", "separation": "1", "analysis_list": [{"lemma": "truck", "tag": "NC-S-N4", "sense_id_list": [{"sense_id": "a0e82ee7a2"}, {"sense_id": "ccfaeb94e4"}], "original_form": "truck"}], "sense_list": [{"info": "sementity/class=class@fiction=nonfiction@id=ODENTITY_VEHICLE@type=Top>Product>Machine>Vehicle\tsemld_list=sumo:Vehicle", "id": "a0e82ee7a2", "form": "lorry"}, {"info": "sementity/class=class@fiction=nonfiction@id=ODENTITY_VEHICLE@type=Top>Product>Machine>Vehicle\tsemld_list=sumo:Vehicle", "id": "ccfaeb94e4", "form": "van"}], "id": "3"}, {"endp": "71", "style": {"isItalics": "no", "isUnderlined": "no", "isTitle": "no", "isBold": "no"}, "token_list": [{"endp": "24", "style": {"isItalics": "no", "isUnderlined": "no", "isTitle": "no", "isBold": "no"}, "inip": "19", "form": "zoomed", "quote_level": "0", "syntactic_tree_relation_list": [{"type": "iof_isAgentComplement", "id": "23"}, {"type": "iof_isComplement", "id": "25"}], "affected_by_negation": "no", "separation": "1", "analysis_list": [{"lemma": "zoom", "tag": "VP---ASA-N-N-", "sense_id_list": [{"sense_id": "ODENTITY_INCREASING"}, {"sense_id": "ODENTITY_MOTION"}], "original_form": "zoomed"}], "sense_list": [{"info": "sementity/id=ODENTITY_INCREASING@type=Top>Process>InternalChange>QuantityChange>Increasing\tsemld_list=sumo:Entity", "id": "ODENTITY_INCREASING", "form": "zoom"}, {"info": "sementity/id=ODENTITY_MOTION@type=Top>Process>Motion\tsemld_list=sumo:Entity", "id": "ODENTITY_MOTION", "form": "zoom"}], "id": "4"}, {"endp": "42", "style": {"isItalics": "no", "isUnderlined": "no", "isTitle": "no", "isBold": "no"}, "token_list": [{"endp": "27", "style": {"isItalics": "no", "isUnderlined": "no", "isTitle": "no", "isBold": "no"}, "inip": "26", "form": "by", "quote_level": "0", "affected_by_negation": "no", "separation": "1", "analysis_list": [{"lemma": "by", "tag": "YN4", "original_form": "by"}], "id": "5"}, {"endp": "42", "style": {"isItalics": "no", "isUnderlined": "no", "isTitle": "no", "isBold": "no"}, "token_list": [{"endp": "31", "style": {"isItalics": "no", "isUnderlined": "no", "isTitle": "no", "isBold": "no"}, "inip": "29", "form": "the", "quote_level": "0", "affected_by_negation": "no", "separation": "1", "analysis_list": [{"lemma": "the", "tag": "TD-SN9", "original_form": "the"}], "id": "6"}, {"endp": "38", "style": {"isItalics": "no", "isUnderlined": "no", "isTitle": "no", "isBold": "no"}, "inip": "33", "form": "school", "quote_level": "0", "affected_by_negation": "no", "separation": "1", "analysis_list": [{"lemma": "school", "tag": "AP-N6", "original_form": "school"}], "id": "7"}, {"endp": "42", "style": {"isItalics": "no", "isUnderlined": "no", "isTitle": "no", "isBold": "no"}, "inip": "40", "form": "bus", "quote_level": "0", "affected_by_negation": "no", "separation": "1", "analysis_list": [{"lemma": "bus", "tag": "NC-S-N5", "sense_id_list": [{"sense_id": "1d37b37cc7"}], "original_form": "bus"}], "sense_list": [{"info": "sementity/class=class@fiction=nonfiction@id=ODENTITY_VEHICLE@type=Top>Product>Machine>Vehicle\tsemld_list=sumo:Vehicle", "id": "1d37b37cc7", "form": "bus"}], "id": "8"}], "separation": "1", "form": "the school bus", "quote_level": "0", "head": "8", "affected_by_negation": "no", "inip": "29", "analysis_list": [{"lemma": "bus", "tag": "GN-S3---", "original_form": "the school bus"}], "type": "phrase", "id": "21"}], "separation": "1", "form": "by the school bus", "quote_level": "0", "head": "5", "syntactic_tree_relation_list": [{"type": "isAgentComplement", "id": "4"}], "affected_by_negation": "no", "inip": "26", "analysis_list": [{"lemma": "by", "tag": "GY---G--", "original_form": "by the school bus"}], "type": "phrase", "id": "23"}, {"endp": "71", "style": {"isItalics": "no", "isUnderlined": "no", "isTitle": "no", "isBold": "no"}, "token_list": [{"endp": "50", "style": {"isItalics": "no", "isUnderlined": "no", "isTitle": "no", "isBold": "no"}, "inip": "44", "form": "because", "quote_level": "0", "affected_by_negation": "no", "separation": "1", "analysis_list": [{"lemma": "because", "tag": "CSPN7", "original_form": "because"}], "id": "9"}, {"endp": "53", "style": {"isItalics": "no", "isUnderlined": "no", "isTitle": "no", "isBold": "no"}, "token_list": [{"endp": "53", "style": {"isItalics": "no", "isUnderlined": "no", "isTitle": "no", "isBold": "no"}, "inip": "52", "form": "it", "quote_level": "0", "affected_by_negation": "no", "separation": "1", "analysis_list": [{"lemma": "it", "tag": "PP-S3NN8", "sense_id_list": [{"sense_id": "PRONNONHUMAN"}], "original_form": "it"}], "sense_list": [{"info": "semhum=nonhuman", "id": "PRONNONHUMAN", "form": "it"}], "id": "10"}], "separation": "1", "form": "it", "quote_level": "0", "head": "10", "syntactic_tree_relation_list": [{"type": "isAnaphora", "id": "20"}, {"type": "isSubject", "id": "16"}], "affected_by_negation": "no", "inip": "52", "analysis_list": [{"lemma": "it", "tag": "GN-S3S--", "original_form": "it"}], "type": "phrase", "id": "22"}, {"endp": "63", "style": {"isItalics": "no", "isUnderlined": "no", "isTitle": "no", "isBold": "no"}, "separation": "1", "form": "was going", "quote_level": "0", "head": "11", "syntactic_tree_relation_list": [{"type": "iof_isSubject", "id": "22"}, {"type": "iof_isComplement", "id": "24"}], "affected_by_negation": "no", "inip": "55", "analysis_list": [{"lemma": "go", "tag": "VI-S3ACA-N-N9", "original_form": "was going"}, {"lemma": "go", "tag": "VI-S1ACA-N-N9", "original_form": "was going"}], "type": "multiword", "id": "16"}, {"endp": "71", "style": {"isItalics": "no", "isUnderlined": "no", "isTitle": "no", "isBold": "no"}, "token_list": [{"endp": "66", "style": {"isItalics": "no", "isUnderlined": "no", "isTitle": "no", "isBold": "no"}, "inip": "65", "form": "so", "quote_level": "0", "affected_by_negation": "no", "separation": "1", "analysis_list": [{"lemma": "so", "tag": "CSLN7", "original_form": "so"}, {"lemma": "so", "tag": "CSFN7", "original_form": "so"}], "id": "13"}, {"endp": "71", "style": {"isItalics": "no", "isUnderlined": "no", "isTitle": "no", "isBold": "no"}, "inip": "68", "form": "fast", "quote_level": "0", "syntactic_tree_relation_list": [{"type": "iof_isSubject", "id": "20"}], "affected_by_negation": "no", "separation": "1", "analysis_list": [{"lemma": "fast", "tag": "VI-P3PSA-N-N5", "sense_id_list": [{"sense_id": "ODENTITY_INTENTIONAL_PROCESS"}], "original_form": "fast"}, {"lemma": "fast", "tag": "VI-U1PSA-N-N5", "sense_id_list": [{"sense_id": "ODENTITY_INTENTIONAL_PROCESS"}], "original_form": "fast"}, {"lemma": "fast", "tag": "VI-U2PSA-N-N5", "sense_id_list": [{"sense_id": "ODENTITY_INTENTIONAL_PROCESS"}], "original_form": "fast"}], "sense_list": [{"info": "sementity/id=ODENTITY_INTENTIONAL_PROCESS@type=Top>Process>IntentionalProcess\tsemld_list=sumo:IntentionalProcess", "id": "ODENTITY_INTENTIONAL_PROCESS", "form": "fast"}], "id": "14"}], "separation": "1", "form": "so fast", "quote_level": "0", "syntactic_tree_relation_list": [{"type": "isComplement", "id": "16"}], "affected_by_negation": "no", "inip": "65", "analysis_list": [{"lemma": "*", "tag": "ZE---CIP----", "original_form": "so fast"}], "type": "phrase", "id": "24"}], "separation": "1", "form": "because it was going so fast", "quote_level": "0", "syntactic_tree_relation_list": [{"type": "isComplement", "id": "4"}], "affected_by_negation": "no", "inip": "44", "analysis_list": [{"lemma": "*", "tag": "ZE---CIA----", "original_form": "because it was going so fast"}], "type": "phrase", "id": "25"}], "separation": "1", "form": "zoomed by the school bus because it was going so fast", "quote_level": "0", "affected_by_negation": "no", "inip": "19", "analysis_list": [{"lemma": "*", "tag": "ZA----PA----", "original_form": "zoomed by the school bus because it was going so fast"}], "type": "phrase", "id": "26"}], "separation": "_", "form": "The delivery truck zoomed by the school bus because it was going so fast", "quote_level": "0", "head": "3", "syntactic_tree_relation_list": [{"type": "isSubject", "id": "14"}, {"type": "iof_isAnaphora", "id": "22"}], "affected_by_negation": "no", "inip": "0", "analysis_list": [{"lemma": "truck", "tag": "GN-S3---", "original_form": "The delivery truck"}], "type": "phrase", "id": "20"}], "separation": "_", "form": "The delivery truck zoomed by the school bus because it was going so fast", "quote_level": "0", "affected_by_negation": "no", "inip": "0", "analysis_list": [{"lemma": "*", "tag": "Z-----------", "original_form": "The delivery truck zoomed by the school bus because it was going so fast"}], "type": "phrase", "id": "27"}], "inip": "0", "quote_level": "0", "affected_by_negation": "no", "separation": "A", "type": "sentence", "id": "17"}]}