{"status": {"msg": "OK", "credits": "1", "remaining_credits": "39812", "code": "0"}, "token_list": [{"endp": "137", "style": {"isItalics": "no", "isUnderlined": "no", "isTitle": "no", "isBold": "no"}, "token_list": [{"endp": "12", "style": {"isItalics": "no", "isUnderlined": "no", "isTitle": "no", "isBold": "no"}, "token_list": [{"endp": "11", "style": {"isItalics": "no", "isUnderlined": "no", "isTitle": "no", "isBold": "no"}, "token_list": [{"endp": "3", "style": {"isItalics": "no", "isUnderlined": "no", "isTitle": "no", "isBold": "no"}, "inip": "0", "form": "This", "quote_level": "0", "affected_by_negation": "no", "separation": "_", "analysis_list": [{"lemma": "this", "tag": "DD-SN3", "original_form": "this"}], "id": "1"}, {"endp": "11", "style": {"isItalics": "no", "isUnderlined": "no", "isTitle": "no", "isBold": "no"}, "inip": "5", "form": "morning", "quote_level": "0", "affected_by_negation": "no", "separation": "1", "analysis_list": [{"lemma": "morning", "tag": "NC-S-N6", "original_form": "morning"}], "id": "2"}], "separation": "_", "form": "This morning", "quote_level": "0", "head": "2", "syntactic_tree_relation_list": [{"type": "isTimeComplement", "id": "5"}], "affected_by_negation": "no", "inip": "0", "analysis_list": [{"lemma": "morning", "tag": "GN-S3T--", "original_form": "This morning"}], "type": "phrase", "id": "37"}, {"endp": "12", "style": {"isItalics": "no", "isUnderlined": "no", "isTitle": "no", "isBold": "no"}, "inip": "12", "form": ",", "quote_level": "0", "affected_by_negation": "no", "separation": "A", "analysis_list": [{"lemma": ",", "tag": "1D--", "original_form": ","}], "id": "3"}], "separation": "_", "form": "This morning,", "quote_level": "0", "affected_by_negation": "no", "inip": "0", "analysis_list": [{"lemma": "*", "tag": "Z-----------", "original_form": "This morning,"}], "type": "phrase", "id": "52"}, {"endp": "50", "style": {"isItalics": "no", "isUnderlined": "no", "isTitle": "no", "isBold": "no"}, "token_list": [{"endp": "17", "style": {"isItalics": "no", "isUnderlined": "no", "isTitle": "no", "isBold": "no"}, "token_list": [{"endp": "17", "style": {"isItalics": "no", "isUnderlined": "no", "isTitle": "no", "isBold": "no"}, "inip": "14", "form": "Joey", "quote_level": "0", "affected_by_negation": "no", "separation": "1", "analysis_list": [{"lemma": "Joey", "tag": "NPMS-N-", "sense_id_list": [{"sense_id": "dbfd71b17a"}], "original_form": "Joey"}], "sense_list": [{"info": "sementity/class=instance@fiction=nonfiction@id=ODENTITY_FIRST_NAME@type=Top>Person>FirstName\tsemld_list=sumo:FirstName", "id": "dbfd71b17a", "form": "Joey"}], "id": "4"}], "separation": "1", "form": "Joey", "quote_level": "0", "head": "4", "syntactic_tree_relation_list": [{"type": "isSubject", "id": "14"}, {"type": "isSubject", "id": "5"}, {"type": "iof_isAnaphora", "id": "45"}], "affected_by_negation": "no", "inip": "14", "analysis_list": [{"lemma": "Joey", "tag": "GNMS3S--", "original_form": "Joey"}], "type": "phrase", "id": "38"}, {"endp": "23", "style": {"isItalics": "no", "isUnderlined": "no", "isTitle": "no", "isBold": "no"}, "inip": "19", "form": "built", "quote_level": "0", "syntactic_tree_relation_list": [{"type": "iof_isTimeComplement", "id": "37"}, {"type": "iof_isSubject", "id": "38"}, {"type": "iof_isDirectObject", "id": "39"}], "affected_by_negation": "no", "separation": "1", "analysis_list": [{"lemma": "build", "tag": "VI-S3ASA-N-N6", "sense_id_list": [{"sense_id": "ODENTITY_CHEMICAL_PROCESS"}, {"sense_id": "ODENTITY_MAKING"}, {"sense_id": "ODENTITY_INCREASING"}, {"sense_id": "ODENTITY_INTENTIONAL_PROCESS"}, {"sense_id": "ODENTITY_MANAGING"}, {"sense_id": "ODENTITY_REASONING"}], "original_form": "built"}], "sense_list": [{"info": "sementity/id=ODENTITY_CHEMICAL_PROCESS@type=Top>Process>InternalChange>ChemicalProcess\tsemld_list=sumo:Entity", "id": "ODENTITY_CHEMICAL_PROCESS", "form": "build"}, {"info": "sementity/id=ODENTITY_INCREASING@type=Top>Process>InternalChange>QuantityChange>Increasing\tsemld_list=sumo:Entity", "id": "ODENTITY_INCREASING", "form": "build"}, {"info": "sementity/id=ODENTITY_INTENTIONAL_PROCESS@type=Top>Process>IntentionalProcess\tsemld_list=sumo:IntentionalProcess", "id": "ODENTITY_INTENTIONAL_PROCESS", "form": "build"}, {"info": "sementity/id=ODENTITY_MAKING@type=Top>Process>IntentionalProcess>Making\tsemld_list=sumo:IntentionalProcess", "id": "ODENTITY_MAKING", "form": "build"}, {"info": "sementity/id=ODENTITY_MANAGING@type=Top>Process>IntentionalProcess>OrganizationalProcess>Managing\tsemld_list=sumo:IntentionalProcess", "id": "ODENTITY_MANAGING", "form": "build"}, {"info": "sementity/id=ODENTITY_REASONING@type=Top>Process>IntentionalProcess>IntentionalPsychologicalProcess>Reasoning\tsemld_list=sumo:IntentionalProcess", "id": "ODENTITY_REASONING", "form": "build"}], "id": "5"}, {"endp": "50", "style": {"isItalics": "no", "isUnderlined": "no", "isTitle": "no", "isBold": "no"}, "token_list": [{"endp": "25", "style": {"isItalics": "no", "isUnderlined": "no", "isTitle": "no", "isBold": "no"}, "inip": "25", "form": "a", "quote_level": "0", "affected_by_negation": "no", "separation": "1", "analysis_list": [{"lemma": "a", "tag": "QD-SPN9", "original_form": "a"}], "id": "6"}, {"endp": "30", "style": {"isItalics": "no", "isUnderlined": "no", "isTitle": "no", "isBold": "no"}, "inip": "27", "form": "sand", "quote_level": "0", "affected_by_negation": "no", "separation": "1", "analysis_list": [{"lemma": "sand", "tag": "NC-S-N5", "sense_id_list": [{"sense_id": "66fa5d6247"}], "original_form": "sand"}], "sense_list": [{"info": "sementity/class=class@fiction=nonfiction@id=ODENTITY_MINERAL@type=Top>Product>Substance>Mineral\tsemld_list=sumo:Mineral\tsemtheme_list/id=ODTHEME_GEOLOGY@type=Top>NaturalSciences>Geology", "id": "66fa5d6247", "form": "sand"}], "id": "7"}, {"endp": "37", "style": {"isItalics": "no", "isUnderlined": "no", "isTitle": "no", "isBold": "no"}, "inip": "32", "form": "castle", "quote_level": "0", "affected_by_negation": "no", "separation": "1", "analysis_list": [{"lemma": "castle", "tag": "NC-S-N5", "sense_id_list": [{"sense_id": "c0f3660480"}, {"sense_id": "0900d733dd"}], "original_form": "castle"}], "sense_list": [{"info": "sementity/class=class@fiction=nonfiction@id=ODENTITY_FACILITY@type=Top>Location>Facility\tsemld_list=sumo:FacilityPartOther", "id": "0900d733dd", "form": "castle"}, {"info": "sementity/class=class@fiction=nonfiction@id=ODENTITY_FACILITY@type=Top>Location>Facility\tsemld_list=sumo:FacilityPartOther", "id": "c0f3660480", "form": "citadel"}], "id": "8"}, {"endp": "50", "style": {"isItalics": "no", "isUnderlined": "no", "isTitle": "no", "isBold": "no"}, "token_list": [{"endp": "40", "style": {"isItalics": "no", "isUnderlined": "no", "isTitle": "no", "isBold": "no"}, "inip": "39", "form": "on", "quote_level": "0", "affected_by_negation": "no", "separation": "1", "analysis_list": [{"lemma": "on", "tag": "YN7", "original_form": "on"}], "id": "9"}, {"endp": "50", "style": {"isItalics": "no", "isUnderlined": "no", "isTitle": "no", "isBold": "no"}, "token_list": [{"endp": "44", "style": {"isItalics": "no", "isUnderlined": "no", "isTitle": "no", "isBold": "no"}, "inip": "42", "form": "the", "quote_level": "0", "affected_by_negation": "no", "separation": "1", "analysis_list": [{"lemma": "the", "tag": "TD-SN9", "original_form": "the"}], "id": "10"}, {"endp": "50", "style": {"isItalics": "no", "isUnderlined": "no", "isTitle": "no", "isBold": "no"}, "inip": "46", "form": "beach", "quote_level": "0", "affected_by_negation": "no", "separation": "1", "analysis_list": [{"lemma": "beach", "tag": "NC-S-N5", "sense_id_list": [{"sense_id": "05aeb093c1"}], "original_form": "beach"}], "sense_list": [{"info": "sementity/class=class@fiction=nonfiction@id=ODENTITY_BEACH@type=Top>Location>GeographicalEntity>LandForm>Beach\tsemld_list=sumo:Seacoast", "id": "05aeb093c1", "form": "beach"}], "id": "11"}], "separation": "1", "form": "the beach", "quote_level": "0", "head": "11", "affected_by_negation": "no", "inip": "42", "analysis_list": [{"lemma": "beach", "tag": "GN-S3---", "original_form": "the beach"}], "type": "phrase", "id": "40"}], "separation": "1", "form": "on the beach", "quote_level": "0", "head": "9", "affected_by_negation": "no", "inip": "39", "analysis_list": [{"lemma": "on", "tag": "GY------", "original_form": "on the beach"}], "type": "phrase", "id": "48"}], "separation": "1", "form": "a sand castle on the beach", "quote_level": "0", "head": "8", "syntactic_tree_relation_list": [{"type": "isDirectObject", "id": "5"}], "affected_by_negation": "no", "inip": "25", "analysis_list": [{"lemma": "castle", "tag": "GN-S3D--", "original_form": "a sand castle"}], "type": "phrase", "id": "39"}], "separation": "1", "form": "Joey built a sand castle on the beach", "quote_level": "0", "affected_by_negation": "no", "inip": "14", "analysis_list": [{"lemma": "*", "tag": "ZC----------", "original_form": "Joey built a sand castle on the beach"}], "type": "phrase", "id": "49"}, {"endp": "51", "style": {"isItalics": "no", "isUnderlined": "no", "isTitle": "no", "isBold": "no"}, "inip": "51", "form": ",", "quote_level": "0", "affected_by_negation": "no", "separation": "A", "analysis_list": [{"lemma": ",", "tag": "1D--", "original_form": ","}], "id": "12"}, {"endp": "55", "style": {"isItalics": "no", "isUnderlined": "no", "isTitle": "no", "isBold": "no"}, "inip": "53", "form": "and", "quote_level": "0", "affected_by_negation": "no", "separation": "1", "analysis_list": [{"lemma": "and", "tag": "CCYN9", "original_form": "and"}], "id": "13"}, {"endp": "91", "style": {"isItalics": "no", "isUnderlined": "no", "isTitle": "no", "isBold": "no"}, "token_list": [{"endp": "59", "style": {"isItalics": "no", "isUnderlined": "no", "isTitle": "no", "isBold": "no"}, "inip": "57", "form": "put", "quote_level": "0", "syntactic_tree_relation_list": [{"type": "iof_isSubject", "id": "38"}, {"type": "iof_isDirectObject", "id": "41"}, {"type": "iof_isComplement", "id": "47"}], "affected_by_negation": "no", "separation": "1", "analysis_list": [{"lemma": "put", "tag": "VP---ASA-N-N7", "sense_id_list": [{"sense_id": "ODENTITY_COMMUNICATION_PROCESS"}, {"sense_id": "ODENTITY_CONTENT_DEVELOPMENT"}, {"sense_id": "ODENTITY_TRANSACTION"}, {"sense_id": "ODENTITY_INTENTIONAL_PROCESS"}, {"sense_id": "ODENTITY_INTENTIONAL_PSYCHOLOGICAL_PROCESS"}, {"sense_id": "ODENTITY_PROCESS"}, {"sense_id": "ODENTITY_REASONING"}], "original_form": "put"}, {"lemma": "put", "tag": "VI-P3PSA-N-N7", "sense_id_list": [{"sense_id": "ODENTITY_COMMUNICATION_PROCESS"}, {"sense_id": "ODENTITY_CONTENT_DEVELOPMENT"}, {"sense_id": "ODENTITY_TRANSACTION"}, {"sense_id": "ODENTITY_INTENTIONAL_PROCESS"}, {"sense_id": "ODENTITY_INTENTIONAL_PSYCHOLOGICAL_PROCESS"}, {"sense_id": "ODENTITY_PROCESS"}, {"sense_id": "ODENTITY_REASONING"}], "original_form": "put"}, {"lemma": "put", "tag": "VI-U1PSA-N-N7", "sense_id_list": [{"sense_id": "ODENTITY_COMMUNICATION_PROCESS"}, {"sense_id": "ODENTITY_CONTENT_DEVELOPMENT"}, {"sense_id": "ODENTITY_TRANSACTION"}, {"sense_id": "ODENTITY_INTENTIONAL_PROCESS"}, {"sense_id": "ODENTITY_INTENTIONAL_PSYCHOLOGICAL_PROCESS"}, {"sense_id": "ODENTITY_PROCESS"}, {"sense_id": "ODENTITY_REASONING"}], "original_form": "put"}, {"lemma": "put", "tag": "VI-U2PSA-N-N7", "sense_id_list": [{"sense_id": "ODENTITY_COMMUNICATION_PROCESS"}, {"sense_id": "ODENTITY_CONTENT_DEVELOPMENT"}, {"sense_id": "ODENTITY_TRANSACTION"}, {"sense_id": "ODENTITY_INTENTIONAL_PROCESS"}, {"sense_id": "ODENTITY_INTENTIONAL_PSYCHOLOGICAL_PROCESS"}, {"sense_id": "ODENTITY_PROCESS"}, {"sense_id": "ODENTITY_REASONING"}], "original_form": "put"}, {"lemma": "put", "tag": "VI-UUASA-N-N7", "sense_id_list": [{"sense_id": "ODENTITY_COMMUNICATION_PROCESS"}, {"sense_id": "ODENTITY_CONTENT_DEVELOPMENT"}, {"sense_id": "ODENTITY_TRANSACTION"}, {"sense_id": "ODENTITY_INTENTIONAL_PROCESS"}, {"sense_id": "ODENTITY_INTENTIONAL_PSYCHOLOGICAL_PROCESS"}, {"sense_id": "ODENTITY_PROCESS"}, {"sense_id": "ODENTITY_REASONING"}], "original_form": "put"}], "sense_list": [{"info": "sementity/id=ODENTITY_COMMUNICATION_PROCESS@type=Top>Process>ContentBearingProcess>CommunicationProcess\tsemld_list=sumo:Entity", "id": "ODENTITY_COMMUNICATION_PROCESS", "form": "put"}, {"info": "sementity/id=ODENTITY_CONTENT_DEVELOPMENT@type=Top>Process>IntentionalProcess>ContentDevelopment\tsemld_list=sumo:IntentionalProcess", "id": "ODENTITY_CONTENT_DEVELOPMENT", "form": "put"}, {"info": "sementity/id=ODENTITY_INTENTIONAL_PROCESS@type=Top>Process>IntentionalProcess\tsemld_list=sumo:IntentionalProcess", "id": "ODENTITY_INTENTIONAL_PROCESS", "form": "put"}, {"info": "sementity/id=ODENTITY_INTENTIONAL_PSYCHOLOGICAL_PROCESS@type=Top>Process>IntentionalProcess>IntentionalPsychologicalProcess\tsemld_list=sumo:IntentionalProcess", "id": "ODENTITY_INTENTIONAL_PSYCHOLOGICAL_PROCESS", "form": "put"}, {"info": "sementity/id=ODENTITY_PROCESS@type=Top>Process\tsemld_list=sumo:Entity", "id": "ODENTITY_PROCESS", "form": "put"}, {"info": "sementity/id=ODENTITY_REASONING@type=Top>Process>IntentionalProcess>IntentionalPsychologicalProcess>Reasoning\tsemld_list=sumo:IntentionalProcess", "id": "ODENTITY_REASONING", "form": "put"}, {"info": "sementity/id=ODENTITY_TRANSACTION@type=Top>Process>DualObjectProcess>Transaction\tsemld_list=sumo:Entity", "id": "ODENTITY_TRANSACTION", "form": "put"}], "id": "14"}, {"endp": "70", "style": {"isItalics": "no", "isUnderlined": "no", "isTitle": "no", "isBold": "no"}, "token_list": [{"endp": "61", "style": {"isItalics": "no", "isUnderlined": "no", "isTitle": "no", "isBold": "no"}, "inip": "61", "form": "a", "quote_level": "0", "affected_by_negation": "no", "separation": "1", "analysis_list": [{"lemma": "a", "tag": "QD-SPN9", "original_form": "a"}], "id": "15"}, {"endp": "65", "style": {"isItalics": "no", "isUnderlined": "no", "isTitle": "no", "isBold": "no"}, "inip": "63", "form": "toy", "quote_level": "0", "affected_by_negation": "no", "separation": "1", "analysis_list": [{"lemma": "toy", "tag": "NC-S-N4", "sense_id_list": [{"sense_id": "24d4751a59"}], "original_form": "toy"}], "sense_list": [{"info": "sementity/class=class@fiction=nonfiction@id=ODENTITY_TOP@type=Top\tsemld_list=sumo:Entity", "id": "24d4751a59", "form": "toy"}], "id": "16"}, {"endp": "70", "style": {"isItalics": "no", "isUnderlined": "no", "isTitle": "no", "isBold": "no"}, "inip": "67", "form": "flag", "quote_level": "0", "affected_by_negation": "no", "separation": "1", "analysis_list": [{"lemma": "flag", "tag": "NC-S-N4", "original_form": "flag"}], "id": "17"}], "separation": "1", "form": "a toy flag", "quote_level": "0", "head": "17", "syntactic_tree_relation_list": [{"type": "isDirectObject", "id": "14"}], "affected_by_negation": "no", "inip": "61", "analysis_list": [{"lemma": "flag", "tag": "GN-S3D--", "original_form": "a toy flag"}], "type": "phrase", "id": "41"}, {"endp": "91", "style": {"isItalics": "no", "isUnderlined": "no", "isTitle": "no", "isBold": "no"}, "token_list": [{"endp": "73", "style": {"isItalics": "no", "isUnderlined": "no", "isTitle": "no", "isBold": "no"}, "inip": "72", "form": "in", "quote_level": "0", "affected_by_negation": "no", "separation": "1", "analysis_list": [{"lemma": "in", "tag": "YN6", "original_form": "in"}], "id": "18"}, {"endp": "91", "style": {"isItalics": "no", "isUnderlined": "no", "isTitle": "no", "isBold": "no"}, "token_list": [{"endp": "77", "style": {"isItalics": "no", "isUnderlined": "no", "isTitle": "no", "isBold": "no"}, "inip": "75", "form": "the", "quote_level": "0", "affected_by_negation": "no", "separation": "1", "analysis_list": [{"lemma": "the", "tag": "TD-SN9", "original_form": "the"}], "id": "19"}, {"endp": "85", "style": {"isItalics": "no", "isUnderlined": "no", "isTitle": "no", "isBold": "no"}, "inip": "79", "form": "highest", "quote_level": "0", "affected_by_negation": "no", "separation": "1", "analysis_list": [{"lemma": "high", "tag": "AS-N5", "original_form": "highest"}], "id": "20"}, {"endp": "91", "style": {"isItalics": "no", "isUnderlined": "no", "isTitle": "no", "isBold": "no"}, "inip": "87", "form": "tower", "quote_level": "0", "affected_by_negation": "no", "separation": "1", "analysis_list": [{"lemma": "tower", "tag": "NC-S-N4", "sense_id_list": [{"sense_id": "29538b9e97"}], "original_form": "tower"}], "sense_list": [{"info": "sementity/class=class@fiction=nonfiction@id=ODENTITY_FACILITY@type=Top>Location>Facility\tsemld_list=sumo:FacilityPartOther", "id": "29538b9e97", "form": "tower"}], "id": "21"}], "separation": "1", "form": "the highest tower", "quote_level": "0", "head": "21", "affected_by_negation": "no", "inip": "75", "analysis_list": [{"lemma": "tower", "tag": "GN-S3---", "original_form": "the highest tower"}], "type": "phrase", "id": "42"}], "separation": "1", "form": "in the highest tower", "quote_level": "0", "head": "18", "syntactic_tree_relation_list": [{"type": "isComplement", "id": "14"}], "affected_by_negation": "no", "inip": "72", "analysis_list": [{"lemma": "in", "tag": "GY---C--", "original_form": "in the highest tower"}], "type": "phrase", "id": "47"}], "separation": "1", "form": "put a toy flag in the highest tower", "quote_level": "0", "affected_by_negation": "no", "inip": "57", "analysis_list": [{"lemma": "*", "tag": "ZC----------", "original_form": "put a toy flag in the highest tower"}], "type": "phrase", "id": "50"}, {"endp": "92", "style": {"isItalics": "no", "isUnderlined": "no", "isTitle": "no", "isBold": "no"}, "inip": "92", "form": ",", "quote_level": "0", "affected_by_negation": "no", "separation": "A", "analysis_list": [{"lemma": ",", "tag": "1D--", "original_form": ","}], "id": "22"}, {"endp": "96", "style": {"isItalics": "no", "isUnderlined": "no", "isTitle": "no", "isBold": "no"}, "inip": "94", "form": "but", "quote_level": "0", "affected_by_negation": "no", "separation": "1", "analysis_list": [{"lemma": "but", "tag": "CCAN8", "original_form": "but"}], "id": "23"}, {"endp": "136", "style": {"isItalics": "no", "isUnderlined": "no", "isTitle": "no", "isBold": "no"}, "token_list": [{"endp": "111", "style": {"isItalics": "no", "isUnderlined": "no", "isTitle": "no", "isBold": "no"}, "token_list": [{"endp": "101", "style": {"isItalics": "no", "isUnderlined": "no", "isTitle": "no", "isBold": "no"}, "inip": "98", "form": "this", "quote_level": "0", "affected_by_negation": "no", "separation": "1", "analysis_list": [{"lemma": "this", "tag": "DD-SN3", "original_form": "this"}], "id": "24"}, {"endp": "111", "style": {"isItalics": "no", "isUnderlined": "no", "isTitle": "no", "isBold": "no"}, "inip": "103", "form": "afternoon", "quote_level": "0", "affected_by_negation": "no", "separation": "1", "analysis_list": [{"lemma": "afternoon", "tag": "NC-S-N5", "sense_id_list": [{"sense_id": "16fc46de57"}], "original_form": "afternoon"}], "sense_list": [{"info": "sementity/class=class@fiction=nonfiction@id=ODENTITY_PERIOD@type=Top>Timex>Period\tsemld_list=sumo:TimeInterval", "id": "16fc46de57", "form": "afternoon"}], "id": "25"}], "separation": "1", "form": "this afternoon", "quote_level": "0", "head": "25", "syntactic_tree_relation_list": [{"type": "isTimeComplement", "id": "28"}], "affected_by_negation": "no", "inip": "98", "analysis_list": [{"lemma": "afternoon", "tag": "GN-S3T--", "original_form": "this afternoon"}], "type": "phrase", "id": "43"}, {"endp": "120", "style": {"isItalics": "no", "isUnderlined": "no", "isTitle": "no", "isBold": "no"}, "token_list": [{"endp": "115", "style": {"isItalics": "no", "isUnderlined": "no", "isTitle": "no", "isBold": "no"}, "inip": "113", "form": "the", "quote_level": "0", "affected_by_negation": "no", "separation": "1", "analysis_list": [{"lemma": "the", "tag": "TD-SN9", "original_form": "the"}], "id": "26"}, {"endp": "120", "style": {"isItalics": "no", "isUnderlined": "no", "isTitle": "no", "isBold": "no"}, "inip": "117", "form": "wind", "quote_level": "0", "affected_by_negation": "no", "separation": "1", "analysis_list": [{"lemma": "wind", "tag": "NC-S-N4", "sense_id_list": [{"sense_id": "8229209616"}], "original_form": "wind"}], "sense_list": [{"info": "sementity/class=class@fiction=nonfiction@id=ODENTITY_NATURAL_PHENOMENA@type=Top>Event>NaturalPhenomena\tsemld_list=sumo:WeatherProcess", "id": "8229209616", "form": "wind"}], "id": "27"}], "separation": "1", "form": "the wind", "quote_level": "0", "head": "27", "syntactic_tree_relation_list": [{"type": "isSubject", "id": "28"}], "affected_by_negation": "no", "inip": "113", "analysis_list": [{"lemma": "wind", "tag": "GN-S3S--", "original_form": "the wind"}], "type": "phrase", "id": "44"}, {"endp": "128", "style": {"isItalics": "no", "isUnderlined": "no", "isTitle": "no", "isBold": "no"}, "inip": "122", "form": "knocked", "quote_level": "0", "syntactic_tree_relation_list": [{"type": "iof_isTimeComplement", "id": "43"}, {"type": "iof_isSubject", "id": "44"}, {"type": "iof_isDirectObject", "id": "45"}, {"type": "iof_isLocationComplement", "id": "46"}], "affected_by_negation": "no", "separation": "1", "analysis_list": [{"lemma": "knock", "tag": "VI-S3ASA-N-N2", "sense_id_list": [{"sense_id": "ODENTITY_COMMUNICATION_PROCESS"}, {"sense_id": "ODENTITY_TRANSFER"}], "original_form": "knocked"}], "sense_list": [{"info": "sementity/id=ODENTITY_COMMUNICATION_PROCESS@type=Top>Process>ContentBearingProcess>CommunicationProcess\tsemld_list=sumo:Entity", "id": "ODENTITY_COMMUNICATION_PROCESS", "form": "knock"}, {"info": "sementity/id=ODENTITY_TRANSFER@type=Top>Process>Motion>Translocation>Transfer\tsemld_list=sumo:Entity", "id": "ODENTITY_TRANSFER", "form": "knock"}], "id": "28"}, {"endp": "131", "style": {"isItalics": "no", "isUnderlined": "no", "isTitle": "no", "isBold": "no"}, "token_list": [{"endp": "131", "style": {"isItalics": "no", "isUnderlined": "no", "isTitle": "no", "isBold": "no"}, "inip": "130", "form": "it", "quote_level": "0", "affected_by_negation": "no", "separation": "1", "analysis_list": [{"lemma": "it", "tag": "PP-S3AN8", "sense_id_list": [{"sense_id": "PRONNONHUMAN"}], "original_form": "it"}], "sense_list": [{"info": "semhum=nonhuman", "id": "PRONNONHUMAN", "form": "it"}], "id": "29"}], "separation": "1", "form": "it", "quote_level": "0", "head": "29", "syntactic_tree_relation_list": [{"type": "isAnaphora", "id": "38"}, {"type": "isDirectObject", "id": "28"}], "affected_by_negation": "no", "inip": "130", "analysis_list": [{"lemma": "it", "tag": "GN-S3D--", "original_form": "it"}], "type": "phrase", "id": "45"}, {"endp": "136", "style": {"isItalics": "no", "isUnderlined": "no", "isTitle": "no", "isBold": "no"}, "token_list": [{"endp": "136", "style": {"isItalics": "no", "isUnderlined": "no", "isTitle": "no", "isBold": "no"}, "inip": "133", "form": "down", "quote_level": "0", "affected_by_negation": "no", "separation": "1", "analysis_list": [{"lemma": "down", "tag": "ENLPN5", "original_form": "down"}], "id": "30"}], "separation": "1", "form": "down", "quote_level": "0", "head": "30", "syntactic_tree_relation_list": [{"type": "isLocationComplement", "id": "28"}], "affected_by_negation": "no", "inip": "133", "analysis_list": [{"lemma": "down", "tag": "GEL--L--", "original_form": "down"}], "type": "phrase", "id": "46"}], "separation": "1", "form": "this afternoon the wind knocked it down", "quote_level": "0", "affected_by_negation": "no", "inip": "98", "analysis_list": [{"lemma": "*", "tag": "ZC----------", "original_form": "this afternoon the wind knocked it down"}], "type": "phrase", "id": "51"}, {"endp": "137", "style": {"isItalics": "no", "isUnderlined": "no", "isTitle": "no", "isBold": "no"}, "inip": "137", "form": ".", "quote_level": "0", "affected_by_negation": "no", "separation": "A", "analysis_list": [{"lemma": ".", "tag": "1D--", "original_form": "."}], "id": "31"}], "inip": "0", "quote_level": "0", "affected_by_negation": "no", "separation": "A", "type": "sentence", "id": "33"}]}