{"status": {"msg": "OK", "credits": "1", "remaining_credits": "39804", "code": "0"}, "token_list": [{"endp": "57", "style": {"isItalics": "no", "isUnderlined": "no", "isTitle": "no", "isBold": "no"}, "token_list": [{"endp": "56", "style": {"isItalics": "no", "isUnderlined": "no", "isTitle": "no", "isBold": "no"}, "token_list": [{"endp": "19", "style": {"isItalics": "no", "isUnderlined": "no", "isTitle": "no", "isBold": "no"}, "token_list": [{"endp": "2", "style": {"isItalics": "no", "isUnderlined": "no", "isTitle": "no", "isBold": "no"}, "inip": "0", "form": "The", "quote_level": "0", "affected_by_negation": "no", "separation": "_", "analysis_list": [{"lemma": "the", "tag": "TD-SN9", "original_form": "the"}], "id": "1"}, {"endp": "7", "style": {"isItalics": "no", "isUnderlined": "no", "isTitle": "no", "isBold": "no"}, "inip": "4", "form": "path", "quote_level": "0", "affected_by_negation": "no", "separation": "1", "analysis_list": [{"lemma": "path", "tag": "NC-S-N5", "sense_id_list": [{"sense_id": "52b872ac4d"}], "original_form": "path"}], "sense_list": [{"info": "sementity/class=class@fiction=nonfiction@id=ODENTITY_LINE@type=Top>Location>Facility>Line\tsemld_list=sumo:Transitway", "id": "52b872ac4d", "form": "path"}], "id": "2"}, {"endp": "19", "style": {"isItalics": "no", "isUnderlined": "no", "isTitle": "no", "isBold": "no"}, "token_list": [{"endp": "10", "style": {"isItalics": "no", "isUnderlined": "no", "isTitle": "no", "isBold": "no"}, "inip": "9", "form": "to", "quote_level": "0", "affected_by_negation": "no", "separation": "1", "analysis_list": [{"lemma": "to", "tag": "YN6", "original_form": "to"}], "id": "3"}, {"endp": "19", "style": {"isItalics": "no", "isUnderlined": "no", "isTitle": "no", "isBold": "no"}, "token_list": [{"endp": "14", "style": {"isItalics": "no", "isUnderlined": "no", "isTitle": "no", "isBold": "no"}, "inip": "12", "form": "the", "quote_level": "0", "affected_by_negation": "no", "separation": "1", "analysis_list": [{"lemma": "the", "tag": "TD-SN9", "original_form": "the"}], "id": "4"}, {"endp": "19", "style": {"isItalics": "no", "isUnderlined": "no", "isTitle": "no", "isBold": "no"}, "inip": "16", "form": "lake", "quote_level": "0", "affected_by_negation": "no", "separation": "1", "analysis_list": [{"lemma": "lake", "tag": "NC-S-N5", "sense_id_list": [{"sense_id": "c3c22e60e9"}], "original_form": "lake"}], "sense_list": [{"info": "sementity/class=class@fiction=nonfiction@id=ODENTITY_LAKE@type=Top>Location>GeographicalEntity>WaterForm>Lake\tsemld_list=sumo:Lake", "id": "c3c22e60e9", "form": "lake"}], "id": "5"}], "separation": "1", "form": "the lake", "quote_level": "0", "head": "5", "affected_by_negation": "no", "inip": "12", "analysis_list": [{"lemma": "lake", "tag": "GN-S3---", "original_form": "the lake"}], "type": "phrase", "id": "24"}], "separation": "1", "form": "to the lake", "quote_level": "0", "head": "3", "affected_by_negation": "no", "inip": "9", "analysis_list": [{"lemma": "to", "tag": "GY------", "original_form": "to the lake"}], "type": "phrase", "id": "27"}], "separation": "_", "form": "The path to the lake", "quote_level": "0", "head": "2", "syntactic_tree_relation_list": [{"type": "isSubject", "id": "20"}, {"type": "iof_isAnaphora", "id": "25"}], "affected_by_negation": "no", "inip": "0", "analysis_list": [{"lemma": "path", "tag": "GN-S3S--", "original_form": "The path"}], "type": "phrase", "id": "23"}, {"endp": "31", "style": {"isItalics": "no", "isUnderlined": "no", "isTitle": "no", "isBold": "no"}, "separation": "1", "form": "was blocked", "quote_level": "0", "head": "6", "syntactic_tree_relation_list": [{"type": "iof_isSubject", "id": "23"}, {"type": "iof_isComplement", "id": "28"}], "affected_by_negation": "no", "inip": "21", "analysis_list": [{"lemma": "block", "tag": "VI-S3ASP-N-N9", "original_form": "was blocked"}], "type": "multiword", "id": "20"}, {"endp": "32", "style": {"isItalics": "no", "isUnderlined": "no", "isTitle": "no", "isBold": "no"}, "inip": "32", "form": ",", "quote_level": "0", "affected_by_negation": "no", "separation": "A", "analysis_list": [{"lemma": ",", "tag": "1D--", "original_form": ","}], "id": "8"}, {"endp": "56", "style": {"isItalics": "no", "isUnderlined": "no", "isTitle": "no", "isBold": "no"}, "token_list": [{"endp": "35", "style": {"isItalics": "no", "isUnderlined": "no", "isTitle": "no", "isBold": "no"}, "inip": "34", "form": "so", "quote_level": "0", "affected_by_negation": "no", "separation": "1", "analysis_list": [{"lemma": "so", "tag": "CSLN7", "original_form": "so"}, {"lemma": "so", "tag": "CSFN7", "original_form": "so"}], "id": "9"}, {"endp": "38", "style": {"isItalics": "no", "isUnderlined": "no", "isTitle": "no", "isBold": "no"}, "token_list": [{"endp": "38", "style": {"isItalics": "no", "isUnderlined": "no", "isTitle": "no", "isBold": "no"}, "inip": "37", "form": "we", "quote_level": "0", "affected_by_negation": "no", "separation": "1", "analysis_list": [{"lemma": "we", "tag": "PP-P1NN8", "sense_id_list": [{"sense_id": "PRONHUMAN"}], "original_form": "we"}], "sense_list": [{"info": "semhum=human", "id": "PRONHUMAN", "form": "we"}], "id": "10"}], "separation": "1", "form": "we", "quote_level": "0", "head": "10", "syntactic_tree_relation_list": [{"type": "isSubject", "id": "19"}], "affected_by_negation": "no", "inip": "37", "analysis_list": [{"lemma": "we", "tag": "GN-P1S--", "original_form": "we"}], "type": "phrase", "id": "26"}, {"endp": "53", "style": {"isItalics": "no", "isUnderlined": "no", "isTitle": "no", "isBold": "no"}, "separation": "1", "form": "couldn't reach", "quote_level": "0", "head": "18", "syntactic_tree_relation_list": [{"type": "iof_isSubject", "id": "26"}, {"type": "iof_isDirectObject", "id": "25"}], "affected_by_negation": "yes", "inip": "40", "analysis_list": [{"lemma": "reach", "tag": "VW-UUOSA-NNE7", "original_form": "couldn't reach"}], "type": "multiword", "id": "19"}, {"endp": "56", "style": {"isItalics": "no", "isUnderlined": "no", "isTitle": "no", "isBold": "no"}, "token_list": [{"endp": "56", "style": {"isItalics": "no", "isUnderlined": "no", "isTitle": "no", "isBold": "no"}, "inip": "55", "form": "it", "quote_level": "0", "affected_by_negation": "no", "separation": "1", "analysis_list": [{"lemma": "it", "tag": "PP-S3AN8", "sense_id_list": [{"sense_id": "PRONNONHUMAN"}], "original_form": "it"}], "sense_list": [{"info": "semhum=nonhuman", "id": "PRONNONHUMAN", "form": "it"}], "id": "15"}], "separation": "1", "form": "it", "quote_level": "0", "head": "15", "syntactic_tree_relation_list": [{"type": "isAnaphora", "id": "23"}, {"type": "isDirectObject", "id": "19"}], "affected_by_negation": "no", "inip": "55", "analysis_list": [{"lemma": "it", "tag": "GN-S3D--", "original_form": "it"}], "type": "phrase", "id": "25"}], "separation": "1", "form": "so we couldn't reach it", "quote_level": "0", "syntactic_tree_relation_list": [{"type": "isComplement", "id": "20"}], "affected_by_negation": "no", "inip": "34", "analysis_list": [{"lemma": "*", "tag": "ZE---CWO----", "original_form": "so we couldn't reach it"}], "type": "phrase", "id": "28"}], "separation": "_", "form": "The path to the lake was blocked, so we couldn't reach it", "quote_level": "0", "affected_by_negation": "no", "inip": "0", "analysis_list": [{"lemma": "*", "tag": "Z-----------", "original_form": "The path to the lake was blocked, so we couldn't reach it"}], "type": "phrase", "id": "29"}, {"endp": "57", "style": {"isItalics": "no", "isUnderlined": "no", "isTitle": "no", "isBold": "no"}, "inip": "57", "form": ".", "quote_level": "0", "affected_by_negation": "no", "separation": "A", "analysis_list": [{"lemma": ".", "tag": "1D--", "original_form": "."}], "id": "16"}], "inip": "0", "quote_level": "0", "affected_by_negation": "no", "separation": "A", "type": "sentence", "id": "21"}]}