{"status": {"msg": "OK", "credits": "1", "remaining_credits": "39802", "code": "0"}, "token_list": [{"endp": "106", "style": {"isItalics": "no", "isUnderlined": "no", "isTitle": "no", "isBold": "no"}, "token_list": [{"endp": "47", "style": {"isItalics": "no", "isUnderlined": "no", "isTitle": "no", "isBold": "no"}, "token_list": [{"endp": "6", "style": {"isItalics": "no", "isUnderlined": "no", "isTitle": "no", "isBold": "no"}, "token_list": [{"endp": "2", "style": {"isItalics": "no", "isUnderlined": "no", "isTitle": "no", "isBold": "no"}, "inip": "0", "form": "The", "quote_level": "0", "affected_by_negation": "no", "separation": "_", "analysis_list": [{"lemma": "the", "tag": "TD-SN9", "original_form": "the"}], "id": "1"}, {"endp": "6", "style": {"isItalics": "no", "isUnderlined": "no", "isTitle": "no", "isBold": "no"}, "separation": "1", "form": "sun", "quote_level": "0", "affected_by_negation": "no", "inip": "4", "analysis_list": [{"lemma": "sun", "tag": "NC-S-N5", "sense_id_list": [{"sense_id": "2245de2af4"}], "original_form": "sun"}], "sense_list": [{"info": "sementity/class=class@fiction=nonfiction@id=ODENTITY_ASTRAL_BODY@type=Top>Location>AstralBody\tsemld_list=sumo:AstronomicalBody\tsemtheme_list/id=ODTHEME_ASTRONOMY@type=Top>NaturalSciences>Astronomy", "id": "2245de2af4", "form": "sun"}], "id": "2", "normalized_form": "date@|||d|||||||"}], "separation": "_", "form": "The sun", "quote_level": "0", "head": "2", "syntactic_tree_relation_list": [{"type": "isSubject", "id": "28"}], "affected_by_negation": "no", "inip": "0", "analysis_list": [{"lemma": "sun", "tag": "GN-S3S--", "original_form": "The sun"}], "type": "phrase", "id": "31", "normalized_form": "date@|||d|||||||"}, {"endp": "18", "style": {"isItalics": "no", "isUnderlined": "no", "isTitle": "no", "isBold": "no"}, "separation": "1", "form": "was covered", "quote_level": "0", "head": "3", "syntactic_tree_relation_list": [{"type": "iof_isSubject", "id": "31"}, {"type": "iof_isAgentComplement", "id": "39"}, {"type": "iof_isTimeComplement", "id": "33"}], "affected_by_negation": "no", "inip": "8", "analysis_list": [{"lemma": "cover", "tag": "VI-S3ASP-N-N9", "original_form": "was covered"}], "type": "multiword", "id": "28"}, {"endp": "35", "style": {"isItalics": "no", "isUnderlined": "no", "isTitle": "no", "isBold": "no"}, "token_list": [{"endp": "21", "style": {"isItalics": "no", "isUnderlined": "no", "isTitle": "no", "isBold": "no"}, "inip": "20", "form": "by", "quote_level": "0", "affected_by_negation": "no", "separation": "1", "analysis_list": [{"lemma": "by", "tag": "YN4", "original_form": "by"}], "id": "5"}, {"endp": "35", "style": {"isItalics": "no", "isUnderlined": "no", "isTitle": "no", "isBold": "no"}, "token_list": [{"endp": "23", "style": {"isItalics": "no", "isUnderlined": "no", "isTitle": "no", "isBold": "no"}, "inip": "23", "form": "a", "quote_level": "0", "affected_by_negation": "no", "separation": "1", "analysis_list": [{"lemma": "a", "tag": "QD-SPN9", "original_form": "a"}], "id": "6"}, {"endp": "29", "style": {"isItalics": "no", "isUnderlined": "no", "isTitle": "no", "isBold": "no"}, "inip": "25", "form": "thick", "quote_level": "0", "affected_by_negation": "no", "separation": "1", "analysis_list": [{"lemma": "thick", "tag": "AP-N2", "original_form": "thick"}], "id": "7"}, {"endp": "35", "style": {"isItalics": "no", "isUnderlined": "no", "isTitle": "no", "isBold": "no"}, "inip": "31", "form": "cloud", "quote_level": "0", "affected_by_negation": "no", "separation": "1", "analysis_list": [{"lemma": "cloud", "tag": "NC-S-N5", "original_form": "cloud"}], "id": "8"}], "separation": "1", "form": "a thick cloud", "quote_level": "0", "head": "8", "affected_by_negation": "no", "inip": "23", "analysis_list": [{"lemma": "cloud", "tag": "GN-S3---", "original_form": "a thick cloud"}], "type": "phrase", "id": "32"}], "separation": "1", "form": "by a thick cloud", "quote_level": "0", "head": "5", "syntactic_tree_relation_list": [{"type": "isAgentComplement", "id": "28"}], "affected_by_negation": "no", "inip": "20", "analysis_list": [{"lemma": "by", "tag": "GY---G--", "original_form": "by a thick cloud"}], "type": "phrase", "id": "39"}, {"endp": "47", "style": {"isItalics": "no", "isUnderlined": "no", "isTitle": "no", "isBold": "no"}, "token_list": [{"endp": "39", "style": {"isItalics": "no", "isUnderlined": "no", "isTitle": "no", "isBold": "no"}, "inip": "37", "form": "all", "quote_level": "0", "affected_by_negation": "no", "separation": "1", "analysis_list": [{"lemma": "all", "tag": "QD-SPN6", "original_form": "all"}], "id": "9"}, {"endp": "47", "style": {"isItalics": "no", "isUnderlined": "no", "isTitle": "no", "isBold": "no"}, "inip": "41", "form": "morning", "quote_level": "0", "affected_by_negation": "no", "separation": "1", "analysis_list": [{"lemma": "morning", "tag": "NC-S-N6", "original_form": "morning"}], "id": "10"}], "separation": "1", "form": "all morning", "quote_level": "0", "head": "10", "syntactic_tree_relation_list": [{"type": "isTimeComplement", "id": "28"}], "affected_by_negation": "no", "inip": "37", "analysis_list": [{"lemma": "morning", "tag": "GN-S3T--", "original_form": "all morning"}], "type": "phrase", "id": "33"}], "separation": "_", "form": "The sun was covered by a thick cloud all morning", "quote_level": "0", "affected_by_negation": "no", "inip": "0", "analysis_list": [{"lemma": "*", "tag": "ZC----------", "original_form": "The sun was covered by a thick cloud all morning"}], "type": "phrase", "id": "40"}, {"endp": "48", "style": {"isItalics": "no", "isUnderlined": "no", "isTitle": "no", "isBold": "no"}, "inip": "48", "form": ",", "quote_level": "0", "affected_by_negation": "no", "separation": "A", "analysis_list": [{"lemma": ",", "tag": "1D--", "original_form": ","}], "id": "11"}, {"endp": "52", "style": {"isItalics": "no", "isUnderlined": "no", "isTitle": "no", "isBold": "no"}, "inip": "50", "form": "but", "quote_level": "0", "affected_by_negation": "no", "separation": "1", "analysis_list": [{"lemma": "but", "tag": "CCAN8", "original_form": "but"}], "id": "12"}, {"endp": "92", "style": {"isItalics": "no", "isUnderlined": "no", "isTitle": "no", "isBold": "no"}, "token_list": [{"endp": "60", "style": {"isItalics": "no", "isUnderlined": "no", "isTitle": "no", "isBold": "no"}, "token_list": [{"endp": "60", "style": {"isItalics": "no", "isUnderlined": "no", "isTitle": "no", "isBold": "no"}, "inip": "54", "form": "luckily", "quote_level": "0", "affected_by_negation": "no", "separation": "1", "analysis_list": [{"lemma": "luckily", "tag": "ENMPN-", "original_form": "luckily"}], "id": "13"}], "separation": "1", "form": "luckily", "quote_level": "0", "head": "13", "syntactic_tree_relation_list": [{"type": "isMannerComplement", "id": "20"}], "affected_by_negation": "no", "inip": "54", "analysis_list": [{"lemma": "luckily", "tag": "GEM--M--", "original_form": "luckily"}], "type": "phrase", "id": "38"}, {"endp": "61", "style": {"isItalics": "no", "isUnderlined": "no", "isTitle": "no", "isBold": "no"}, "inip": "61", "form": ",", "quote_level": "0", "affected_by_negation": "no", "separation": "A", "analysis_list": [{"lemma": ",", "tag": "1D--", "original_form": ","}], "id": "14"}, {"endp": "73", "style": {"isItalics": "no", "isUnderlined": "no", "isTitle": "no", "isBold": "no"}, "token_list": [{"endp": "64", "style": {"isItalics": "no", "isUnderlined": "no", "isTitle": "no", "isBold": "no"}, "inip": "63", "form": "by", "quote_level": "0", "affected_by_negation": "no", "separation": "1", "analysis_list": [{"lemma": "by", "tag": "YN4", "original_form": "by"}], "id": "15"}, {"endp": "73", "style": {"isItalics": "no", "isUnderlined": "no", "isTitle": "no", "isBold": "no"}, "token_list": [{"endp": "68", "style": {"isItalics": "no", "isUnderlined": "no", "isTitle": "no", "isBold": "no"}, "inip": "66", "form": "the", "quote_level": "0", "affected_by_negation": "no", "separation": "1", "analysis_list": [{"lemma": "the", "tag": "TD-SN9", "original_form": "the"}], "id": "16"}, {"endp": "73", "style": {"isItalics": "no", "isUnderlined": "no", "isTitle": "no", "isBold": "no"}, "inip": "70", "form": "time", "quote_level": "0", "affected_by_negation": "no", "separation": "1", "analysis_list": [{"lemma": "time", "tag": "NC-S-N4", "sense_id_list": [{"sense_id": "cc1779f52b"}, {"sense_id": "630eb4088a"}, {"sense_id": "e0a232e11e"}], "original_form": "time"}], "sense_list": [{"info": "sementity/class=class@fiction=nonfiction@id=ODENTITY_PERIOD@type=Top>Timex>Period\tsemld_list=sumo:TimeInterval", "id": "630eb4088a", "form": "moment"}, {"info": "sementity/class=class@fiction=nonfiction@id=ODENTITY_PERIOD@type=Top>Timex>Period\tsemld_list=sumo:TimeInterval", "id": "cc1779f52b", "form": "period"}, {"info": "sementity/class=class@fiction=nonfiction@id=ODENTITY_PERIOD@type=Top>Timex>Period\tsemld_list=sumo:TimeInterval", "id": "e0a232e11e", "form": "time"}], "id": "17"}], "separation": "1", "form": "the time", "quote_level": "0", "head": "17", "affected_by_negation": "no", "inip": "66", "analysis_list": [{"lemma": "time", "tag": "GN-S3T--", "original_form": "the time"}], "type": "phrase", "id": "34"}], "separation": "1", "form": "by the time", "quote_level": "0", "head": "15", "syntactic_tree_relation_list": [{"type": "isAgentComplement", "id": "20"}], "affected_by_negation": "no", "inip": "63", "analysis_list": [{"lemma": "by", "tag": "GY---G--", "original_form": "by the time"}], "type": "phrase", "id": "37"}, {"endp": "84", "style": {"isItalics": "no", "isUnderlined": "no", "isTitle": "no", "isBold": "no"}, "token_list": [{"endp": "77", "style": {"isItalics": "no", "isUnderlined": "no", "isTitle": "no", "isBold": "no"}, "inip": "75", "form": "the", "quote_level": "0", "affected_by_negation": "no", "separation": "1", "analysis_list": [{"lemma": "the", "tag": "TD-SN9", "original_form": "the"}], "id": "18"}, {"endp": "84", "style": {"isItalics": "no", "isUnderlined": "no", "isTitle": "no", "isBold": "no"}, "inip": "79", "form": "picnic", "quote_level": "0", "affected_by_negation": "no", "separation": "1", "analysis_list": [{"lemma": "picnic", "tag": "NC-S-N-", "original_form": "picnic"}], "id": "19"}], "separation": "1", "form": "the picnic", "quote_level": "0", "head": "19", "syntactic_tree_relation_list": [{"type": "isSubject", "id": "20"}, {"type": "iof_isAnaphora", "id": "36"}], "affected_by_negation": "no", "inip": "75", "analysis_list": [{"lemma": "picnic", "tag": "GN-S3S--", "original_form": "the picnic"}], "type": "phrase", "id": "35"}, {"endp": "92", "style": {"isItalics": "no", "isUnderlined": "no", "isTitle": "no", "isBold": "no"}, "inip": "86", "form": "started", "quote_level": "0", "syntactic_tree_relation_list": [{"type": "iof_isMannerComplement", "id": "38"}, {"type": "iof_isAgentComplement", "id": "37"}, {"type": "iof_isSubject", "id": "35"}], "affected_by_negation": "no", "separation": "1", "analysis_list": [{"lemma": "start", "tag": "VI-S3ASA-N-N5", "sense_id_list": [{"sense_id": "ODENTITY_BODY_MOTION"}, {"sense_id": "ODENTITY_INTENTIONAL_PROCESS"}, {"sense_id": "ODENTITY_JOINING_AN_ORGANIZATION"}, {"sense_id": "ODENTITY_MOTION"}, {"sense_id": "ODENTITY_PROCESS"}, {"sense_id": "ODENTITY_GAMING"}], "original_form": "started"}], "sense_list": [{"info": "sementity/id=ODENTITY_BODY_MOTION@type=Top>Process>Motion>BodyMotion\tsemld_list=sumo:Entity", "id": "ODENTITY_BODY_MOTION", "form": "start"}, {"info": "sementity/id=ODENTITY_GAMING@type=Top>Process>IntentionalProcess>RecreationOrExercise>Gaming\tsemld_list=sumo:IntentionalProcess", "id": "ODENTITY_GAMING", "form": "start"}, {"info": "sementity/id=ODENTITY_INTENTIONAL_PROCESS@type=Top>Process>IntentionalProcess\tsemld_list=sumo:IntentionalProcess", "id": "ODENTITY_INTENTIONAL_PROCESS", "form": "start"}, {"info": "sementity/id=ODENTITY_JOINING_AN_ORGANIZATION@type=Top>Process>IntentionalProcess>OrganizationalProcess>JoiningAnOrganization\tsemld_list=sumo:IntentionalProcess", "id": "ODENTITY_JOINING_AN_ORGANIZATION", "form": "start"}, {"info": "sementity/id=ODENTITY_MOTION@type=Top>Process>Motion\tsemld_list=sumo:Entity", "id": "ODENTITY_MOTION", "form": "start"}, {"info": "sementity/id=ODENTITY_PROCESS@type=Top>Process\tsemld_list=sumo:Entity", "id": "ODENTITY_PROCESS", "form": "start"}], "id": "20"}], "separation": "1", "form": "luckily, by the time the picnic started", "quote_level": "0", "affected_by_negation": "no", "inip": "54", "analysis_list": [{"lemma": "*", "tag": "ZC----------", "original_form": "luckily, by the time the picnic started"}], "type": "phrase", "id": "41"}, {"endp": "93", "style": {"isItalics": "no", "isUnderlined": "no", "isTitle": "no", "isBold": "no"}, "inip": "93", "form": ",", "quote_level": "0", "affected_by_negation": "no", "separation": "A", "analysis_list": [{"lemma": ",", "tag": "1D--", "original_form": ","}], "id": "21"}, {"endp": "105", "style": {"isItalics": "no", "isUnderlined": "no", "isTitle": "no", "isBold": "no"}, "token_list": [{"endp": "96", "style": {"isItalics": "no", "isUnderlined": "no", "isTitle": "no", "isBold": "no"}, "token_list": [{"endp": "96", "style": {"isItalics": "no", "isUnderlined": "no", "isTitle": "no", "isBold": "no"}, "inip": "95", "form": "it", "quote_level": "0", "affected_by_negation": "no", "separation": "1", "analysis_list": [{"lemma": "it", "tag": "PP-S3NN8", "sense_id_list": [{"sense_id": "PRONNONHUMAN"}], "original_form": "it"}], "sense_list": [{"info": "semhum=nonhuman", "id": "PRONNONHUMAN", "form": "it"}], "id": "22"}], "separation": "1", "form": "it", "quote_level": "0", "head": "22", "syntactic_tree_relation_list": [{"type": "isAnaphora", "id": "35"}, {"type": "isSubject", "id": "27"}], "affected_by_negation": "no", "inip": "95", "analysis_list": [{"lemma": "it", "tag": "GN-S3S--", "original_form": "it"}], "type": "phrase", "id": "36"}, {"endp": "105", "style": {"isItalics": "no", "isUnderlined": "no", "isTitle": "no", "isBold": "no"}, "separation": "1", "form": "was gone", "quote_level": "0", "head": "23", "syntactic_tree_relation_list": [{"type": "iof_isSubject", "id": "36"}], "affected_by_negation": "no", "inip": "98", "analysis_list": [{"lemma": "go", "tag": "VI-S3ASP-N-N9", "original_form": "was gone"}], "type": "multiword", "id": "27"}], "separation": "1", "form": "it was gone", "quote_level": "0", "affected_by_negation": "no", "inip": "95", "analysis_list": [{"lemma": "*", "tag": "Z-----------", "original_form": "it was gone"}], "type": "phrase", "id": "42"}, {"endp": "106", "style": {"isItalics": "no", "isUnderlined": "no", "isTitle": "no", "isBold": "no"}, "inip": "106", "form": ".", "quote_level": "0", "affected_by_negation": "no", "separation": "A", "analysis_list": [{"lemma": ".", "tag": "1D--", "original_form": "."}], "id": "25"}], "inip": "0", "quote_level": "0", "affected_by_negation": "no", "separation": "A", "type": "sentence", "id": "29"}]}