{"status": {"msg": "OK", "credits": "1", "remaining_credits": "39801", "code": "0"}, "token_list": [{"endp": "102", "style": {"isItalics": "no", "isUnderlined": "no", "isTitle": "no", "isBold": "no"}, "token_list": [{"endp": "101", "style": {"isItalics": "no", "isUnderlined": "no", "isTitle": "no", "isBold": "no"}, "token_list": [{"endp": "1", "style": {"isItalics": "no", "isUnderlined": "no", "isTitle": "no", "isBold": "no"}, "token_list": [{"endp": "1", "style": {"isItalics": "no", "isUnderlined": "no", "isTitle": "no", "isBold": "no"}, "inip": "0", "form": "We", "quote_level": "0", "affected_by_negation": "no", "separation": "_", "analysis_list": [{"lemma": "we", "tag": "PP-P1NN8", "sense_id_list": [{"sense_id": "PRONHUMAN"}], "original_form": "we"}], "sense_list": [{"info": "semhum=human", "id": "PRONHUMAN", "form": "we"}], "id": "1"}], "separation": "_", "form": "We", "quote_level": "0", "head": "1", "syntactic_tree_relation_list": [{"type": "isSubject", "id": "29"}, {"type": "isSubject", "id": "2"}], "affected_by_negation": "no", "inip": "0", "analysis_list": [{"lemma": "we", "tag": "GN-P1S--", "original_form": "We"}], "type": "phrase", "id": "39"}, {"endp": "6", "style": {"isItalics": "no", "isUnderlined": "no", "isTitle": "no", "isBold": "no"}, "inip": "3", "form": "went", "quote_level": "0", "syntactic_tree_relation_list": [{"type": "iof_isSubject", "id": "39"}, {"type": "iof_isLocationComplement", "id": "41"}, {"type": "iof_isComplement", "id": "44"}], "affected_by_negation": "no", "separation": "1", "analysis_list": [{"lemma": "go", "tag": "VI-P1ASA-N-N4", "original_form": "went"}], "id": "2"}, {"endp": "18", "style": {"isItalics": "no", "isUnderlined": "no", "isTitle": "no", "isBold": "no"}, "token_list": [{"endp": "9", "style": {"isItalics": "no", "isUnderlined": "no", "isTitle": "no", "isBold": "no"}, "inip": "8", "form": "to", "quote_level": "0", "affected_by_negation": "no", "separation": "1", "analysis_list": [{"lemma": "to", "tag": "YN6", "original_form": "to"}], "id": "3"}, {"endp": "18", "style": {"isItalics": "no", "isUnderlined": "no", "isTitle": "no", "isBold": "no"}, "token_list": [{"endp": "13", "style": {"isItalics": "no", "isUnderlined": "no", "isTitle": "no", "isBold": "no"}, "inip": "11", "form": "the", "quote_level": "0", "affected_by_negation": "no", "separation": "1", "analysis_list": [{"lemma": "the", "tag": "TD-SN9", "original_form": "the"}], "id": "4"}, {"endp": "18", "style": {"isItalics": "no", "isUnderlined": "no", "isTitle": "no", "isBold": "no"}, "inip": "15", "form": "lake", "quote_level": "0", "affected_by_negation": "no", "separation": "1", "analysis_list": [{"lemma": "lake", "tag": "NC-S-N5", "sense_id_list": [{"sense_id": "c3c22e60e9"}], "original_form": "lake"}], "sense_list": [{"info": "sementity/class=class@fiction=nonfiction@id=ODENTITY_LAKE@type=Top>Location>GeographicalEntity>WaterForm>Lake\tsemld_list=sumo:Lake", "id": "c3c22e60e9", "form": "lake"}], "id": "5"}], "separation": "1", "form": "the lake", "quote_level": "0", "head": "5", "affected_by_negation": "no", "inip": "11", "analysis_list": [{"lemma": "lake", "tag": "GN-S3---", "original_form": "the lake"}], "type": "phrase", "id": "33"}], "separation": "1", "form": "to the lake", "quote_level": "0", "head": "3", "syntactic_tree_relation_list": [{"type": "isLocationComplement", "id": "2"}], "affected_by_negation": "no", "inip": "8", "analysis_list": [{"lemma": "to", "tag": "GY---L--", "original_form": "to the lake"}], "type": "phrase", "id": "41"}, {"endp": "19", "style": {"isItalics": "no", "isUnderlined": "no", "isTitle": "no", "isBold": "no"}, "inip": "19", "form": ",", "quote_level": "0", "affected_by_negation": "no", "separation": "A", "analysis_list": [{"lemma": ",", "tag": "1D--", "original_form": ","}], "id": "6"}, {"endp": "68", "style": {"isItalics": "no", "isUnderlined": "no", "isTitle": "no", "isBold": "no"}, "token_list": [{"endp": "27", "style": {"isItalics": "no", "isUnderlined": "no", "isTitle": "no", "isBold": "no"}, "inip": "21", "form": "because", "quote_level": "0", "affected_by_negation": "no", "separation": "1", "analysis_list": [{"lemma": "because", "tag": "CSPN7", "original_form": "because"}], "id": "7"}, {"endp": "35", "style": {"isItalics": "no", "isUnderlined": "no", "isTitle": "no", "isBold": "no"}, "token_list": [{"endp": "29", "style": {"isItalics": "no", "isUnderlined": "no", "isTitle": "no", "isBold": "no"}, "inip": "29", "form": "a", "quote_level": "0", "affected_by_negation": "no", "separation": "1", "analysis_list": [{"lemma": "a", "tag": "QD-SPN9", "original_form": "a"}], "id": "8"}, {"endp": "35", "style": {"isItalics": "no", "isUnderlined": "no", "isTitle": "no", "isBold": "no"}, "inip": "31", "form": "shark", "quote_level": "0", "affected_by_negation": "no", "separation": "1", "analysis_list": [{"lemma": "shark", "tag": "NC-S-N-", "sense_id_list": [{"sense_id": "a3c6b39b8f"}], "original_form": "shark"}], "sense_list": [{"info": "sementity/class=class@fiction=nonfiction@id=ODENTITY_FISH@type=Top>LivingThing>Animal>Vertebrate>Fish\tsemld_list=sumo:Fish\tsemtheme_list/id=ODTHEME_ZOOLOGY@type=Top>NaturalSciences>Zoology", "id": "a3c6b39b8f", "form": "shark"}], "id": "9"}], "separation": "1", "form": "a shark", "quote_level": "0", "head": "9", "syntactic_tree_relation_list": [{"type": "iof_isAnaphora", "id": "38"}], "affected_by_negation": "no", "inip": "29", "analysis_list": [{"lemma": "shark", "tag": "GN-S3---", "original_form": "a shark"}], "type": "phrase", "id": "34"}, {"endp": "49", "style": {"isItalics": "no", "isUnderlined": "no", "isTitle": "no", "isBold": "no"}, "separation": "1", "form": "had been seen", "quote_level": "0", "head": "10", "syntactic_tree_relation_list": [{"type": "iof_isSubject", "id": "39"}, {"type": "iof_isComplement", "id": "40"}, {"type": "iof_isComplement", "id": "43"}], "affected_by_negation": "no", "inip": "37", "analysis_list": [{"lemma": "see", "tag": "VI-UUAPP-N-N9", "original_form": "had been seen"}], "type": "multiword", "id": "29"}, {"endp": "68", "style": {"isItalics": "no", "isUnderlined": "no", "isTitle": "no", "isBold": "no"}, "token_list": [{"endp": "52", "style": {"isItalics": "no", "isUnderlined": "no", "isTitle": "no", "isBold": "no"}, "inip": "51", "form": "at", "quote_level": "0", "affected_by_negation": "no", "separation": "1", "analysis_list": [{"lemma": "at", "tag": "YN8", "original_form": "at"}], "id": "13"}, {"endp": "68", "style": {"isItalics": "no", "isUnderlined": "no", "isTitle": "no", "isBold": "no"}, "token_list": [{"endp": "56", "style": {"isItalics": "no", "isUnderlined": "no", "isTitle": "no", "isBold": "no"}, "inip": "54", "form": "the", "quote_level": "0", "affected_by_negation": "no", "separation": "1", "analysis_list": [{"lemma": "the", "tag": "TD-SN9", "original_form": "the"}], "id": "14"}, {"endp": "62", "style": {"isItalics": "no", "isUnderlined": "no", "isTitle": "no", "isBold": "no"}, "inip": "58", "form": "ocean", "quote_level": "0", "affected_by_negation": "no", "separation": "1", "analysis_list": [{"lemma": "ocean", "tag": "NC-S-N4", "sense_id_list": [{"sense_id": "f07e76aa71"}], "original_form": "ocean"}], "sense_list": [{"info": "sementity/class=class@fiction=nonfiction@id=ODENTITY_OCEAN@type=Top>Location>GeographicalEntity>WaterForm>Ocean\tsemld_list=sumo:Ocean", "id": "f07e76aa71", "form": "ocean"}], "id": "15"}, {"endp": "68", "style": {"isItalics": "no", "isUnderlined": "no", "isTitle": "no", "isBold": "no"}, "inip": "64", "form": "beach", "quote_level": "0", "affected_by_negation": "no", "separation": "1", "analysis_list": [{"lemma": "beach", "tag": "NC-S-N5", "sense_id_list": [{"sense_id": "05aeb093c1"}], "original_form": "beach"}], "sense_list": [{"info": "sementity/class=class@fiction=nonfiction@id=ODENTITY_BEACH@type=Top>Location>GeographicalEntity>LandForm>Beach\tsemld_list=sumo:Seacoast", "id": "05aeb093c1", "form": "beach"}], "id": "16"}], "separation": "1", "form": "the ocean beach", "quote_level": "0", "head": "16", "affected_by_negation": "no", "inip": "54", "analysis_list": [{"lemma": "beach", "tag": "GN-S3---", "original_form": "the ocean beach"}], "type": "phrase", "id": "35"}], "separation": "1", "form": "at the ocean beach", "quote_level": "0", "head": "13", "syntactic_tree_relation_list": [{"type": "isComplement", "id": "29"}], "affected_by_negation": "no", "inip": "51", "analysis_list": [{"lemma": "at", "tag": "GY---C--", "original_form": "at the ocean beach"}], "type": "phrase", "id": "40"}], "separation": "1", "form": "because a shark had been seen at the ocean beach", "quote_level": "0", "syntactic_tree_relation_list": [{"type": "isComplement", "id": "2"}], "affected_by_negation": "no", "inip": "21", "analysis_list": [{"lemma": "*", "tag": "ZE---CIA----", "original_form": "because a shark had been seen at the ocean beach"}], "type": "phrase", "id": "44"}, {"endp": "69", "style": {"isItalics": "no", "isUnderlined": "no", "isTitle": "no", "isBold": "no"}, "inip": "69", "form": ",", "quote_level": "0", "affected_by_negation": "no", "separation": "A", "analysis_list": [{"lemma": ",", "tag": "1D--", "original_form": ","}], "id": "17"}, {"endp": "101", "style": {"isItalics": "no", "isUnderlined": "no", "isTitle": "no", "isBold": "no"}, "token_list": [{"endp": "72", "style": {"isItalics": "no", "isUnderlined": "no", "isTitle": "no", "isBold": "no"}, "inip": "71", "form": "so", "quote_level": "0", "affected_by_negation": "no", "separation": "1", "analysis_list": [{"lemma": "so", "tag": "CSLN7", "original_form": "so"}, {"lemma": "so", "tag": "CSFN7", "original_form": "so"}], "id": "18"}, {"endp": "75", "style": {"isItalics": "no", "isUnderlined": "no", "isTitle": "no", "isBold": "no"}, "token_list": [{"endp": "75", "style": {"isItalics": "no", "isUnderlined": "no", "isTitle": "no", "isBold": "no"}, "inip": "74", "form": "it", "quote_level": "0", "affected_by_negation": "no", "separation": "1", "analysis_list": [{"lemma": "it", "tag": "PP-S3NN8", "sense_id_list": [{"sense_id": "PRONNONHUMAN"}], "original_form": "it"}], "sense_list": [{"info": "semhum=nonhuman", "id": "PRONNONHUMAN", "form": "it"}], "id": "19"}], "separation": "1", "form": "it", "quote_level": "0", "head": "19", "syntactic_tree_relation_list": [{"type": "isAnaphora", "id": "34"}, {"type": "isSubject", "id": "20"}], "affected_by_negation": "no", "inip": "74", "analysis_list": [{"lemma": "it", "tag": "GN-S3S--", "original_form": "it"}], "type": "phrase", "id": "38"}, {"endp": "79", "style": {"isItalics": "no", "isUnderlined": "no", "isTitle": "no", "isBold": "no"}, "inip": "77", "form": "was", "quote_level": "0", "syntactic_tree_relation_list": [{"type": "iof_isSubject", "id": "38"}, {"type": "iof_isAttribute", "id": "36"}], "affected_by_negation": "no", "separation": "1", "analysis_list": [{"lemma": "be", "tag": "VI-S1ASA-N-N9", "original_form": "was"}, {"lemma": "be", "tag": "VI-S3ASA-N-N9", "original_form": "was"}], "id": "20"}, {"endp": "101", "style": {"isItalics": "no", "isUnderlined": "no", "isTitle": "no", "isBold": "no"}, "token_list": [{"endp": "81", "style": {"isItalics": "no", "isUnderlined": "no", "isTitle": "no", "isBold": "no"}, "inip": "81", "form": "a", "quote_level": "0", "affected_by_negation": "no", "separation": "1", "analysis_list": [{"lemma": "a", "tag": "QD-SPN9", "original_form": "a"}], "id": "21"}, {"endp": "87", "style": {"isItalics": "no", "isUnderlined": "no", "isTitle": "no", "isBold": "no"}, "inip": "83", "form": "safer", "quote_level": "0", "affected_by_negation": "no", "separation": "1", "analysis_list": [{"lemma": "safe", "tag": "AC-N5", "original_form": "safer"}], "id": "22"}, {"endp": "93", "style": {"isItalics": "no", "isUnderlined": "no", "isTitle": "no", "isBold": "no"}, "inip": "89", "form": "place", "quote_level": "0", "affected_by_negation": "no", "separation": "1", "analysis_list": [{"lemma": "place", "tag": "NC-S-N6", "sense_id_list": [{"sense_id": "0f85642308"}, {"sense_id": "7d13c3cc97"}], "original_form": "place"}], "sense_list": [{"info": "sementity/class=class@fiction=nonfiction@id=ODENTITY_FACILITY@type=Top>Location>Facility\tsemld_list=sumo:FacilityPartOther", "id": "0f85642308", "form": "place"}, {"info": "sementity/class=class@fiction=nonfiction@id=ODENTITY_LOCATION@type=Top>Location\tsemld_list=sumo:Region", "id": "7d13c3cc97", "form": "place"}], "id": "23"}, {"endp": "101", "style": {"isItalics": "no", "isUnderlined": "no", "isTitle": "no", "isBold": "no"}, "token_list": [{"endp": "101", "style": {"isItalics": "no", "isUnderlined": "no", "isTitle": "no", "isBold": "no"}, "separation": "1", "form": "to swim", "quote_level": "0", "head": "25", "affected_by_negation": "no", "inip": "95", "analysis_list": [{"lemma": "swim", "tag": "VF---OSA-N-N4", "original_form": "to swim"}], "type": "multiword", "id": "37"}], "separation": "1", "form": "to swim", "quote_level": "0", "affected_by_negation": "no", "inip": "95", "analysis_list": [{"lemma": "*", "tag": "ZN-S3-FO----", "original_form": "to swim"}], "type": "phrase", "id": "42"}], "separation": "1", "form": "a safer place to swim", "quote_level": "0", "head": "23", "syntactic_tree_relation_list": [{"type": "isAttribute", "id": "20"}], "affected_by_negation": "no", "inip": "81", "analysis_list": [{"lemma": "place", "tag": "GN-S3A--", "original_form": "a safer place"}], "type": "phrase", "id": "36"}], "separation": "1", "form": "so it was a safer place to swim", "quote_level": "0", "syntactic_tree_relation_list": [{"type": "isComplement", "id": "29"}], "affected_by_negation": "no", "inip": "71", "analysis_list": [{"lemma": "*", "tag": "ZE---CIA----", "original_form": "so it was a safer place to swim"}], "type": "phrase", "id": "43"}], "separation": "_", "form": "We went to the lake, because a shark had been seen at the ocean beach, so it was a safer place to swim", "quote_level": "0", "affected_by_negation": "no", "inip": "0", "analysis_list": [{"lemma": "*", "tag": "Z-----------", "original_form": "We went to the lake, because a shark had been seen at the ocean beach, so it was a safer place to swim"}], "type": "phrase", "id": "45"}, {"endp": "102", "style": {"isItalics": "no", "isUnderlined": "no", "isTitle": "no", "isBold": "no"}, "inip": "102", "form": ".", "quote_level": "0", "affected_by_negation": "no", "separation": "A", "analysis_list": [{"lemma": ".", "tag": "1D--", "original_form": "."}], "id": "26"}], "inip": "0", "quote_level": "0", "affected_by_negation": "no", "separation": "A", "type": "sentence", "id": "30"}]}