{"status": {"msg": "OK", "credits": "1", "remaining_credits": "39799", "code": "0"}, "token_list": [{"endp": "97", "style": {"isItalics": "no", "isUnderlined": "no", "isTitle": "no", "isBold": "no"}, "token_list": [{"endp": "51", "style": {"isItalics": "no", "isUnderlined": "no", "isTitle": "no", "isBold": "no"}, "token_list": [{"endp": "2", "style": {"isItalics": "no", "isUnderlined": "no", "isTitle": "no", "isBold": "no"}, "token_list": [{"endp": "2", "style": {"isItalics": "no", "isUnderlined": "no", "isTitle": "no", "isBold": "no"}, "inip": "0", "form": "Sam", "quote_level": "0", "affected_by_negation": "no", "separation": "_", "analysis_list": [{"lemma": "Sam", "tag": "NPUS-N-", "sense_id_list": [{"sense_id": "0bd9abb268"}], "original_form": "Sam"}], "sense_list": [{"info": "sementity/class=instance@fiction=nonfiction@id=ODENTITY_FIRST_NAME@type=Top>Person>FirstName\tsemld_list=sumo:FirstName", "id": "0bd9abb268", "form": "Sam"}], "id": "1"}], "separation": "_", "form": "Sam", "quote_level": "0", "head": "1", "syntactic_tree_relation_list": [{"type": "isSubject", "id": "18"}, {"type": "isSubject", "id": "2"}], "affected_by_negation": "no", "inip": "0", "analysis_list": [{"lemma": "Sam", "tag": "GNUS3S--", "original_form": "Sam"}], "type": "phrase", "id": "24"}, {"endp": "8", "style": {"isItalics": "no", "isUnderlined": "no", "isTitle": "no", "isBold": "no"}, "inip": "4", "form": "tried", "quote_level": "0", "syntactic_tree_relation_list": [{"type": "iof_isSubject", "id": "24"}, {"type": "iof_isDirectObject", "id": "35"}], "affected_by_negation": "no", "separation": "1", "analysis_list": [{"lemma": "try", "tag": "VI-S3ASA-N-N4", "sense_id_list": [{"sense_id": "ODENTITY_BIOLOGICAL_PROCESS"}, {"sense_id": "ODENTITY_INCREASING"}, {"sense_id": "ODENTITY_INTENTIONAL_PROCESS"}, {"sense_id": "ODENTITY_INTENTIONAL_PSYCHOLOGICAL_PROCESS"}, {"sense_id": "ODENTITY_INVESTIGATING"}, {"sense_id": "ODENTITY_TRANSLOCATION"}], "original_form": "tried"}], "sense_list": [{"info": "sementity/id=ODENTITY_BIOLOGICAL_PROCESS@type=Top>Process>InternalChange>BiologicalProcess\tsemld_list=sumo:Entity", "id": "ODENTITY_BIOLOGICAL_PROCESS", "form": "try"}, {"info": "sementity/id=ODENTITY_INCREASING@type=Top>Process>InternalChange>QuantityChange>Increasing\tsemld_list=sumo:Entity", "id": "ODENTITY_INCREASING", "form": "try"}, {"info": "sementity/id=ODENTITY_INTENTIONAL_PROCESS@type=Top>Process>IntentionalProcess\tsemld_list=sumo:IntentionalProcess", "id": "ODENTITY_INTENTIONAL_PROCESS", "form": "try"}, {"info": "sementity/id=ODENTITY_INTENTIONAL_PSYCHOLOGICAL_PROCESS@type=Top>Process>IntentionalProcess>IntentionalPsychologicalProcess\tsemld_list=sumo:IntentionalProcess", "id": "ODENTITY_INTENTIONAL_PSYCHOLOGICAL_PROCESS", "form": "try"}, {"info": "sementity/id=ODENTITY_INVESTIGATING@type=Top>Process>IntentionalProcess>IntentionalPsychologicalProcess>Investigating\tsemld_list=sumo:IntentionalProcess", "id": "ODENTITY_INVESTIGATING", "form": "try"}, {"info": "sementity/id=ODENTITY_TRANSLOCATION@type=Top>Process>Motion>Translocation\tsemld_list=sumo:Entity", "id": "ODENTITY_TRANSLOCATION", "form": "try"}], "id": "2"}, {"endp": "51", "style": {"isItalics": "no", "isUnderlined": "no", "isTitle": "no", "isBold": "no"}, "token_list": [{"endp": "17", "style": {"isItalics": "no", "isUnderlined": "no", "isTitle": "no", "isBold": "no"}, "separation": "1", "form": "to paint", "quote_level": "0", "head": "4", "syntactic_tree_relation_list": [{"type": "iof_isDirectObject", "id": "26"}], "affected_by_negation": "no", "inip": "10", "analysis_list": [{"lemma": "paint", "tag": "VF---OSA-N-N4", "sense_id_list": [{"sense_id": "ODENTITY_CONTENT_DEVELOPMENT"}, {"sense_id": "ODENTITY_TRANSLOCATION"}], "original_form": "to paint"}], "sense_list": [{"info": "sementity/id=ODENTITY_CONTENT_DEVELOPMENT@type=Top>Process>IntentionalProcess>ContentDevelopment\tsemld_list=sumo:IntentionalProcess", "id": "ODENTITY_CONTENT_DEVELOPMENT", "form": "paint"}, {"info": "sementity/id=ODENTITY_TRANSLOCATION@type=Top>Process>Motion>Translocation\tsemld_list=sumo:Entity", "id": "ODENTITY_TRANSLOCATION", "form": "paint"}], "type": "multiword", "id": "25"}, {"endp": "51", "style": {"isItalics": "no", "isUnderlined": "no", "isTitle": "no", "isBold": "no"}, "token_list": [{"endp": "19", "style": {"isItalics": "no", "isUnderlined": "no", "isTitle": "no", "isBold": "no"}, "inip": "19", "form": "a", "quote_level": "0", "affected_by_negation": "no", "separation": "1", "analysis_list": [{"lemma": "a", "tag": "QD-SPN9", "original_form": "a"}], "id": "5"}, {"endp": "27", "style": {"isItalics": "no", "isUnderlined": "no", "isTitle": "no", "isBold": "no"}, "inip": "21", "form": "picture", "quote_level": "0", "affected_by_negation": "no", "separation": "1", "analysis_list": [{"lemma": "picture", "tag": "NC-S-N3", "sense_id_list": [{"sense_id": "6afb3b4ac7"}], "original_form": "picture"}], "sense_list": [{"info": "sementity/class=class@fiction=nonfiction@id=ODENTITY_PICTURE@type=Top>Product>CulturalProduct>Picture\tsemld_list=sumo:PaintedPicture\tsemtheme_list/id=ODTHEME_PAINTING@type=Top>Arts>Painting", "id": "6afb3b4ac7", "form": "painting"}], "id": "6"}, {"endp": "51", "style": {"isItalics": "no", "isUnderlined": "no", "isTitle": "no", "isBold": "no"}, "token_list": [{"endp": "30", "style": {"isItalics": "no", "isUnderlined": "no", "isTitle": "no", "isBold": "no"}, "inip": "29", "form": "of", "quote_level": "0", "affected_by_negation": "no", "separation": "1", "analysis_list": [{"lemma": "of", "tag": "YN9", "original_form": "of"}], "id": "7"}, {"endp": "51", "style": {"isItalics": "no", "isUnderlined": "no", "isTitle": "no", "isBold": "no"}, "token_list": [{"endp": "40", "style": {"isItalics": "no", "isUnderlined": "no", "isTitle": "no", "isBold": "no"}, "inip": "32", "form": "shepherds", "quote_level": "0", "affected_by_negation": "no", "separation": "1", "analysis_list": [{"lemma": "shepherd", "tag": "NC-P-N-", "sense_id_list": [{"sense_id": "720c210637"}], "original_form": "shepherds"}], "sense_list": [{"info": "sementity/class=class@fiction=nonfiction@id=ODENTITY_VOCATION@type=Top>OtherEntity>Vocation\tsemld_list=sumo:Position", "id": "720c210637", "form": "shepherd"}], "id": "8"}, {"endp": "51", "style": {"isItalics": "no", "isUnderlined": "no", "isTitle": "no", "isBold": "no"}, "token_list": [{"endp": "45", "style": {"isItalics": "no", "isUnderlined": "no", "isTitle": "no", "isBold": "no"}, "inip": "42", "form": "with", "quote_level": "0", "affected_by_negation": "no", "separation": "1", "analysis_list": [{"lemma": "with", "tag": "YN8", "original_form": "with"}], "id": "9"}, {"endp": "51", "style": {"isItalics": "no", "isUnderlined": "no", "isTitle": "no", "isBold": "no"}, "token_list": [{"endp": "51", "style": {"isItalics": "no", "isUnderlined": "no", "isTitle": "no", "isBold": "no"}, "inip": "47", "form": "sheep", "quote_level": "0", "affected_by_negation": "no", "separation": "1", "analysis_list": [{"lemma": "sheep", "tag": "NC-S-N4", "sense_id_list": [{"sense_id": "898ab7fb89"}], "original_form": "sheep"}, {"lemma": "sheep", "tag": "NC-P-N4", "sense_id_list": [{"sense_id": "898ab7fb89"}], "original_form": "sheep"}], "sense_list": [{"info": "sementity/class=class@fiction=nonfiction@id=ODENTITY_MAMMAL@type=Top>LivingThing>Animal>Vertebrate>Mammal\tsemld_list=sumo:Mammal\tsemtheme_list/id=ODTHEME_ZOOLOGY@type=Top>NaturalSciences>Zoology", "id": "898ab7fb89", "form": "sheep"}], "id": "10"}], "separation": "1", "form": "sheep", "quote_level": "0", "head": "10", "affected_by_negation": "no", "inip": "47", "analysis_list": [{"lemma": "sheep", "tag": "GN-S3---", "original_form": "sheep"}, {"lemma": "sheep", "tag": "GN-P3---", "original_form": "sheep"}], "type": "phrase", "id": "28"}], "separation": "1", "form": "with sheep", "quote_level": "0", "head": "9", "affected_by_negation": "no", "inip": "42", "analysis_list": [{"lemma": "with", "tag": "GY------", "original_form": "with sheep"}], "type": "phrase", "id": "32"}], "separation": "1", "form": "shepherds with sheep", "quote_level": "0", "head": "8", "affected_by_negation": "no", "inip": "32", "analysis_list": [{"lemma": "shepherd", "tag": "GN-P3---", "original_form": "shepherds"}], "type": "phrase", "id": "27"}], "separation": "1", "form": "of shepherds with sheep", "quote_level": "0", "head": "7", "affected_by_negation": "no", "inip": "29", "analysis_list": [{"lemma": "of", "tag": "GY------", "original_form": "of shepherds with sheep"}], "type": "phrase", "id": "33"}], "separation": "1", "form": "a picture of shepherds with sheep", "quote_level": "0", "head": "6", "syntactic_tree_relation_list": [{"type": "isDirectObject", "id": "25"}, {"type": "iof_isAnaphora", "id": "31"}], "affected_by_negation": "no", "inip": "19", "analysis_list": [{"lemma": "picture", "tag": "GN-S3D--", "original_form": "a picture"}], "type": "phrase", "id": "26"}], "separation": "1", "form": "to paint a picture of shepherds with sheep", "quote_level": "0", "syntactic_tree_relation_list": [{"type": "isDirectObject", "id": "2"}], "affected_by_negation": "no", "inip": "10", "analysis_list": [{"lemma": "*", "tag": "ZN---DFO----", "original_form": "to paint a picture of shepherds with sheep"}], "type": "phrase", "id": "35"}], "separation": "_", "form": "Sam tried to paint a picture of shepherds with sheep", "quote_level": "0", "affected_by_negation": "no", "inip": "0", "analysis_list": [{"lemma": "*", "tag": "ZC----------", "original_form": "Sam tried to paint a picture of shepherds with sheep"}], "type": "phrase", "id": "37"}, {"endp": "52", "style": {"isItalics": "no", "isUnderlined": "no", "isTitle": "no", "isBold": "no"}, "inip": "52", "form": ",", "quote_level": "0", "affected_by_negation": "no", "separation": "A", "analysis_list": [{"lemma": ",", "tag": "1D--", "original_form": ","}], "id": "11"}, {"endp": "56", "style": {"isItalics": "no", "isUnderlined": "no", "isTitle": "no", "isBold": "no"}, "inip": "54", "form": "but", "quote_level": "0", "affected_by_negation": "no", "separation": "1", "analysis_list": [{"lemma": "but", "tag": "CCAN8", "original_form": "but"}], "id": "12"}, {"endp": "83", "style": {"isItalics": "no", "isUnderlined": "no", "isTitle": "no", "isBold": "no"}, "token_list": [{"endp": "61", "style": {"isItalics": "no", "isUnderlined": "no", "isTitle": "no", "isBold": "no"}, "token_list": [{"endp": "61", "style": {"isItalics": "no", "isUnderlined": "no", "isTitle": "no", "isBold": "no"}, "inip": "58", "form": "they", "quote_level": "0", "affected_by_negation": "no", "separation": "1", "analysis_list": [{"lemma": "they", "tag": "PP-P3NN8", "sense_id_list": [{"sense_id": "PRONBOTH"}], "original_form": "they"}], "sense_list": [{"info": "semhum=both", "id": "PRONBOTH", "form": "they"}], "id": "13"}], "separation": "1", "form": "they", "quote_level": "0", "head": "13", "syntactic_tree_relation_list": [{"type": "isAnaphora", "id": "26"}, {"type": "isSubject", "id": "14"}], "affected_by_negation": "no", "inip": "58", "analysis_list": [{"lemma": "they", "tag": "GN-P3S--", "original_form": "they"}], "type": "phrase", "id": "31"}, {"endp": "67", "style": {"isItalics": "no", "isUnderlined": "no", "isTitle": "no", "isBold": "no"}, "inip": "63", "form": "ended", "quote_level": "0", "syntactic_tree_relation_list": [{"type": "iof_isSubject", "id": "31"}], "affected_by_negation": "no", "separation": "1", "analysis_list": [{"lemma": "end", "tag": "VI-P3ASA-N-N6", "sense_id_list": [{"sense_id": "ODENTITY_INTENTIONAL_PROCESS"}, {"sense_id": "ODENTITY_PROCESS"}], "original_form": "ended"}], "sense_list": [{"info": "sementity/id=ODENTITY_INTENTIONAL_PROCESS@type=Top>Process>IntentionalProcess\tsemld_list=sumo:IntentionalProcess", "id": "ODENTITY_INTENTIONAL_PROCESS", "form": "end"}, {"info": "sementity/id=ODENTITY_PROCESS@type=Top>Process\tsemld_list=sumo:Entity", "id": "ODENTITY_PROCESS", "form": "end"}], "id": "14"}, {"endp": "83", "style": {"isItalics": "no", "isUnderlined": "no", "isTitle": "no", "isBold": "no"}, "token_list": [{"endp": "70", "style": {"isItalics": "no", "isUnderlined": "no", "isTitle": "no", "isBold": "no"}, "inip": "69", "form": "up", "quote_level": "0", "affected_by_negation": "no", "separation": "1", "analysis_list": [{"lemma": "up", "tag": "YN6", "original_form": "up"}], "id": "15"}, {"endp": "83", "style": {"isItalics": "no", "isUnderlined": "no", "isTitle": "no", "isBold": "no"}, "token_list": [{"endp": "78", "style": {"isItalics": "no", "isUnderlined": "no", "isTitle": "no", "isBold": "no"}, "inip": "72", "form": "looking", "quote_level": "0", "affected_by_negation": "no", "separation": "1", "analysis_list": [{"lemma": "look", "tag": "VP---PSA-N-N6", "sense_id_list": [{"sense_id": "ODENTITY_BODY_MOTION"}, {"sense_id": "ODENTITY_COMMUNICATION_PROCESS"}, {"sense_id": "ODENTITY_INTENTIONAL_PSYCHOLOGICAL_PROCESS"}, {"sense_id": "ODENTITY_PURSUING"}, {"sense_id": "ODENTITY_BIOLOGICAL_PROCESS"}], "original_form": "looking"}], "sense_list": [{"info": "sementity/id=ODENTITY_BIOLOGICAL_PROCESS@type=Top>Process>InternalChange>BiologicalProcess\tsemld_list=sumo:Entity", "id": "ODENTITY_BIOLOGICAL_PROCESS", "form": "look"}, {"info": "sementity/id=ODENTITY_BODY_MOTION@type=Top>Process>Motion>BodyMotion\tsemld_list=sumo:Entity", "id": "ODENTITY_BODY_MOTION", "form": "look"}, {"info": "sementity/id=ODENTITY_COMMUNICATION_PROCESS@type=Top>Process>ContentBearingProcess>CommunicationProcess\tsemld_list=sumo:Entity", "id": "ODENTITY_COMMUNICATION_PROCESS", "form": "look"}, {"info": "sementity/id=ODENTITY_INTENTIONAL_PSYCHOLOGICAL_PROCESS@type=Top>Process>IntentionalProcess>IntentionalPsychologicalProcess\tsemld_list=sumo:IntentionalProcess", "id": "ODENTITY_INTENTIONAL_PSYCHOLOGICAL_PROCESS", "form": "look"}, {"info": "sementity/id=ODENTITY_PURSUING@type=Top>Process>IntentionalProcess>Pursuing\tsemld_list=sumo:IntentionalProcess", "id": "ODENTITY_PURSUING", "form": "look"}], "id": "16"}, {"endp": "83", "style": {"isItalics": "no", "isUnderlined": "no", "isTitle": "no", "isBold": "no"}, "token_list": [{"endp": "83", "style": {"isItalics": "no", "isUnderlined": "no", "isTitle": "no", "isBold": "no"}, "inip": "80", "form": "more", "quote_level": "0", "affected_by_negation": "no", "separation": "1", "analysis_list": [{"lemma": "much", "tag": "QP-SCN6", "original_form": "more"}, {"lemma": "much", "tag": "QP-PCN6", "original_form": "more"}, {"lemma": "many", "tag": "QP-SCN7", "original_form": "more"}, {"lemma": "many", "tag": "QP-PCN7", "original_form": "more"}], "id": "17"}], "separation": "1", "form": "more", "quote_level": "0", "head": "17", "affected_by_negation": "no", "inip": "80", "analysis_list": [{"lemma": "many", "tag": "GN-S3---", "original_form": "more"}, {"lemma": "much", "tag": "GN-S3---", "original_form": "more"}, {"lemma": "many", "tag": "GN-P3---", "original_form": "more"}, {"lemma": "much", "tag": "GN-P3---", "original_form": "more"}], "type": "phrase", "id": "30"}], "separation": "1", "form": "looking more", "quote_level": "0", "affected_by_negation": "no", "inip": "72", "analysis_list": [{"lemma": "*", "tag": "ZN-S3-PP----", "original_form": "looking more"}], "type": "phrase", "id": "34"}], "separation": "1", "form": "up looking more", "quote_level": "0", "head": "15", "affected_by_negation": "no", "inip": "69", "analysis_list": [{"lemma": "up", "tag": "GY------", "original_form": "up looking more"}], "type": "phrase", "id": "36"}], "separation": "1", "form": "they ended up looking more", "quote_level": "0", "affected_by_negation": "no", "inip": "58", "analysis_list": [{"lemma": "*", "tag": "ZC----------", "original_form": "they ended up looking more"}], "type": "phrase", "id": "38"}, {"endp": "96", "style": {"isItalics": "no", "isUnderlined": "no", "isTitle": "no", "isBold": "no"}, "token_list": [{"endp": "88", "style": {"isItalics": "no", "isUnderlined": "no", "isTitle": "no", "isBold": "no"}, "inip": "85", "form": "like", "quote_level": "0", "syntactic_tree_relation_list": [{"type": "iof_isSubject", "id": "24"}, {"type": "iof_isDirectObject", "id": "29"}], "affected_by_negation": "no", "separation": "1", "analysis_list": [{"lemma": "like", "tag": "VI-P3PSA-N-N3", "sense_id_list": [{"sense_id": "ODENTITY_INTENTIONAL_PSYCHOLOGICAL_PROCESS"}], "original_form": "like"}, {"lemma": "like", "tag": "VI-U1PSA-N-N3", "sense_id_list": [{"sense_id": "ODENTITY_INTENTIONAL_PSYCHOLOGICAL_PROCESS"}], "original_form": "like"}, {"lemma": "like", "tag": "VI-U2PSA-N-N3", "sense_id_list": [{"sense_id": "ODENTITY_INTENTIONAL_PSYCHOLOGICAL_PROCESS"}], "original_form": "like"}], "sense_list": [{"info": "sementity/id=ODENTITY_INTENTIONAL_PSYCHOLOGICAL_PROCESS@type=Top>Process>IntentionalProcess>IntentionalPsychologicalProcess\tsemld_list=sumo:IntentionalProcess", "id": "ODENTITY_INTENTIONAL_PSYCHOLOGICAL_PROCESS", "form": "like"}], "id": "18"}, {"endp": "96", "style": {"isItalics": "no", "isUnderlined": "no", "isTitle": "no", "isBold": "no"}, "token_list": [{"endp": "96", "style": {"isItalics": "no", "isUnderlined": "no", "isTitle": "no", "isBold": "no"}, "inip": "90", "form": "golfers", "quote_level": "0", "affected_by_negation": "no", "separation": "1", "analysis_list": [{"lemma": "golfer", "tag": "NC-P-N-", "original_form": "golfers"}], "id": "19"}], "separation": "1", "form": "golfers", "quote_level": "0", "head": "19", "syntactic_tree_relation_list": [{"type": "isDirectObject", "id": "18"}], "affected_by_negation": "no", "inip": "90", "analysis_list": [{"lemma": "golfer", "tag": "GN-P3D--", "original_form": "golfers"}], "type": "phrase", "id": "29"}], "separation": "1", "form": "like golfers", "quote_level": "0", "affected_by_negation": "no", "inip": "85", "analysis_list": [{"lemma": "*", "tag": "Z-----------", "original_form": "like golfers"}], "type": "phrase", "id": "39"}, {"endp": "97", "style": {"isItalics": "no", "isUnderlined": "no", "isTitle": "no", "isBold": "no"}, "inip": "97", "form": ".", "quote_level": "0", "affected_by_negation": "no", "separation": "A", "analysis_list": [{"lemma": ".", "tag": "1D--", "original_form": "."}], "id": "20"}], "inip": "0", "quote_level": "0", "affected_by_negation": "no", "separation": "A", "type": "sentence", "id": "22"}]}