{"status": {"msg": "OK", "credits": "1", "remaining_credits": "39797", "code": "0"}, "token_list": [{"endp": "62", "style": {"isItalics": "no", "isUnderlined": "no", "isTitle": "no", "isBold": "no"}, "token_list": [{"endp": "61", "style": {"isItalics": "no", "isUnderlined": "no", "isTitle": "no", "isBold": "no"}, "token_list": [{"endp": "3", "style": {"isItalics": "no", "isUnderlined": "no", "isTitle": "no", "isBold": "no"}, "token_list": [{"endp": "3", "style": {"isItalics": "no", "isUnderlined": "no", "isTitle": "no", "isBold": "no"}, "inip": "0", "form": "Mary", "quote_level": "0", "affected_by_negation": "no", "separation": "_", "analysis_list": [{"lemma": "Mary", "tag": "NPFS-N-", "sense_id_list": [{"sense_id": "25653f61af"}], "original_form": "Mary"}], "sense_list": [{"info": "sementity/class=instance@fiction=nonfiction@id=ODENTITY_FIRST_NAME@type=Top>Person>FirstName\tsemld_list=sumo:FirstName", "id": "25653f61af", "form": "Mary"}], "id": "1"}], "separation": "_", "form": "Mary", "quote_level": "0", "head": "1", "syntactic_tree_relation_list": [{"type": "isSubject", "id": "2"}, {"type": "iof_isPossessor", "id": "26"}], "affected_by_negation": "no", "inip": "0", "analysis_list": [{"lemma": "Mary", "tag": "GNFS3S--", "original_form": "Mary"}], "type": "phrase", "id": "20"}, {"endp": "10", "style": {"isItalics": "no", "isUnderlined": "no", "isTitle": "no", "isBold": "no"}, "inip": "5", "form": "tucked", "quote_level": "0", "syntactic_tree_relation_list": [{"type": "iof_isSubject", "id": "20"}, {"type": "iof_isDirectObject", "id": "26"}, {"type": "iof_isComplement", "id": "25"}, {"type": "iof_isComplement", "id": "27"}], "affected_by_negation": "no", "separation": "1", "analysis_list": [{"lemma": "tuck", "tag": "VI-S3ASA-N-N4", "sense_id_list": [{"sense_id": "ODENTITY_DUAL_OBJECT_PROCESS"}, {"sense_id": "ODENTITY_COMBINING"}, {"sense_id": "ODENTITY_SHAPE_CHANGE"}], "original_form": "tucked"}], "sense_list": [{"info": "sementity/id=ODENTITY_COMBINING@type=Top>Process>DualObjectProcess>Combining\tsemld_list=sumo:Entity", "id": "ODENTITY_COMBINING", "form": "tuck"}, {"info": "sementity/id=ODENTITY_DUAL_OBJECT_PROCESS@type=Top>Process>DualObjectProcess\tsemld_list=sumo:Entity", "id": "ODENTITY_DUAL_OBJECT_PROCESS", "form": "tuck"}, {"info": "sementity/id=ODENTITY_SHAPE_CHANGE@type=Top>Process>InternalChange>ShapeChange\tsemld_list=sumo:Entity", "id": "ODENTITY_SHAPE_CHANGE", "form": "tuck"}], "id": "2"}, {"endp": "28", "style": {"isItalics": "no", "isUnderlined": "no", "isTitle": "no", "isBold": "no"}, "token_list": [{"endp": "23", "style": {"isItalics": "no", "isUnderlined": "no", "isTitle": "no", "isBold": "no"}, "token_list": [{"endp": "14", "style": {"isItalics": "no", "isUnderlined": "no", "isTitle": "no", "isBold": "no"}, "inip": "12", "form": "her", "quote_level": "0", "affected_by_negation": "no", "separation": "1", "analysis_list": [{"lemma": "her", "tag": "SD-SFS3N7", "sense_id_list": [{"sense_id": "PRONHUMAN"}], "original_form": "her"}], "sense_list": [{"info": "semhum=human", "id": "PRONHUMAN", "form": "her"}], "id": "3"}, {"endp": "23", "style": {"isItalics": "no", "isUnderlined": "no", "isTitle": "no", "isBold": "no"}, "inip": "16", "form": "daughter", "quote_level": "0", "affected_by_negation": "no", "separation": "1", "analysis_list": [{"lemma": "daughter", "tag": "NC-S-N5", "original_form": "daughter"}], "id": "4"}], "separation": "1", "form": "her daughter", "quote_level": "0", "head": "4", "affected_by_negation": "no", "inip": "12", "analysis_list": [{"lemma": "daughter", "tag": "GN-S3---", "original_form": "her daughter"}], "type": "phrase", "id": "21"}, {"endp": "28", "style": {"isItalics": "no", "isUnderlined": "no", "isTitle": "no", "isBold": "no"}, "token_list": [{"endp": "28", "style": {"isItalics": "no", "isUnderlined": "no", "isTitle": "no", "isBold": "no"}, "inip": "25", "form": "Anne", "quote_level": "0", "affected_by_negation": "no", "separation": "1", "analysis_list": [{"lemma": "Anne", "tag": "NPFS-N-", "sense_id_list": [{"sense_id": "79f45887c5"}], "original_form": "Anne"}], "sense_list": [{"info": "sementity/class=instance@fiction=nonfiction@id=ODENTITY_FIRST_NAME@type=Top>Person>FirstName\tsemld_list=sumo:FirstName", "id": "79f45887c5", "form": "Anne"}], "id": "5"}], "separation": "1", "form": "Anne", "quote_level": "0", "head": "5", "affected_by_negation": "no", "inip": "25", "analysis_list": [{"lemma": "Anne", "tag": "GNFS3Y--", "original_form": "Anne"}], "type": "phrase", "id": "22"}], "separation": "1", "form": "her daughter Anne", "quote_level": "0", "head": "22", "syntactic_tree_relation_list": [{"type": "isPossessor", "id": "20"}, {"type": "isDirectObject", "id": "2"}, {"type": "isRestrictiveApposition", "id": "26"}, {"type": "iof_isRestrictiveApposition", "id": "26"}, {"type": "iof_isAnaphora", "id": "24"}], "affected_by_negation": "no", "inip": "12", "analysis_list": [{"lemma": "Anne", "tag": "GNFS3D--", "original_form": "her daughter Anne"}], "type": "phrase", "id": "26"}, {"endp": "37", "style": {"isItalics": "no", "isUnderlined": "no", "isTitle": "no", "isBold": "no"}, "token_list": [{"endp": "33", "style": {"isItalics": "no", "isUnderlined": "no", "isTitle": "no", "isBold": "no"}, "inip": "30", "form": "into", "quote_level": "0", "affected_by_negation": "no", "separation": "1", "analysis_list": [{"lemma": "into", "tag": "YN7", "original_form": "into"}], "id": "6"}, {"endp": "37", "style": {"isItalics": "no", "isUnderlined": "no", "isTitle": "no", "isBold": "no"}, "token_list": [{"endp": "37", "style": {"isItalics": "no", "isUnderlined": "no", "isTitle": "no", "isBold": "no"}, "inip": "35", "form": "bed", "quote_level": "0", "affected_by_negation": "no", "separation": "1", "analysis_list": [{"lemma": "bed", "tag": "NC-S-N6", "sense_id_list": [{"sense_id": "19b7b05b8c"}], "original_form": "bed"}], "sense_list": [{"info": "sementity/class=class@fiction=nonfiction@id=ODENTITY_CHANNEL@type=Top>Location>GeographicalEntity>WaterForm>Channel\tsemld_list=sumo:Channel", "id": "19b7b05b8c", "form": "bed"}], "id": "7"}], "separation": "1", "form": "bed", "quote_level": "0", "head": "7", "affected_by_negation": "no", "inip": "35", "analysis_list": [{"lemma": "bed", "tag": "GN-S3---", "original_form": "bed"}], "type": "phrase", "id": "23"}], "separation": "1", "form": "into bed", "quote_level": "0", "head": "6", "syntactic_tree_relation_list": [{"type": "isComplement", "id": "2"}], "affected_by_negation": "no", "inip": "30", "analysis_list": [{"lemma": "into", "tag": "GY---C--", "original_form": "into bed"}], "type": "phrase", "id": "25"}, {"endp": "38", "style": {"isItalics": "no", "isUnderlined": "no", "isTitle": "no", "isBold": "no"}, "inip": "38", "form": ",", "quote_level": "0", "affected_by_negation": "no", "separation": "A", "analysis_list": [{"lemma": ",", "tag": "1D--", "original_form": ","}], "id": "8"}, {"endp": "61", "style": {"isItalics": "no", "isUnderlined": "no", "isTitle": "no", "isBold": "no"}, "token_list": [{"endp": "46", "style": {"isItalics": "no", "isUnderlined": "no", "isTitle": "no", "isBold": "no"}, "inip": "40", "form": "so that", "quote_level": "0", "affected_by_negation": "no", "separation": "1", "analysis_list": [{"lemma": "so that", "tag": "CSFN-", "original_form": "so that"}, {"lemma": "so that", "tag": "CSLN-", "original_form": "so that"}], "id": "16"}, {"endp": "50", "style": {"isItalics": "no", "isUnderlined": "no", "isTitle": "no", "isBold": "no"}, "token_list": [{"endp": "50", "style": {"isItalics": "no", "isUnderlined": "no", "isTitle": "no", "isBold": "no"}, "inip": "48", "form": "she", "quote_level": "0", "affected_by_negation": "no", "separation": "1", "analysis_list": [{"lemma": "she", "tag": "PPFS3NN8", "sense_id_list": [{"sense_id": "PRONHUMAN"}], "original_form": "she"}], "sense_list": [{"info": "semhum=human", "id": "PRONHUMAN", "form": "she"}], "id": "11"}], "separation": "1", "form": "she", "quote_level": "0", "head": "11", "syntactic_tree_relation_list": [{"type": "isAnaphora", "id": "26"}, {"type": "isSubject", "id": "17"}], "affected_by_negation": "no", "inip": "48", "analysis_list": [{"lemma": "she", "tag": "GNFS3S--", "original_form": "she"}], "type": "phrase", "id": "24"}, {"endp": "61", "style": {"isItalics": "no", "isUnderlined": "no", "isTitle": "no", "isBold": "no"}, "separation": "1", "form": "could work", "quote_level": "0", "head": "12", "syntactic_tree_relation_list": [{"type": "iof_isSubject", "id": "24"}], "affected_by_negation": "no", "inip": "52", "analysis_list": [{"lemma": "work", "tag": "VW-UUOSA-N-N7", "original_form": "could work"}], "type": "multiword", "id": "17"}], "separation": "1", "form": "so that she could work", "quote_level": "0", "syntactic_tree_relation_list": [{"type": "isComplement", "id": "2"}], "affected_by_negation": "no", "inip": "40", "analysis_list": [{"lemma": "*", "tag": "ZE---CWO----", "original_form": "so that she could work"}], "type": "phrase", "id": "27"}], "separation": "_", "form": "Mary tucked her daughter Anne into bed, so that she could work", "quote_level": "0", "affected_by_negation": "no", "inip": "0", "analysis_list": [{"lemma": "*", "tag": "Z-----------", "original_form": "Mary tucked her daughter Anne into bed, so that she could work"}], "type": "phrase", "id": "28"}, {"endp": "62", "style": {"isItalics": "no", "isUnderlined": "no", "isTitle": "no", "isBold": "no"}, "inip": "62", "form": ".", "quote_level": "0", "affected_by_negation": "no", "separation": "A", "analysis_list": [{"lemma": ".", "tag": "1D--", "original_form": "."}], "id": "14"}], "inip": "0", "quote_level": "0", "affected_by_negation": "no", "separation": "A", "type": "sentence", "id": "18"}]}