{"status": {"msg": "OK", "credits": "1", "remaining_credits": "39795", "code": "0"}, "token_list": [{"endp": "90", "style": {"isItalics": "no", "isUnderlined": "no", "isTitle": "no", "isBold": "no"}, "token_list": [{"endp": "38", "style": {"isItalics": "no", "isUnderlined": "no", "isTitle": "no", "isBold": "no"}, "token_list": [{"endp": "13", "style": {"isItalics": "no", "isUnderlined": "no", "isTitle": "no", "isBold": "no"}, "token_list": [{"endp": "3", "style": {"isItalics": "no", "isUnderlined": "no", "isTitle": "no", "isBold": "no"}, "token_list": [{"endp": "3", "style": {"isItalics": "no", "isUnderlined": "no", "isTitle": "no", "isBold": "no"}, "inip": "0", "form": "Fred", "quote_level": "0", "affected_by_negation": "no", "separation": "_", "analysis_list": [{"lemma": "Fred", "tag": "NPMS-N-", "sense_id_list": [{"sense_id": "53b92e1ff2"}], "original_form": "Fred"}], "sense_list": [{"info": "sementity/class=instance@fiction=nonfiction@id=ODENTITY_FULL_NAME@type=Top>Person>FullName\tsemgeo_list/continent=America#id:33fc13e6dd@country=Brazil#id:e4e75ef58b#ISO3166-1-a2:BR#ISO3166-1-a3:BRA\tsemld_list=sumo:Human\tsemtheme_list/id=ODTHEME_FOOTBALL@type=Top>Sport>Football", "id": "53b92e1ff2", "form": "Frederico Chaves"}], "id": "1"}], "separation": "_", "form": "Fred", "quote_level": "0", "head": "1", "affected_by_negation": "no", "inip": "0", "analysis_list": [{"lemma": "Fred", "tag": "GNMS3---", "original_form": "Fred"}], "type": "phrase", "id": "27"}, {"endp": "7", "style": {"isItalics": "no", "isUnderlined": "no", "isTitle": "no", "isBold": "no"}, "inip": "5", "form": "and", "quote_level": "0", "affected_by_negation": "no", "separation": "1", "analysis_list": [{"lemma": "and", "tag": "CCYN9", "original_form": "and"}], "id": "2"}, {"endp": "13", "style": {"isItalics": "no", "isUnderlined": "no", "isTitle": "no", "isBold": "no"}, "token_list": [{"endp": "13", "style": {"isItalics": "no", "isUnderlined": "no", "isTitle": "no", "isBold": "no"}, "inip": "9", "form": "Alice", "quote_level": "0", "affected_by_negation": "no", "separation": "1", "analysis_list": [{"lemma": "Alice", "tag": "NPFS-N-", "sense_id_list": [{"sense_id": "30e28ef660"}], "original_form": "Alice"}], "sense_list": [{"info": "sementity/class=instance@fiction=nonfiction@id=ODENTITY_FIRST_NAME@type=Top>Person>FirstName\tsemld_list=sumo:FirstName", "id": "30e28ef660", "form": "Alice"}], "id": "3"}], "separation": "1", "form": "Alice", "quote_level": "0", "head": "3", "affected_by_negation": "no", "inip": "9", "analysis_list": [{"lemma": "Alice", "tag": "GNFS3---", "original_form": "Alice"}], "type": "phrase", "id": "28"}], "separation": "_", "form": "Fred and Alice", "quote_level": "0", "syntactic_tree_relation_list": [{"type": "isSubject", "id": "4"}, {"type": "iof_isAnaphora", "id": "33"}], "affected_by_negation": "no", "inip": "0", "analysis_list": [{"lemma": "*", "tag": "GNMP3S--", "original_form": "Fred and Alice"}], "type": "phrase", "id": "37"}, {"endp": "17", "style": {"isItalics": "no", "isUnderlined": "no", "isTitle": "no", "isBold": "no"}, "inip": "15", "form": "had", "quote_level": "0", "syntactic_tree_relation_list": [{"type": "iof_isSubject", "id": "37"}], "affected_by_negation": "no", "separation": "1", "analysis_list": [{"lemma": "have", "tag": "VI-P3ASA-N-N9", "original_form": "had"}], "id": "4"}, {"endp": "38", "style": {"isItalics": "no", "isUnderlined": "no", "isTitle": "no", "isBold": "no"}, "token_list": [{"endp": "22", "style": {"isItalics": "no", "isUnderlined": "no", "isTitle": "no", "isBold": "no"}, "inip": "19", "form": "very", "quote_level": "0", "affected_by_negation": "no", "separation": "1", "analysis_list": [{"lemma": "very", "tag": "ENMSN5", "original_form": "very"}], "id": "5"}, {"endp": "27", "style": {"isItalics": "no", "isUnderlined": "no", "isTitle": "no", "isBold": "no"}, "inip": "24", "form": "warm", "quote_level": "0", "affected_by_negation": "no", "separation": "1", "analysis_list": [{"lemma": "warm", "tag": "AP-N4", "original_form": "warm"}], "id": "6"}, {"endp": "38", "style": {"isItalics": "no", "isUnderlined": "no", "isTitle": "no", "isBold": "no"}, "token_list": [{"endp": "32", "style": {"isItalics": "no", "isUnderlined": "no", "isTitle": "no", "isBold": "no"}, "inip": "29", "form": "down", "quote_level": "0", "affected_by_negation": "no", "separation": "1", "analysis_list": [{"lemma": "down", "tag": "YN5", "original_form": "down"}], "id": "7"}, {"endp": "38", "style": {"isItalics": "no", "isUnderlined": "no", "isTitle": "no", "isBold": "no"}, "token_list": [{"endp": "38", "style": {"isItalics": "no", "isUnderlined": "no", "isTitle": "no", "isBold": "no"}, "inip": "34", "form": "coats", "quote_level": "0", "affected_by_negation": "no", "separation": "1", "analysis_list": [{"lemma": "coat", "tag": "NC-P-N5", "sense_id_list": [{"sense_id": "89fc9617fe"}], "original_form": "coats"}], "sense_list": [{"info": "sementity/class=class@fiction=nonfiction@id=ODENTITY_CLOTHES@type=Top>Product>Textile>Clothes\tsemld_list=sumo:Clothing\tsemtheme_list/id=ODTHEME_FASHION@type=Top>Society>Fashion", "id": "89fc9617fe", "form": "coat"}], "id": "8"}], "separation": "1", "form": "coats", "quote_level": "0", "head": "8", "affected_by_negation": "no", "inip": "34", "analysis_list": [{"lemma": "coat", "tag": "GN-P3---", "original_form": "coats"}], "type": "phrase", "id": "30"}], "separation": "1", "form": "down coats", "quote_level": "0", "head": "7", "affected_by_negation": "no", "inip": "29", "analysis_list": [{"lemma": "down", "tag": "GY------", "original_form": "down coats"}], "type": "phrase", "id": "36"}], "separation": "1", "form": "very warm down coats", "quote_level": "0", "head": "6", "affected_by_negation": "no", "inip": "19", "analysis_list": [{"lemma": "warm", "tag": "GA------", "original_form": "very warm"}], "type": "phrase", "id": "29"}], "separation": "_", "form": "Fred and Alice had very warm down coats", "quote_level": "0", "affected_by_negation": "no", "inip": "0", "analysis_list": [{"lemma": "*", "tag": "ZC----------", "original_form": "Fred and Alice had very warm down coats"}], "type": "phrase", "id": "38"}, {"endp": "39", "style": {"isItalics": "no", "isUnderlined": "no", "isTitle": "no", "isBold": "no"}, "inip": "39", "form": ",", "quote_level": "0", "affected_by_negation": "no", "separation": "A", "analysis_list": [{"lemma": ",", "tag": "1D--", "original_form": ","}], "id": "9"}, {"endp": "43", "style": {"isItalics": "no", "isUnderlined": "no", "isTitle": "no", "isBold": "no"}, "inip": "41", "form": "but", "quote_level": "0", "affected_by_negation": "no", "separation": "1", "analysis_list": [{"lemma": "but", "tag": "CCAN8", "original_form": "but"}], "id": "10"}, {"endp": "89", "style": {"isItalics": "no", "isUnderlined": "no", "isTitle": "no", "isBold": "no"}, "token_list": [{"endp": "48", "style": {"isItalics": "no", "isUnderlined": "no", "isTitle": "no", "isBold": "no"}, "token_list": [{"endp": "48", "style": {"isItalics": "no", "isUnderlined": "no", "isTitle": "no", "isBold": "no"}, "inip": "45", "form": "they", "quote_level": "0", "affected_by_negation": "no", "separation": "1", "analysis_list": [{"lemma": "they", "tag": "PP-P3NN8", "sense_id_list": [{"sense_id": "PRONBOTH"}], "original_form": "they"}], "sense_list": [{"info": "semhum=both", "id": "PRONBOTH", "form": "they"}], "id": "11"}], "separation": "1", "form": "they", "quote_level": "0", "head": "11", "syntactic_tree_relation_list": [{"type": "isAnaphora", "id": "37"}, {"type": "isSubject", "id": "23"}], "affected_by_negation": "no", "inip": "45", "analysis_list": [{"lemma": "they", "tag": "GN-P3S--", "original_form": "they"}], "type": "phrase", "id": "33"}, {"endp": "66", "style": {"isItalics": "no", "isUnderlined": "no", "isTitle": "no", "isBold": "no"}, "separation": "1", "form": "were not prepared", "quote_level": "0", "head": "22", "syntactic_tree_relation_list": [{"type": "iof_isSubject", "id": "33"}, {"type": "iof_isComplement", "id": "35"}, {"type": "iof_isLocationComplement", "id": "34"}], "affected_by_negation": "yes", "inip": "50", "analysis_list": [{"lemma": "prepare", "tag": "VI-P3ASP-NNN9", "original_form": "were not prepared"}], "type": "multiword", "id": "23"}, {"endp": "79", "style": {"isItalics": "no", "isUnderlined": "no", "isTitle": "no", "isBold": "no"}, "token_list": [{"endp": "70", "style": {"isItalics": "no", "isUnderlined": "no", "isTitle": "no", "isBold": "no"}, "inip": "68", "form": "for", "quote_level": "0", "affected_by_negation": "no", "separation": "1", "analysis_list": [{"lemma": "for", "tag": "YN5", "original_form": "for"}], "id": "15"}, {"endp": "79", "style": {"isItalics": "no", "isUnderlined": "no", "isTitle": "no", "isBold": "no"}, "token_list": [{"endp": "74", "style": {"isItalics": "no", "isUnderlined": "no", "isTitle": "no", "isBold": "no"}, "inip": "72", "form": "the", "quote_level": "0", "affected_by_negation": "no", "separation": "1", "analysis_list": [{"lemma": "the", "tag": "TD-SN9", "original_form": "the"}], "id": "16"}, {"endp": "79", "style": {"isItalics": "no", "isUnderlined": "no", "isTitle": "no", "isBold": "no"}, "inip": "76", "form": "cold", "quote_level": "0", "affected_by_negation": "no", "separation": "1", "analysis_list": [{"lemma": "cold", "tag": "NC-S-N5", "sense_id_list": [{"sense_id": "65f5324529"}, {"sense_id": "d2acc3edf8"}], "original_form": "cold"}], "sense_list": [{"info": "sementity/class=class@fiction=nonfiction@id=ODENTITY_DISEASE@type=Top>OtherEntity>Disease\tsemld_list=sumo:DiseaseOrSyndrome\tsemtheme_list/id=ODTHEME_MEDICINE@type=Top>LifeSciences>Medicine", "id": "65f5324529", "form": "cold"}, {"info": "sementity/class=class@fiction=nonfiction@id=ODENTITY_NATURAL_PHENOMENA@type=Top>Event>NaturalPhenomena\tsemld_list=sumo:WeatherProcess", "id": "d2acc3edf8", "form": "cold"}], "id": "17"}], "separation": "1", "form": "the cold", "quote_level": "0", "head": "17", "affected_by_negation": "no", "inip": "72", "analysis_list": [{"lemma": "cold", "tag": "GN-S3---", "original_form": "the cold"}], "type": "phrase", "id": "31"}], "separation": "1", "form": "for the cold", "quote_level": "0", "head": "15", "syntactic_tree_relation_list": [{"type": "isComplement", "id": "23"}], "affected_by_negation": "no", "inip": "68", "analysis_list": [{"lemma": "for", "tag": "GY---C--", "original_form": "for the cold"}], "type": "phrase", "id": "35"}, {"endp": "89", "style": {"isItalics": "no", "isUnderlined": "no", "isTitle": "no", "isBold": "no"}, "token_list": [{"endp": "82", "style": {"isItalics": "no", "isUnderlined": "no", "isTitle": "no", "isBold": "no"}, "inip": "81", "form": "in", "quote_level": "0", "affected_by_negation": "no", "separation": "1", "analysis_list": [{"lemma": "in", "tag": "YN6", "original_form": "in"}], "id": "18"}, {"endp": "89", "style": {"isItalics": "no", "isUnderlined": "no", "isTitle": "no", "isBold": "no"}, "token_list": [{"endp": "89", "style": {"isItalics": "no", "isUnderlined": "no", "isTitle": "no", "isBold": "no"}, "inip": "84", "form": "Alaska", "quote_level": "0", "affected_by_negation": "no", "separation": "1", "analysis_list": [{"lemma": "Alaska", "tag": "NP-S-N-", "sense_id_list": [{"sense_id": "eb31591871"}], "original_form": "Alaska"}], "sense_list": [{"info": "sementity/class=instance@fiction=nonfiction@id=ODENTITY_ADM1@type=Top>Location>GeoPoliticalEntity>Adm1\tsemgeo_list/continent=America#id:33fc13e6dd@country=United States#id:beac1b545b#ISO3166-1-a2:US#ISO3166-1-a3:USA\tsemld_list=od:ZW4ud2lraTpBbGFza2E|http://en.wikipedia.org/wiki/Alaska|http://es.wikipedia.org/wiki/Alaska|http://fr.wikipedia.org/wiki/Alaska|http://it.wikipedia.org/wiki/Alaska|http://ca.wikipedia.org/wiki/Alaska|http://pt.wikipedia.org/wiki/Alasca|http://zh.wikipedia.org/wiki/\u963f\u62c9\u65af\u52a0\u5dde|http://ar.wikipedia.org/wiki/\u0623\u0644\u0627\u0633\u0643\u0627|http://gl.wikipedia.org/wiki/Alasca|http://eu.wikipedia.org/wiki/Alaska|http://rdf.freebase.com/ns/m.0hjy|http://sws.geonames.org/5879092/|http://sw.cyc.com/concept/Mx4rvViMJZwpEbGdrcN5Y29ycA|http://yago-knowledge.org/resource/Alaska|http://umbel.org/umbel/rc/PopulatedPlace|sumo:GeopoliticalArea", "id": "eb31591871", "form": "Alaska"}], "id": "19"}], "separation": "1", "form": "Alaska", "quote_level": "0", "head": "19", "affected_by_negation": "no", "inip": "84", "analysis_list": [{"lemma": "Alaska", "tag": "GN-S3---", "original_form": "Alaska"}], "type": "phrase", "id": "32"}], "separation": "1", "form": "in Alaska", "quote_level": "0", "head": "18", "syntactic_tree_relation_list": [{"type": "isLocationComplement", "id": "23"}], "affected_by_negation": "no", "inip": "81", "analysis_list": [{"lemma": "in", "tag": "GY---L--", "original_form": "in Alaska"}], "type": "phrase", "id": "34"}], "separation": "1", "form": "they were not prepared for the cold in Alaska", "quote_level": "0", "affected_by_negation": "no", "inip": "45", "analysis_list": [{"lemma": "*", "tag": "ZC----------", "original_form": "they were not prepared for the cold in Alaska"}], "type": "phrase", "id": "39"}, {"endp": "90", "style": {"isItalics": "no", "isUnderlined": "no", "isTitle": "no", "isBold": "no"}, "inip": "90", "form": ".", "quote_level": "0", "affected_by_negation": "no", "separation": "A", "analysis_list": [{"lemma": ".", "tag": "1D--", "original_form": "."}], "id": "20"}], "inip": "0", "quote_level": "0", "affected_by_negation": "no", "separation": "A", "type": "sentence", "id": "24"}]}