{"status": {"msg": "OK", "credits": "1", "remaining_credits": "39792", "code": "0"}, "token_list": [{"endp": "38", "style": {"isItalics": "no", "isUnderlined": "no", "isTitle": "no", "isBold": "no"}, "token_list": [{"endp": "37", "style": {"isItalics": "no", "isUnderlined": "no", "isTitle": "no", "isBold": "no"}, "token_list": [{"endp": "6", "style": {"isItalics": "no", "isUnderlined": "no", "isTitle": "no", "isBold": "no"}, "token_list": [{"endp": "6", "style": {"isItalics": "no", "isUnderlined": "no", "isTitle": "no", "isBold": "no"}, "inip": "0", "form": "Thomson", "quote_level": "0", "affected_by_negation": "no", "separation": "_", "analysis_list": [{"lemma": "Thomson", "tag": "NP-S-N-", "sense_id_list": [{"sense_id": "228d3bed3a"}], "original_form": "Thomson"}, {"lemma": "Thomson", "tag": "NPUU-N-", "sense_id_list": [{"sense_id": "6f3b3d9b0c"}], "original_form": "Thomson"}], "sense_list": [{"info": "sementity/class=instance@fiction=nonfiction@id=ODENTITY_MEDIA_COMPANY@type=Top>Organization>Company>ConsumerGoodsCompany>Discretionary>ConsumerServicesCompany>MediaCompany\tsemgeo_list/continent=America#id:33fc13e6dd@country=Canada#id:9043949bfa#ISO3166-1-a2:CA#ISO3166-1-a3:CAN\tsemld_list=sumo:MediaOrganization\tsemtheme_list/id=ODTHEME_MEDIA@type=Top>Society>Media", "id": "228d3bed3a", "form": "Thomson"}, {"info": "sementity/class=instance@fiction=nonfiction@id=ODENTITY_LAST_NAME@type=Top>Person>LastName\tsemld_list=sumo:LastName", "id": "6f3b3d9b0c", "form": "Thomson"}], "id": "1"}], "separation": "_", "form": "Thomson", "quote_level": "0", "head": "1", "syntactic_tree_relation_list": [{"type": "isSubject", "id": "2"}, {"type": "iof_isAnaphora", "id": "37"}], "affected_by_negation": "no", "inip": "0", "analysis_list": [{"lemma": "Thomson", "tag": "GN-S3S--", "original_form": "Thomson"}, {"lemma": "Thomson", "tag": "GN-P3S--", "original_form": "Thomson"}, {"lemma": "Thomson", "tag": "GNUU3S--", "original_form": "Thomson"}], "type": "phrase", "id": "29"}, {"endp": "14", "style": {"isItalics": "no", "isUnderlined": "no", "isTitle": "no", "isBold": "no"}, "inip": "8", "form": "visited", "quote_level": "0", "syntactic_tree_relation_list": [{"type": "iof_isSubject", "id": "29"}, {"type": "iof_isDirectObject", "id": "32"}], "affected_by_negation": "no", "separation": "1", "analysis_list": [{"lemma": "visit", "tag": "VI-U3ASA-N-N5", "sense_id_list": [{"sense_id": "ODENTITY_COMMUNICATION_PROCESS"}, {"sense_id": "ODENTITY_DAMAGING"}, {"sense_id": "ODENTITY_MEETING"}, {"sense_id": "ODENTITY_SOCIAL_INTERACTION"}, {"sense_id": "ODENTITY_TRANSPORTATION"}], "original_form": "visited"}], "sense_list": [{"info": "sementity/id=ODENTITY_COMMUNICATION_PROCESS@type=Top>Process>ContentBearingProcess>CommunicationProcess\tsemld_list=sumo:Entity", "id": "ODENTITY_COMMUNICATION_PROCESS", "form": "visit"}, {"info": "sementity/id=ODENTITY_DAMAGING@type=Top>Process>InternalChange>Damaging\tsemld_list=sumo:Entity", "id": "ODENTITY_DAMAGING", "form": "visit"}, {"info": "sementity/id=ODENTITY_MEETING@type=Top>Process>IntentionalProcess>SocialInteraction>Meeting\tsemld_list=sumo:IntentionalProcess", "id": "ODENTITY_MEETING", "form": "visit"}, {"info": "sementity/id=ODENTITY_SOCIAL_INTERACTION@type=Top>Process>IntentionalProcess>SocialInteraction\tsemld_list=sumo:IntentionalProcess", "id": "ODENTITY_SOCIAL_INTERACTION", "form": "visit"}, {"info": "sementity/id=ODENTITY_TRANSPORTATION@type=Top>Process>Motion>Translocation>Transportation\tsemld_list=sumo:Entity", "id": "ODENTITY_TRANSPORTATION", "form": "visit"}], "id": "2"}, {"endp": "29", "style": {"isItalics": "no", "isUnderlined": "no", "isTitle": "no", "isBold": "no"}, "token_list": [{"endp": "21", "style": {"isItalics": "no", "isUnderlined": "no", "isTitle": "no", "isBold": "no"}, "token_list": [{"endp": "21", "style": {"isItalics": "no", "isUnderlined": "no", "isTitle": "no", "isBold": "no"}, "inip": "16", "form": "Cooper", "quote_level": "0", "affected_by_negation": "no", "separation": "1", "analysis_list": [{"lemma": "Cooper", "tag": "NPUS-N-", "sense_id_list": [{"sense_id": "bd0ba45c1c"}], "original_form": "Cooper"}], "sense_list": [{"info": "sementity/class=instance@fiction=nonfiction@id=ODENTITY_LAST_NAME@type=Top>Person>LastName\tsemld_list=sumo:LastName", "id": "bd0ba45c1c", "form": "Cooper"}], "id": "3"}], "separation": "1", "form": "Cooper", "quote_level": "0", "head": "3", "affected_by_negation": "no", "inip": "16", "analysis_list": [{"lemma": "Cooper", "tag": "GNUS3---", "original_form": "Cooper"}], "type": "phrase", "id": "30"}, {"endp": "23", "style": {"isItalics": "no", "isUnderlined": "no", "isTitle": "no", "isBold": "no"}, "inip": "22", "form": "'s", "quote_level": "0", "affected_by_negation": "no", "separation": "A", "analysis_list": [{"lemma": "'s", "tag": "WN-", "original_form": "'s"}], "id": "23"}, {"endp": "29", "style": {"isItalics": "no", "isUnderlined": "no", "isTitle": "no", "isBold": "no"}, "token_list": [{"endp": "29", "style": {"isItalics": "no", "isUnderlined": "no", "isTitle": "no", "isBold": "no"}, "inip": "25", "form": "grave", "quote_level": "0", "affected_by_negation": "no", "separation": "1", "analysis_list": [{"lemma": "grave", "tag": "NC-S-N3", "sense_id_list": [{"sense_id": "88e9af656c"}], "original_form": "grave"}], "sense_list": [{"info": "sementity/class=class@fiction=nonfiction@id=ODENTITY_FACILITY@type=Top>Location>Facility\tsemld_list=sumo:FacilityPartOther", "id": "88e9af656c", "form": "grave"}], "id": "6"}], "separation": "1", "form": "grave", "quote_level": "0", "head": "6", "affected_by_negation": "no", "inip": "25", "analysis_list": [{"lemma": "grave", "tag": "GN-S3---", "original_form": "grave"}], "type": "phrase", "id": "31"}], "separation": "1", "form": "Cooper's grave", "quote_level": "0", "head": "31", "syntactic_tree_relation_list": [{"type": "isDirectObject", "id": "2"}], "affected_by_negation": "no", "inip": "16", "analysis_list": [{"lemma": "grave", "tag": "GN-S3D--", "original_form": "Cooper's grave"}], "type": "phrase", "id": "32"}, {"endp": "32", "style": {"isItalics": "no", "isUnderlined": "no", "isTitle": "no", "isBold": "no"}, "inip": "31", "form": "in", "quote_level": "0", "affected_by_negation": "no", "separation": "1", "analysis_list": [{"lemma": "in", "tag": "YN6", "original_form": "in"}], "id": "7"}, {"endp": "37", "style": {"isItalics": "no", "isUnderlined": "no", "isTitle": "no", "isBold": "no"}, "separation": "1", "form": "1765", "quote_level": "0", "affected_by_negation": "no", "inip": "34", "analysis_list": [{"lemma": "1765", "tag": "NDUU-n-", "original_form": "1765"}], "id": "8", "normalized_form": "date@18||||1765||||||"}], "separation": "_", "form": "Thomson visited Cooper's grave in 1765", "quote_level": "0", "affected_by_negation": "no", "inip": "0", "analysis_list": [{"lemma": "*", "tag": "Z-----------", "original_form": "Thomson visited Cooper's grave in 1765"}], "type": "phrase", "id": "33"}, {"endp": "38", "style": {"isItalics": "no", "isUnderlined": "no", "isTitle": "no", "isBold": "no"}, "inip": "38", "form": ".", "quote_level": "0", "affected_by_negation": "no", "separation": "A", "analysis_list": [{"lemma": ".", "tag": "1D--", "original_form": "."}], "id": "9"}], "inip": "0", "quote_level": "0", "affected_by_negation": "no", "separation": "A", "type": "sentence", "id": "25"}, {"endp": "85", "style": {"isItalics": "no", "isUnderlined": "no", "isTitle": "no", "isBold": "no"}, "token_list": [{"endp": "84", "style": {"isItalics": "no", "isUnderlined": "no", "isTitle": "no", "isBold": "no"}, "token_list": [{"endp": "51", "style": {"isItalics": "no", "isUnderlined": "no", "isTitle": "no", "isBold": "no"}, "token_list": [{"endp": "41", "style": {"isItalics": "no", "isUnderlined": "no", "isTitle": "no", "isBold": "no"}, "inip": "40", "form": "At", "quote_level": "0", "affected_by_negation": "no", "separation": "1", "analysis_list": [{"lemma": "at", "tag": "YN8", "original_form": "at"}], "id": "10"}, {"endp": "51", "style": {"isItalics": "no", "isUnderlined": "no", "isTitle": "no", "isBold": "no"}, "token_list": [{"endp": "46", "style": {"isItalics": "no", "isUnderlined": "no", "isTitle": "no", "isBold": "no"}, "inip": "43", "form": "that", "quote_level": "0", "affected_by_negation": "no", "separation": "1", "analysis_list": [{"lemma": "that", "tag": "DD-SN5", "original_form": "that"}], "id": "11"}, {"endp": "51", "style": {"isItalics": "no", "isUnderlined": "no", "isTitle": "no", "isBold": "no"}, "inip": "48", "form": "date", "quote_level": "0", "affected_by_negation": "no", "separation": "1", "analysis_list": [{"lemma": "date", "tag": "NC-S-N5", "sense_id_list": [{"sense_id": "286041ceda"}, {"sense_id": "2d8a8e21c1"}], "original_form": "date"}], "sense_list": [{"info": "sementity/class=class@fiction=nonfiction@id=ODENTITY_FRUIT_OR_VEGETABLE@type=Top>Product>Food>FruitOrVegetable\tsemld_list=sumo:PreparedFood", "id": "286041ceda", "form": "date"}, {"info": "sementity/class=class@fiction=nonfiction@id=ODENTITY_DATE@type=Top>Timex>Date\tsemld_list=sumo:DatePeriod", "id": "2d8a8e21c1", "form": "date"}], "id": "12"}], "separation": "1", "form": "that date", "quote_level": "0", "head": "12", "affected_by_negation": "no", "inip": "43", "analysis_list": [{"lemma": "date", "tag": "GN-S3---", "original_form": "that date"}], "type": "phrase", "id": "34"}], "separation": "1", "form": "At that date", "quote_level": "0", "head": "10", "syntactic_tree_relation_list": [{"type": "isComplement", "id": "24"}], "affected_by_negation": "no", "inip": "40", "analysis_list": [{"lemma": "at", "tag": "GY---C--", "original_form": "At that date"}], "type": "phrase", "id": "39"}, {"endp": "52", "style": {"isItalics": "no", "isUnderlined": "no", "isTitle": "no", "isBold": "no"}, "inip": "52", "form": ",", "quote_level": "0", "affected_by_negation": "no", "separation": "A", "analysis_list": [{"lemma": ",", "tag": "1D--", "original_form": ","}], "id": "13"}, {"endp": "55", "style": {"isItalics": "no", "isUnderlined": "no", "isTitle": "no", "isBold": "no"}, "token_list": [{"endp": "55", "style": {"isItalics": "no", "isUnderlined": "no", "isTitle": "no", "isBold": "no"}, "inip": "54", "form": "he", "quote_level": "0", "affected_by_negation": "no", "separation": "1", "analysis_list": [{"lemma": "he", "tag": "PPMS3NN8", "sense_id_list": [{"sense_id": "PRONHUMAN"}], "original_form": "he"}], "sense_list": [{"info": "semhum=human", "id": "PRONHUMAN", "form": "he"}], "id": "14"}], "separation": "1", "form": "he", "quote_level": "0", "head": "14", "syntactic_tree_relation_list": [{"type": "isAnaphora", "id": "29"}, {"type": "isSubject", "id": "24"}], "affected_by_negation": "no", "inip": "54", "analysis_list": [{"lemma": "he", "tag": "GNMS3S--", "original_form": "he"}], "type": "phrase", "id": "37"}, {"endp": "64", "style": {"isItalics": "no", "isUnderlined": "no", "isTitle": "no", "isBold": "no"}, "separation": "1", "form": "had been", "quote_level": "0", "head": "15", "syntactic_tree_relation_list": [{"type": "iof_isComplement", "id": "39"}, {"type": "iof_isSubject", "id": "37"}, {"type": "iof_isAttribute", "id": "35"}], "affected_by_negation": "no", "inip": "57", "analysis_list": [{"lemma": "be", "tag": "VI-S3APA-N-N9", "original_form": "had been"}], "type": "multiword", "id": "24"}, {"endp": "84", "style": {"isItalics": "no", "isUnderlined": "no", "isTitle": "no", "isBold": "no"}, "token_list": [{"endp": "69", "style": {"isItalics": "no", "isUnderlined": "no", "isTitle": "no", "isBold": "no"}, "inip": "66", "form": "dead", "quote_level": "0", "affected_by_negation": "no", "separation": "1", "analysis_list": [{"lemma": "dead", "tag": "AP-N3", "original_form": "dead"}], "id": "17"}, {"endp": "84", "style": {"isItalics": "no", "isUnderlined": "no", "isTitle": "no", "isBold": "no"}, "token_list": [{"endp": "73", "style": {"isItalics": "no", "isUnderlined": "no", "isTitle": "no", "isBold": "no"}, "inip": "71", "form": "for", "quote_level": "0", "affected_by_negation": "no", "separation": "1", "analysis_list": [{"lemma": "for", "tag": "YN5", "original_form": "for"}], "id": "18"}, {"endp": "84", "style": {"isItalics": "no", "isUnderlined": "no", "isTitle": "no", "isBold": "no"}, "token_list": [{"endp": "78", "style": {"isItalics": "no", "isUnderlined": "no", "isTitle": "no", "isBold": "no"}, "separation": "1", "form": "five", "quote_level": "0", "affected_by_negation": "no", "inip": "75", "analysis_list": [{"lemma": "five", "tag": "MD-PCN-", "original_form": "five"}], "id": "19", "normalized_form": "numeric@5"}, {"endp": "84", "style": {"isItalics": "no", "isUnderlined": "no", "isTitle": "no", "isBold": "no"}, "inip": "80", "form": "years", "quote_level": "0", "affected_by_negation": "no", "separation": "1", "analysis_list": [{"lemma": "year", "tag": "NC-P-N7", "sense_id_list": [{"sense_id": "782b286b79"}, {"sense_id": "50b37cb80f"}], "original_form": "years"}], "sense_list": [{"info": "sementity/class=class@fiction=nonfiction@id=ODENTITY_DATE@type=Top>Timex>Date\tsemld_list=sumo:DatePeriod", "id": "50b37cb80f", "form": "year"}, {"info": "sementity/class=class@fiction=nonfiction@id=ODENTITY_PERIOD@type=Top>Timex>Period\tsemld_list=sumo:TimeInterval", "id": "782b286b79", "form": "year"}], "id": "20"}], "separation": "1", "form": "five years", "quote_level": "0", "head": "20", "affected_by_negation": "no", "inip": "75", "analysis_list": [{"lemma": "year", "tag": "GN-P3T--", "original_form": "five years"}], "type": "phrase", "id": "36"}], "separation": "1", "form": "for five years", "quote_level": "0", "head": "18", "affected_by_negation": "no", "inip": "71", "analysis_list": [{"lemma": "for", "tag": "GY------", "original_form": "for five years"}], "type": "phrase", "id": "38"}], "separation": "1", "form": "dead for five years", "quote_level": "0", "head": "17", "syntactic_tree_relation_list": [{"type": "isAttribute", "id": "24"}], "affected_by_negation": "no", "inip": "66", "analysis_list": [{"lemma": "dead", "tag": "GA---A--", "original_form": "dead"}], "type": "phrase", "id": "35"}], "separation": "1", "form": "At that date, he had been dead for five years", "quote_level": "0", "affected_by_negation": "no", "inip": "40", "analysis_list": [{"lemma": "*", "tag": "Z-----------", "original_form": "At that date, he had been dead for five years"}], "type": "phrase", "id": "40"}, {"endp": "85", "style": {"isItalics": "no", "isUnderlined": "no", "isTitle": "no", "isBold": "no"}, "inip": "85", "form": ".", "quote_level": "0", "affected_by_negation": "no", "separation": "A", "analysis_list": [{"lemma": ".", "tag": "1D--", "original_form": "."}], "id": "21"}], "inip": "40", "quote_level": "0", "affected_by_negation": "no", "separation": "A", "type": "sentence", "id": "27"}]}