{"status": {"msg": "OK", "credits": "1", "remaining_credits": "39790", "code": "0"}, "token_list": [{"endp": "79", "style": {"isItalics": "no", "isUnderlined": "no", "isTitle": "no", "isBold": "no"}, "token_list": [{"endp": "78", "style": {"isItalics": "no", "isUnderlined": "no", "isTitle": "no", "isBold": "no"}, "token_list": [{"endp": "6", "style": {"isItalics": "no", "isUnderlined": "no", "isTitle": "no", "isBold": "no"}, "token_list": [{"endp": "6", "style": {"isItalics": "no", "isUnderlined": "no", "isTitle": "no", "isBold": "no"}, "inip": "0", "form": "Jackson", "quote_level": "0", "affected_by_negation": "no", "separation": "_", "analysis_list": [{"lemma": "Jackson", "tag": "NPMS-N-", "sense_id_list": [{"sense_id": "addcc548f7"}], "original_form": "Jackson"}, {"lemma": "Jackson", "tag": "NP-S-N-", "sense_id_list": [{"sense_id": "281ed36baa"}], "original_form": "Jackson"}, {"lemma": "Jackson", "tag": "NPUS-N-", "sense_id_list": [{"sense_id": "6d4b194983"}], "original_form": "Jackson"}], "sense_list": [{"info": "sementity/class=instance@fiction=nonfiction@id=ODENTITY_CITY@type=Top>Location>GeoPoliticalEntity>City\tsemgeo_list/adm1=Mississippi#id:cbd647611a@continent=America#id:33fc13e6dd@country=United States#id:beac1b545b#ISO3166-1-a2:US#ISO3166-1-a3:USA\tsemld_list=od:ZW4ud2lraTpKYWNrc29uLF9NaXNzaXNzaXBwaQ|http://en.wikipedia.org/wiki/Jackson,_Mississippi|http://es.wikipedia.org/wiki/Jackson_(Misisipi)|http://fr.wikipedia.org/wiki/Jackson_(Mississippi)|http://it.wikipedia.org/wiki/Jackson_(Mississippi)|http://ca.wikipedia.org/wiki/Jackson_(Mississip\u00ed)|http://pt.wikipedia.org/wiki/Jackson_(Mississippi)|http://zh.wikipedia.org/wiki/\u6770\u514b\u900a_(\u5bc6\u897f\u897f\u6bd4\u5dde)|http://ar.wikipedia.org/wiki/\u062c\u0627\u0643\u0633\u0648\u0646\u060c_\u0645\u0633\u064a\u0633\u064a\u0628\u064a|http://gl.wikipedia.org/wiki/Jackson,_Mississippi|http://eu.wikipedia.org/wiki/Jackson_(Mississippi)|http://rdf.freebase.com/ns/m.043yj|http://sws.geonames.org/4431410/|http://sw.cyc.com/concept/Mx4rvVihVJwpEbGdrcN5Y29ycA|http://yago-knowledge.org/resource/Jackson,_Mississippi|http://umbel.org/umbel/rc/City|http://umbel.org/umbel/rc/Location_Underspecified|http://umbel.org/umbel/rc/PopulatedPlace|http://umbel.org/umbel/rc/Village|sumo:City", "id": "281ed36baa", "form": "Jackson"}, {"info": "sementity/class=instance@fiction=nonfiction@id=ODENTITY_LAST_NAME@type=Top>Person>LastName\tsemld_list=sumo:LastName", "id": "6d4b194983", "form": "Jackson"}, {"info": "sementity/class=instance@fiction=nonfiction@id=ODENTITY_FIRST_NAME@type=Top>Person>FirstName\tsemld_list=sumo:FirstName", "id": "addcc548f7", "form": "Jackson"}], "id": "1"}], "separation": "_", "form": "Jackson", "quote_level": "0", "head": "1", "syntactic_tree_relation_list": [{"type": "isSubject", "id": "16"}, {"type": "iof_isAnaphora", "id": "22"}], "affected_by_negation": "no", "inip": "0", "analysis_list": [{"lemma": "Jackson", "tag": "GN-S3S--", "original_form": "Jackson"}, {"lemma": "Jackson", "tag": "GNUS3S--", "original_form": "Jackson"}], "type": "phrase", "id": "19"}, {"endp": "18", "style": {"isItalics": "no", "isUnderlined": "no", "isTitle": "no", "isBold": "no"}, "token_list": [{"endp": "18", "style": {"isItalics": "no", "isUnderlined": "no", "isTitle": "no", "isBold": "no"}, "inip": "12", "form": "greatly", "quote_level": "0", "affected_by_negation": "no", "separation": "1", "analysis_list": [{"lemma": "greatly", "tag": "ENMSN5", "original_form": "greatly"}], "id": "3"}], "separation": "1", "form": "greatly", "quote_level": "0", "head": "3", "syntactic_tree_relation_list": [{"type": "isMannerComplement", "id": "16"}], "affected_by_negation": "no", "inip": "12", "analysis_list": [{"lemma": "greatly", "tag": "GEM--M--", "original_form": "greatly"}], "type": "phrase", "id": "25"}, {"endp": "29", "style": {"isItalics": "no", "isUnderlined": "no", "isTitle": "no", "isBold": "no"}, "separation": "1", "form": "was influenced", "quote_level": "0", "head": "2", "syntactic_tree_relation_list": [{"type": "iof_isSubject", "id": "19"}, {"type": "iof_isMannerComplement", "id": "25"}, {"type": "iof_isAgentComplement", "id": "24"}, {"type": "iof_isComplement", "id": "23"}], "affected_by_negation": "no", "inip": "8", "analysis_list": [{"lemma": "influence", "tag": "VI-S3ASP-Y-N9", "original_form": "was influenced"}], "type": "multiword", "id": "16"}, {"endp": "39", "style": {"isItalics": "no", "isUnderlined": "no", "isTitle": "no", "isBold": "no"}, "token_list": [{"endp": "32", "style": {"isItalics": "no", "isUnderlined": "no", "isTitle": "no", "isBold": "no"}, "inip": "31", "form": "by", "quote_level": "0", "affected_by_negation": "no", "separation": "1", "analysis_list": [{"lemma": "by", "tag": "YN4", "original_form": "by"}], "id": "5"}, {"endp": "39", "style": {"isItalics": "no", "isUnderlined": "no", "isTitle": "no", "isBold": "no"}, "token_list": [{"endp": "39", "style": {"isItalics": "no", "isUnderlined": "no", "isTitle": "no", "isBold": "no"}, "inip": "34", "form": "Arnold", "quote_level": "0", "affected_by_negation": "no", "separation": "1", "analysis_list": [{"lemma": "Arnold", "tag": "NPUU-N-", "sense_id_list": [{"sense_id": "__3970643479667354447"}], "original_form": "Arnold"}], "sense_list": [{"info": "sementity/class=instance@fiction=nonfiction@type=Top>Person@confidence=uncertain", "id": "__3970643479667354447", "form": "Arnold"}], "id": "6"}], "separation": "1", "form": "Arnold", "quote_level": "0", "head": "6", "affected_by_negation": "no", "inip": "34", "analysis_list": [{"lemma": "Arnold", "tag": "GNUU3---", "original_form": "Arnold"}], "type": "phrase", "id": "20"}], "separation": "1", "form": "by Arnold", "quote_level": "0", "head": "5", "syntactic_tree_relation_list": [{"type": "isAgentComplement", "id": "16"}], "affected_by_negation": "no", "inip": "31", "analysis_list": [{"lemma": "by", "tag": "GY---G--", "original_form": "by Arnold"}], "type": "phrase", "id": "24"}, {"endp": "40", "style": {"isItalics": "no", "isUnderlined": "no", "isTitle": "no", "isBold": "no"}, "inip": "40", "form": ",", "quote_level": "0", "affected_by_negation": "no", "separation": "A", "analysis_list": [{"lemma": ",", "tag": "1D--", "original_form": ","}], "id": "7"}, {"endp": "47", "style": {"isItalics": "no", "isUnderlined": "no", "isTitle": "no", "isBold": "no"}, "token_list": [{"endp": "47", "style": {"isItalics": "no", "isUnderlined": "no", "isTitle": "no", "isBold": "no"}, "inip": "42", "form": "though", "quote_level": "0", "affected_by_negation": "no", "separation": "1", "analysis_list": [{"lemma": "though", "tag": "ENOPN5", "original_form": "though"}], "id": "8"}], "separation": "1", "form": "though", "quote_level": "0", "head": "8", "syntactic_tree_relation_list": [{"type": "isComplement", "id": "16"}], "affected_by_negation": "no", "inip": "42", "analysis_list": [{"lemma": "though", "tag": "GEO--C--", "original_form": "though"}], "type": "phrase", "id": "23"}, {"endp": "50", "style": {"isItalics": "no", "isUnderlined": "no", "isTitle": "no", "isBold": "no"}, "token_list": [{"endp": "50", "style": {"isItalics": "no", "isUnderlined": "no", "isTitle": "no", "isBold": "no"}, "inip": "49", "form": "he", "quote_level": "0", "affected_by_negation": "no", "separation": "1", "analysis_list": [{"lemma": "he", "tag": "PPMS3NN8", "sense_id_list": [{"sense_id": "PRONHUMAN"}], "original_form": "he"}], "sense_list": [{"info": "semhum=human", "id": "PRONHUMAN", "form": "he"}], "id": "9"}], "separation": "1", "form": "he", "quote_level": "0", "head": "9", "syntactic_tree_relation_list": [{"type": "isAnaphora", "id": "19"}, {"type": "isSubject", "id": "10"}], "affected_by_negation": "no", "inip": "49", "analysis_list": [{"lemma": "he", "tag": "GNMS3S--", "original_form": "he"}], "type": "phrase", "id": "22"}, {"endp": "56", "style": {"isItalics": "no", "isUnderlined": "no", "isTitle": "no", "isBold": "no"}, "inip": "52", "form": "lived", "quote_level": "0", "syntactic_tree_relation_list": [{"type": "iof_isSubject", "id": "22"}, {"type": "iof_isDirectObject", "id": "21"}], "affected_by_negation": "no", "separation": "1", "analysis_list": [{"lemma": "live", "tag": "VI-S3ASA-N-N4", "sense_id_list": [{"sense_id": "ODENTITY_INTENTIONAL_PSYCHOLOGICAL_PROCESS"}], "original_form": "lived"}], "sense_list": [{"info": "sementity/id=ODENTITY_INTENTIONAL_PSYCHOLOGICAL_PROCESS@type=Top>Process>IntentionalProcess>IntentionalPsychologicalProcess\tsemld_list=sumo:IntentionalProcess", "id": "ODENTITY_INTENTIONAL_PSYCHOLOGICAL_PROCESS", "form": "live"}], "id": "10"}, {"endp": "70", "style": {"isItalics": "no", "isUnderlined": "no", "isTitle": "no", "isBold": "no"}, "token_list": [{"endp": "60", "style": {"isItalics": "no", "isUnderlined": "no", "isTitle": "no", "isBold": "no"}, "separation": "1", "form": "two", "quote_level": "0", "affected_by_negation": "no", "inip": "58", "analysis_list": [{"lemma": "two", "tag": "MD-PCN-", "original_form": "two"}], "id": "11", "normalized_form": "numeric@2"}, {"endp": "70", "style": {"isItalics": "no", "isUnderlined": "no", "isTitle": "no", "isBold": "no"}, "inip": "62", "form": "centuries", "quote_level": "0", "affected_by_negation": "no", "separation": "1", "analysis_list": [{"lemma": "century", "tag": "NC-P-N6", "sense_id_list": [{"sense_id": "ebe007edef"}], "original_form": "centuries"}], "sense_list": [{"info": "sementity/class=class@fiction=nonfiction@id=ODENTITY_PERIOD@type=Top>Timex>Period\tsemld_list=sumo:TimeInterval", "id": "ebe007edef", "form": "century"}], "id": "12"}], "separation": "1", "form": "two centuries", "quote_level": "0", "head": "12", "syntactic_tree_relation_list": [{"type": "isDirectObject", "id": "10"}], "affected_by_negation": "no", "inip": "58", "analysis_list": [{"lemma": "century", "tag": "GN-P3D--", "original_form": "two centuries"}], "type": "phrase", "id": "21"}, {"endp": "78", "style": {"isItalics": "no", "isUnderlined": "no", "isTitle": "no", "isBold": "no"}, "inip": "72", "form": "ealrier", "quote_level": "0", "affected_by_negation": "no", "separation": "1", "id": "13"}], "separation": "_", "form": "Jackson greatly was influenced by Arnold, though he lived two centuries ealrier", "quote_level": "0", "affected_by_negation": "no", "inip": "0", "analysis_list": [{"lemma": "*", "tag": "Z-----------", "original_form": "Jackson greatly was influenced by Arnold, though he lived two centuries ealrier"}], "type": "phrase", "id": "26"}, {"endp": "79", "style": {"isItalics": "no", "isUnderlined": "no", "isTitle": "no", "isBold": "no"}, "inip": "79", "form": ".", "quote_level": "0", "affected_by_negation": "no", "separation": "A", "analysis_list": [{"lemma": ".", "tag": "1D--", "original_form": "."}], "id": "14"}], "inip": "0", "quote_level": "0", "affected_by_negation": "no", "separation": "A", "type": "sentence", "id": "17"}]}