{"status": {"msg": "OK", "credits": "1", "remaining_credits": "39788", "code": "0"}, "token_list": [{"endp": "40", "style": {"isItalics": "no", "isUnderlined": "no", "isTitle": "no", "isBold": "no"}, "token_list": [{"endp": "39", "style": {"isItalics": "no", "isUnderlined": "no", "isTitle": "no", "isBold": "no"}, "token_list": [{"endp": "0", "style": {"isItalics": "no", "isUnderlined": "no", "isTitle": "no", "isBold": "no"}, "token_list": [{"endp": "0", "style": {"isItalics": "no", "isUnderlined": "no", "isTitle": "no", "isBold": "no"}, "inip": "0", "form": "I", "quote_level": "0", "affected_by_negation": "no", "separation": "_", "analysis_list": [{"lemma": "I", "tag": "PP-S1NN-", "sense_id_list": [{"sense_id": "PRONHUMAN"}], "original_form": "I"}], "sense_list": [{"info": "semhum=human", "id": "PRONHUMAN", "form": "I"}], "id": "1"}], "separation": "_", "form": "I", "quote_level": "0", "head": "1", "syntactic_tree_relation_list": [{"type": "isSubject", "id": "20"}], "affected_by_negation": "no", "inip": "0", "analysis_list": [{"lemma": "I", "tag": "GN-S1S--", "original_form": "I"}], "type": "phrase", "id": "28"}, {"endp": "10", "style": {"isItalics": "no", "isUnderlined": "no", "isTitle": "no", "isBold": "no"}, "separation": "1", "form": "can't cut", "quote_level": "0", "head": "19", "syntactic_tree_relation_list": [{"type": "iof_isSubject", "id": "28"}, {"type": "iof_isDirectObject", "id": "26"}], "affected_by_negation": "yes", "inip": "2", "analysis_list": [{"lemma": "cut", "tag": "VW-S1OSA-NNE3", "original_form": "can't cut"}], "type": "multiword", "id": "20"}, {"endp": "39", "style": {"isItalics": "no", "isUnderlined": "no", "isTitle": "no", "isBold": "no"}, "token_list": [{"endp": "15", "style": {"isItalics": "no", "isUnderlined": "no", "isTitle": "no", "isBold": "no"}, "inip": "12", "form": "that", "quote_level": "0", "affected_by_negation": "no", "separation": "1", "analysis_list": [{"lemma": "that", "tag": "DD-SN5", "original_form": "that"}], "id": "6"}, {"endp": "20", "style": {"isItalics": "no", "isUnderlined": "no", "isTitle": "no", "isBold": "no"}, "inip": "17", "form": "tree", "quote_level": "0", "affected_by_negation": "no", "separation": "1", "analysis_list": [{"lemma": "tree", "tag": "NC-S-N6", "sense_id_list": [{"sense_id": "35f20d6542"}], "original_form": "tree"}], "sense_list": [{"info": "sementity/class=class@fiction=nonfiction@id=ODENTITY_FLORA@type=Top>LivingThing>Flora\tsemld_list=sumo:Plant\tsemtheme_list/id=ODTHEME_BOTANY@type=Top>NaturalSciences>Botany", "id": "35f20d6542", "form": "tree"}], "id": "7"}, {"endp": "25", "style": {"isItalics": "no", "isUnderlined": "no", "isTitle": "no", "isBold": "no"}, "inip": "22", "form": "down", "quote_level": "0", "affected_by_negation": "no", "separation": "1", "analysis_list": [{"lemma": "down", "tag": "NC-S-N5", "original_form": "down"}], "id": "8"}, {"endp": "39", "style": {"isItalics": "no", "isUnderlined": "no", "isTitle": "no", "isBold": "no"}, "token_list": [{"endp": "30", "style": {"isItalics": "no", "isUnderlined": "no", "isTitle": "no", "isBold": "no"}, "inip": "27", "form": "with", "quote_level": "0", "affected_by_negation": "no", "separation": "1", "analysis_list": [{"lemma": "with", "tag": "YN8", "original_form": "with"}], "id": "9"}, {"endp": "39", "style": {"isItalics": "no", "isUnderlined": "no", "isTitle": "no", "isBold": "no"}, "token_list": [{"endp": "35", "style": {"isItalics": "no", "isUnderlined": "no", "isTitle": "no", "isBold": "no"}, "token_list": [{"endp": "35", "style": {"isItalics": "no", "isUnderlined": "no", "isTitle": "no", "isBold": "no"}, "inip": "32", "form": "that", "quote_level": "0", "affected_by_negation": "no", "separation": "1", "analysis_list": [{"lemma": "that", "tag": "RP-SN5", "original_form": "that"}, {"lemma": "that", "tag": "RP-PN5", "original_form": "that"}, {"lemma": "that", "tag": "DP-SN5", "original_form": "that"}], "id": "10"}], "separation": "1", "form": "that", "quote_level": "0", "head": "10", "syntactic_tree_relation_list": [{"type": "isAnaphora", "id": "26"}], "affected_by_negation": "no", "inip": "32", "analysis_list": [{"lemma": "that", "tag": "GN-S3---", "original_form": "that"}, {"lemma": "that", "tag": "GN-P3---", "original_form": "that"}], "type": "phrase", "id": "27"}, {"endp": "39", "style": {"isItalics": "no", "isUnderlined": "no", "isTitle": "no", "isBold": "no"}, "inip": "37", "form": "axe", "quote_level": "0", "syntactic_tree_relation_list": [{"type": "iof_isSubject", "id": "26"}], "affected_by_negation": "no", "separation": "1", "analysis_list": [{"lemma": "axe", "tag": "VI-P3PSA-N-N-", "check_info": {"form_list": [{"form": "ax"}], "tag": "iR-1-"}, "variety_dictionary": "en-US", "original_form": "axe"}, {"lemma": "axe", "tag": "VI-U1PSA-N-N-", "check_info": {"form_list": [{"form": "ax"}], "tag": "iR-1-"}, "variety_dictionary": "en-US", "original_form": "axe"}, {"lemma": "axe", "tag": "VI-U2PSA-N-N-", "check_info": {"form_list": [{"form": "ax"}], "tag": "iR-1-"}, "variety_dictionary": "en-US", "original_form": "axe"}], "id": "11"}], "separation": "1", "form": "that axe", "quote_level": "0", "affected_by_negation": "no", "inip": "32", "analysis_list": [{"lemma": "*", "tag": "ZN----IP----", "original_form": "that axe"}], "type": "phrase", "id": "29"}], "separation": "1", "form": "with that axe", "quote_level": "0", "head": "9", "affected_by_negation": "no", "inip": "27", "analysis_list": [{"lemma": "with", "tag": "GY------", "original_form": "with that axe"}], "type": "phrase", "id": "30"}], "separation": "1", "form": "that tree down with that axe", "quote_level": "0", "head": "8", "syntactic_tree_relation_list": [{"type": "isSubject", "id": "11"}, {"type": "isDirectObject", "id": "20"}, {"type": "iof_isAnaphora", "id": "27"}, {"type": "iof_isAnaphora", "id": "34"}], "affected_by_negation": "no", "inip": "12", "analysis_list": [{"lemma": "down", "tag": "GN-S3D--", "original_form": "that tree down"}], "type": "phrase", "id": "26"}], "separation": "_", "form": "I can't cut that tree down with that axe", "quote_level": "0", "affected_by_negation": "no", "inip": "0", "analysis_list": [{"lemma": "*", "tag": "Z-----------", "original_form": "I can't cut that tree down with that axe"}], "type": "phrase", "id": "31"}, {"endp": "40", "style": {"isItalics": "no", "isUnderlined": "no", "isTitle": "no", "isBold": "no"}, "inip": "40", "form": ";", "quote_level": "0", "affected_by_negation": "no", "separation": "A", "analysis_list": [{"lemma": ";", "tag": "1D--", "original_form": ";"}], "id": "12"}], "inip": "0", "quote_level": "0", "affected_by_negation": "no", "separation": "A", "type": "sentence", "id": "21"}, {"endp": "57", "style": {"isItalics": "no", "isUnderlined": "no", "isTitle": "no", "isBold": "no"}, "token_list": [{"endp": "56", "style": {"isItalics": "no", "isUnderlined": "no", "isTitle": "no", "isBold": "no"}, "token_list": [{"endp": "43", "style": {"isItalics": "no", "isUnderlined": "no", "isTitle": "no", "isBold": "no"}, "token_list": [{"endp": "43", "style": {"isItalics": "no", "isUnderlined": "no", "isTitle": "no", "isBold": "no"}, "inip": "42", "form": "it", "quote_level": "0", "affected_by_negation": "no", "separation": "1", "analysis_list": [{"lemma": "it", "tag": "PP-S3NN8", "sense_id_list": [{"sense_id": "PRONNONHUMAN"}], "original_form": "it"}], "sense_list": [{"info": "semhum=nonhuman", "id": "PRONNONHUMAN", "form": "it"}], "id": "13"}], "separation": "1", "form": "it", "quote_level": "0", "head": "13", "syntactic_tree_relation_list": [{"type": "isAnaphora", "id": "26"}, {"type": "isSubject", "id": "14"}], "affected_by_negation": "no", "inip": "42", "analysis_list": [{"lemma": "it", "tag": "GN-S3S--", "original_form": "it"}], "type": "phrase", "id": "34"}, {"endp": "46", "style": {"isItalics": "no", "isUnderlined": "no", "isTitle": "no", "isBold": "no"}, "inip": "45", "form": "is", "quote_level": "0", "syntactic_tree_relation_list": [{"type": "iof_isSubject", "id": "34"}, {"type": "iof_isAttribute", "id": "33"}], "affected_by_negation": "no", "separation": "1", "analysis_list": [{"lemma": "be", "tag": "VI-S3PSA-N-N9", "original_form": "is"}], "id": "14"}, {"endp": "56", "style": {"isItalics": "no", "isUnderlined": "no", "isTitle": "no", "isBold": "no"}, "token_list": [{"endp": "50", "style": {"isItalics": "no", "isUnderlined": "no", "isTitle": "no", "isBold": "no"}, "inip": "48", "form": "too", "quote_level": "0", "affected_by_negation": "no", "separation": "1", "analysis_list": [{"lemma": "too", "tag": "ENQSN7", "original_form": "too"}], "id": "15"}, {"endp": "56", "style": {"isItalics": "no", "isUnderlined": "no", "isTitle": "no", "isBold": "no"}, "inip": "52", "form": "small", "quote_level": "0", "affected_by_negation": "no", "separation": "1", "analysis_list": [{"lemma": "small", "tag": "AP-N6", "original_form": "small"}], "id": "16"}], "separation": "1", "form": "too small", "quote_level": "0", "head": "16", "syntactic_tree_relation_list": [{"type": "isAttribute", "id": "14"}], "affected_by_negation": "no", "inip": "48", "analysis_list": [{"lemma": "small", "tag": "GA---A--", "original_form": "too small"}], "type": "phrase", "id": "33"}], "separation": "1", "form": "it is too small", "quote_level": "0", "affected_by_negation": "no", "inip": "42", "analysis_list": [{"lemma": "*", "tag": "Z-----------", "original_form": "it is too small"}], "type": "phrase", "id": "35"}, {"endp": "57", "style": {"isItalics": "no", "isUnderlined": "no", "isTitle": "no", "isBold": "no"}, "inip": "57", "form": ".", "quote_level": "0", "affected_by_negation": "no", "separation": "A", "analysis_list": [{"lemma": ".", "tag": "1D--", "original_form": "."}], "id": "17"}], "inip": "42", "quote_level": "0", "affected_by_negation": "no", "separation": "A", "type": "sentence", "id": "23"}]}