{"status": {"msg": "OK", "credits": "1", "remaining_credits": "39787", "code": "0"}, "token_list": [{"endp": "60", "style": {"isItalics": "no", "isUnderlined": "no", "isTitle": "no", "isBold": "no"}, "token_list": [{"endp": "32", "style": {"isItalics": "no", "isUnderlined": "no", "isTitle": "no", "isBold": "no"}, "token_list": [{"endp": "8", "style": {"isItalics": "no", "isUnderlined": "no", "isTitle": "no", "isBold": "no"}, "token_list": [{"endp": "2", "style": {"isItalics": "no", "isUnderlined": "no", "isTitle": "no", "isBold": "no"}, "inip": "0", "form": "The", "quote_level": "0", "affected_by_negation": "no", "separation": "_", "analysis_list": [{"lemma": "the", "tag": "TD-PN9", "original_form": "the"}], "id": "1"}, {"endp": "8", "style": {"isItalics": "no", "isUnderlined": "no", "isTitle": "no", "isBold": "no"}, "inip": "4", "form": "foxes", "quote_level": "0", "affected_by_negation": "no", "separation": "1", "analysis_list": [{"lemma": "fox", "tag": "NC-P-N4", "sense_id_list": [{"sense_id": "b198288499"}], "original_form": "foxes"}], "sense_list": [{"info": "sementity/class=class@fiction=nonfiction@id=ODENTITY_MAMMAL@type=Top>LivingThing>Animal>Vertebrate>Mammal\tsemld_list=sumo:Mammal\tsemtheme_list/id=ODTHEME_ZOOLOGY@type=Top>NaturalSciences>Zoology", "id": "b198288499", "form": "fox"}], "id": "2"}], "separation": "_", "form": "The foxes", "quote_level": "0", "head": "2", "syntactic_tree_relation_list": [{"type": "isSubject", "id": "23"}], "affected_by_negation": "no", "inip": "0", "analysis_list": [{"lemma": "fox", "tag": "GN-P3S--", "original_form": "The foxes"}], "type": "phrase", "id": "29"}, {"endp": "23", "style": {"isItalics": "no", "isUnderlined": "no", "isTitle": "no", "isBold": "no"}, "separation": "1", "form": "are getting in", "quote_level": "0", "head": "3", "syntactic_tree_relation_list": [{"type": "iof_isSubject", "id": "29"}, {"type": "iof_isTimeComplement", "id": "32"}], "affected_by_negation": "no", "inip": "10", "analysis_list": [{"lemma": "get in", "tag": "VI-P3PCA-N-N9", "original_form": "are getting in"}], "type": "multiword", "id": "23"}, {"endp": "32", "style": {"isItalics": "no", "isUnderlined": "no", "isTitle": "no", "isBold": "no"}, "token_list": [{"endp": "26", "style": {"isItalics": "no", "isUnderlined": "no", "isTitle": "no", "isBold": "no"}, "inip": "25", "form": "at", "quote_level": "0", "affected_by_negation": "no", "separation": "1", "analysis_list": [{"lemma": "at", "tag": "YN8", "original_form": "at"}], "id": "6"}, {"endp": "32", "style": {"isItalics": "no", "isUnderlined": "no", "isTitle": "no", "isBold": "no"}, "token_list": [{"endp": "32", "style": {"isItalics": "no", "isUnderlined": "no", "isTitle": "no", "isBold": "no"}, "inip": "28", "form": "night", "quote_level": "0", "affected_by_negation": "no", "separation": "1", "analysis_list": [{"lemma": "night", "tag": "NC-S-N6", "sense_id_list": [{"sense_id": "10e2d26e23"}], "original_form": "night"}], "sense_list": [{"info": "sementity/class=class@fiction=nonfiction@id=ODENTITY_PERIOD@type=Top>Timex>Period\tsemld_list=sumo:TimeInterval", "id": "10e2d26e23", "form": "night"}], "id": "7"}], "separation": "1", "form": "night", "quote_level": "0", "head": "7", "affected_by_negation": "no", "inip": "28", "analysis_list": [{"lemma": "night", "tag": "GN-S3T--", "original_form": "night"}], "type": "phrase", "id": "30"}], "separation": "1", "form": "at night", "quote_level": "0", "head": "6", "syntactic_tree_relation_list": [{"type": "isTimeComplement", "id": "23"}], "affected_by_negation": "no", "inip": "25", "analysis_list": [{"lemma": "at", "tag": "GY---T--", "original_form": "at night"}], "type": "phrase", "id": "32"}], "separation": "_", "form": "The foxes are getting in at night", "quote_level": "0", "affected_by_negation": "no", "inip": "0", "analysis_list": [{"lemma": "*", "tag": "Z-----------", "original_form": "The foxes are getting in at night"}], "type": "phrase", "id": "34"}, {"endp": "36", "style": {"isItalics": "no", "isUnderlined": "no", "isTitle": "no", "isBold": "no"}, "inip": "34", "form": "and", "quote_level": "0", "affected_by_negation": "no", "separation": "1", "analysis_list": [{"lemma": "and", "tag": "CCYN9", "original_form": "and"}], "id": "8"}, {"endp": "59", "style": {"isItalics": "no", "isUnderlined": "no", "isTitle": "no", "isBold": "no"}, "token_list": [{"endp": "46", "style": {"isItalics": "no", "isUnderlined": "no", "isTitle": "no", "isBold": "no"}, "inip": "38", "form": "attacking", "quote_level": "0", "syntactic_tree_relation_list": [{"type": "iof_isDirectObject", "id": "31"}], "affected_by_negation": "no", "separation": "1", "analysis_list": [{"lemma": "attack", "tag": "VP---PSA-N-N5", "sense_id_list": [{"sense_id": "ODENTITY_COMMUNICATION_PROCESS"}, {"sense_id": "ODENTITY_CONTEST"}, {"sense_id": "ODENTITY_INTENTIONAL_PROCESS"}], "original_form": "attacking"}], "sense_list": [{"info": "sementity/id=ODENTITY_COMMUNICATION_PROCESS@type=Top>Process>ContentBearingProcess>CommunicationProcess\tsemld_list=sumo:Entity", "id": "ODENTITY_COMMUNICATION_PROCESS", "form": "attack"}, {"info": "sementity/id=ODENTITY_CONTEST@type=Top>Process>IntentionalProcess>SocialInteraction>Contest\tsemld_list=sumo:IntentionalProcess", "id": "ODENTITY_CONTEST", "form": "attack"}, {"info": "sementity/id=ODENTITY_INTENTIONAL_PROCESS@type=Top>Process>IntentionalProcess\tsemld_list=sumo:IntentionalProcess", "id": "ODENTITY_INTENTIONAL_PROCESS", "form": "attack"}], "id": "9"}, {"endp": "59", "style": {"isItalics": "no", "isUnderlined": "no", "isTitle": "no", "isBold": "no"}, "token_list": [{"endp": "50", "style": {"isItalics": "no", "isUnderlined": "no", "isTitle": "no", "isBold": "no"}, "inip": "48", "form": "the", "quote_level": "0", "affected_by_negation": "no", "separation": "1", "analysis_list": [{"lemma": "the", "tag": "TD-PN9", "original_form": "the"}], "id": "10"}, {"endp": "59", "style": {"isItalics": "no", "isUnderlined": "no", "isTitle": "no", "isBold": "no"}, "inip": "52", "form": "chickens", "quote_level": "0", "affected_by_negation": "no", "separation": "1", "analysis_list": [{"lemma": "chicken", "tag": "NC-P-N4", "sense_id_list": [{"sense_id": "b9449ced84"}, {"sense_id": "055340fc16"}, {"sense_id": "038e66b437"}], "original_form": "chickens"}], "sense_list": [{"info": "sementity/class=class@fiction=nonfiction@id=ODENTITY_BIRD@type=Top>LivingThing>Animal>Vertebrate>Bird\tsemld_list=sumo:Bird\tsemtheme_list/id=ODTHEME_ZOOLOGY@type=Top>NaturalSciences>Zoology", "id": "038e66b437", "form": "chicken"}, {"info": "sementity/class=class@fiction=nonfiction@id=ODENTITY_BIRD@type=Top>LivingThing>Animal>Vertebrate>Bird\tsemld_list=sumo:Bird\tsemtheme_list/id=ODTHEME_ZOOLOGY@type=Top>NaturalSciences>Zoology", "id": "055340fc16", "form": "hen"}, {"info": "sementity/class=class@fiction=nonfiction@id=ODENTITY_PERSON@type=Top>Person\tsemld_list=sumo:Human", "id": "b9449ced84", "form": "wimp"}], "id": "11"}], "separation": "1", "form": "the chickens", "quote_level": "0", "head": "11", "syntactic_tree_relation_list": [{"type": "isDirectObject", "id": "9"}, {"type": "iof_isAnaphora", "id": "35"}], "affected_by_negation": "no", "inip": "48", "analysis_list": [{"lemma": "chicken", "tag": "GN-P3D--", "original_form": "the chickens"}], "type": "phrase", "id": "31"}], "separation": "1", "form": "attacking the chickens", "quote_level": "0", "affected_by_negation": "no", "inip": "38", "analysis_list": [{"lemma": "*", "tag": "ZN-S3SPP----", "original_form": "attacking the chickens"}], "type": "phrase", "id": "33"}, {"endp": "60", "style": {"isItalics": "no", "isUnderlined": "no", "isTitle": "no", "isBold": "no"}, "inip": "60", "form": ".", "quote_level": "0", "affected_by_negation": "no", "separation": "A", "analysis_list": [{"lemma": ".", "tag": "1D--", "original_form": "."}], "id": "12"}], "inip": "0", "quote_level": "0", "affected_by_negation": "no", "separation": "A", "type": "sentence", "id": "25"}, {"endp": "87", "style": {"isItalics": "no", "isUnderlined": "no", "isTitle": "no", "isBold": "no"}, "token_list": [{"endp": "86", "style": {"isItalics": "no", "isUnderlined": "no", "isTitle": "no", "isBold": "no"}, "token_list": [{"endp": "62", "style": {"isItalics": "no", "isUnderlined": "no", "isTitle": "no", "isBold": "no"}, "token_list": [{"endp": "62", "style": {"isItalics": "no", "isUnderlined": "no", "isTitle": "no", "isBold": "no"}, "inip": "62", "form": "I", "quote_level": "0", "affected_by_negation": "no", "separation": "1", "analysis_list": [{"lemma": "I", "tag": "PP-S1NN-", "sense_id_list": [{"sense_id": "PRONHUMAN"}], "original_form": "I"}], "sense_list": [{"info": "semhum=human", "id": "PRONHUMAN", "form": "I"}], "id": "13"}], "separation": "1", "form": "I", "quote_level": "0", "head": "13", "syntactic_tree_relation_list": [{"type": "isSubject", "id": "24"}], "affected_by_negation": "no", "inip": "62", "analysis_list": [{"lemma": "I", "tag": "GN-S1S--", "original_form": "I"}], "type": "phrase", "id": "36"}, {"endp": "81", "style": {"isItalics": "no", "isUnderlined": "no", "isTitle": "no", "isBold": "no"}, "separation": "1", "form": "shall have to kill", "quote_level": "0", "head": "22", "syntactic_tree_relation_list": [{"type": "iof_isSubject", "id": "36"}, {"type": "iof_isDirectObject", "id": "35"}], "affected_by_negation": "no", "inip": "64", "analysis_list": [{"lemma": "shall have to kill", "tag": "VW-S1OSA-N-N6", "original_form": "shall have to kill"}], "type": "multiword", "id": "24"}, {"endp": "86", "style": {"isItalics": "no", "isUnderlined": "no", "isTitle": "no", "isBold": "no"}, "token_list": [{"endp": "86", "style": {"isItalics": "no", "isUnderlined": "no", "isTitle": "no", "isBold": "no"}, "inip": "83", "form": "them", "quote_level": "0", "affected_by_negation": "no", "separation": "1", "analysis_list": [{"lemma": "them", "tag": "PP-P3AN7", "sense_id_list": [{"sense_id": "PRONBOTH"}], "original_form": "them"}], "sense_list": [{"info": "semhum=both", "id": "PRONBOTH", "form": "them"}], "id": "18"}], "separation": "1", "form": "them", "quote_level": "0", "head": "18", "syntactic_tree_relation_list": [{"type": "isAnaphora", "id": "31"}, {"type": "isDirectObject", "id": "24"}], "affected_by_negation": "no", "inip": "83", "analysis_list": [{"lemma": "them", "tag": "GN-P3D--", "original_form": "them"}], "type": "phrase", "id": "35"}], "separation": "1", "form": "I shall have to kill them", "quote_level": "0", "affected_by_negation": "no", "inip": "62", "analysis_list": [{"lemma": "*", "tag": "Z-----------", "original_form": "I shall have to kill them"}], "type": "phrase", "id": "37"}, {"endp": "87", "style": {"isItalics": "no", "isUnderlined": "no", "isTitle": "no", "isBold": "no"}, "inip": "87", "form": ".", "quote_level": "0", "affected_by_negation": "no", "separation": "A", "analysis_list": [{"lemma": ".", "tag": "1D--", "original_form": "."}], "id": "19"}], "inip": "62", "quote_level": "0", "affected_by_negation": "no", "separation": "A", "type": "sentence", "id": "27"}]}