{"status": {"msg": "OK", "credits": "1", "remaining_credits": "39784", "code": "0"}, "token_list": [{"endp": "60", "style": {"isItalics": "no", "isUnderlined": "no", "isTitle": "no", "isBold": "no"}, "token_list": [{"endp": "32", "style": {"isItalics": "no", "isUnderlined": "no", "isTitle": "no", "isBold": "no"}, "token_list": [{"endp": "8", "style": {"isItalics": "no", "isUnderlined": "no", "isTitle": "no", "isBold": "no"}, "token_list": [{"endp": "2", "style": {"isItalics": "no", "isUnderlined": "no", "isTitle": "no", "isBold": "no"}, "inip": "0", "form": "The", "quote_level": "0", "affected_by_negation": "no", "separation": "_", "analysis_list": [{"lemma": "the", "tag": "TD-PN9", "original_form": "the"}], "id": "1"}, {"endp": "8", "style": {"isItalics": "no", "isUnderlined": "no", "isTitle": "no", "isBold": "no"}, "inip": "4", "form": "foxes", "quote_level": "0", "affected_by_negation": "no", "separation": "1", "analysis_list": [{"lemma": "fox", "tag": "NC-P-N4", "sense_id_list": [{"sense_id": "b198288499"}], "original_form": "foxes"}], "sense_list": [{"info": "sementity/class=class@fiction=nonfiction@id=ODENTITY_MAMMAL@type=Top>LivingThing>Animal>Vertebrate>Mammal\tsemld_list=sumo:Mammal\tsemtheme_list/id=ODTHEME_ZOOLOGY@type=Top>NaturalSciences>Zoology", "id": "b198288499", "form": "fox"}], "id": "2"}], "separation": "_", "form": "The foxes", "quote_level": "0", "head": "2", "syntactic_tree_relation_list": [{"type": "isSubject", "id": "22"}], "affected_by_negation": "no", "inip": "0", "analysis_list": [{"lemma": "fox", "tag": "GN-P3S--", "original_form": "The foxes"}], "type": "phrase", "id": "27"}, {"endp": "23", "style": {"isItalics": "no", "isUnderlined": "no", "isTitle": "no", "isBold": "no"}, "separation": "1", "form": "are getting in", "quote_level": "0", "head": "3", "syntactic_tree_relation_list": [{"type": "iof_isSubject", "id": "27"}, {"type": "iof_isTimeComplement", "id": "30"}], "affected_by_negation": "no", "inip": "10", "analysis_list": [{"lemma": "get in", "tag": "VI-P3PCA-N-N9", "original_form": "are getting in"}], "type": "multiword", "id": "22"}, {"endp": "32", "style": {"isItalics": "no", "isUnderlined": "no", "isTitle": "no", "isBold": "no"}, "token_list": [{"endp": "26", "style": {"isItalics": "no", "isUnderlined": "no", "isTitle": "no", "isBold": "no"}, "inip": "25", "form": "at", "quote_level": "0", "affected_by_negation": "no", "separation": "1", "analysis_list": [{"lemma": "at", "tag": "YN8", "original_form": "at"}], "id": "6"}, {"endp": "32", "style": {"isItalics": "no", "isUnderlined": "no", "isTitle": "no", "isBold": "no"}, "token_list": [{"endp": "32", "style": {"isItalics": "no", "isUnderlined": "no", "isTitle": "no", "isBold": "no"}, "inip": "28", "form": "night", "quote_level": "0", "affected_by_negation": "no", "separation": "1", "analysis_list": [{"lemma": "night", "tag": "NC-S-N6", "sense_id_list": [{"sense_id": "10e2d26e23"}], "original_form": "night"}], "sense_list": [{"info": "sementity/class=class@fiction=nonfiction@id=ODENTITY_PERIOD@type=Top>Timex>Period\tsemld_list=sumo:TimeInterval", "id": "10e2d26e23", "form": "night"}], "id": "7"}], "separation": "1", "form": "night", "quote_level": "0", "head": "7", "affected_by_negation": "no", "inip": "28", "analysis_list": [{"lemma": "night", "tag": "GN-S3T--", "original_form": "night"}], "type": "phrase", "id": "28"}], "separation": "1", "form": "at night", "quote_level": "0", "head": "6", "syntactic_tree_relation_list": [{"type": "isTimeComplement", "id": "22"}], "affected_by_negation": "no", "inip": "25", "analysis_list": [{"lemma": "at", "tag": "GY---T--", "original_form": "at night"}], "type": "phrase", "id": "30"}], "separation": "_", "form": "The foxes are getting in at night", "quote_level": "0", "affected_by_negation": "no", "inip": "0", "analysis_list": [{"lemma": "*", "tag": "Z-----------", "original_form": "The foxes are getting in at night"}], "type": "phrase", "id": "32"}, {"endp": "36", "style": {"isItalics": "no", "isUnderlined": "no", "isTitle": "no", "isBold": "no"}, "inip": "34", "form": "and", "quote_level": "0", "affected_by_negation": "no", "separation": "1", "analysis_list": [{"lemma": "and", "tag": "CCYN9", "original_form": "and"}], "id": "8"}, {"endp": "59", "style": {"isItalics": "no", "isUnderlined": "no", "isTitle": "no", "isBold": "no"}, "token_list": [{"endp": "46", "style": {"isItalics": "no", "isUnderlined": "no", "isTitle": "no", "isBold": "no"}, "inip": "38", "form": "attacking", "quote_level": "0", "syntactic_tree_relation_list": [{"type": "iof_isDirectObject", "id": "29"}], "affected_by_negation": "no", "separation": "1", "analysis_list": [{"lemma": "attack", "tag": "VP---PSA-N-N5", "sense_id_list": [{"sense_id": "ODENTITY_COMMUNICATION_PROCESS"}, {"sense_id": "ODENTITY_CONTEST"}, {"sense_id": "ODENTITY_INTENTIONAL_PROCESS"}], "original_form": "attacking"}], "sense_list": [{"info": "sementity/id=ODENTITY_COMMUNICATION_PROCESS@type=Top>Process>ContentBearingProcess>CommunicationProcess\tsemld_list=sumo:Entity", "id": "ODENTITY_COMMUNICATION_PROCESS", "form": "attack"}, {"info": "sementity/id=ODENTITY_CONTEST@type=Top>Process>IntentionalProcess>SocialInteraction>Contest\tsemld_list=sumo:IntentionalProcess", "id": "ODENTITY_CONTEST", "form": "attack"}, {"info": "sementity/id=ODENTITY_INTENTIONAL_PROCESS@type=Top>Process>IntentionalProcess\tsemld_list=sumo:IntentionalProcess", "id": "ODENTITY_INTENTIONAL_PROCESS", "form": "attack"}], "id": "9"}, {"endp": "59", "style": {"isItalics": "no", "isUnderlined": "no", "isTitle": "no", "isBold": "no"}, "token_list": [{"endp": "50", "style": {"isItalics": "no", "isUnderlined": "no", "isTitle": "no", "isBold": "no"}, "inip": "48", "form": "the", "quote_level": "0", "affected_by_negation": "no", "separation": "1", "analysis_list": [{"lemma": "the", "tag": "TD-PN9", "original_form": "the"}], "id": "10"}, {"endp": "59", "style": {"isItalics": "no", "isUnderlined": "no", "isTitle": "no", "isBold": "no"}, "inip": "52", "form": "chickens", "quote_level": "0", "affected_by_negation": "no", "separation": "1", "analysis_list": [{"lemma": "chicken", "tag": "NC-P-N4", "sense_id_list": [{"sense_id": "b9449ced84"}, {"sense_id": "055340fc16"}, {"sense_id": "038e66b437"}], "original_form": "chickens"}], "sense_list": [{"info": "sementity/class=class@fiction=nonfiction@id=ODENTITY_BIRD@type=Top>LivingThing>Animal>Vertebrate>Bird\tsemld_list=sumo:Bird\tsemtheme_list/id=ODTHEME_ZOOLOGY@type=Top>NaturalSciences>Zoology", "id": "038e66b437", "form": "chicken"}, {"info": "sementity/class=class@fiction=nonfiction@id=ODENTITY_BIRD@type=Top>LivingThing>Animal>Vertebrate>Bird\tsemld_list=sumo:Bird\tsemtheme_list/id=ODTHEME_ZOOLOGY@type=Top>NaturalSciences>Zoology", "id": "055340fc16", "form": "hen"}, {"info": "sementity/class=class@fiction=nonfiction@id=ODENTITY_PERSON@type=Top>Person\tsemld_list=sumo:Human", "id": "b9449ced84", "form": "wimp"}], "id": "11"}], "separation": "1", "form": "the chickens", "quote_level": "0", "head": "11", "syntactic_tree_relation_list": [{"type": "isDirectObject", "id": "9"}, {"type": "iof_isAnaphora", "id": "35"}], "affected_by_negation": "no", "inip": "48", "analysis_list": [{"lemma": "chicken", "tag": "GN-P3D--", "original_form": "the chickens"}], "type": "phrase", "id": "29"}], "separation": "1", "form": "attacking the chickens", "quote_level": "0", "affected_by_negation": "no", "inip": "38", "analysis_list": [{"lemma": "*", "tag": "ZN-S3SPP----", "original_form": "attacking the chickens"}], "type": "phrase", "id": "31"}, {"endp": "60", "style": {"isItalics": "no", "isUnderlined": "no", "isTitle": "no", "isBold": "no"}, "inip": "60", "form": ".", "quote_level": "0", "affected_by_negation": "no", "separation": "A", "analysis_list": [{"lemma": ".", "tag": "1D--", "original_form": "."}], "id": "12"}], "inip": "0", "quote_level": "0", "affected_by_negation": "no", "separation": "A", "type": "sentence", "id": "23"}, {"endp": "91", "style": {"isItalics": "no", "isUnderlined": "no", "isTitle": "no", "isBold": "no"}, "token_list": [{"endp": "90", "style": {"isItalics": "no", "isUnderlined": "no", "isTitle": "no", "isBold": "no"}, "token_list": [{"endp": "65", "style": {"isItalics": "no", "isUnderlined": "no", "isTitle": "no", "isBold": "no"}, "token_list": [{"endp": "65", "style": {"isItalics": "no", "isUnderlined": "no", "isTitle": "no", "isBold": "no"}, "inip": "62", "form": "They", "quote_level": "0", "affected_by_negation": "no", "separation": "1", "analysis_list": [{"lemma": "they", "tag": "PP-P3NN8", "sense_id_list": [{"sense_id": "PRONBOTH"}], "original_form": "they"}], "sense_list": [{"info": "semhum=both", "id": "PRONBOTH", "form": "they"}], "id": "13"}], "separation": "1", "form": "They", "quote_level": "0", "head": "13", "syntactic_tree_relation_list": [{"type": "isAnaphora", "id": "29"}, {"type": "isSubject", "id": "21"}], "affected_by_negation": "no", "inip": "62", "analysis_list": [{"lemma": "they", "tag": "GN-P3S--", "original_form": "They"}], "type": "phrase", "id": "35"}, {"endp": "77", "style": {"isItalics": "no", "isUnderlined": "no", "isTitle": "no", "isBold": "no"}, "separation": "1", "form": "have gotten", "quote_level": "0", "head": "14", "syntactic_tree_relation_list": [{"type": "iof_isSubject", "id": "35"}], "affected_by_negation": "no", "inip": "67", "analysis_list": [{"lemma": "get", "tag": "VI-P3PPA-N-N9", "original_form": "have gotten"}], "type": "multiword", "id": "21"}, {"endp": "90", "style": {"isItalics": "no", "isUnderlined": "no", "isTitle": "no", "isBold": "no"}, "token_list": [{"endp": "82", "style": {"isItalics": "no", "isUnderlined": "no", "isTitle": "no", "isBold": "no"}, "inip": "79", "form": "very", "quote_level": "0", "affected_by_negation": "no", "separation": "1", "analysis_list": [{"lemma": "very", "tag": "ENMSN5", "original_form": "very"}], "id": "16"}, {"endp": "90", "style": {"isItalics": "no", "isUnderlined": "no", "isTitle": "no", "isBold": "no"}, "inip": "84", "form": "nervous", "quote_level": "0", "affected_by_negation": "no", "separation": "1", "analysis_list": [{"lemma": "nervous", "tag": "AP-N4", "original_form": "nervous"}], "id": "17"}], "separation": "1", "form": "very nervous", "quote_level": "0", "head": "17", "affected_by_negation": "no", "inip": "79", "analysis_list": [{"lemma": "nervous", "tag": "GA------", "original_form": "very nervous"}], "type": "phrase", "id": "34"}], "separation": "1", "form": "They have gotten very nervous", "quote_level": "0", "affected_by_negation": "no", "inip": "62", "analysis_list": [{"lemma": "*", "tag": "Z-----------", "original_form": "They have gotten very nervous"}], "type": "phrase", "id": "36"}, {"endp": "91", "style": {"isItalics": "no", "isUnderlined": "no", "isTitle": "no", "isBold": "no"}, "inip": "91", "form": ".", "quote_level": "0", "affected_by_negation": "no", "separation": "A", "analysis_list": [{"lemma": ".", "tag": "1D--", "original_form": "."}], "id": "18"}], "inip": "62", "quote_level": "0", "affected_by_negation": "no", "separation": "A", "type": "sentence", "id": "25"}]}