{"status": {"msg": "OK", "credits": "1", "remaining_credits": "39928", "code": "0"}, "token_list": [{"endp": "97", "style": {"isItalics": "no", "isUnderlined": "no", "isTitle": "no", "isBold": "no"}, "token_list": [{"endp": "97", "style": {"isItalics": "no", "isUnderlined": "no", "isTitle": "no", "isBold": "no"}, "token_list": [{"endp": "9", "style": {"isItalics": "no", "isUnderlined": "no", "isTitle": "no", "isBold": "no"}, "token_list": [{"endp": "4", "style": {"isItalics": "no", "isUnderlined": "no", "isTitle": "no", "isBold": "no"}, "inip": "0", "form": "Frank", "quote_level": "0", "affected_by_negation": "no", "separation": "_", "analysis_list": [{"lemma": "frank", "tag": "AP-N-", "original_form": "frank"}], "id": "1"}, {"endp": "9", "style": {"isItalics": "no", "isUnderlined": "no", "isTitle": "no", "isBold": "no"}, "inip": "6", "form": "felt", "quote_level": "0", "affected_by_negation": "no", "separation": "1", "analysis_list": [{"lemma": "felt", "tag": "NC-S-N-", "original_form": "felt"}], "id": "2"}], "separation": "_", "form": "Frank felt", "quote_level": "0", "head": "2", "syntactic_tree_relation_list": [{"type": "isSubject", "id": "3"}, {"type": "iof_isPossessor", "id": "28"}], "affected_by_negation": "no", "inip": "0", "analysis_list": [{"lemma": "felt", "tag": "GN-S3S--", "original_form": "Frank felt"}], "type": "phrase", "id": "21"}, {"endp": "17", "style": {"isItalics": "no", "isUnderlined": "no", "isTitle": "no", "isBold": "no"}, "inip": "11", "form": "crushed", "quote_level": "0", "syntactic_tree_relation_list": [{"type": "iof_isSubject", "id": "21"}, {"type": "iof_isTimeComplement", "id": "30"}], "affected_by_negation": "no", "separation": "1", "analysis_list": [{"lemma": "crush", "tag": "VI-S3ASA-N-N3", "sense_id_list": [{"sense_id": "ODENTITY_CONTEST"}, {"sense_id": "ODENTITY_DAMAGING"}, {"sense_id": "ODENTITY_TRANSFER"}, {"sense_id": "ODENTITY_INTENTIONAL_PROCESS"}, {"sense_id": "ODENTITY_INTENTIONAL_PSYCHOLOGICAL_PROCESS"}, {"sense_id": "ODENTITY_SHAPE_CHANGE"}], "original_form": "crushed"}], "sense_list": [{"info": "sementity/id=ODENTITY_CONTEST@type=Top>Process>IntentionalProcess>SocialInteraction>Contest\tsemld_list=sumo:IntentionalProcess", "id": "ODENTITY_CONTEST", "form": "crush"}, {"info": "sementity/id=ODENTITY_DAMAGING@type=Top>Process>InternalChange>Damaging\tsemld_list=sumo:Entity", "id": "ODENTITY_DAMAGING", "form": "crush"}, {"info": "sementity/id=ODENTITY_INTENTIONAL_PROCESS@type=Top>Process>IntentionalProcess\tsemld_list=sumo:IntentionalProcess", "id": "ODENTITY_INTENTIONAL_PROCESS", "form": "crush"}, {"info": "sementity/id=ODENTITY_INTENTIONAL_PSYCHOLOGICAL_PROCESS@type=Top>Process>IntentionalProcess>IntentionalPsychologicalProcess\tsemld_list=sumo:IntentionalProcess", "id": "ODENTITY_INTENTIONAL_PSYCHOLOGICAL_PROCESS", "form": "crush"}, {"info": "sementity/id=ODENTITY_SHAPE_CHANGE@type=Top>Process>InternalChange>ShapeChange\tsemld_list=sumo:Entity", "id": "ODENTITY_SHAPE_CHANGE", "form": "crush"}, {"info": "sementity/id=ODENTITY_TRANSFER@type=Top>Process>Motion>Translocation>Transfer\tsemld_list=sumo:Entity", "id": "ODENTITY_TRANSFER", "form": "crush"}], "id": "3"}, {"endp": "97", "style": {"isItalics": "no", "isUnderlined": "no", "isTitle": "no", "isBold": "no"}, "token_list": [{"endp": "22", "style": {"isItalics": "no", "isUnderlined": "no", "isTitle": "no", "isBold": "no"}, "inip": "19", "form": "when", "quote_level": "0", "affected_by_negation": "no", "separation": "1", "analysis_list": [{"lemma": "when", "tag": "CSCN7", "original_form": "when"}], "id": "4"}, {"endp": "46", "style": {"isItalics": "no", "isUnderlined": "no", "isTitle": "no", "isBold": "no"}, "token_list": [{"endp": "41", "style": {"isItalics": "no", "isUnderlined": "no", "isTitle": "no", "isBold": "no"}, "token_list": [{"endp": "26", "style": {"isItalics": "no", "isUnderlined": "no", "isTitle": "no", "isBold": "no"}, "inip": "24", "form": "his", "quote_level": "0", "affected_by_negation": "no", "separation": "1", "analysis_list": [{"lemma": "his", "tag": "SD-SMS3N5", "sense_id_list": [{"sense_id": "PRONHUMAN"}], "original_form": "his"}], "sense_list": [{"info": "semhum=human", "id": "PRONHUMAN", "form": "his"}], "id": "5"}, {"endp": "35", "style": {"isItalics": "no", "isUnderlined": "no", "isTitle": "no", "isBold": "no"}, "inip": "28", "form": "longtime", "quote_level": "0", "affected_by_negation": "no", "separation": "1", "analysis_list": [{"lemma": "longtime", "tag": "AP-N-", "original_form": "longtime"}], "id": "6"}, {"endp": "41", "style": {"isItalics": "no", "isUnderlined": "no", "isTitle": "no", "isBold": "no"}, "inip": "37", "form": "rival", "quote_level": "0", "affected_by_negation": "no", "separation": "1", "analysis_list": [{"lemma": "rival", "tag": "NC-S-N3", "sense_id_list": [{"sense_id": "d556261ad1"}], "original_form": "rival"}], "sense_list": [{"info": "sementity/class=class@fiction=nonfiction@id=ODENTITY_PERSON@type=Top>Person\tsemld_list=sumo:Human", "id": "d556261ad1", "form": "opponent"}], "id": "7"}], "separation": "1", "form": "his longtime rival", "quote_level": "0", "head": "7", "affected_by_negation": "no", "inip": "24", "analysis_list": [{"lemma": "rival", "tag": "GN-S3---", "original_form": "his longtime rival"}], "type": "phrase", "id": "22"}, {"endp": "46", "style": {"isItalics": "no", "isUnderlined": "no", "isTitle": "no", "isBold": "no"}, "token_list": [{"endp": "46", "style": {"isItalics": "no", "isUnderlined": "no", "isTitle": "no", "isBold": "no"}, "inip": "43", "form": "Bill", "quote_level": "0", "affected_by_negation": "no", "separation": "1", "analysis_list": [{"lemma": "Bill", "tag": "NPMS-N-", "sense_id_list": [{"sense_id": "004d9614c8"}], "original_form": "Bill"}], "sense_list": [{"info": "sementity/class=instance@fiction=nonfiction@id=ODENTITY_FIRST_NAME@type=Top>Person>FirstName\tsemld_list=sumo:FirstName", "id": "004d9614c8", "form": "Bill"}], "id": "8"}], "separation": "1", "form": "Bill", "quote_level": "0", "head": "8", "affected_by_negation": "no", "inip": "43", "analysis_list": [{"lemma": "Bill", "tag": "GNMS3Y--", "original_form": "Bill"}], "type": "phrase", "id": "23"}], "separation": "1", "form": "his longtime rival Bill", "quote_level": "0", "head": "23", "syntactic_tree_relation_list": [{"type": "isPossessor", "id": "21"}, {"type": "isSubject", "id": "9"}, {"type": "isRestrictiveApposition", "id": "28"}, {"type": "iof_isRestrictiveApposition", "id": "28"}], "affected_by_negation": "no", "inip": "24", "analysis_list": [{"lemma": "Bill", "tag": "GNMS3---", "original_form": "his longtime rival Bill"}], "type": "phrase", "id": "28"}, {"endp": "55", "style": {"isItalics": "no", "isUnderlined": "no", "isTitle": "no", "isBold": "no"}, "inip": "48", "form": "revealed", "quote_level": "0", "syntactic_tree_relation_list": [{"type": "iof_isSubject", "id": "28"}, {"type": "iof_isDirectObject", "id": "29"}], "affected_by_negation": "no", "separation": "1", "analysis_list": [{"lemma": "reveal", "tag": "VP---ASA-N-N5", "sense_id_list": [{"sense_id": "ODENTITY_COMMUNICATION_PROCESS"}, {"sense_id": "ODENTITY_TRANSFER"}], "original_form": "revealed"}, {"lemma": "reveal", "tag": "VI-UUASA-N-N5", "sense_id_list": [{"sense_id": "ODENTITY_COMMUNICATION_PROCESS"}, {"sense_id": "ODENTITY_TRANSFER"}], "original_form": "revealed"}], "sense_list": [{"info": "sementity/id=ODENTITY_COMMUNICATION_PROCESS@type=Top>Process>ContentBearingProcess>CommunicationProcess\tsemld_list=sumo:Entity", "id": "ODENTITY_COMMUNICATION_PROCESS", "form": "reveal"}, {"info": "sementity/id=ODENTITY_TRANSFER@type=Top>Process>Motion>Translocation>Transfer\tsemld_list=sumo:Entity", "id": "ODENTITY_TRANSFER", "form": "reveal"}], "id": "9"}, {"endp": "97", "style": {"isItalics": "no", "isUnderlined": "no", "isTitle": "no", "isBold": "no"}, "token_list": [{"endp": "60", "style": {"isItalics": "no", "isUnderlined": "no", "isTitle": "no", "isBold": "no"}, "inip": "57", "form": "that", "quote_level": "0", "affected_by_negation": "no", "separation": "1", "analysis_list": [{"lemma": "that", "tag": "CSSN5", "original_form": "that"}], "id": "10"}, {"endp": "63", "style": {"isItalics": "no", "isUnderlined": "no", "isTitle": "no", "isBold": "no"}, "token_list": [{"endp": "63", "style": {"isItalics": "no", "isUnderlined": "no", "isTitle": "no", "isBold": "no"}, "inip": "62", "form": "he", "quote_level": "1", "affected_by_negation": "no", "separation": "1", "analysis_list": [{"lemma": "he", "tag": "PPMS3NN8", "sense_id_list": [{"sense_id": "PRONHUMAN"}], "original_form": "he"}], "sense_list": [{"info": "semhum=human", "id": "PRONHUMAN", "form": "he"}], "id": "11"}], "separation": "1", "form": "he", "quote_level": "1", "head": "11", "syntactic_tree_relation_list": [{"type": "isSubject", "id": "12"}], "affected_by_negation": "no", "inip": "62", "analysis_list": [{"lemma": "he", "tag": "GNMS3S--", "original_form": "he"}], "type": "phrase", "id": "26"}, {"endp": "67", "style": {"isItalics": "no", "isUnderlined": "no", "isTitle": "no", "isBold": "no"}, "inip": "65", "form": "was", "quote_level": "1", "syntactic_tree_relation_list": [{"type": "iof_isSubject", "id": "26"}, {"type": "iof_isAttribute", "id": "24"}], "affected_by_negation": "no", "separation": "1", "analysis_list": [{"lemma": "be", "tag": "VI-S1ASA-N-N9", "original_form": "was"}, {"lemma": "be", "tag": "VI-S3ASA-N-N9", "original_form": "was"}], "id": "12"}, {"endp": "97", "style": {"isItalics": "no", "isUnderlined": "no", "isTitle": "no", "isBold": "no"}, "token_list": [{"endp": "71", "style": {"isItalics": "no", "isUnderlined": "no", "isTitle": "no", "isBold": "no"}, "inip": "69", "form": "the", "quote_level": "1", "affected_by_negation": "no", "separation": "1", "analysis_list": [{"lemma": "the", "tag": "TD-SN9", "original_form": "the"}], "id": "13"}, {"endp": "78", "style": {"isItalics": "no", "isUnderlined": "no", "isTitle": "no", "isBold": "no"}, "inip": "73", "form": "winner", "quote_level": "1", "affected_by_negation": "no", "separation": "1", "analysis_list": [{"lemma": "winner", "tag": "NC-S-N5", "sense_id_list": [{"sense_id": "51fbd7b06f"}, {"sense_id": "2f3fdaf5ea"}, {"sense_id": "6cd2377bbd"}], "original_form": "winner"}], "sense_list": [{"info": "sementity/class=class@fiction=nonfiction@id=ODENTITY_PERSON@type=Top>Person\tsemld_list=sumo:Human", "id": "2f3fdaf5ea", "form": "winner"}, {"info": "sementity/class=class@fiction=nonfiction@id=ODENTITY_PERSON@type=Top>Person\tsemld_list=sumo:Human", "id": "51fbd7b06f", "form": "winner"}, {"info": "sementity/class=class@fiction=nonfiction@id=ODENTITY_PERSON@type=Top>Person\tsemld_list=sumo:Human", "id": "6cd2377bbd", "form": "winner"}], "id": "14"}, {"endp": "97", "style": {"isItalics": "no", "isUnderlined": "no", "isTitle": "no", "isBold": "no"}, "token_list": [{"endp": "81", "style": {"isItalics": "no", "isUnderlined": "no", "isTitle": "no", "isBold": "no"}, "inip": "80", "form": "of", "quote_level": "1", "affected_by_negation": "no", "separation": "1", "analysis_list": [{"lemma": "of", "tag": "YN9", "original_form": "of"}], "id": "15"}, {"endp": "97", "style": {"isItalics": "no", "isUnderlined": "no", "isTitle": "no", "isBold": "no"}, "token_list": [{"endp": "85", "style": {"isItalics": "no", "isUnderlined": "no", "isTitle": "no", "isBold": "no"}, "inip": "83", "form": "the", "quote_level": "1", "affected_by_negation": "no", "separation": "1", "analysis_list": [{"lemma": "the", "tag": "TD-SN9", "original_form": "the"}], "id": "16"}, {"endp": "97", "style": {"isItalics": "no", "isUnderlined": "no", "isTitle": "no", "isBold": "no"}, "inip": "87", "form": "competition", "quote_level": "1", "affected_by_negation": "no", "separation": "1", "analysis_list": [{"lemma": "competition", "tag": "NC-S-N5", "sense_id_list": [{"sense_id": "79fc78d8a1"}], "original_form": "competition"}], "sense_list": [{"info": "sementity/class=class@fiction=nonfiction@id=ODENTITY_EVENT@type=Top>Event\tsemld_list=sumo:Meeting", "id": "79fc78d8a1", "form": "competition"}], "id": "17"}], "separation": "1", "form": "the competition", "quote_level": "1", "head": "17", "affected_by_negation": "no", "inip": "83", "analysis_list": [{"lemma": "competition", "tag": "GN-S3---", "original_form": "the competition"}], "type": "phrase", "id": "25"}], "separation": "1", "form": "of the competition", "quote_level": "1", "head": "15", "affected_by_negation": "no", "inip": "80", "analysis_list": [{"lemma": "of", "tag": "GY------", "original_form": "of the competition"}], "type": "phrase", "id": "27"}], "separation": "1", "form": "the winner of the competition", "quote_level": "1", "head": "14", "syntactic_tree_relation_list": [{"type": "isAttribute", "id": "12"}], "affected_by_negation": "no", "inip": "69", "analysis_list": [{"lemma": "winner", "tag": "GN-S3A--", "original_form": "the winner"}], "type": "phrase", "id": "24"}], "separation": "1", "form": "that he was the winner of the competition", "quote_level": "0", "syntactic_tree_relation_list": [{"type": "isDirectObject", "id": "9"}], "affected_by_negation": "no", "inip": "57", "analysis_list": [{"lemma": "*", "tag": "ZN---DIA----", "original_form": "that he was the winner of the competition"}], "type": "phrase", "id": "29"}], "separation": "1", "form": "when his longtime rival Bill revealed that he was the winner of the competition", "quote_level": "0", "syntactic_tree_relation_list": [{"type": "isTimeComplement", "id": "3"}], "affected_by_negation": "no", "inip": "19", "analysis_list": [{"lemma": "*", "tag": "ZE---TIA----", "original_form": "when his longtime rival Bill revealed that he was the winner of the competition"}, {"lemma": "*", "tag": "ZE---TA-----", "original_form": "when his longtime rival Bill revealed that he was the winner of the competition"}], "type": "phrase", "id": "30"}], "separation": "_", "form": "Frank felt crushed when his longtime rival Bill revealed that he was the winner of the competition", "quote_level": "0", "affected_by_negation": "no", "inip": "0", "analysis_list": [{"lemma": "*", "tag": "Z-----------", "original_form": "Frank felt crushed when his longtime rival Bill revealed that he was the winner of the competition"}], "type": "phrase", "id": "31"}], "inip": "0", "quote_level": "0", "affected_by_negation": "no", "separation": "A", "type": "sentence", "id": "19"}]}