{"status": {"msg": "OK", "credits": "1", "remaining_credits": "39782", "code": "0"}, "token_list": [{"endp": "78", "style": {"isItalics": "no", "isUnderlined": "no", "isTitle": "no", "isBold": "no"}, "token_list": [{"endp": "77", "style": {"isItalics": "no", "isUnderlined": "no", "isTitle": "no", "isBold": "no"}, "token_list": [{"endp": "3", "style": {"isItalics": "no", "isUnderlined": "no", "isTitle": "no", "isBold": "no"}, "token_list": [{"endp": "3", "style": {"isItalics": "no", "isUnderlined": "no", "isTitle": "no", "isBold": "no"}, "inip": "0", "form": "Fred", "quote_level": "0", "affected_by_negation": "no", "separation": "_", "analysis_list": [{"lemma": "Fred", "tag": "NPUU-N-", "sense_id_list": [{"sense_id": "__2902721659712563614"}], "original_form": "Fred"}], "sense_list": [{"info": "sementity/class=instance@fiction=nonfiction@type=Top>Person@confidence=uncertain", "id": "__2902721659712563614", "form": "Fred"}], "id": "1"}], "separation": "_", "form": "Fred", "quote_level": "0", "head": "1", "syntactic_tree_relation_list": [{"type": "isSubject", "id": "23"}, {"type": "isSubject", "id": "26"}, {"type": "isSubject", "id": "2"}, {"type": "iof_isPossessor", "id": "32"}, {"type": "iof_isPossessor", "id": "32"}, {"type": "iof_isAnaphora", "id": "42"}, {"type": "iof_isAnaphora", "id": "41"}], "affected_by_negation": "no", "inip": "0", "analysis_list": [{"lemma": "Fred", "tag": "GNUU3S--", "original_form": "Fred"}], "type": "phrase", "id": "31"}, {"endp": "11", "style": {"isItalics": "no", "isUnderlined": "no", "isTitle": "no", "isBold": "no"}, "inip": "5", "form": "covered", "quote_level": "0", "syntactic_tree_relation_list": [{"type": "iof_isSubject", "id": "31"}, {"type": "iof_isDirectObject", "id": "32"}, {"type": "iof_isComplement", "id": "38"}], "affected_by_negation": "no", "separation": "1", "analysis_list": [{"lemma": "cover", "tag": "VI-U3ASA-N-N5", "sense_id_list": [{"sense_id": "ODENTITY_LINGUISTIC_COMMUNICATION"}, {"sense_id": "ODENTITY_COMMUNICATION_PROCESS"}, {"sense_id": "ODENTITY_COOPERATION"}, {"sense_id": "ODENTITY_TRANSLOCATION"}, {"sense_id": "ODENTITY_GAME"}, {"sense_id": "ODENTITY_BIOLOGICAL_PROCESS"}, {"sense_id": "ODENTITY_MOTION"}, {"sense_id": "ODENTITY_SOCIAL_INTERACTION"}, {"sense_id": "ODENTITY_PROCESS"}, {"sense_id": "ODENTITY_CONTEST"}], "original_form": "covered"}], "sense_list": [{"info": "sementity/id=ODENTITY_BIOLOGICAL_PROCESS@type=Top>Process>InternalChange>BiologicalProcess\tsemld_list=sumo:Entity", "id": "ODENTITY_BIOLOGICAL_PROCESS", "form": "cover"}, {"info": "sementity/id=ODENTITY_COMMUNICATION_PROCESS@type=Top>Process>ContentBearingProcess>CommunicationProcess\tsemld_list=sumo:Entity", "id": "ODENTITY_COMMUNICATION_PROCESS", "form": "cover"}, {"info": "sementity/id=ODENTITY_CONTEST@type=Top>Process>IntentionalProcess>SocialInteraction>Contest\tsemld_list=sumo:IntentionalProcess", "id": "ODENTITY_CONTEST", "form": "cover"}, {"info": "sementity/id=ODENTITY_COOPERATION@type=Top>Process>IntentionalProcess>SocialInteraction>Cooperation\tsemld_list=sumo:IntentionalProcess", "id": "ODENTITY_COOPERATION", "form": "cover"}, {"info": "sementity/id=ODENTITY_GAME@type=Top>Product>CulturalProduct>Game\tsemld_list=sumo:CulturalProduct", "id": "ODENTITY_GAME", "form": "cover"}, {"info": "sementity/id=ODENTITY_LINGUISTIC_COMMUNICATION@type=Top>Process>ContentBearingProcess>CommunicationProcess>LinguisticCommunication\tsemld_list=sumo:Entity", "id": "ODENTITY_LINGUISTIC_COMMUNICATION", "form": "cover"}, {"info": "sementity/id=ODENTITY_MOTION@type=Top>Process>Motion\tsemld_list=sumo:Entity", "id": "ODENTITY_MOTION", "form": "cover"}, {"info": "sementity/id=ODENTITY_PROCESS@type=Top>Process\tsemld_list=sumo:Entity", "id": "ODENTITY_PROCESS", "form": "cover"}, {"info": "sementity/id=ODENTITY_SOCIAL_INTERACTION@type=Top>Process>IntentionalProcess>SocialInteraction\tsemld_list=sumo:IntentionalProcess", "id": "ODENTITY_SOCIAL_INTERACTION", "form": "cover"}, {"info": "sementity/id=ODENTITY_TRANSLOCATION@type=Top>Process>Motion>Translocation\tsemld_list=sumo:Entity", "id": "ODENTITY_TRANSLOCATION", "form": "cover"}], "id": "2"}, {"endp": "35", "style": {"isItalics": "no", "isUnderlined": "no", "isTitle": "no", "isBold": "no"}, "token_list": [{"endp": "15", "style": {"isItalics": "no", "isUnderlined": "no", "isTitle": "no", "isBold": "no"}, "inip": "13", "form": "his", "quote_level": "0", "affected_by_negation": "no", "separation": "1", "analysis_list": [{"lemma": "his", "tag": "SD-PMS3N5", "sense_id_list": [{"sense_id": "PRONHUMAN"}], "original_form": "his"}], "sense_list": [{"info": "semhum=human", "id": "PRONHUMAN", "form": "his"}], "id": "3"}, {"endp": "20", "style": {"isItalics": "no", "isUnderlined": "no", "isTitle": "no", "isBold": "no"}, "inip": "17", "form": "eyes", "quote_level": "0", "affected_by_negation": "no", "separation": "1", "analysis_list": [{"lemma": "eye", "tag": "NC-P-N6", "original_form": "eyes"}], "id": "4"}, {"endp": "35", "style": {"isItalics": "no", "isUnderlined": "no", "isTitle": "no", "isBold": "no"}, "token_list": [{"endp": "25", "style": {"isItalics": "no", "isUnderlined": "no", "isTitle": "no", "isBold": "no"}, "inip": "22", "form": "with", "quote_level": "0", "affected_by_negation": "no", "separation": "1", "analysis_list": [{"lemma": "with", "tag": "YN8", "original_form": "with"}], "id": "5"}, {"endp": "35", "style": {"isItalics": "no", "isUnderlined": "no", "isTitle": "no", "isBold": "no"}, "token_list": [{"endp": "29", "style": {"isItalics": "no", "isUnderlined": "no", "isTitle": "no", "isBold": "no"}, "inip": "27", "form": "his", "quote_level": "0", "affected_by_negation": "no", "separation": "1", "analysis_list": [{"lemma": "his", "tag": "SD-PMS3N5", "sense_id_list": [{"sense_id": "PRONHUMAN"}], "original_form": "his"}], "sense_list": [{"info": "semhum=human", "id": "PRONHUMAN", "form": "his"}], "id": "6"}, {"endp": "35", "style": {"isItalics": "no", "isUnderlined": "no", "isTitle": "no", "isBold": "no"}, "inip": "31", "form": "hands", "quote_level": "0", "affected_by_negation": "no", "separation": "1", "analysis_list": [{"lemma": "hand", "tag": "NC-P-N5", "original_form": "hands"}], "id": "7"}], "separation": "1", "form": "his hands", "quote_level": "0", "head": "7", "affected_by_negation": "no", "inip": "27", "analysis_list": [{"lemma": "hand", "tag": "GN-P3---", "original_form": "his hands"}], "type": "phrase", "id": "33"}], "separation": "1", "form": "with his hands", "quote_level": "0", "head": "5", "affected_by_negation": "no", "inip": "22", "analysis_list": [{"lemma": "with", "tag": "GY------", "original_form": "with his hands"}], "type": "phrase", "id": "37"}], "separation": "1", "form": "his eyes with his hands", "quote_level": "0", "head": "4", "syntactic_tree_relation_list": [{"type": "isPossessor", "id": "31"}, {"type": "isDirectObject", "id": "2"}, {"type": "isPossessor", "id": "31"}], "affected_by_negation": "no", "inip": "13", "analysis_list": [{"lemma": "eye", "tag": "GN-P3D--", "original_form": "his eyes"}], "type": "phrase", "id": "32"}, {"endp": "36", "style": {"isItalics": "no", "isUnderlined": "no", "isTitle": "no", "isBold": "no"}, "inip": "36", "form": ",", "quote_level": "0", "affected_by_negation": "no", "separation": "A", "analysis_list": [{"lemma": ",", "tag": "1D--", "original_form": ","}], "id": "8"}, {"endp": "77", "style": {"isItalics": "no", "isUnderlined": "no", "isTitle": "no", "isBold": "no"}, "token_list": [{"endp": "44", "style": {"isItalics": "no", "isUnderlined": "no", "isTitle": "no", "isBold": "no"}, "inip": "38", "form": "because", "quote_level": "0", "affected_by_negation": "no", "separation": "1", "analysis_list": [{"lemma": "because", "tag": "CSPN7", "original_form": "because"}], "id": "9"}, {"endp": "53", "style": {"isItalics": "no", "isUnderlined": "no", "isTitle": "no", "isBold": "no"}, "token_list": [{"endp": "48", "style": {"isItalics": "no", "isUnderlined": "no", "isTitle": "no", "isBold": "no"}, "inip": "46", "form": "the", "quote_level": "0", "affected_by_negation": "no", "separation": "1", "analysis_list": [{"lemma": "the", "tag": "TD-SN9", "original_form": "the"}], "id": "10"}, {"endp": "53", "style": {"isItalics": "no", "isUnderlined": "no", "isTitle": "no", "isBold": "no"}, "inip": "50", "form": "wind", "quote_level": "0", "affected_by_negation": "no", "separation": "1", "analysis_list": [{"lemma": "wind", "tag": "NC-S-N4", "sense_id_list": [{"sense_id": "8229209616"}], "original_form": "wind"}], "sense_list": [{"info": "sementity/class=class@fiction=nonfiction@id=ODENTITY_NATURAL_PHENOMENA@type=Top>Event>NaturalPhenomena\tsemld_list=sumo:WeatherProcess", "id": "8229209616", "form": "wind"}], "id": "11"}], "separation": "1", "form": "the wind", "quote_level": "0", "head": "11", "affected_by_negation": "no", "inip": "46", "analysis_list": [{"lemma": "wind", "tag": "GN-S3---", "original_form": "the wind"}], "type": "phrase", "id": "34"}, {"endp": "65", "style": {"isItalics": "no", "isUnderlined": "no", "isTitle": "no", "isBold": "no"}, "separation": "1", "form": "was blowing", "quote_level": "0", "head": "12", "syntactic_tree_relation_list": [{"type": "iof_isSubject", "id": "31"}, {"type": "iof_isDirectObject", "id": "35"}, {"type": "iof_isLocationComplement", "id": "36"}], "affected_by_negation": "no", "inip": "55", "analysis_list": [{"lemma": "blow", "tag": "VI-S3ACA-N-N9", "original_form": "was blowing"}, {"lemma": "blow", "tag": "VI-S1ACA-N-N9", "original_form": "was blowing"}], "type": "multiword", "id": "26"}, {"endp": "70", "style": {"isItalics": "no", "isUnderlined": "no", "isTitle": "no", "isBold": "no"}, "token_list": [{"endp": "70", "style": {"isItalics": "no", "isUnderlined": "no", "isTitle": "no", "isBold": "no"}, "inip": "67", "form": "sand", "quote_level": "0", "affected_by_negation": "no", "separation": "1", "analysis_list": [{"lemma": "sand", "tag": "NC-S-N5", "sense_id_list": [{"sense_id": "66fa5d6247"}], "original_form": "sand"}], "sense_list": [{"info": "sementity/class=class@fiction=nonfiction@id=ODENTITY_MINERAL@type=Top>Product>Substance>Mineral\tsemld_list=sumo:Mineral\tsemtheme_list/id=ODTHEME_GEOLOGY@type=Top>NaturalSciences>Geology", "id": "66fa5d6247", "form": "sand"}], "id": "14"}], "separation": "1", "form": "sand", "quote_level": "0", "head": "14", "syntactic_tree_relation_list": [{"type": "isDirectObject", "id": "26"}], "affected_by_negation": "no", "inip": "67", "analysis_list": [{"lemma": "sand", "tag": "GN-S3D--", "original_form": "sand"}], "type": "phrase", "id": "35"}, {"endp": "77", "style": {"isItalics": "no", "isUnderlined": "no", "isTitle": "no", "isBold": "no"}, "token_list": [{"endp": "77", "style": {"isItalics": "no", "isUnderlined": "no", "isTitle": "no", "isBold": "no"}, "inip": "72", "form": "around", "quote_level": "0", "affected_by_negation": "no", "separation": "1", "analysis_list": [{"lemma": "around", "tag": "ENLPN6", "original_form": "around"}], "id": "15"}], "separation": "1", "form": "around", "quote_level": "0", "head": "15", "syntactic_tree_relation_list": [{"type": "isLocationComplement", "id": "26"}], "affected_by_negation": "no", "inip": "72", "analysis_list": [{"lemma": "around", "tag": "GEL--L--", "original_form": "around"}], "type": "phrase", "id": "36"}], "separation": "1", "form": "because the wind was blowing sand around", "quote_level": "0", "syntactic_tree_relation_list": [{"type": "isComplement", "id": "2"}], "affected_by_negation": "no", "inip": "38", "analysis_list": [{"lemma": "*", "tag": "ZE---CIA----", "original_form": "because the wind was blowing sand around"}], "type": "phrase", "id": "38"}], "separation": "_", "form": "Fred covered his eyes with his hands, because the wind was blowing sand around", "quote_level": "0", "affected_by_negation": "no", "inip": "0", "analysis_list": [{"lemma": "*", "tag": "Z-----------", "original_form": "Fred covered his eyes with his hands, because the wind was blowing sand around"}], "type": "phrase", "id": "39"}, {"endp": "78", "style": {"isItalics": "no", "isUnderlined": "no", "isTitle": "no", "isBold": "no"}, "inip": "78", "form": ".", "quote_level": "0", "affected_by_negation": "no", "separation": "A", "analysis_list": [{"lemma": ".", "tag": "1D--", "original_form": "."}], "id": "16"}], "inip": "0", "quote_level": "0", "affected_by_negation": "no", "separation": "A", "type": "sentence", "id": "27"}, {"endp": "117", "style": {"isItalics": "no", "isUnderlined": "no", "isTitle": "no", "isBold": "no"}, "token_list": [{"endp": "116", "style": {"isItalics": "no", "isUnderlined": "no", "isTitle": "no", "isBold": "no"}, "token_list": [{"endp": "81", "style": {"isItalics": "no", "isUnderlined": "no", "isTitle": "no", "isBold": "no"}, "token_list": [{"endp": "81", "style": {"isItalics": "no", "isUnderlined": "no", "isTitle": "no", "isBold": "no"}, "inip": "80", "form": "He", "quote_level": "0", "affected_by_negation": "no", "separation": "1", "analysis_list": [{"lemma": "he", "tag": "PPMS3NN8", "sense_id_list": [{"sense_id": "PRONHUMAN"}], "original_form": "he"}], "sense_list": [{"info": "semhum=human", "id": "PRONHUMAN", "form": "he"}], "id": "17"}], "separation": "1", "form": "He", "quote_level": "0", "head": "17", "syntactic_tree_relation_list": [{"type": "isAnaphora", "id": "31"}, {"type": "isSubject", "id": "18"}], "affected_by_negation": "no", "inip": "80", "analysis_list": [{"lemma": "he", "tag": "GNMS3S--", "original_form": "He"}], "type": "phrase", "id": "42"}, {"endp": "89", "style": {"isItalics": "no", "isUnderlined": "no", "isTitle": "no", "isBold": "no"}, "inip": "83", "form": "lowered", "quote_level": "0", "syntactic_tree_relation_list": [{"type": "iof_isSubject", "id": "42"}, {"type": "iof_isDirectObject", "id": "41"}, {"type": "iof_isTimeComplement", "id": "43"}], "affected_by_negation": "no", "separation": "1", "analysis_list": [{"lemma": "lower", "tag": "VI-S3ASA-N-N4", "sense_id_list": [{"sense_id": "ODENTITY_DECREASING"}, {"sense_id": "ODENTITY_EXPRESSING"}, {"sense_id": "ODENTITY_TRANSFER"}], "original_form": "lowered"}], "sense_list": [{"info": "sementity/id=ODENTITY_DECREASING@type=Top>Process>InternalChange>QuantityChange>Decreasing\tsemld_list=sumo:Entity", "id": "ODENTITY_DECREASING", "form": "lower"}, {"info": "sementity/id=ODENTITY_EXPRESSING@type=Top>Process>ContentBearingProcess>CommunicationProcess>Expressing\tsemld_list=sumo:Entity", "id": "ODENTITY_EXPRESSING", "form": "lower"}, {"info": "sementity/id=ODENTITY_TRANSFER@type=Top>Process>Motion>Translocation>Transfer\tsemld_list=sumo:Entity", "id": "ODENTITY_TRANSFER", "form": "lower"}], "id": "18"}, {"endp": "94", "style": {"isItalics": "no", "isUnderlined": "no", "isTitle": "no", "isBold": "no"}, "token_list": [{"endp": "94", "style": {"isItalics": "no", "isUnderlined": "no", "isTitle": "no", "isBold": "no"}, "inip": "91", "form": "them", "quote_level": "0", "affected_by_negation": "no", "separation": "1", "analysis_list": [{"lemma": "them", "tag": "PP-P3AN7", "sense_id_list": [{"sense_id": "PRONBOTH"}], "original_form": "them"}], "sense_list": [{"info": "semhum=both", "id": "PRONBOTH", "form": "them"}], "id": "19"}], "separation": "1", "form": "them", "quote_level": "0", "head": "19", "syntactic_tree_relation_list": [{"type": "isAnaphora", "id": "31"}, {"type": "isDirectObject", "id": "18"}], "affected_by_negation": "no", "inip": "91", "analysis_list": [{"lemma": "them", "tag": "GN-P3D--", "original_form": "them"}], "type": "phrase", "id": "41"}, {"endp": "116", "style": {"isItalics": "no", "isUnderlined": "no", "isTitle": "no", "isBold": "no"}, "token_list": [{"endp": "99", "style": {"isItalics": "no", "isUnderlined": "no", "isTitle": "no", "isBold": "no"}, "inip": "96", "form": "when", "quote_level": "0", "affected_by_negation": "no", "separation": "1", "analysis_list": [{"lemma": "when", "tag": "CSCN7", "original_form": "when"}], "id": "20"}, {"endp": "108", "style": {"isItalics": "no", "isUnderlined": "no", "isTitle": "no", "isBold": "no"}, "token_list": [{"endp": "103", "style": {"isItalics": "no", "isUnderlined": "no", "isTitle": "no", "isBold": "no"}, "inip": "101", "form": "the", "quote_level": "0", "affected_by_negation": "no", "separation": "1", "analysis_list": [{"lemma": "the", "tag": "TD-SN9", "original_form": "the"}], "id": "21"}, {"endp": "108", "style": {"isItalics": "no", "isUnderlined": "no", "isTitle": "no", "isBold": "no"}, "inip": "105", "form": "wind", "quote_level": "0", "affected_by_negation": "no", "separation": "1", "analysis_list": [{"lemma": "wind", "tag": "NC-S-N4", "sense_id_list": [{"sense_id": "8229209616"}], "original_form": "wind"}], "sense_list": [{"info": "sementity/class=class@fiction=nonfiction@id=ODENTITY_NATURAL_PHENOMENA@type=Top>Event>NaturalPhenomena\tsemld_list=sumo:WeatherProcess", "id": "8229209616", "form": "wind"}], "id": "22"}], "separation": "1", "form": "the wind", "quote_level": "0", "head": "22", "affected_by_negation": "no", "inip": "101", "analysis_list": [{"lemma": "wind", "tag": "GN-S3---", "original_form": "the wind"}], "type": "phrase", "id": "40"}, {"endp": "116", "style": {"isItalics": "no", "isUnderlined": "no", "isTitle": "no", "isBold": "no"}, "inip": "110", "form": "stopped", "quote_level": "0", "syntactic_tree_relation_list": [{"type": "iof_isSubject", "id": "31"}], "affected_by_negation": "no", "separation": "1", "analysis_list": [{"lemma": "stop", "tag": "VI-UUASA-N-N4", "sense_id_list": [{"sense_id": "ODENTITY_INTENTIONAL_PROCESS"}, {"sense_id": "ODENTITY_KEEPING"}, {"sense_id": "ODENTITY_PROCESS"}], "original_form": "stopped"}], "sense_list": [{"info": "sementity/id=ODENTITY_INTENTIONAL_PROCESS@type=Top>Process>IntentionalProcess\tsemld_list=sumo:IntentionalProcess", "id": "ODENTITY_INTENTIONAL_PROCESS", "form": "stop"}, {"info": "sementity/id=ODENTITY_KEEPING@type=Top>Process>IntentionalProcess>Keeping\tsemld_list=sumo:Keeping", "id": "ODENTITY_KEEPING", "form": "stop"}, {"info": "sementity/id=ODENTITY_PROCESS@type=Top>Process\tsemld_list=sumo:Entity", "id": "ODENTITY_PROCESS", "form": "stop"}], "id": "23"}], "separation": "1", "form": "when the wind stopped", "quote_level": "0", "syntactic_tree_relation_list": [{"type": "isTimeComplement", "id": "18"}], "affected_by_negation": "no", "inip": "96", "analysis_list": [{"lemma": "*", "tag": "ZE---TIA----", "original_form": "when the wind stopped"}], "type": "phrase", "id": "43"}], "separation": "1", "form": "He lowered them when the wind stopped", "quote_level": "0", "affected_by_negation": "no", "inip": "80", "analysis_list": [{"lemma": "*", "tag": "Z-----------", "original_form": "He lowered them when the wind stopped"}], "type": "phrase", "id": "44"}, {"endp": "117", "style": {"isItalics": "no", "isUnderlined": "no", "isTitle": "no", "isBold": "no"}, "inip": "117", "form": ".", "quote_level": "0", "affected_by_negation": "no", "separation": "A", "analysis_list": [{"lemma": ".", "tag": "1D--", "original_form": "."}], "id": "24"}], "inip": "80", "quote_level": "0", "affected_by_negation": "no", "separation": "A", "type": "sentence", "id": "29"}]}