{"status": {"msg": "OK", "credits": "1", "remaining_credits": "39780", "code": "0"}, "token_list": [{"endp": "132", "style": {"isItalics": "no", "isUnderlined": "no", "isTitle": "no", "isBold": "no"}, "token_list": [{"endp": "39", "style": {"isItalics": "no", "isUnderlined": "no", "isTitle": "no", "isBold": "no"}, "token_list": [{"endp": "10", "style": {"isItalics": "no", "isUnderlined": "no", "isTitle": "no", "isBold": "no"}, "token_list": [{"endp": "2", "style": {"isItalics": "no", "isUnderlined": "no", "isTitle": "no", "isBold": "no"}, "inip": "0", "form": "The", "quote_level": "0", "affected_by_negation": "no", "separation": "_", "analysis_list": [{"lemma": "the", "tag": "TD-SN9", "original_form": "the"}], "id": "1"}, {"endp": "10", "style": {"isItalics": "no", "isUnderlined": "no", "isTitle": "no", "isBold": "no"}, "inip": "4", "form": "actress", "quote_level": "0", "affected_by_negation": "no", "separation": "1", "analysis_list": [{"lemma": "actress", "tag": "NC-S-N3", "sense_id_list": [{"sense_id": "99e6d7a3f6"}, {"sense_id": "4014a7dc12"}], "original_form": "actress"}], "sense_list": [{"info": "sementity/class=class@fiction=nonfiction@id=ODENTITY_VOCATION@type=Top>OtherEntity>Vocation\tsemld_list=sumo:Position\tsemtheme_list/id=ODTHEME_ARTS@type=Top>Arts", "id": "4014a7dc12", "form": "actor"}, {"info": "sementity/class=class@fiction=nonfiction@id=ODENTITY_VOCATION@type=Top>OtherEntity>Vocation\tsemld_list=sumo:Position\tsemtheme_list/id=ODTHEME_CINEMA@type=Top>Arts>Cinema", "id": "99e6d7a3f6", "form": "actress"}], "id": "2"}], "separation": "_", "form": "The actress", "quote_level": "0", "head": "2", "syntactic_tree_relation_list": [{"type": "isSubject", "id": "3"}], "affected_by_negation": "no", "inip": "0", "analysis_list": [{"lemma": "actress", "tag": "GN-S3S--", "original_form": "The actress"}], "type": "phrase", "id": "32"}, {"endp": "15", "style": {"isItalics": "no", "isUnderlined": "no", "isTitle": "no", "isBold": "no"}, "inip": "12", "form": "used", "quote_level": "0", "syntactic_tree_relation_list": [{"type": "iof_isSubject", "id": "32"}], "affected_by_negation": "no", "separation": "1", "analysis_list": [{"lemma": "use", "tag": "VI-S3ASA-N-N6", "sense_id_list": [{"sense_id": "ODENTITY_BIOLOGICAL_PROCESS"}, {"sense_id": "ODENTITY_INTENTIONAL_PROCESS"}, {"sense_id": "ODENTITY_SOCIAL_INTERACTION"}], "original_form": "used"}], "sense_list": [{"info": "sementity/id=ODENTITY_BIOLOGICAL_PROCESS@type=Top>Process>InternalChange>BiologicalProcess\tsemld_list=sumo:Entity", "id": "ODENTITY_BIOLOGICAL_PROCESS", "form": "use"}, {"info": "sementity/id=ODENTITY_INTENTIONAL_PROCESS@type=Top>Process>IntentionalProcess\tsemld_list=sumo:IntentionalProcess", "id": "ODENTITY_INTENTIONAL_PROCESS", "form": "use"}, {"info": "sementity/id=ODENTITY_SOCIAL_INTERACTION@type=Top>Process>IntentionalProcess>SocialInteraction\tsemld_list=sumo:IntentionalProcess", "id": "ODENTITY_SOCIAL_INTERACTION", "form": "use"}], "id": "3"}, {"endp": "27", "style": {"isItalics": "no", "isUnderlined": "no", "isTitle": "no", "isBold": "no"}, "separation": "1", "form": "to be named", "quote_level": "0", "head": "29", "syntactic_tree_relation_list": [{"type": "iof_isDirectObject", "id": "34"}], "affected_by_negation": "no", "inip": "17", "analysis_list": [{"lemma": "name", "tag": "VF---OSP-N-N9", "original_form": "to be named"}], "type": "multiword", "id": "33"}, {"endp": "39", "style": {"isItalics": "no", "isUnderlined": "no", "isTitle": "no", "isBold": "no"}, "token_list": [{"endp": "39", "style": {"isItalics": "no", "isUnderlined": "no", "isTitle": "no", "isBold": "no"}, "inip": "29", "form": "Terpsichore", "quote_level": "0", "affected_by_negation": "no", "separation": "1", "analysis_list": [{"lemma": "Terpsichore", "tag": "NPUU-N-", "sense_id_list": [{"sense_id": "__7526004764227848910"}], "original_form": "Terpsichore"}], "sense_list": [{"info": "sementity/class=instance@type=Top@confidence=unknown", "id": "__7526004764227848910", "form": "Terpsichore"}], "id": "7"}], "separation": "1", "form": "Terpsichore", "quote_level": "0", "head": "7", "syntactic_tree_relation_list": [{"type": "isDirectObject", "id": "33"}, {"type": "iof_isAnaphora", "id": "42"}, {"type": "iof_isAnaphora", "id": "41"}, {"type": "iof_isAnaphora", "id": "40"}], "affected_by_negation": "no", "inip": "29", "analysis_list": [{"lemma": "Terpsichore", "tag": "GNUU3D--", "original_form": "Terpsichore"}], "type": "phrase", "id": "34"}], "separation": "_", "form": "The actress used to be named Terpsichore", "quote_level": "0", "affected_by_negation": "no", "inip": "0", "analysis_list": [{"lemma": "*", "tag": "ZC----------", "original_form": "The actress used to be named Terpsichore"}], "type": "phrase", "id": "46"}, {"endp": "40", "style": {"isItalics": "no", "isUnderlined": "no", "isTitle": "no", "isBold": "no"}, "inip": "40", "form": ",", "quote_level": "0", "affected_by_negation": "no", "separation": "A", "analysis_list": [{"lemma": ",", "tag": "1D--", "original_form": ","}], "id": "8"}, {"endp": "44", "style": {"isItalics": "no", "isUnderlined": "no", "isTitle": "no", "isBold": "no"}, "inip": "42", "form": "but", "quote_level": "0", "affected_by_negation": "no", "separation": "1", "analysis_list": [{"lemma": "but", "tag": "CCAN8", "original_form": "but"}], "id": "9"}, {"endp": "83", "style": {"isItalics": "no", "isUnderlined": "no", "isTitle": "no", "isBold": "no"}, "token_list": [{"endp": "48", "style": {"isItalics": "no", "isUnderlined": "no", "isTitle": "no", "isBold": "no"}, "token_list": [{"endp": "48", "style": {"isItalics": "no", "isUnderlined": "no", "isTitle": "no", "isBold": "no"}, "inip": "46", "form": "she", "quote_level": "0", "affected_by_negation": "no", "separation": "1", "analysis_list": [{"lemma": "she", "tag": "PPFS3NN8", "sense_id_list": [{"sense_id": "PRONHUMAN"}], "original_form": "she"}], "sense_list": [{"info": "semhum=human", "id": "PRONHUMAN", "form": "she"}], "id": "10"}], "separation": "1", "form": "she", "quote_level": "0", "head": "10", "syntactic_tree_relation_list": [{"type": "isAnaphora", "id": "34"}, {"type": "isSubject", "id": "11"}], "affected_by_negation": "no", "inip": "46", "analysis_list": [{"lemma": "she", "tag": "GNFS3S--", "original_form": "she"}], "type": "phrase", "id": "42"}, {"endp": "56", "style": {"isItalics": "no", "isUnderlined": "no", "isTitle": "no", "isBold": "no"}, "inip": "50", "form": "changed", "quote_level": "0", "syntactic_tree_relation_list": [{"type": "iof_isSubject", "id": "42"}, {"type": "iof_isComplement", "id": "44"}, {"type": "iof_isTimeComplement", "id": "36"}, {"type": "iof_isComplement", "id": "45"}], "affected_by_negation": "no", "separation": "1", "analysis_list": [{"lemma": "change", "tag": "VI-S3ASA-N-N6", "sense_id_list": [{"sense_id": "ODENTITY_DECREASING"}, {"sense_id": "ODENTITY_MOTION"}, {"sense_id": "ODENTITY_PROCESS"}, {"sense_id": "ODENTITY_TRANSLOCATION"}, {"sense_id": "ODENTITY_TRANSFER"}, {"sense_id": "ODENTITY_TRANSACTION"}], "original_form": "changed"}], "sense_list": [{"info": "sementity/id=ODENTITY_DECREASING@type=Top>Process>InternalChange>QuantityChange>Decreasing\tsemld_list=sumo:Entity", "id": "ODENTITY_DECREASING", "form": "change"}, {"info": "sementity/id=ODENTITY_MOTION@type=Top>Process>Motion\tsemld_list=sumo:Entity", "id": "ODENTITY_MOTION", "form": "change"}, {"info": "sementity/id=ODENTITY_PROCESS@type=Top>Process\tsemld_list=sumo:Entity", "id": "ODENTITY_PROCESS", "form": "change"}, {"info": "sementity/id=ODENTITY_TRANSACTION@type=Top>Process>DualObjectProcess>Transaction\tsemld_list=sumo:Entity", "id": "ODENTITY_TRANSACTION", "form": "change"}, {"info": "sementity/id=ODENTITY_TRANSFER@type=Top>Process>Motion>Translocation>Transfer\tsemld_list=sumo:Entity", "id": "ODENTITY_TRANSFER", "form": "change"}, {"info": "sementity/id=ODENTITY_TRANSLOCATION@type=Top>Process>Motion>Translocation\tsemld_list=sumo:Entity", "id": "ODENTITY_TRANSLOCATION", "form": "change"}], "id": "11"}, {"endp": "59", "style": {"isItalics": "no", "isUnderlined": "no", "isTitle": "no", "isBold": "no"}, "token_list": [{"endp": "59", "style": {"isItalics": "no", "isUnderlined": "no", "isTitle": "no", "isBold": "no"}, "inip": "58", "form": "it", "quote_level": "0", "affected_by_negation": "no", "separation": "1", "analysis_list": [{"lemma": "it", "tag": "PP-S3NN8", "sense_id_list": [{"sense_id": "PRONNONHUMAN"}], "original_form": "it"}, {"lemma": "it", "tag": "PP-S3AN8", "sense_id_list": [{"sense_id": "PRONNONHUMAN"}], "original_form": "it"}], "sense_list": [{"info": "semhum=nonhuman", "id": "PRONNONHUMAN", "form": "it"}], "id": "12"}], "separation": "1", "form": "it", "quote_level": "0", "head": "12", "syntactic_tree_relation_list": [{"type": "isAnaphora", "id": "34"}], "affected_by_negation": "no", "inip": "58", "analysis_list": [{"lemma": "it", "tag": "GN-S3---", "original_form": "it"}], "type": "phrase", "id": "41"}, {"endp": "67", "style": {"isItalics": "no", "isUnderlined": "no", "isTitle": "no", "isBold": "no"}, "token_list": [{"endp": "62", "style": {"isItalics": "no", "isUnderlined": "no", "isTitle": "no", "isBold": "no"}, "inip": "61", "form": "to", "quote_level": "0", "affected_by_negation": "no", "separation": "1", "analysis_list": [{"lemma": "to", "tag": "YN6", "original_form": "to"}], "id": "13"}, {"endp": "67", "style": {"isItalics": "no", "isUnderlined": "no", "isTitle": "no", "isBold": "no"}, "token_list": [{"endp": "67", "style": {"isItalics": "no", "isUnderlined": "no", "isTitle": "no", "isBold": "no"}, "inip": "64", "form": "Tina", "quote_level": "0", "affected_by_negation": "no", "separation": "1", "analysis_list": [{"lemma": "Tina", "tag": "NPFS-N-", "sense_id_list": [{"sense_id": "b373d55a17"}], "original_form": "Tina"}], "sense_list": [{"info": "sementity/class=instance@fiction=nonfiction@id=ODENTITY_FIRST_NAME@type=Top>Person>FirstName\tsemld_list=sumo:FirstName", "id": "b373d55a17", "form": "Tina"}], "id": "14"}], "separation": "1", "form": "Tina", "quote_level": "0", "head": "14", "affected_by_negation": "no", "inip": "64", "analysis_list": [{"lemma": "Tina", "tag": "GNFS3---", "original_form": "Tina"}], "type": "phrase", "id": "35"}], "separation": "1", "form": "to Tina", "quote_level": "0", "head": "13", "syntactic_tree_relation_list": [{"type": "isComplement", "id": "11"}], "affected_by_negation": "no", "inip": "61", "analysis_list": [{"lemma": "to", "tag": "GY---C--", "original_form": "to Tina"}], "type": "phrase", "id": "44"}, {"endp": "73", "style": {"isItalics": "no", "isUnderlined": "no", "isTitle": "no", "isBold": "no"}, "inip": "70", "form": "afew", "quote_level": "0", "affected_by_negation": "no", "separation": "2", "id": "15"}, {"endp": "83", "style": {"isItalics": "no", "isUnderlined": "no", "isTitle": "no", "isBold": "no"}, "token_list": [{"endp": "79", "style": {"isItalics": "no", "isUnderlined": "no", "isTitle": "no", "isBold": "no"}, "inip": "75", "form": "years", "quote_level": "0", "affected_by_negation": "no", "separation": "1", "analysis_list": [{"lemma": "year", "tag": "NC-P-N7", "sense_id_list": [{"sense_id": "782b286b79"}, {"sense_id": "50b37cb80f"}], "original_form": "years"}], "sense_list": [{"info": "sementity/class=class@fiction=nonfiction@id=ODENTITY_DATE@type=Top>Timex>Date\tsemld_list=sumo:DatePeriod", "id": "50b37cb80f", "form": "year"}, {"info": "sementity/class=class@fiction=nonfiction@id=ODENTITY_PERIOD@type=Top>Timex>Period\tsemld_list=sumo:TimeInterval", "id": "782b286b79", "form": "year"}], "id": "16"}, {"endp": "83", "style": {"isItalics": "no", "isUnderlined": "no", "isTitle": "no", "isBold": "no"}, "token_list": [{"endp": "83", "style": {"isItalics": "no", "isUnderlined": "no", "isTitle": "no", "isBold": "no"}, "inip": "81", "form": "ago", "quote_level": "0", "affected_by_negation": "no", "separation": "1", "analysis_list": [{"lemma": "ago", "tag": "ENTPN6", "original_form": "ago"}], "id": "17"}], "separation": "1", "form": "ago", "quote_level": "0", "head": "17", "affected_by_negation": "no", "inip": "81", "analysis_list": [{"lemma": "ago", "tag": "GET--T--", "original_form": "ago"}], "type": "phrase", "id": "43"}], "separation": "1", "form": "years ago", "quote_level": "0", "head": "16", "syntactic_tree_relation_list": [{"type": "isTimeComplement", "id": "11"}], "affected_by_negation": "no", "inip": "75", "analysis_list": [{"lemma": "year", "tag": "GN-P3T--", "original_form": "years"}], "type": "phrase", "id": "36", "normalized_form": "date@||||-1||||||"}], "separation": "1", "form": "she changed it to Tina afew years ago", "quote_level": "0", "affected_by_negation": "no", "inip": "46", "analysis_list": [{"lemma": "*", "tag": "ZC----------", "original_form": "she changed it to Tina afew years ago"}], "type": "phrase", "id": "47"}, {"endp": "84", "style": {"isItalics": "no", "isUnderlined": "no", "isTitle": "no", "isBold": "no"}, "inip": "84", "form": ",", "quote_level": "0", "affected_by_negation": "no", "separation": "A", "analysis_list": [{"lemma": ",", "tag": "1D--", "original_form": ","}], "id": "18"}, {"endp": "104", "style": {"isItalics": "no", "isUnderlined": "no", "isTitle": "no", "isBold": "no"}, "token_list": [{"endp": "92", "style": {"isItalics": "no", "isUnderlined": "no", "isTitle": "no", "isBold": "no"}, "inip": "86", "form": "because", "quote_level": "0", "affected_by_negation": "no", "separation": "1", "analysis_list": [{"lemma": "because", "tag": "CSPN7", "original_form": "because"}], "id": "19"}, {"endp": "96", "style": {"isItalics": "no", "isUnderlined": "no", "isTitle": "no", "isBold": "no"}, "token_list": [{"endp": "96", "style": {"isItalics": "no", "isUnderlined": "no", "isTitle": "no", "isBold": "no"}, "inip": "94", "form": "she", "quote_level": "0", "affected_by_negation": "no", "separation": "1", "analysis_list": [{"lemma": "she", "tag": "PPFS3NN8", "sense_id_list": [{"sense_id": "PRONHUMAN"}], "original_form": "she"}], "sense_list": [{"info": "semhum=human", "id": "PRONHUMAN", "form": "she"}], "id": "20"}], "separation": "1", "form": "she", "quote_level": "0", "head": "20", "syntactic_tree_relation_list": [{"type": "isAnaphora", "id": "34"}, {"type": "isSubject", "id": "21"}], "affected_by_negation": "no", "inip": "94", "analysis_list": [{"lemma": "she", "tag": "GNFS3S--", "original_form": "she"}], "type": "phrase", "id": "40"}, {"endp": "104", "style": {"isItalics": "no", "isUnderlined": "no", "isTitle": "no", "isBold": "no"}, "inip": "98", "form": "figured", "quote_level": "0", "syntactic_tree_relation_list": [{"type": "iof_isSubject", "id": "40"}, {"type": "iof_isDirectObject", "id": "39"}], "affected_by_negation": "no", "separation": "1", "analysis_list": [{"lemma": "figure", "tag": "VI-UUASA-N-N5", "sense_id_list": [{"sense_id": "ODENTITY_CALCULATING"}, {"sense_id": "ODENTITY_INTENTIONAL_PSYCHOLOGICAL_PROCESS"}, {"sense_id": "ODENTITY_REASONING"}], "original_form": "figured"}], "sense_list": [{"info": "sementity/id=ODENTITY_CALCULATING@type=Top>Process>IntentionalProcess>IntentionalPsychologicalProcess>Calculating\tsemld_list=sumo:IntentionalProcess", "id": "ODENTITY_CALCULATING", "form": "figure"}, {"info": "sementity/id=ODENTITY_INTENTIONAL_PSYCHOLOGICAL_PROCESS@type=Top>Process>IntentionalProcess>IntentionalPsychologicalProcess\tsemld_list=sumo:IntentionalProcess", "id": "ODENTITY_INTENTIONAL_PSYCHOLOGICAL_PROCESS", "form": "figure"}, {"info": "sementity/id=ODENTITY_REASONING@type=Top>Process>IntentionalProcess>IntentionalPsychologicalProcess>Reasoning\tsemld_list=sumo:IntentionalProcess", "id": "ODENTITY_REASONING", "form": "figure"}], "id": "21"}], "separation": "1", "form": "because she figured", "quote_level": "0", "syntactic_tree_relation_list": [{"type": "isComplement", "id": "11"}], "affected_by_negation": "no", "inip": "86", "analysis_list": [{"lemma": "*", "tag": "ZE---CIA----", "original_form": "because she figured"}], "type": "phrase", "id": "45"}, {"endp": "131", "style": {"isItalics": "no", "isUnderlined": "no", "isTitle": "no", "isBold": "no"}, "token_list": [{"endp": "107", "style": {"isItalics": "no", "isUnderlined": "no", "isTitle": "no", "isBold": "no"}, "token_list": [{"endp": "107", "style": {"isItalics": "no", "isUnderlined": "no", "isTitle": "no", "isBold": "no"}, "inip": "106", "form": "it", "quote_level": "0", "affected_by_negation": "no", "separation": "1", "analysis_list": [{"lemma": "it", "tag": "PP-S3AN8", "sense_id_list": [{"sense_id": "PRONNONHUMAN"}], "original_form": "it"}], "sense_list": [{"info": "semhum=nonhuman", "id": "PRONNONHUMAN", "form": "it"}], "id": "22"}], "separation": "1", "form": "it", "quote_level": "0", "head": "22", "syntactic_tree_relation_list": [{"type": "isNonAnaphoric", "id": "39"}, {"type": "iof_isNonAnaphoric", "id": "39"}, {"type": "isSubject", "id": "23"}, {"type": "isDirectObject", "id": "21"}], "affected_by_negation": "no", "inip": "106", "analysis_list": [{"lemma": "it", "tag": "GN-S3S--", "original_form": "it"}], "type": "phrase", "id": "39"}, {"endp": "111", "style": {"isItalics": "no", "isUnderlined": "no", "isTitle": "no", "isBold": "no"}, "inip": "109", "form": "was", "quote_level": "0", "syntactic_tree_relation_list": [{"type": "iof_isSubject", "id": "39"}, {"type": "iof_isAttribute", "id": "37"}], "affected_by_negation": "no", "separation": "1", "analysis_list": [{"lemma": "be", "tag": "VI-S3ASA-N-N9", "original_form": "was"}], "id": "23"}, {"endp": "118", "style": {"isItalics": "no", "isUnderlined": "no", "isTitle": "no", "isBold": "no"}, "token_list": [{"endp": "118", "style": {"isItalics": "no", "isUnderlined": "no", "isTitle": "no", "isBold": "no"}, "inip": "113", "form": "easier", "quote_level": "0", "affected_by_negation": "no", "separation": "1", "analysis_list": [{"lemma": "easy", "tag": "AC-N5", "original_form": "easier"}], "id": "24"}], "separation": "1", "form": "easier", "quote_level": "0", "head": "24", "syntactic_tree_relation_list": [{"type": "isAttribute", "id": "23"}], "affected_by_negation": "no", "inip": "113", "analysis_list": [{"lemma": "easy", "tag": "GA---A--", "original_form": "easier"}], "type": "phrase", "id": "37"}, {"endp": "131", "style": {"isItalics": "no", "isUnderlined": "no", "isTitle": "no", "isBold": "no"}, "separation": "1", "form": "to pronounce", "quote_level": "0", "head": "26", "affected_by_negation": "no", "inip": "120", "analysis_list": [{"lemma": "pronounce", "tag": "VF---OSA-N-N4", "sense_id_list": [{"sense_id": "ODENTITY_COMMUNICATION_PROCESS"}], "original_form": "to pronounce"}], "sense_list": [{"info": "sementity/id=ODENTITY_COMMUNICATION_PROCESS@type=Top>Process>ContentBearingProcess>CommunicationProcess\tsemld_list=sumo:Entity", "id": "ODENTITY_COMMUNICATION_PROCESS", "form": "pronounce"}], "type": "multiword", "id": "38"}], "separation": "1", "form": "it was easier to pronounce", "quote_level": "0", "affected_by_negation": "no", "inip": "106", "analysis_list": [{"lemma": "*", "tag": "Z-----------", "original_form": "it was easier to pronounce"}], "type": "phrase", "id": "48"}, {"endp": "132", "style": {"isItalics": "no", "isUnderlined": "no", "isTitle": "no", "isBold": "no"}, "inip": "132", "form": ".", "quote_level": "0", "affected_by_negation": "no", "separation": "A", "analysis_list": [{"lemma": ".", "tag": "1D--", "original_form": "."}], "id": "27"}], "inip": "0", "quote_level": "0", "affected_by_negation": "no", "separation": "A", "type": "sentence", "id": "30"}]}