{"status": {"msg": "OK", "credits": "1", "remaining_credits": "39778", "code": "0"}, "token_list": [{"endp": "54", "style": {"isItalics": "no", "isUnderlined": "no", "isTitle": "no", "isBold": "no"}, "token_list": [{"endp": "53", "style": {"isItalics": "no", "isUnderlined": "no", "isTitle": "no", "isBold": "no"}, "token_list": [{"endp": "3", "style": {"isItalics": "no", "isUnderlined": "no", "isTitle": "no", "isBold": "no"}, "token_list": [{"endp": "3", "style": {"isItalics": "no", "isUnderlined": "no", "isTitle": "no", "isBold": "no"}, "inip": "0", "form": "Fred", "quote_level": "0", "affected_by_negation": "no", "separation": "_", "analysis_list": [{"lemma": "Fred", "tag": "NPUU-N-", "sense_id_list": [{"sense_id": "__2902721659712563614"}], "original_form": "Fred"}], "sense_list": [{"info": "sementity/class=instance@fiction=nonfiction@type=Top>Person@confidence=uncertain", "id": "__2902721659712563614", "form": "Fred"}], "id": "1"}], "separation": "_", "form": "Fred", "quote_level": "0", "head": "1", "syntactic_tree_relation_list": [{"type": "isSubject", "id": "16"}, {"type": "isSubject", "id": "20"}, {"type": "isSubject", "id": "2"}, {"type": "iof_isAnaphora", "id": "33"}], "affected_by_negation": "no", "inip": "0", "analysis_list": [{"lemma": "Fred", "tag": "GNUU3S--", "original_form": "Fred"}], "type": "phrase", "id": "25"}, {"endp": "11", "style": {"isItalics": "no", "isUnderlined": "no", "isTitle": "no", "isBold": "no"}, "inip": "5", "form": "watched", "quote_level": "0", "syntactic_tree_relation_list": [{"type": "iof_isSubject", "id": "25"}, {"type": "iof_isTimeComplement", "id": "30"}], "affected_by_negation": "no", "separation": "1", "analysis_list": [{"lemma": "watch", "tag": "VI-U3ASA-N-N5", "sense_id_list": [{"sense_id": "ODENTITY_INVESTIGATING"}, {"sense_id": "ODENTITY_BIOLOGICAL_PROCESS"}], "original_form": "watched"}], "sense_list": [{"info": "sementity/id=ODENTITY_BIOLOGICAL_PROCESS@type=Top>Process>InternalChange>BiologicalProcess\tsemld_list=sumo:Entity", "id": "ODENTITY_BIOLOGICAL_PROCESS", "form": "watch"}, {"info": "sementity/id=ODENTITY_INVESTIGATING@type=Top>Process>IntentionalProcess>IntentionalPsychologicalProcess>Investigating\tsemld_list=sumo:IntentionalProcess", "id": "ODENTITY_INVESTIGATING", "form": "watch"}], "id": "2"}, {"endp": "14", "style": {"isItalics": "no", "isUnderlined": "no", "isTitle": "no", "isBold": "no"}, "token_list": [{"endp": "14", "style": {"isItalics": "no", "isUnderlined": "no", "isTitle": "no", "isBold": "no"}, "inip": "13", "form": "TV", "quote_level": "0", "affected_by_negation": "no", "separation": "1", "analysis_list": [{"lemma": "TV", "tag": "NC-S-S-", "original_form": "TV"}], "id": "3"}], "separation": "1", "form": "TV", "quote_level": "0", "head": "3", "affected_by_negation": "no", "inip": "13", "analysis_list": [{"lemma": "TV", "tag": "GN-S3---", "original_form": "TV"}], "type": "phrase", "id": "26"}, {"endp": "53", "style": {"isItalics": "no", "isUnderlined": "no", "isTitle": "no", "isBold": "no"}, "token_list": [{"endp": "20", "style": {"isItalics": "no", "isUnderlined": "no", "isTitle": "no", "isBold": "no"}, "inip": "16", "form": "while", "quote_level": "0", "affected_by_negation": "no", "separation": "1", "analysis_list": [{"lemma": "while", "tag": "CSCN5", "original_form": "while"}, {"lemma": "while", "tag": "CSIN5", "original_form": "while"}], "id": "4"}, {"endp": "27", "style": {"isItalics": "no", "isUnderlined": "no", "isTitle": "no", "isBold": "no"}, "token_list": [{"endp": "27", "style": {"isItalics": "no", "isUnderlined": "no", "isTitle": "no", "isBold": "no"}, "inip": "22", "form": "George", "quote_level": "0", "affected_by_negation": "no", "separation": "1", "analysis_list": [{"lemma": "George", "tag": "NPUU-N-", "sense_id_list": [{"sense_id": "__3963275184705949731"}], "original_form": "George"}], "sense_list": [{"info": "sementity/class=instance@fiction=nonfiction@type=Top>Person@confidence=uncertain", "id": "__3963275184705949731", "form": "George"}], "id": "5"}], "separation": "1", "form": "George", "quote_level": "0", "head": "5", "affected_by_negation": "no", "inip": "22", "analysis_list": [{"lemma": "George", "tag": "GNUU3---", "original_form": "George"}], "type": "phrase", "id": "27"}, {"endp": "36", "style": {"isItalics": "no", "isUnderlined": "no", "isTitle": "no", "isBold": "no"}, "separation": "1", "form": "went out", "quote_level": "0", "head": "6", "syntactic_tree_relation_list": [{"type": "iof_isSubject", "id": "25"}], "affected_by_negation": "no", "inip": "29", "analysis_list": [{"lemma": "go out", "tag": "VI-UUASA-N-N4", "original_form": "went out"}], "type": "multiword", "id": "20"}, {"endp": "43", "style": {"isItalics": "no", "isUnderlined": "no", "isTitle": "no", "isBold": "no"}, "separation": "1", "form": "to buy", "quote_level": "0", "head": "9", "syntactic_tree_relation_list": [{"type": "iof_isDirectObject", "id": "29"}], "affected_by_negation": "no", "inip": "38", "analysis_list": [{"lemma": "buy", "tag": "VF---OSA-N-N6", "original_form": "to buy"}], "type": "multiword", "id": "28"}, {"endp": "53", "style": {"isItalics": "no", "isUnderlined": "no", "isTitle": "no", "isBold": "no"}, "token_list": [{"endp": "53", "style": {"isItalics": "no", "isUnderlined": "no", "isTitle": "no", "isBold": "no"}, "inip": "45", "form": "groceries", "quote_level": "0", "affected_by_negation": "no", "separation": "1", "analysis_list": [{"lemma": "groceries", "tag": "NC-P-N-", "original_form": "groceries"}, {"lemma": "grocery", "tag": "NC-P-N-", "original_form": "groceries"}], "id": "10"}], "separation": "1", "form": "groceries", "quote_level": "0", "head": "10", "syntactic_tree_relation_list": [{"type": "isDirectObject", "id": "28"}], "affected_by_negation": "no", "inip": "45", "analysis_list": [{"lemma": "groceries", "tag": "GN-P3D--", "original_form": "groceries"}, {"lemma": "grocery", "tag": "GN-P3D--", "original_form": "groceries"}], "type": "phrase", "id": "29"}], "separation": "1", "form": "while George went out to buy groceries", "quote_level": "0", "syntactic_tree_relation_list": [{"type": "isTimeComplement", "id": "2"}], "affected_by_negation": "no", "inip": "16", "analysis_list": [{"lemma": "*", "tag": "ZE---TIA----", "original_form": "while George went out to buy groceries"}], "type": "phrase", "id": "30"}], "separation": "_", "form": "Fred watched TV while George went out to buy groceries", "quote_level": "0", "affected_by_negation": "no", "inip": "0", "analysis_list": [{"lemma": "*", "tag": "Z-----------", "original_form": "Fred watched TV while George went out to buy groceries"}], "type": "phrase", "id": "31"}, {"endp": "54", "style": {"isItalics": "no", "isUnderlined": "no", "isTitle": "no", "isBold": "no"}, "inip": "54", "form": ".", "quote_level": "0", "affected_by_negation": "no", "separation": "A", "analysis_list": [{"lemma": ".", "tag": "1D--", "original_form": "."}], "id": "11"}], "inip": "0", "quote_level": "0", "affected_by_negation": "no", "separation": "A", "type": "sentence", "id": "21"}, {"endp": "81", "style": {"isItalics": "no", "isUnderlined": "no", "isTitle": "no", "isBold": "no"}, "token_list": [{"endp": "80", "style": {"isItalics": "no", "isUnderlined": "no", "isTitle": "no", "isBold": "no"}, "token_list": [{"endp": "80", "style": {"isItalics": "no", "isUnderlined": "no", "isTitle": "no", "isBold": "no"}, "token_list": [{"endp": "60", "style": {"isItalics": "no", "isUnderlined": "no", "isTitle": "no", "isBold": "no"}, "inip": "56", "form": "After", "quote_level": "0", "affected_by_negation": "no", "separation": "1", "analysis_list": [{"lemma": "after", "tag": "YN6", "original_form": "after"}], "id": "12"}, {"endp": "68", "style": {"isItalics": "no", "isUnderlined": "no", "isTitle": "no", "isBold": "no"}, "token_list": [{"endp": "63", "style": {"isItalics": "no", "isUnderlined": "no", "isTitle": "no", "isBold": "no"}, "inip": "62", "form": "an", "quote_level": "0", "affected_by_negation": "no", "separation": "1", "analysis_list": [{"lemma": "an", "tag": "QD-SPN8", "original_form": "an"}], "id": "13"}, {"endp": "68", "style": {"isItalics": "no", "isUnderlined": "no", "isTitle": "no", "isBold": "no"}, "inip": "65", "form": "hour", "quote_level": "0", "affected_by_negation": "no", "separation": "1", "analysis_list": [{"lemma": "hour", "tag": "NC-S-N6", "sense_id_list": [{"sense_id": "f51cc6c9e3"}], "original_form": "hour"}], "sense_list": [{"info": "sementity/class=class@fiction=nonfiction@id=ODENTITY_PERIOD@type=Top>Timex>Period\tsemld_list=sumo:TimeInterval", "id": "f51cc6c9e3", "form": "hour"}], "id": "14"}], "separation": "1", "form": "an hour", "quote_level": "0", "head": "14", "affected_by_negation": "no", "inip": "62", "analysis_list": [{"lemma": "hour", "tag": "GN-S3T--", "original_form": "an hour"}], "type": "phrase", "id": "32", "normalized_form": "date@|||||||+1|||"}, {"endp": "80", "style": {"isItalics": "no", "isUnderlined": "no", "isTitle": "no", "isBold": "no"}, "token_list": [{"endp": "71", "style": {"isItalics": "no", "isUnderlined": "no", "isTitle": "no", "isBold": "no"}, "token_list": [{"endp": "71", "style": {"isItalics": "no", "isUnderlined": "no", "isTitle": "no", "isBold": "no"}, "inip": "70", "form": "he", "quote_level": "0", "affected_by_negation": "no", "separation": "1", "analysis_list": [{"lemma": "he", "tag": "PPMS3NN8", "sense_id_list": [{"sense_id": "PRONHUMAN"}], "original_form": "he"}], "sense_list": [{"info": "semhum=human", "id": "PRONHUMAN", "form": "he"}], "id": "15"}], "separation": "1", "form": "he", "quote_level": "0", "head": "15", "syntactic_tree_relation_list": [{"type": "isAnaphora", "id": "25"}], "affected_by_negation": "no", "inip": "70", "analysis_list": [{"lemma": "he", "tag": "GNMS3---", "original_form": "he"}], "type": "phrase", "id": "33"}, {"endp": "75", "style": {"isItalics": "no", "isUnderlined": "no", "isTitle": "no", "isBold": "no"}, "inip": "73", "form": "got", "quote_level": "0", "syntactic_tree_relation_list": [{"type": "iof_isSubject", "id": "25"}, {"type": "iof_isLocationComplement", "id": "34"}], "affected_by_negation": "no", "separation": "1", "analysis_list": [{"lemma": "get", "tag": "VI-UUASA-N-N7", "original_form": "got"}], "id": "16"}, {"endp": "80", "style": {"isItalics": "no", "isUnderlined": "no", "isTitle": "no", "isBold": "no"}, "token_list": [{"endp": "80", "style": {"isItalics": "no", "isUnderlined": "no", "isTitle": "no", "isBold": "no"}, "inip": "77", "form": "back", "quote_level": "0", "affected_by_negation": "no", "separation": "1", "analysis_list": [{"lemma": "back", "tag": "ENLPN4", "original_form": "back"}, {"lemma": "back", "tag": "ENOPN4", "original_form": "back"}], "id": "17"}], "separation": "1", "form": "back", "quote_level": "0", "head": "17", "syntactic_tree_relation_list": [{"type": "isLocationComplement", "id": "16"}], "affected_by_negation": "no", "inip": "77", "analysis_list": [{"lemma": "back", "tag": "GEL--L--", "original_form": "back"}, {"lemma": "back", "tag": "GEO--L--", "original_form": "back"}], "type": "phrase", "id": "34"}], "separation": "1", "form": "he got back", "quote_level": "0", "affected_by_negation": "no", "inip": "70", "analysis_list": [{"lemma": "*", "tag": "ZA----IA----", "original_form": "he got back"}], "type": "phrase", "id": "36"}], "separation": "1", "form": "After an hour he got back", "quote_level": "0", "head": "12", "affected_by_negation": "no", "inip": "56", "analysis_list": [{"lemma": "after", "tag": "GY---T--", "original_form": "After an hour"}], "type": "phrase", "id": "35", "normalized_form": "date@|||||||+1|||"}], "separation": "1", "form": "After an hour he got back", "quote_level": "0", "affected_by_negation": "no", "inip": "56", "analysis_list": [{"lemma": "*", "tag": "Z-----------", "original_form": "After an hour he got back"}], "type": "phrase", "id": "37"}, {"endp": "81", "style": {"isItalics": "no", "isUnderlined": "no", "isTitle": "no", "isBold": "no"}, "inip": "81", "form": ".", "quote_level": "0", "affected_by_negation": "no", "separation": "A", "analysis_list": [{"lemma": ".", "tag": "1D--", "original_form": "."}], "id": "18"}], "inip": "56", "quote_level": "0", "affected_by_negation": "no", "separation": "A", "type": "sentence", "id": "23"}]}