{"status": {"msg": "OK", "credits": "1", "remaining_credits": "39777", "code": "0"}, "token_list": [{"endp": "89", "style": {"isItalics": "no", "isUnderlined": "no", "isTitle": "no", "isBold": "no"}, "token_list": [{"endp": "38", "style": {"isItalics": "no", "isUnderlined": "no", "isTitle": "no", "isBold": "no"}, "token_list": [{"endp": "3", "style": {"isItalics": "no", "isUnderlined": "no", "isTitle": "no", "isBold": "no"}, "token_list": [{"endp": "3", "style": {"isItalics": "no", "isUnderlined": "no", "isTitle": "no", "isBold": "no"}, "inip": "0", "form": "Fred", "quote_level": "0", "affected_by_negation": "no", "separation": "_", "analysis_list": [{"lemma": "Fred", "tag": "NPUU-N-", "sense_id_list": [{"sense_id": "__2902721659712563614"}], "original_form": "Fred"}], "sense_list": [{"info": "sementity/class=instance@fiction=nonfiction@type=Top>Person@confidence=uncertain", "id": "__2902721659712563614", "form": "Fred"}], "id": "1"}], "separation": "_", "form": "Fred", "quote_level": "0", "head": "1", "syntactic_tree_relation_list": [{"type": "isSubject", "id": "42"}, {"type": "isSubject", "id": "43"}, {"type": "iof_isAnaphora", "id": "55"}, {"type": "iof_isAnaphora", "id": "54"}, {"type": "iof_isAnaphora", "id": "53"}, {"type": "iof_isAnaphora", "id": "66"}, {"type": "iof_isPossessor", "id": "64"}, {"type": "iof_isAnaphora", "id": "65"}], "affected_by_negation": "no", "inip": "0", "analysis_list": [{"lemma": "Fred", "tag": "GNUS3S--", "original_form": "Fred"}], "type": "phrase", "id": "48"}, {"endp": "16", "style": {"isItalics": "no", "isUnderlined": "no", "isTitle": "no", "isBold": "no"}, "separation": "1", "form": "was supposed", "quote_level": "0", "head": "2", "syntactic_tree_relation_list": [{"type": "iof_isSubject", "id": "48"}], "affected_by_negation": "no", "inip": "5", "analysis_list": [{"lemma": "suppose", "tag": "VI-S3ASP-N-N9", "original_form": "was supposed"}], "type": "multiword", "id": "43"}, {"endp": "23", "style": {"isItalics": "no", "isUnderlined": "no", "isTitle": "no", "isBold": "no"}, "separation": "1", "form": "to run", "quote_level": "0", "head": "5", "syntactic_tree_relation_list": [{"type": "iof_isDirectObject", "id": "50"}], "affected_by_negation": "no", "inip": "18", "analysis_list": [{"lemma": "run", "tag": "VF---OSA-N-N5", "original_form": "to run"}], "type": "multiword", "id": "49"}, {"endp": "38", "style": {"isItalics": "no", "isUnderlined": "no", "isTitle": "no", "isBold": "no"}, "token_list": [{"endp": "27", "style": {"isItalics": "no", "isUnderlined": "no", "isTitle": "no", "isBold": "no"}, "inip": "25", "form": "the", "quote_level": "0", "affected_by_negation": "no", "separation": "1", "analysis_list": [{"lemma": "the", "tag": "TD-SN9", "original_form": "the"}], "id": "6"}, {"endp": "38", "style": {"isItalics": "no", "isUnderlined": "no", "isTitle": "no", "isBold": "no"}, "inip": "29", "form": "dishwasher", "quote_level": "0", "affected_by_negation": "no", "separation": "1", "analysis_list": [{"lemma": "dishwasher", "tag": "NC-S-N-", "sense_id_list": [{"sense_id": "7f4416d91d"}, {"sense_id": "38827a94a0"}], "original_form": "dishwasher"}], "sense_list": [{"info": "sementity/class=class@fiction=nonfiction@id=ODENTITY_PRODUCT@type=Top>Product\tsemld_list=sumo:Artifact", "id": "38827a94a0", "form": "dishwasher"}, {"info": "sementity/class=class@fiction=nonfiction@id=ODENTITY_VOCATION@type=Top>OtherEntity>Vocation\tsemld_list=sumo:Position", "id": "7f4416d91d", "form": "dishwasher"}], "id": "7"}], "separation": "1", "form": "the dishwasher", "quote_level": "0", "head": "7", "syntactic_tree_relation_list": [{"type": "isDirectObject", "id": "49"}], "affected_by_negation": "no", "inip": "25", "analysis_list": [{"lemma": "dishwasher", "tag": "GN-S3D--", "original_form": "the dishwasher"}], "type": "phrase", "id": "50"}], "separation": "_", "form": "Fred was supposed to run the dishwasher", "quote_level": "0", "affected_by_negation": "no", "inip": "0", "analysis_list": [{"lemma": "*", "tag": "ZC----------", "original_form": "Fred was supposed to run the dishwasher"}], "type": "phrase", "id": "59"}, {"endp": "39", "style": {"isItalics": "no", "isUnderlined": "no", "isTitle": "no", "isBold": "no"}, "inip": "39", "form": ",", "quote_level": "0", "affected_by_negation": "no", "separation": "A", "analysis_list": [{"lemma": ",", "tag": "1D--", "original_form": ","}], "id": "8"}, {"endp": "43", "style": {"isItalics": "no", "isUnderlined": "no", "isTitle": "no", "isBold": "no"}, "inip": "41", "form": "but", "quote_level": "0", "affected_by_negation": "no", "separation": "1", "analysis_list": [{"lemma": "but", "tag": "CCAN8", "original_form": "but"}], "id": "9"}, {"endp": "57", "style": {"isItalics": "no", "isUnderlined": "no", "isTitle": "no", "isBold": "no"}, "token_list": [{"endp": "46", "style": {"isItalics": "no", "isUnderlined": "no", "isTitle": "no", "isBold": "no"}, "token_list": [{"endp": "46", "style": {"isItalics": "no", "isUnderlined": "no", "isTitle": "no", "isBold": "no"}, "inip": "45", "form": "he", "quote_level": "0", "affected_by_negation": "no", "separation": "1", "analysis_list": [{"lemma": "he", "tag": "PPMS3NN8", "sense_id_list": [{"sense_id": "PRONHUMAN"}], "original_form": "he"}], "sense_list": [{"info": "semhum=human", "id": "PRONHUMAN", "form": "he"}], "id": "10"}], "separation": "1", "form": "he", "quote_level": "0", "head": "10", "syntactic_tree_relation_list": [{"type": "isAnaphora", "id": "48"}, {"type": "isSubject", "id": "11"}], "affected_by_negation": "no", "inip": "45", "analysis_list": [{"lemma": "he", "tag": "GNMS3S--", "original_form": "he"}], "type": "phrase", "id": "55"}, {"endp": "50", "style": {"isItalics": "no", "isUnderlined": "no", "isTitle": "no", "isBold": "no"}, "inip": "48", "form": "put", "quote_level": "0", "syntactic_tree_relation_list": [{"type": "iof_isSubject", "id": "55"}, {"type": "iof_isDirectObject", "id": "54"}, {"type": "iof_isLocationComplement", "id": "56"}, {"type": "iof_isComplement", "id": "58"}], "affected_by_negation": "no", "separation": "1", "analysis_list": [{"lemma": "put", "tag": "VI-S3ASA-N-N7", "sense_id_list": [{"sense_id": "ODENTITY_COMMUNICATION_PROCESS"}, {"sense_id": "ODENTITY_CONTENT_DEVELOPMENT"}, {"sense_id": "ODENTITY_TRANSACTION"}, {"sense_id": "ODENTITY_INTENTIONAL_PROCESS"}, {"sense_id": "ODENTITY_INTENTIONAL_PSYCHOLOGICAL_PROCESS"}, {"sense_id": "ODENTITY_PROCESS"}, {"sense_id": "ODENTITY_REASONING"}], "original_form": "put"}], "sense_list": [{"info": "sementity/id=ODENTITY_COMMUNICATION_PROCESS@type=Top>Process>ContentBearingProcess>CommunicationProcess\tsemld_list=sumo:Entity", "id": "ODENTITY_COMMUNICATION_PROCESS", "form": "put"}, {"info": "sementity/id=ODENTITY_CONTENT_DEVELOPMENT@type=Top>Process>IntentionalProcess>ContentDevelopment\tsemld_list=sumo:IntentionalProcess", "id": "ODENTITY_CONTENT_DEVELOPMENT", "form": "put"}, {"info": "sementity/id=ODENTITY_INTENTIONAL_PROCESS@type=Top>Process>IntentionalProcess\tsemld_list=sumo:IntentionalProcess", "id": "ODENTITY_INTENTIONAL_PROCESS", "form": "put"}, {"info": "sementity/id=ODENTITY_INTENTIONAL_PSYCHOLOGICAL_PROCESS@type=Top>Process>IntentionalProcess>IntentionalPsychologicalProcess\tsemld_list=sumo:IntentionalProcess", "id": "ODENTITY_INTENTIONAL_PSYCHOLOGICAL_PROCESS", "form": "put"}, {"info": "sementity/id=ODENTITY_PROCESS@type=Top>Process\tsemld_list=sumo:Entity", "id": "ODENTITY_PROCESS", "form": "put"}, {"info": "sementity/id=ODENTITY_REASONING@type=Top>Process>IntentionalProcess>IntentionalPsychologicalProcess>Reasoning\tsemld_list=sumo:IntentionalProcess", "id": "ODENTITY_REASONING", "form": "put"}, {"info": "sementity/id=ODENTITY_TRANSACTION@type=Top>Process>DualObjectProcess>Transaction\tsemld_list=sumo:Entity", "id": "ODENTITY_TRANSACTION", "form": "put"}], "id": "11"}, {"endp": "53", "style": {"isItalics": "no", "isUnderlined": "no", "isTitle": "no", "isBold": "no"}, "token_list": [{"endp": "53", "style": {"isItalics": "no", "isUnderlined": "no", "isTitle": "no", "isBold": "no"}, "inip": "52", "form": "it", "quote_level": "0", "affected_by_negation": "no", "separation": "1", "analysis_list": [{"lemma": "it", "tag": "PP-S3AN8", "sense_id_list": [{"sense_id": "PRONNONHUMAN"}], "original_form": "it"}], "sense_list": [{"info": "semhum=nonhuman", "id": "PRONNONHUMAN", "form": "it"}], "id": "12"}], "separation": "1", "form": "it", "quote_level": "0", "head": "12", "syntactic_tree_relation_list": [{"type": "isAnaphora", "id": "48"}, {"type": "isDirectObject", "id": "11"}], "affected_by_negation": "no", "inip": "52", "analysis_list": [{"lemma": "it", "tag": "GN-S3D--", "original_form": "it"}], "type": "phrase", "id": "54"}, {"endp": "57", "style": {"isItalics": "no", "isUnderlined": "no", "isTitle": "no", "isBold": "no"}, "token_list": [{"endp": "57", "style": {"isItalics": "no", "isUnderlined": "no", "isTitle": "no", "isBold": "no"}, "inip": "55", "form": "off", "quote_level": "0", "affected_by_negation": "no", "separation": "1", "analysis_list": [{"lemma": "off", "tag": "ENLPN6", "original_form": "off"}], "id": "13"}], "separation": "1", "form": "off", "quote_level": "0", "head": "13", "syntactic_tree_relation_list": [{"type": "isLocationComplement", "id": "11"}], "affected_by_negation": "no", "inip": "55", "analysis_list": [{"lemma": "off", "tag": "GEL--L--", "original_form": "off"}], "type": "phrase", "id": "56"}], "separation": "1", "form": "he put it off", "quote_level": "0", "affected_by_negation": "no", "inip": "45", "analysis_list": [{"lemma": "*", "tag": "ZC----------", "original_form": "he put it off"}], "type": "phrase", "id": "60"}, {"endp": "58", "style": {"isItalics": "no", "isUnderlined": "no", "isTitle": "no", "isBold": "no"}, "inip": "58", "form": ",", "quote_level": "0", "affected_by_negation": "no", "separation": "A", "analysis_list": [{"lemma": ",", "tag": "1D--", "original_form": ","}], "id": "14"}, {"endp": "88", "style": {"isItalics": "no", "isUnderlined": "no", "isTitle": "no", "isBold": "no"}, "token_list": [{"endp": "66", "style": {"isItalics": "no", "isUnderlined": "no", "isTitle": "no", "isBold": "no"}, "inip": "60", "form": "because", "quote_level": "0", "affected_by_negation": "no", "separation": "1", "analysis_list": [{"lemma": "because", "tag": "CSPN7", "original_form": "because"}], "id": "15"}, {"endp": "69", "style": {"isItalics": "no", "isUnderlined": "no", "isTitle": "no", "isBold": "no"}, "token_list": [{"endp": "69", "style": {"isItalics": "no", "isUnderlined": "no", "isTitle": "no", "isBold": "no"}, "inip": "68", "form": "he", "quote_level": "0", "affected_by_negation": "no", "separation": "1", "analysis_list": [{"lemma": "he", "tag": "PPMS3NN8", "sense_id_list": [{"sense_id": "PRONHUMAN"}], "original_form": "he"}], "sense_list": [{"info": "semhum=human", "id": "PRONHUMAN", "form": "he"}], "id": "16"}], "separation": "1", "form": "he", "quote_level": "0", "head": "16", "syntactic_tree_relation_list": [{"type": "isAnaphora", "id": "48"}, {"type": "isSubject", "id": "17"}], "affected_by_negation": "no", "inip": "68", "analysis_list": [{"lemma": "he", "tag": "GNMS3S--", "original_form": "he"}], "type": "phrase", "id": "53"}, {"endp": "76", "style": {"isItalics": "no", "isUnderlined": "no", "isTitle": "no", "isBold": "no"}, "inip": "71", "form": "wanted", "quote_level": "0", "syntactic_tree_relation_list": [{"type": "iof_isSubject", "id": "53"}, {"type": "iof_isDirectObject", "id": "57"}], "affected_by_negation": "no", "separation": "1", "analysis_list": [{"lemma": "want", "tag": "VI-UUASA-N-N2", "sense_id_list": [{"sense_id": "ODENTITY_INTENTIONAL_PSYCHOLOGICAL_PROCESS"}, {"sense_id": "ODENTITY_LINGUISTIC_COMMUNICATION"}], "original_form": "wanted"}], "sense_list": [{"info": "sementity/id=ODENTITY_INTENTIONAL_PSYCHOLOGICAL_PROCESS@type=Top>Process>IntentionalProcess>IntentionalPsychologicalProcess\tsemld_list=sumo:IntentionalProcess", "id": "ODENTITY_INTENTIONAL_PSYCHOLOGICAL_PROCESS", "form": "want"}, {"info": "sementity/id=ODENTITY_LINGUISTIC_COMMUNICATION@type=Top>Process>ContentBearingProcess>CommunicationProcess>LinguisticCommunication\tsemld_list=sumo:Entity", "id": "ODENTITY_LINGUISTIC_COMMUNICATION", "form": "want"}], "id": "17"}, {"endp": "88", "style": {"isItalics": "no", "isUnderlined": "no", "isTitle": "no", "isBold": "no"}, "token_list": [{"endp": "85", "style": {"isItalics": "no", "isUnderlined": "no", "isTitle": "no", "isBold": "no"}, "separation": "1", "form": "to watch", "quote_level": "0", "head": "19", "syntactic_tree_relation_list": [{"type": "iof_isDirectObject", "id": "52"}], "affected_by_negation": "no", "inip": "78", "analysis_list": [{"lemma": "watch", "tag": "VF---OSA-N-N5", "sense_id_list": [{"sense_id": "ODENTITY_INVESTIGATING"}, {"sense_id": "ODENTITY_BIOLOGICAL_PROCESS"}], "original_form": "to watch"}], "sense_list": [{"info": "sementity/id=ODENTITY_BIOLOGICAL_PROCESS@type=Top>Process>InternalChange>BiologicalProcess\tsemld_list=sumo:Entity", "id": "ODENTITY_BIOLOGICAL_PROCESS", "form": "watch"}, {"info": "sementity/id=ODENTITY_INVESTIGATING@type=Top>Process>IntentionalProcess>IntentionalPsychologicalProcess>Investigating\tsemld_list=sumo:IntentionalProcess", "id": "ODENTITY_INVESTIGATING", "form": "watch"}], "type": "multiword", "id": "51"}, {"endp": "88", "style": {"isItalics": "no", "isUnderlined": "no", "isTitle": "no", "isBold": "no"}, "token_list": [{"endp": "88", "style": {"isItalics": "no", "isUnderlined": "no", "isTitle": "no", "isBold": "no"}, "inip": "87", "form": "TV", "quote_level": "0", "affected_by_negation": "no", "separation": "1", "analysis_list": [{"lemma": "TV", "tag": "NC-S-S-", "original_form": "TV"}], "id": "20"}], "separation": "1", "form": "TV", "quote_level": "0", "head": "20", "syntactic_tree_relation_list": [{"type": "isDirectObject", "id": "51"}], "affected_by_negation": "no", "inip": "87", "analysis_list": [{"lemma": "TV", "tag": "GN-S3D--", "original_form": "TV"}], "type": "phrase", "id": "52"}], "separation": "1", "form": "to watch TV", "quote_level": "0", "syntactic_tree_relation_list": [{"type": "isDirectObject", "id": "17"}], "affected_by_negation": "no", "inip": "78", "analysis_list": [{"lemma": "*", "tag": "ZN---DFO----", "original_form": "to watch TV"}], "type": "phrase", "id": "57"}], "separation": "1", "form": "because he wanted to watch TV", "quote_level": "0", "syntactic_tree_relation_list": [{"type": "isComplement", "id": "11"}], "affected_by_negation": "no", "inip": "60", "analysis_list": [{"lemma": "*", "tag": "ZE---CIA----", "original_form": "because he wanted to watch TV"}], "type": "phrase", "id": "58"}, {"endp": "89", "style": {"isItalics": "no", "isUnderlined": "no", "isTitle": "no", "isBold": "no"}, "inip": "89", "form": ".", "quote_level": "0", "affected_by_negation": "no", "separation": "A", "analysis_list": [{"lemma": ".", "tag": "1D--", "original_form": "."}], "id": "21"}], "inip": "0", "quote_level": "0", "affected_by_negation": "no", "separation": "A", "type": "sentence", "id": "44"}, {"endp": "168", "style": {"isItalics": "no", "isUnderlined": "no", "isTitle": "no", "isBold": "no"}, "token_list": [{"endp": "93", "style": {"isItalics": "no", "isUnderlined": "no", "isTitle": "no", "isBold": "no"}, "inip": "91", "form": "But", "quote_level": "0", "affected_by_negation": "no", "separation": "1", "analysis_list": [{"lemma": "but", "tag": "CCAN8", "original_form": "but"}], "id": "22"}, {"endp": "150", "style": {"isItalics": "no", "isUnderlined": "no", "isTitle": "no", "isBold": "no"}, "token_list": [{"endp": "102", "style": {"isItalics": "no", "isUnderlined": "no", "isTitle": "no", "isBold": "no"}, "token_list": [{"endp": "97", "style": {"isItalics": "no", "isUnderlined": "no", "isTitle": "no", "isBold": "no"}, "inip": "95", "form": "the", "quote_level": "0", "affected_by_negation": "no", "separation": "1", "analysis_list": [{"lemma": "the", "tag": "TD-SN9", "original_form": "the"}], "id": "23"}, {"endp": "102", "style": {"isItalics": "no", "isUnderlined": "no", "isTitle": "no", "isBold": "no"}, "inip": "99", "form": "show", "quote_level": "0", "affected_by_negation": "no", "separation": "1", "analysis_list": [{"lemma": "show", "tag": "NC-S-N5", "original_form": "show"}], "id": "24"}], "separation": "1", "form": "the show", "quote_level": "0", "head": "24", "syntactic_tree_relation_list": [{"type": "isSubject", "id": "25"}], "affected_by_negation": "no", "inip": "95", "analysis_list": [{"lemma": "show", "tag": "GN-S3S--", "original_form": "the show"}], "type": "phrase", "id": "61"}, {"endp": "109", "style": {"isItalics": "no", "isUnderlined": "no", "isTitle": "no", "isBold": "no"}, "inip": "104", "form": "turned", "quote_level": "0", "syntactic_tree_relation_list": [{"type": "iof_isSubject", "id": "61"}, {"type": "iof_isLocationComplement", "id": "67"}], "affected_by_negation": "no", "separation": "1", "analysis_list": [{"lemma": "turn", "tag": "VI-S3ASA-N-N5", "sense_id_list": [{"sense_id": "ODENTITY_BIOLOGICAL_PROCESS"}, {"sense_id": "ODENTITY_SURFACE_CHANGE"}, {"sense_id": "ODENTITY_DIRECTION_CHANGE"}, {"sense_id": "ODENTITY_CHANGE_OF_POSSESSION"}, {"sense_id": "ODENTITY_INTENTIONAL_PROCESS"}, {"sense_id": "ODENTITY_DAMAGING"}, {"sense_id": "ODENTITY_MOTION"}, {"sense_id": "ODENTITY_PROCESS"}, {"sense_id": "ODENTITY_TRANSFER"}, {"sense_id": "ODENTITY_LINGUISTIC_COMMUNICATION"}, {"sense_id": "ODENTITY_SHAPE_CHANGE"}], "original_form": "turned"}], "sense_list": [{"info": "sementity/id=ODENTITY_BIOLOGICAL_PROCESS@type=Top>Process>InternalChange>BiologicalProcess\tsemld_list=sumo:Entity", "id": "ODENTITY_BIOLOGICAL_PROCESS", "form": "turn"}, {"info": "sementity/id=ODENTITY_CHANGE_OF_POSSESSION@type=Top>Process>IntentionalProcess>SocialInteraction>ChangeOfPossession\tsemld_list=sumo:IntentionalProcess", "id": "ODENTITY_CHANGE_OF_POSSESSION", "form": "turn"}, {"info": "sementity/id=ODENTITY_DAMAGING@type=Top>Process>InternalChange>Damaging\tsemld_list=sumo:Entity", "id": "ODENTITY_DAMAGING", "form": "turn"}, {"info": "sementity/id=ODENTITY_DIRECTION_CHANGE@type=Top>Process>Motion>DirectionChange\tsemld_list=sumo:Entity", "id": "ODENTITY_DIRECTION_CHANGE", "form": "turn"}, {"info": "sementity/id=ODENTITY_INTENTIONAL_PROCESS@type=Top>Process>IntentionalProcess\tsemld_list=sumo:IntentionalProcess", "id": "ODENTITY_INTENTIONAL_PROCESS", "form": "turn"}, {"info": "sementity/id=ODENTITY_LINGUISTIC_COMMUNICATION@type=Top>Process>ContentBearingProcess>CommunicationProcess>LinguisticCommunication\tsemld_list=sumo:Entity", "id": "ODENTITY_LINGUISTIC_COMMUNICATION", "form": "turn"}, {"info": "sementity/id=ODENTITY_MOTION@type=Top>Process>Motion\tsemld_list=sumo:Entity", "id": "ODENTITY_MOTION", "form": "turn"}, {"info": "sementity/id=ODENTITY_PROCESS@type=Top>Process\tsemld_list=sumo:Entity", "id": "ODENTITY_PROCESS", "form": "turn"}, {"info": "sementity/id=ODENTITY_SHAPE_CHANGE@type=Top>Process>InternalChange>ShapeChange\tsemld_list=sumo:Entity", "id": "ODENTITY_SHAPE_CHANGE", "form": "turn"}, {"info": "sementity/id=ODENTITY_SURFACE_CHANGE@type=Top>Process>InternalChange>SurfaceChange\tsemld_list=sumo:Entity", "id": "ODENTITY_SURFACE_CHANGE", "form": "turn"}, {"info": "sementity/id=ODENTITY_TRANSFER@type=Top>Process>Motion>Translocation>Transfer\tsemld_list=sumo:Entity", "id": "ODENTITY_TRANSFER", "form": "turn"}], "id": "25"}, {"endp": "113", "style": {"isItalics": "no", "isUnderlined": "no", "isTitle": "no", "isBold": "no"}, "token_list": [{"endp": "113", "style": {"isItalics": "no", "isUnderlined": "no", "isTitle": "no", "isBold": "no"}, "inip": "111", "form": "out", "quote_level": "0", "affected_by_negation": "no", "separation": "1", "analysis_list": [{"lemma": "out", "tag": "ENLPN4", "original_form": "out"}], "id": "26"}], "separation": "1", "form": "out", "quote_level": "0", "head": "26", "syntactic_tree_relation_list": [{"type": "isLocationComplement", "id": "25"}], "affected_by_negation": "no", "inip": "111", "analysis_list": [{"lemma": "out", "tag": "GEL--L--", "original_form": "out"}], "type": "phrase", "id": "67"}, {"endp": "119", "style": {"isItalics": "no", "isUnderlined": "no", "isTitle": "no", "isBold": "no"}, "separation": "1", "form": "to be", "quote_level": "0", "head": "28", "syntactic_tree_relation_list": [{"type": "iof_isComplement", "id": "68"}], "affected_by_negation": "no", "inip": "115", "analysis_list": [{"lemma": "be", "tag": "VF---OSA-N-N9", "original_form": "to be"}], "type": "multiword", "id": "62"}, {"endp": "126", "style": {"isItalics": "no", "isUnderlined": "no", "isTitle": "no", "isBold": "no"}, "token_list": [{"endp": "126", "style": {"isItalics": "no", "isUnderlined": "no", "isTitle": "no", "isBold": "no"}, "inip": "121", "form": "boring", "quote_level": "0", "affected_by_negation": "no", "separation": "1", "analysis_list": [{"lemma": "boring", "tag": "AP-N4", "original_form": "boring"}], "id": "29"}], "separation": "1", "form": "boring", "quote_level": "0", "head": "29", "affected_by_negation": "no", "inip": "121", "analysis_list": [{"lemma": "boring", "tag": "GA------", "original_form": "boring"}], "type": "phrase", "id": "63"}, {"endp": "127", "style": {"isItalics": "no", "isUnderlined": "no", "isTitle": "no", "isBold": "no"}, "inip": "127", "form": ",", "quote_level": "0", "affected_by_negation": "no", "separation": "A", "analysis_list": [{"lemma": ",", "tag": "1D--", "original_form": ","}], "id": "30"}, {"endp": "150", "style": {"isItalics": "no", "isUnderlined": "no", "isTitle": "no", "isBold": "no"}, "token_list": [{"endp": "130", "style": {"isItalics": "no", "isUnderlined": "no", "isTitle": "no", "isBold": "no"}, "inip": "129", "form": "so", "quote_level": "0", "affected_by_negation": "no", "separation": "1", "analysis_list": [{"lemma": "so", "tag": "CSLN7", "original_form": "so"}, {"lemma": "so", "tag": "CSFN7", "original_form": "so"}], "id": "31"}, {"endp": "133", "style": {"isItalics": "no", "isUnderlined": "no", "isTitle": "no", "isBold": "no"}, "token_list": [{"endp": "133", "style": {"isItalics": "no", "isUnderlined": "no", "isTitle": "no", "isBold": "no"}, "inip": "132", "form": "he", "quote_level": "0", "affected_by_negation": "no", "separation": "1", "analysis_list": [{"lemma": "he", "tag": "PPMS3NN8", "sense_id_list": [{"sense_id": "PRONHUMAN"}], "original_form": "he"}], "sense_list": [{"info": "semhum=human", "id": "PRONHUMAN", "form": "he"}], "id": "32"}], "separation": "1", "form": "he", "quote_level": "0", "head": "32", "syntactic_tree_relation_list": [{"type": "isAnaphora", "id": "48"}, {"type": "isSubject", "id": "33"}], "affected_by_negation": "no", "inip": "132", "analysis_list": [{"lemma": "he", "tag": "GNMS3S--", "original_form": "he"}], "type": "phrase", "id": "66"}, {"endp": "141", "style": {"isItalics": "no", "isUnderlined": "no", "isTitle": "no", "isBold": "no"}, "inip": "135", "form": "changed", "quote_level": "0", "syntactic_tree_relation_list": [{"type": "iof_isSubject", "id": "66"}], "affected_by_negation": "no", "separation": "1", "analysis_list": [{"lemma": "change", "tag": "VI-UUASA-N-N6", "sense_id_list": [{"sense_id": "ODENTITY_DECREASING"}, {"sense_id": "ODENTITY_MOTION"}, {"sense_id": "ODENTITY_PROCESS"}, {"sense_id": "ODENTITY_TRANSLOCATION"}, {"sense_id": "ODENTITY_TRANSFER"}, {"sense_id": "ODENTITY_TRANSACTION"}], "original_form": "changed"}], "sense_list": [{"info": "sementity/id=ODENTITY_DECREASING@type=Top>Process>InternalChange>QuantityChange>Decreasing\tsemld_list=sumo:Entity", "id": "ODENTITY_DECREASING", "form": "change"}, {"info": "sementity/id=ODENTITY_MOTION@type=Top>Process>Motion\tsemld_list=sumo:Entity", "id": "ODENTITY_MOTION", "form": "change"}, {"info": "sementity/id=ODENTITY_PROCESS@type=Top>Process\tsemld_list=sumo:Entity", "id": "ODENTITY_PROCESS", "form": "change"}, {"info": "sementity/id=ODENTITY_TRANSACTION@type=Top>Process>DualObjectProcess>Transaction\tsemld_list=sumo:Entity", "id": "ODENTITY_TRANSACTION", "form": "change"}, {"info": "sementity/id=ODENTITY_TRANSFER@type=Top>Process>Motion>Translocation>Transfer\tsemld_list=sumo:Entity", "id": "ODENTITY_TRANSFER", "form": "change"}, {"info": "sementity/id=ODENTITY_TRANSLOCATION@type=Top>Process>Motion>Translocation\tsemld_list=sumo:Entity", "id": "ODENTITY_TRANSLOCATION", "form": "change"}], "id": "33"}, {"endp": "150", "style": {"isItalics": "no", "isUnderlined": "no", "isTitle": "no", "isBold": "no"}, "token_list": [{"endp": "145", "style": {"isItalics": "no", "isUnderlined": "no", "isTitle": "no", "isBold": "no"}, "inip": "143", "form": "his", "quote_level": "0", "affected_by_negation": "no", "separation": "1", "analysis_list": [{"lemma": "his", "tag": "SD-SMS3N5", "sense_id_list": [{"sense_id": "PRONHUMAN"}], "original_form": "his"}], "sense_list": [{"info": "semhum=human", "id": "PRONHUMAN", "form": "his"}], "id": "34"}, {"endp": "150", "style": {"isItalics": "no", "isUnderlined": "no", "isTitle": "no", "isBold": "no"}, "inip": "147", "form": "mind", "quote_level": "0", "affected_by_negation": "no", "separation": "1", "analysis_list": [{"lemma": "mind", "tag": "NC-S-N5", "original_form": "mind"}], "id": "35"}], "separation": "1", "form": "his mind", "quote_level": "0", "head": "35", "syntactic_tree_relation_list": [{"type": "isPossessor", "id": "48"}], "affected_by_negation": "no", "inip": "143", "analysis_list": [{"lemma": "mind", "tag": "GN-S3---", "original_form": "his mind"}], "type": "phrase", "id": "64"}], "separation": "1", "form": "so he changed his mind", "quote_level": "0", "syntactic_tree_relation_list": [{"type": "isComplement", "id": "62"}], "affected_by_negation": "no", "inip": "129", "analysis_list": [{"lemma": "*", "tag": "ZE---CIA----", "original_form": "so he changed his mind"}], "type": "phrase", "id": "68"}], "separation": "1", "form": "the show turned out to be boring, so he changed his mind", "quote_level": "0", "affected_by_negation": "no", "inip": "95", "analysis_list": [{"lemma": "*", "tag": "ZC----------", "original_form": "the show turned out to be boring, so he changed his mind"}], "type": "phrase", "id": "69"}, {"endp": "154", "style": {"isItalics": "no", "isUnderlined": "no", "isTitle": "no", "isBold": "no"}, "inip": "152", "form": "and", "quote_level": "0", "affected_by_negation": "no", "separation": "1", "analysis_list": [{"lemma": "and", "tag": "CCYN9", "original_form": "and"}], "id": "36"}, {"endp": "164", "style": {"isItalics": "no", "isUnderlined": "no", "isTitle": "no", "isBold": "no"}, "token_list": [{"endp": "167", "style": {"isItalics": "no", "isUnderlined": "no", "isTitle": "no", "isBold": "no"}, "separation": "1", "form": "turned on", "quote_level": "0", "head": "37", "syntactic_tree_relation_list": [{"type": "iof_isSubject", "id": "48"}, {"type": "iof_isDirectObject", "id": "65"}], "affected_by_negation": "no", "inip": "156", "analysis_list": [{"lemma": "turn on", "tag": "VP---ASA-N-N5", "original_form": "turned on"}, {"lemma": "turn on", "tag": "VI-UUASA-N-N5", "original_form": "turned on"}], "type": "multiword", "id": "42"}, {"endp": "164", "style": {"isItalics": "no", "isUnderlined": "no", "isTitle": "no", "isBold": "no"}, "token_list": [{"endp": "164", "style": {"isItalics": "no", "isUnderlined": "no", "isTitle": "no", "isBold": "no"}, "inip": "163", "form": "it", "quote_level": "0", "affected_by_negation": "no", "separation": "1", "analysis_list": [{"lemma": "it", "tag": "PP-S3AN8", "sense_id_list": [{"sense_id": "PRONNONHUMAN"}], "original_form": "it"}], "sense_list": [{"info": "semhum=nonhuman", "id": "PRONNONHUMAN", "form": "it"}], "id": "38"}], "separation": "1", "form": "it", "quote_level": "0", "head": "38", "syntactic_tree_relation_list": [{"type": "isAnaphora", "id": "48"}, {"type": "isDirectObject", "id": "42"}], "affected_by_negation": "no", "inip": "163", "analysis_list": [{"lemma": "it", "tag": "GN-S3D--", "original_form": "it"}], "type": "phrase", "id": "65"}], "separation": "1", "form": "turned on it", "quote_level": "0", "affected_by_negation": "no", "inip": "156", "analysis_list": [{"lemma": "*", "tag": "ZC----------", "original_form": "turned on it"}], "type": "phrase", "id": "70"}, {"endp": "168", "style": {"isItalics": "no", "isUnderlined": "no", "isTitle": "no", "isBold": "no"}, "inip": "168", "form": ".", "quote_level": "0", "affected_by_negation": "no", "separation": "A", "analysis_list": [{"lemma": ".", "tag": "1D--", "original_form": "."}], "id": "40"}], "inip": "91", "quote_level": "0", "affected_by_negation": "no", "separation": "A", "type": "sentence", "id": "46"}]}