{"status": {"msg": "OK", "credits": "1", "remaining_credits": "39775", "code": "0"}, "token_list": [{"endp": "67", "style": {"isItalics": "no", "isUnderlined": "no", "isTitle": "no", "isBold": "no"}, "token_list": [{"endp": "66", "style": {"isItalics": "no", "isUnderlined": "no", "isTitle": "no", "isBold": "no"}, "token_list": [{"endp": "3", "style": {"isItalics": "no", "isUnderlined": "no", "isTitle": "no", "isBold": "no"}, "token_list": [{"endp": "3", "style": {"isItalics": "no", "isUnderlined": "no", "isTitle": "no", "isBold": "no"}, "inip": "0", "form": "Fred", "quote_level": "0", "affected_by_negation": "no", "separation": "_", "analysis_list": [{"lemma": "Fred", "tag": "NPUU-N-", "sense_id_list": [{"sense_id": "__2902721659712563614"}], "original_form": "Fred"}], "sense_list": [{"info": "sementity/class=instance@fiction=nonfiction@type=Top>Person@confidence=uncertain", "id": "__2902721659712563614", "form": "Fred"}], "id": "1"}], "separation": "_", "form": "Fred", "quote_level": "0", "head": "1", "syntactic_tree_relation_list": [{"type": "isSubject", "id": "2"}, {"type": "iof_isCoreference", "id": "31"}, {"type": "iof_isAnaphora", "id": "35"}], "affected_by_negation": "no", "inip": "0", "analysis_list": [{"lemma": "Fred", "tag": "GNUS3S--", "original_form": "Fred"}], "type": "phrase", "id": "28"}, {"endp": "6", "style": {"isItalics": "no", "isUnderlined": "no", "isTitle": "no", "isBold": "no"}, "inip": "5", "form": "is", "quote_level": "0", "syntactic_tree_relation_list": [{"type": "iof_isSubject", "id": "28"}], "affected_by_negation": "no", "separation": "1", "analysis_list": [{"lemma": "be", "tag": "VI-S3PSA-N-N9", "original_form": "is"}], "id": "2"}, {"endp": "10", "style": {"isItalics": "no", "isUnderlined": "no", "isTitle": "no", "isBold": "no"}, "inip": "8", "form": "the", "quote_level": "0", "affected_by_negation": "no", "separation": "1", "analysis_list": [{"lemma": "the", "tag": "TD-SN9", "original_form": "the"}, {"lemma": "the", "tag": "TD-PN9", "original_form": "the"}], "id": "3"}, {"endp": "15", "style": {"isItalics": "no", "isUnderlined": "no", "isTitle": "no", "isBold": "no"}, "token_list": [{"endp": "15", "style": {"isItalics": "no", "isUnderlined": "no", "isTitle": "no", "isBold": "no"}, "inip": "12", "form": "only", "quote_level": "0", "affected_by_negation": "no", "separation": "1", "analysis_list": [{"lemma": "only", "tag": "AP-N6", "original_form": "only"}], "id": "4"}], "separation": "1", "form": "only", "quote_level": "0", "head": "4", "affected_by_negation": "no", "inip": "12", "analysis_list": [{"lemma": "only", "tag": "GA------", "original_form": "only"}], "type": "phrase", "id": "29"}, {"endp": "31", "style": {"isItalics": "no", "isUnderlined": "no", "isTitle": "no", "isBold": "no"}, "token_list": [{"endp": "19", "style": {"isItalics": "no", "isUnderlined": "no", "isTitle": "no", "isBold": "no"}, "inip": "17", "form": "man", "quote_level": "0", "affected_by_negation": "no", "separation": "1", "analysis_list": [{"lemma": "man", "tag": "NC-S-N7", "sense_id_list": [{"sense_id": "20a218cbdf"}, {"sense_id": "19771675a5"}], "original_form": "man"}], "sense_list": [{"info": "sementity/class=class@fiction=nonfiction@id=ODENTITY_PERSON@type=Top>Person\tsemld_list=sumo:Human", "id": "19771675a5", "form": "man"}, {"info": "sementity/class=class@fiction=nonfiction@id=ODENTITY_PERSON@type=Top>Person\tsemld_list=sumo:Human", "id": "20a218cbdf", "form": "man"}], "id": "5"}, {"endp": "25", "style": {"isItalics": "no", "isUnderlined": "no", "isTitle": "no", "isBold": "no"}, "inip": "21", "form": "still", "quote_level": "0", "affected_by_negation": "no", "separation": "1", "analysis_list": [{"lemma": "still", "tag": "AP-N4", "original_form": "still"}], "id": "6"}, {"endp": "31", "style": {"isItalics": "no", "isUnderlined": "no", "isTitle": "no", "isBold": "no"}, "inip": "27", "form": "alive", "quote_level": "0", "affected_by_negation": "no", "separation": "1", "analysis_list": [{"lemma": "alive", "tag": "AP-N5", "original_form": "alive"}], "id": "7"}], "separation": "1", "form": "man still alive", "quote_level": "0", "head": "7", "syntactic_tree_relation_list": [{"type": "iof_isAnaphora", "id": "32"}], "affected_by_negation": "no", "inip": "17", "analysis_list": [{"lemma": "alive", "tag": "GA------", "original_form": "man still alive"}], "type": "phrase", "id": "30"}, {"endp": "35", "style": {"isItalics": "no", "isUnderlined": "no", "isTitle": "no", "isBold": "no"}, "token_list": [{"endp": "35", "style": {"isItalics": "no", "isUnderlined": "no", "isTitle": "no", "isBold": "no"}, "inip": "33", "form": "who", "quote_level": "0", "affected_by_negation": "no", "separation": "1", "analysis_list": [{"lemma": "who", "tag": "RP-SN7", "original_form": "who"}, {"lemma": "who", "tag": "RP-PN7", "original_form": "who"}, {"lemma": "who", "tag": "IP-SN7", "sense_id_list": [{"sense_id": "PRONHUMAN"}], "original_form": "who"}, {"lemma": "who", "tag": "IP-PN7", "sense_id_list": [{"sense_id": "PRONHUMAN"}], "original_form": "who"}], "sense_list": [{"info": "semhum=human", "id": "PRONHUMAN", "form": "who"}], "id": "8"}], "separation": "1", "form": "who", "quote_level": "0", "head": "8", "syntactic_tree_relation_list": [{"type": "isAnaphora", "id": "30"}, {"type": "isSubject", "id": "9"}], "affected_by_negation": "no", "inip": "33", "analysis_list": [{"lemma": "who", "tag": "GN-S3S--", "original_form": "who"}], "type": "phrase", "id": "32"}, {"endp": "45", "style": {"isItalics": "no", "isUnderlined": "no", "isTitle": "no", "isBold": "no"}, "inip": "37", "form": "remembers", "quote_level": "0", "syntactic_tree_relation_list": [{"type": "iof_isSubject", "id": "32"}, {"type": "iof_isDirectObject", "id": "31"}], "affected_by_negation": "no", "separation": "1", "analysis_list": [{"lemma": "remember", "tag": "VI-S3PSA-N-N6", "sense_id_list": [{"sense_id": "ODENTITY_COMMUNICATION_PROCESS"}, {"sense_id": "ODENTITY_CHANGE_OF_POSSESSION"}, {"sense_id": "ODENTITY_BIOLOGICAL_PROCESS"}], "original_form": "remembers"}], "sense_list": [{"info": "sementity/id=ODENTITY_BIOLOGICAL_PROCESS@type=Top>Process>InternalChange>BiologicalProcess\tsemld_list=sumo:Entity", "id": "ODENTITY_BIOLOGICAL_PROCESS", "form": "remember"}, {"info": "sementity/id=ODENTITY_CHANGE_OF_POSSESSION@type=Top>Process>IntentionalProcess>SocialInteraction>ChangeOfPossession\tsemld_list=sumo:IntentionalProcess", "id": "ODENTITY_CHANGE_OF_POSSESSION", "form": "remember"}, {"info": "sementity/id=ODENTITY_COMMUNICATION_PROCESS@type=Top>Process>ContentBearingProcess>CommunicationProcess\tsemld_list=sumo:Entity", "id": "ODENTITY_COMMUNICATION_PROCESS", "form": "remember"}], "id": "9"}, {"endp": "66", "style": {"isItalics": "no", "isUnderlined": "no", "isTitle": "no", "isBold": "no"}, "token_list": [{"endp": "48", "style": {"isItalics": "no", "isUnderlined": "no", "isTitle": "no", "isBold": "no"}, "inip": "47", "form": "my", "quote_level": "0", "affected_by_negation": "no", "separation": "1", "analysis_list": [{"lemma": "my", "tag": "SD-SMS1N7", "sense_id_list": [{"sense_id": "PRONHUMAN"}], "original_form": "my"}, {"lemma": "my", "tag": "SD-SFS1N7", "sense_id_list": [{"sense_id": "PRONHUMAN"}], "original_form": "my"}], "sense_list": [{"info": "semhum=human", "id": "PRONHUMAN", "form": "my"}], "id": "10"}, {"endp": "66", "style": {"isItalics": "no", "isUnderlined": "no", "isTitle": "no", "isBold": "no"}, "inip": "50", "form": "great-grandfather", "quote_level": "0", "affected_by_negation": "no", "separation": "1", "analysis_list": [{"lemma": "great-grandfather", "tag": "NC-S-N-", "sense_id_list": [{"sense_id": "09ce5e4b89"}], "original_form": "great-grandfather"}], "sense_list": [{"info": "sementity/class=class@fiction=nonfiction@id=ODENTITY_PERSON@type=Top>Person\tsemld_list=sumo:Human", "id": "09ce5e4b89", "form": "great-grandfather"}], "id": "22"}], "separation": "1", "form": "my great-grandfather", "quote_level": "0", "head": "22", "syntactic_tree_relation_list": [{"type": "isCoreference", "id": "28"}, {"type": "isDirectObject", "id": "9"}], "affected_by_negation": "no", "inip": "47", "analysis_list": [{"lemma": "great-grandfather", "tag": "GN-S3D--", "original_form": "my great-grandfather"}], "type": "phrase", "id": "31"}], "separation": "_", "form": "Fred is the only man still alive who remembers my great-grandfather", "quote_level": "0", "affected_by_negation": "no", "inip": "0", "analysis_list": [{"lemma": "*", "tag": "Z-----------", "original_form": "Fred is the only man still alive who remembers my great-grandfather"}], "type": "phrase", "id": "33"}, {"endp": "67", "style": {"isItalics": "no", "isUnderlined": "no", "isTitle": "no", "isBold": "no"}, "inip": "67", "form": ".", "quote_level": "0", "affected_by_negation": "no", "separation": "A", "analysis_list": [{"lemma": ".", "tag": "1D--", "original_form": "."}], "id": "14"}], "inip": "0", "quote_level": "0", "affected_by_negation": "no", "separation": "A", "type": "sentence", "id": "23"}, {"endp": "91", "style": {"isItalics": "no", "isUnderlined": "no", "isTitle": "no", "isBold": "no"}, "token_list": [{"endp": "90", "style": {"isItalics": "no", "isUnderlined": "no", "isTitle": "no", "isBold": "no"}, "token_list": [{"endp": "70", "style": {"isItalics": "no", "isUnderlined": "no", "isTitle": "no", "isBold": "no"}, "token_list": [{"endp": "70", "style": {"isItalics": "no", "isUnderlined": "no", "isTitle": "no", "isBold": "no"}, "inip": "69", "form": "He", "quote_level": "0", "affected_by_negation": "no", "separation": "1", "analysis_list": [{"lemma": "he", "tag": "PPMS3NN8", "sense_id_list": [{"sense_id": "PRONHUMAN"}], "original_form": "he"}], "sense_list": [{"info": "semhum=human", "id": "PRONHUMAN", "form": "he"}], "id": "15"}], "separation": "1", "form": "He", "quote_level": "0", "head": "15", "syntactic_tree_relation_list": [{"type": "isAnaphora", "id": "28"}, {"type": "isSubject", "id": "16"}], "affected_by_negation": "no", "inip": "69", "analysis_list": [{"lemma": "he", "tag": "GNMS3S--", "original_form": "He"}], "type": "phrase", "id": "35"}, {"endp": "73", "style": {"isItalics": "no", "isUnderlined": "no", "isTitle": "no", "isBold": "no"}, "inip": "72", "form": "is", "quote_level": "0", "syntactic_tree_relation_list": [{"type": "iof_isSubject", "id": "35"}, {"type": "iof_isAttribute", "id": "34"}], "affected_by_negation": "no", "separation": "1", "analysis_list": [{"lemma": "be", "tag": "VI-S3PSA-N-N9", "original_form": "is"}], "id": "16"}, {"endp": "90", "style": {"isItalics": "no", "isUnderlined": "no", "isTitle": "no", "isBold": "no"}, "token_list": [{"endp": "75", "style": {"isItalics": "no", "isUnderlined": "no", "isTitle": "no", "isBold": "no"}, "inip": "75", "form": "a", "quote_level": "0", "affected_by_negation": "no", "separation": "1", "analysis_list": [{"lemma": "a", "tag": "QD-SPN9", "original_form": "a"}], "id": "17"}, {"endp": "86", "style": {"isItalics": "no", "isUnderlined": "no", "isTitle": "no", "isBold": "no"}, "inip": "77", "form": "remarkable", "quote_level": "0", "affected_by_negation": "no", "separation": "1", "analysis_list": [{"lemma": "remarkable", "tag": "AP-N5", "original_form": "remarkable"}], "id": "18"}, {"endp": "90", "style": {"isItalics": "no", "isUnderlined": "no", "isTitle": "no", "isBold": "no"}, "inip": "88", "form": "man", "quote_level": "0", "affected_by_negation": "no", "separation": "1", "analysis_list": [{"lemma": "man", "tag": "NC-S-N7", "sense_id_list": [{"sense_id": "20a218cbdf"}, {"sense_id": "19771675a5"}], "original_form": "man"}], "sense_list": [{"info": "sementity/class=class@fiction=nonfiction@id=ODENTITY_PERSON@type=Top>Person\tsemld_list=sumo:Human", "id": "19771675a5", "form": "man"}, {"info": "sementity/class=class@fiction=nonfiction@id=ODENTITY_PERSON@type=Top>Person\tsemld_list=sumo:Human", "id": "20a218cbdf", "form": "man"}], "id": "19"}], "separation": "1", "form": "a remarkable man", "quote_level": "0", "head": "19", "syntactic_tree_relation_list": [{"type": "isAttribute", "id": "16"}], "affected_by_negation": "no", "inip": "75", "analysis_list": [{"lemma": "man", "tag": "GN-S3A--", "original_form": "a remarkable man"}], "type": "phrase", "id": "34"}], "separation": "1", "form": "He is a remarkable man", "quote_level": "0", "affected_by_negation": "no", "inip": "69", "analysis_list": [{"lemma": "*", "tag": "Z-----------", "original_form": "He is a remarkable man"}], "type": "phrase", "id": "36"}, {"endp": "91", "style": {"isItalics": "no", "isUnderlined": "no", "isTitle": "no", "isBold": "no"}, "inip": "91", "form": ".", "quote_level": "0", "affected_by_negation": "no", "separation": "A", "analysis_list": [{"lemma": ".", "tag": "1D--", "original_form": "."}], "id": "20"}], "inip": "69", "quote_level": "0", "affected_by_negation": "no", "separation": "A", "type": "sentence", "id": "25"}]}