{"status": {"msg": "OK", "credits": "1", "remaining_credits": "39927", "code": "0"}, "token_list": [{"endp": "51", "style": {"isItalics": "no", "isUnderlined": "no", "isTitle": "no", "isBold": "no"}, "token_list": [{"endp": "51", "style": {"isItalics": "no", "isUnderlined": "no", "isTitle": "no", "isBold": "no"}, "token_list": [{"endp": "6", "style": {"isItalics": "no", "isUnderlined": "no", "isTitle": "no", "isBold": "no"}, "token_list": [{"endp": "2", "style": {"isItalics": "no", "isUnderlined": "no", "isTitle": "no", "isBold": "no"}, "inip": "0", "form": "The", "quote_level": "0", "affected_by_negation": "no", "separation": "_", "analysis_list": [{"lemma": "the", "tag": "TD-SN9", "original_form": "the"}], "id": "1"}, {"endp": "6", "style": {"isItalics": "no", "isUnderlined": "no", "isTitle": "no", "isBold": "no"}, "inip": "4", "form": "man", "quote_level": "0", "affected_by_negation": "no", "separation": "1", "analysis_list": [{"lemma": "man", "tag": "NC-S-N7", "sense_id_list": [{"sense_id": "20a218cbdf"}, {"sense_id": "19771675a5"}], "original_form": "man"}], "sense_list": [{"info": "sementity/class=class@fiction=nonfiction@id=ODENTITY_PERSON@type=Top>Person\tsemld_list=sumo:Human", "id": "19771675a5", "form": "man"}, {"info": "sementity/class=class@fiction=nonfiction@id=ODENTITY_PERSON@type=Top>Person\tsemld_list=sumo:Human", "id": "20a218cbdf", "form": "man"}], "id": "2"}], "separation": "_", "form": "The man", "quote_level": "0", "head": "2", "syntactic_tree_relation_list": [{"type": "isSubject", "id": "16"}, {"type": "iof_isPossessor", "id": "21"}], "affected_by_negation": "no", "inip": "0", "analysis_list": [{"lemma": "man", "tag": "GN-S3S--", "original_form": "The man"}], "type": "phrase", "id": "20"}, {"endp": "20", "style": {"isItalics": "no", "isUnderlined": "no", "isTitle": "no", "isBold": "no"}, "separation": "1", "form": "couldn't lift", "quote_level": "0", "head": "15", "syntactic_tree_relation_list": [{"type": "iof_isSubject", "id": "20"}, {"type": "iof_isDirectObject", "id": "21"}, {"type": "iof_isComplement", "id": "24"}], "affected_by_negation": "yes", "inip": "8", "analysis_list": [{"lemma": "lift", "tag": "VW-S3OSA-NNE7", "original_form": "couldn't lift"}], "type": "multiword", "id": "16"}, {"endp": "28", "style": {"isItalics": "no", "isUnderlined": "no", "isTitle": "no", "isBold": "no"}, "token_list": [{"endp": "24", "style": {"isItalics": "no", "isUnderlined": "no", "isTitle": "no", "isBold": "no"}, "inip": "22", "form": "his", "quote_level": "0", "affected_by_negation": "no", "separation": "1", "analysis_list": [{"lemma": "his", "tag": "SD-SMS3N5", "sense_id_list": [{"sense_id": "PRONHUMAN"}], "original_form": "his"}], "sense_list": [{"info": "semhum=human", "id": "PRONHUMAN", "form": "his"}], "id": "7"}, {"endp": "28", "style": {"isItalics": "no", "isUnderlined": "no", "isTitle": "no", "isBold": "no"}, "inip": "26", "form": "son", "quote_level": "0", "affected_by_negation": "no", "separation": "1", "analysis_list": [{"lemma": "son", "tag": "NC-S-N6", "sense_id_list": [{"sense_id": "4629d1f492"}], "original_form": "son"}], "sense_list": [{"info": "sementity/class=class@fiction=nonfiction@id=ODENTITY_PERSON@type=Top>Person\tsemld_list=sumo:Human", "id": "4629d1f492", "form": "son"}], "id": "8"}], "separation": "1", "form": "his son", "quote_level": "0", "head": "8", "syntactic_tree_relation_list": [{"type": "isPossessor", "id": "20"}, {"type": "isDirectObject", "id": "16"}, {"type": "iof_isAnaphora", "id": "23"}], "affected_by_negation": "no", "inip": "22", "analysis_list": [{"lemma": "son", "tag": "GN-S3D--", "original_form": "his son"}], "type": "phrase", "id": "21"}, {"endp": "51", "style": {"isItalics": "no", "isUnderlined": "no", "isTitle": "no", "isBold": "no"}, "token_list": [{"endp": "36", "style": {"isItalics": "no", "isUnderlined": "no", "isTitle": "no", "isBold": "no"}, "inip": "30", "form": "because", "quote_level": "0", "affected_by_negation": "no", "separation": "1", "analysis_list": [{"lemma": "because", "tag": "CSPN7", "original_form": "because"}], "id": "9"}, {"endp": "39", "style": {"isItalics": "no", "isUnderlined": "no", "isTitle": "no", "isBold": "no"}, "token_list": [{"endp": "39", "style": {"isItalics": "no", "isUnderlined": "no", "isTitle": "no", "isBold": "no"}, "inip": "38", "form": "he", "quote_level": "0", "affected_by_negation": "no", "separation": "1", "analysis_list": [{"lemma": "he", "tag": "PPMS3NN8", "sense_id_list": [{"sense_id": "PRONHUMAN"}], "original_form": "he"}], "sense_list": [{"info": "semhum=human", "id": "PRONHUMAN", "form": "he"}], "id": "10"}], "separation": "1", "form": "he", "quote_level": "0", "head": "10", "syntactic_tree_relation_list": [{"type": "isAnaphora", "id": "21"}, {"type": "isSubject", "id": "11"}], "affected_by_negation": "no", "inip": "38", "analysis_list": [{"lemma": "he", "tag": "GNMS3S--", "original_form": "he"}], "type": "phrase", "id": "23"}, {"endp": "43", "style": {"isItalics": "no", "isUnderlined": "no", "isTitle": "no", "isBold": "no"}, "inip": "41", "form": "was", "quote_level": "0", "syntactic_tree_relation_list": [{"type": "iof_isSubject", "id": "23"}, {"type": "iof_isAttribute", "id": "22"}], "affected_by_negation": "no", "separation": "1", "analysis_list": [{"lemma": "be", "tag": "VI-S1ASA-N-N9", "original_form": "was"}, {"lemma": "be", "tag": "VI-S3ASA-N-N9", "original_form": "was"}], "id": "11"}, {"endp": "51", "style": {"isItalics": "no", "isUnderlined": "no", "isTitle": "no", "isBold": "no"}, "token_list": [{"endp": "46", "style": {"isItalics": "no", "isUnderlined": "no", "isTitle": "no", "isBold": "no"}, "inip": "45", "form": "so", "quote_level": "0", "affected_by_negation": "no", "separation": "1", "analysis_list": [{"lemma": "so", "tag": "ENMPN7", "original_form": "so"}, {"lemma": "so", "tag": "ENQPN7", "original_form": "so"}, {"lemma": "so", "tag": "CSLN7", "original_form": "so"}, {"lemma": "so", "tag": "CSFN7", "original_form": "so"}], "id": "12"}, {"endp": "51", "style": {"isItalics": "no", "isUnderlined": "no", "isTitle": "no", "isBold": "no"}, "inip": "48", "form": "weak", "quote_level": "0", "affected_by_negation": "no", "separation": "1", "analysis_list": [{"lemma": "weak", "tag": "AP-N5", "sense_id_list": [{"sense_id": "323fea5dd3"}], "original_form": "weak"}], "sense_list": [{"info": "sementity/class=class@fiction=nonfiction@id=ODENTITY_PERSON@type=Top>Person\tsemld_list=sumo:Human", "id": "323fea5dd3", "form": "weak"}], "id": "13"}], "separation": "1", "form": "so weak", "quote_level": "0", "head": "13", "syntactic_tree_relation_list": [{"type": "isAttribute", "id": "11"}], "affected_by_negation": "no", "inip": "45", "analysis_list": [{"lemma": "weak", "tag": "GA---A--", "original_form": "so weak"}], "type": "phrase", "id": "22"}], "separation": "1", "form": "because he was so weak", "quote_level": "0", "syntactic_tree_relation_list": [{"type": "isComplement", "id": "16"}], "affected_by_negation": "no", "inip": "30", "analysis_list": [{"lemma": "*", "tag": "ZE---CIA----", "original_form": "because he was so weak"}], "type": "phrase", "id": "24"}], "separation": "_", "form": "The man couldn't lift his son because he was so weak", "quote_level": "0", "affected_by_negation": "no", "inip": "0", "analysis_list": [{"lemma": "*", "tag": "Z-----------", "original_form": "The man couldn't lift his son because he was so weak"}], "type": "phrase", "id": "25"}], "inip": "0", "quote_level": "0", "affected_by_negation": "no", "separation": "A", "type": "sentence", "id": "17"}]}