{"status": {"msg": "OK", "credits": "1", "remaining_credits": "39772", "code": "0"}, "token_list": [{"endp": "69", "style": {"isItalics": "no", "isUnderlined": "no", "isTitle": "no", "isBold": "no"}, "token_list": [{"endp": "68", "style": {"isItalics": "no", "isUnderlined": "no", "isTitle": "no", "isBold": "no"}, "token_list": [{"endp": "3", "style": {"isItalics": "no", "isUnderlined": "no", "isTitle": "no", "isBold": "no"}, "token_list": [{"endp": "3", "style": {"isItalics": "no", "isUnderlined": "no", "isTitle": "no", "isBold": "no"}, "inip": "0", "form": "Fred", "quote_level": "0", "affected_by_negation": "no", "separation": "_", "analysis_list": [{"lemma": "Fred", "tag": "NPUU-N-", "sense_id_list": [{"sense_id": "__2902721659712563614"}], "original_form": "Fred"}], "sense_list": [{"info": "sementity/class=instance@fiction=nonfiction@type=Top>Person@confidence=uncertain", "id": "__2902721659712563614", "form": "Fred"}], "id": "1"}], "separation": "_", "form": "Fred", "quote_level": "0", "head": "1", "syntactic_tree_relation_list": [{"type": "isSubject", "id": "2"}, {"type": "iof_isCoreference", "id": "35"}, {"type": "iof_isCoreference", "id": "37"}], "affected_by_negation": "no", "inip": "0", "analysis_list": [{"lemma": "Fred", "tag": "GNUS3S--", "original_form": "Fred"}], "type": "phrase", "id": "34"}, {"endp": "6", "style": {"isItalics": "no", "isUnderlined": "no", "isTitle": "no", "isBold": "no"}, "inip": "5", "form": "is", "quote_level": "0", "syntactic_tree_relation_list": [{"type": "iof_isSubject", "id": "34"}, {"type": "iof_isAttribute", "id": "35"}, {"type": "iof_isTimeComplement", "id": "41"}], "affected_by_negation": "no", "separation": "1", "analysis_list": [{"lemma": "be", "tag": "VI-S3PSA-N-N9", "original_form": "is"}], "id": "2"}, {"endp": "19", "style": {"isItalics": "no", "isUnderlined": "no", "isTitle": "no", "isBold": "no"}, "token_list": [{"endp": "10", "style": {"isItalics": "no", "isUnderlined": "no", "isTitle": "no", "isBold": "no"}, "inip": "8", "form": "the", "quote_level": "0", "affected_by_negation": "no", "separation": "1", "analysis_list": [{"lemma": "the", "tag": "TD-SN9", "original_form": "the"}], "id": "3"}, {"endp": "15", "style": {"isItalics": "no", "isUnderlined": "no", "isTitle": "no", "isBold": "no"}, "inip": "12", "form": "only", "quote_level": "0", "affected_by_negation": "no", "separation": "1", "analysis_list": [{"lemma": "only", "tag": "AP-N6", "original_form": "only"}], "id": "4"}, {"endp": "19", "style": {"isItalics": "no", "isUnderlined": "no", "isTitle": "no", "isBold": "no"}, "inip": "17", "form": "man", "quote_level": "0", "affected_by_negation": "no", "separation": "1", "analysis_list": [{"lemma": "man", "tag": "NC-S-N7", "sense_id_list": [{"sense_id": "20a218cbdf"}, {"sense_id": "19771675a5"}], "original_form": "man"}], "sense_list": [{"info": "sementity/class=class@fiction=nonfiction@id=ODENTITY_PERSON@type=Top>Person\tsemld_list=sumo:Human", "id": "19771675a5", "form": "man"}, {"info": "sementity/class=class@fiction=nonfiction@id=ODENTITY_PERSON@type=Top>Person\tsemld_list=sumo:Human", "id": "20a218cbdf", "form": "man"}], "id": "5"}], "separation": "1", "form": "the only man", "quote_level": "0", "head": "5", "syntactic_tree_relation_list": [{"type": "isCoreference", "id": "34"}, {"type": "isAttribute", "id": "2"}, {"type": "iof_isAnaphora", "id": "39"}], "affected_by_negation": "no", "inip": "8", "analysis_list": [{"lemma": "man", "tag": "GN-S3A--", "original_form": "the only man"}], "type": "phrase", "id": "35"}, {"endp": "25", "style": {"isItalics": "no", "isUnderlined": "no", "isTitle": "no", "isBold": "no"}, "token_list": [{"endp": "25", "style": {"isItalics": "no", "isUnderlined": "no", "isTitle": "no", "isBold": "no"}, "inip": "21", "form": "alive", "quote_level": "0", "affected_by_negation": "no", "separation": "1", "analysis_list": [{"lemma": "alive", "tag": "AP-N5", "original_form": "alive"}], "id": "6"}], "separation": "1", "form": "alive", "quote_level": "0", "head": "6", "affected_by_negation": "no", "inip": "21", "analysis_list": [{"lemma": "alive", "tag": "GA------", "original_form": "alive"}], "type": "phrase", "id": "36"}, {"endp": "29", "style": {"isItalics": "no", "isUnderlined": "no", "isTitle": "no", "isBold": "no"}, "token_list": [{"endp": "29", "style": {"isItalics": "no", "isUnderlined": "no", "isTitle": "no", "isBold": "no"}, "inip": "27", "form": "who", "quote_level": "0", "affected_by_negation": "no", "separation": "1", "analysis_list": [{"lemma": "who", "tag": "RP-SN7", "original_form": "who"}, {"lemma": "who", "tag": "RP-PN7", "original_form": "who"}, {"lemma": "who", "tag": "IP-SN7", "sense_id_list": [{"sense_id": "PRONHUMAN"}], "original_form": "who"}, {"lemma": "who", "tag": "IP-PN7", "sense_id_list": [{"sense_id": "PRONHUMAN"}], "original_form": "who"}], "sense_list": [{"info": "semhum=human", "id": "PRONHUMAN", "form": "who"}], "id": "7"}], "separation": "1", "form": "who", "quote_level": "0", "head": "7", "syntactic_tree_relation_list": [{"type": "isAnaphora", "id": "35"}, {"type": "isSubject", "id": "9"}], "affected_by_negation": "no", "inip": "27", "analysis_list": [{"lemma": "who", "tag": "GN-S3S--", "original_form": "who"}], "type": "phrase", "id": "39"}, {"endp": "35", "style": {"isItalics": "no", "isUnderlined": "no", "isTitle": "no", "isBold": "no"}, "token_list": [{"endp": "35", "style": {"isItalics": "no", "isUnderlined": "no", "isTitle": "no", "isBold": "no"}, "inip": "31", "form": "still", "quote_level": "0", "affected_by_negation": "no", "separation": "1", "analysis_list": [{"lemma": "still", "tag": "ENTPN4", "original_form": "still"}], "id": "8"}], "separation": "1", "form": "still", "quote_level": "0", "head": "8", "syntactic_tree_relation_list": [{"type": "isTimeComplement", "id": "2"}], "affected_by_negation": "no", "inip": "31", "analysis_list": [{"lemma": "still", "tag": "GET--T--", "original_form": "still"}], "type": "phrase", "id": "41"}, {"endp": "45", "style": {"isItalics": "no", "isUnderlined": "no", "isTitle": "no", "isBold": "no"}, "inip": "37", "form": "remembers", "quote_level": "0", "syntactic_tree_relation_list": [{"type": "iof_isSubject", "id": "39"}, {"type": "iof_isDirectObject", "id": "37"}], "affected_by_negation": "no", "separation": "1", "analysis_list": [{"lemma": "remember", "tag": "VI-S3PSA-N-N6", "sense_id_list": [{"sense_id": "ODENTITY_COMMUNICATION_PROCESS"}, {"sense_id": "ODENTITY_CHANGE_OF_POSSESSION"}, {"sense_id": "ODENTITY_BIOLOGICAL_PROCESS"}], "original_form": "remembers"}], "sense_list": [{"info": "sementity/id=ODENTITY_BIOLOGICAL_PROCESS@type=Top>Process>InternalChange>BiologicalProcess\tsemld_list=sumo:Entity", "id": "ODENTITY_BIOLOGICAL_PROCESS", "form": "remember"}, {"info": "sementity/id=ODENTITY_CHANGE_OF_POSSESSION@type=Top>Process>IntentionalProcess>SocialInteraction>ChangeOfPossession\tsemld_list=sumo:IntentionalProcess", "id": "ODENTITY_CHANGE_OF_POSSESSION", "form": "remember"}, {"info": "sementity/id=ODENTITY_COMMUNICATION_PROCESS@type=Top>Process>ContentBearingProcess>CommunicationProcess\tsemld_list=sumo:Entity", "id": "ODENTITY_COMMUNICATION_PROCESS", "form": "remember"}], "id": "9"}, {"endp": "68", "style": {"isItalics": "no", "isUnderlined": "no", "isTitle": "no", "isBold": "no"}, "token_list": [{"endp": "48", "style": {"isItalics": "no", "isUnderlined": "no", "isTitle": "no", "isBold": "no"}, "inip": "47", "form": "my", "quote_level": "0", "affected_by_negation": "no", "separation": "1", "analysis_list": [{"lemma": "my", "tag": "SD-SMS1N7", "sense_id_list": [{"sense_id": "PRONHUMAN"}], "original_form": "my"}, {"lemma": "my", "tag": "SD-SFS1N7", "sense_id_list": [{"sense_id": "PRONHUMAN"}], "original_form": "my"}], "sense_list": [{"info": "semhum=human", "id": "PRONHUMAN", "form": "my"}], "id": "10"}, {"endp": "55", "style": {"isItalics": "no", "isUnderlined": "no", "isTitle": "no", "isBold": "no"}, "inip": "50", "form": "father", "quote_level": "0", "affected_by_negation": "no", "separation": "1", "analysis_list": [{"lemma": "father", "tag": "NC-S-N6", "sense_id_list": [{"sense_id": "ffda6eca1c"}], "original_form": "father"}], "sense_list": [{"info": "sementity/class=class@fiction=nonfiction@id=ODENTITY_PERSON@type=Top>Person\tsemld_list=sumo:Human", "id": "ffda6eca1c", "form": "father"}], "id": "11"}, {"endp": "68", "style": {"isItalics": "no", "isUnderlined": "no", "isTitle": "no", "isBold": "no"}, "token_list": [{"endp": "58", "style": {"isItalics": "no", "isUnderlined": "no", "isTitle": "no", "isBold": "no"}, "inip": "57", "form": "as", "quote_level": "0", "affected_by_negation": "no", "separation": "1", "analysis_list": [{"lemma": "as", "tag": "YN7", "original_form": "as"}], "id": "12"}, {"endp": "68", "style": {"isItalics": "no", "isUnderlined": "no", "isTitle": "no", "isBold": "no"}, "token_list": [{"endp": "61", "style": {"isItalics": "no", "isUnderlined": "no", "isTitle": "no", "isBold": "no"}, "inip": "60", "form": "an", "quote_level": "0", "affected_by_negation": "no", "separation": "1", "analysis_list": [{"lemma": "an", "tag": "QD-SPN8", "original_form": "an"}], "id": "13"}, {"endp": "68", "style": {"isItalics": "no", "isUnderlined": "no", "isTitle": "no", "isBold": "no"}, "inip": "63", "form": "infant", "quote_level": "0", "affected_by_negation": "no", "separation": "1", "analysis_list": [{"lemma": "infant", "tag": "NC-S-N4", "sense_id_list": [{"sense_id": "5dcf13a3d2"}], "original_form": "infant"}], "sense_list": [{"info": "sementity/class=class@fiction=nonfiction@id=ODENTITY_TITLE@type=Top>OtherEntity>Title\tsemld_list=sumo:Title", "id": "5dcf13a3d2", "form": "infante"}], "id": "14"}], "separation": "1", "form": "an infant", "quote_level": "0", "head": "14", "affected_by_negation": "no", "inip": "60", "analysis_list": [{"lemma": "infant", "tag": "GN-S3---", "original_form": "an infant"}], "type": "phrase", "id": "38"}], "separation": "1", "form": "as an infant", "quote_level": "0", "head": "12", "affected_by_negation": "no", "inip": "57", "analysis_list": [{"lemma": "as", "tag": "GY------", "original_form": "as an infant"}], "type": "phrase", "id": "40"}], "separation": "1", "form": "my father as an infant", "quote_level": "0", "head": "11", "syntactic_tree_relation_list": [{"type": "isCoreference", "id": "34"}, {"type": "isDirectObject", "id": "9"}], "affected_by_negation": "no", "inip": "47", "analysis_list": [{"lemma": "father", "tag": "GN-S3D--", "original_form": "my father"}], "type": "phrase", "id": "37"}], "separation": "_", "form": "Fred is the only man alive who still remembers my father as an infant", "quote_level": "0", "affected_by_negation": "no", "inip": "0", "analysis_list": [{"lemma": "*", "tag": "Z-----------", "original_form": "Fred is the only man alive who still remembers my father as an infant"}], "type": "phrase", "id": "42"}, {"endp": "69", "style": {"isItalics": "no", "isUnderlined": "no", "isTitle": "no", "isBold": "no"}, "inip": "69", "form": ".", "quote_level": "0", "affected_by_negation": "no", "separation": "A", "analysis_list": [{"lemma": ".", "tag": "1D--", "original_form": "."}], "id": "15"}], "inip": "0", "quote_level": "0", "affected_by_negation": "no", "separation": "A", "type": "sentence", "id": "30"}, {"endp": "126", "style": {"isItalics": "no", "isUnderlined": "no", "isTitle": "no", "isBold": "no"}, "token_list": [{"endp": "125", "style": {"isItalics": "no", "isUnderlined": "no", "isTitle": "no", "isBold": "no"}, "token_list": [{"endp": "74", "style": {"isItalics": "no", "isUnderlined": "no", "isTitle": "no", "isBold": "no"}, "inip": "71", "form": "When", "quote_level": "0", "affected_by_negation": "no", "separation": "1", "analysis_list": [{"lemma": "when", "tag": "CSCN7", "original_form": "when"}], "id": "16"}, {"endp": "79", "style": {"isItalics": "no", "isUnderlined": "no", "isTitle": "no", "isBold": "no"}, "token_list": [{"endp": "79", "style": {"isItalics": "no", "isUnderlined": "no", "isTitle": "no", "isBold": "no"}, "inip": "76", "form": "Fred", "quote_level": "0", "affected_by_negation": "no", "separation": "1", "analysis_list": [{"lemma": "Fred", "tag": "NPUU-N-", "sense_id_list": [{"sense_id": "__2902721659712563614"}], "original_form": "Fred"}], "sense_list": [{"info": "sementity/class=instance@fiction=nonfiction@type=Top>Person@confidence=uncertain", "id": "__2902721659712563614", "form": "Fred"}], "id": "17"}], "separation": "1", "form": "Fred", "quote_level": "0", "head": "17", "syntactic_tree_relation_list": [{"type": "iof_isAnaphora", "id": "48"}], "affected_by_negation": "no", "inip": "76", "analysis_list": [{"lemma": "Fred", "tag": "GNUU3---", "original_form": "Fred"}], "type": "phrase", "id": "43"}, {"endp": "89", "style": {"isItalics": "no", "isUnderlined": "no", "isTitle": "no", "isBold": "no"}, "token_list": [{"endp": "85", "style": {"isItalics": "no", "isUnderlined": "no", "isTitle": "no", "isBold": "no"}, "inip": "81", "form": "first", "quote_level": "0", "affected_by_negation": "no", "separation": "1", "analysis_list": [{"lemma": "first", "tag": "MD-SON5", "original_form": "first"}], "id": "18"}, {"endp": "89", "style": {"isItalics": "no", "isUnderlined": "no", "isTitle": "no", "isBold": "no"}, "inip": "87", "form": "saw", "quote_level": "0", "affected_by_negation": "no", "separation": "1", "analysis_list": [{"lemma": "saw", "tag": "NC-S-N-", "original_form": "saw"}], "id": "19"}], "separation": "1", "form": "first saw", "quote_level": "0", "head": "19", "affected_by_negation": "no", "inip": "81", "analysis_list": [{"lemma": "saw", "tag": "GN-S3---", "original_form": "first saw"}], "type": "phrase", "id": "44"}, {"endp": "99", "style": {"isItalics": "no", "isUnderlined": "no", "isTitle": "no", "isBold": "no"}, "token_list": [{"endp": "92", "style": {"isItalics": "no", "isUnderlined": "no", "isTitle": "no", "isBold": "no"}, "inip": "91", "form": "my", "quote_level": "0", "affected_by_negation": "no", "separation": "1", "analysis_list": [{"lemma": "my", "tag": "SD-SMS1N7", "sense_id_list": [{"sense_id": "PRONHUMAN"}], "original_form": "my"}, {"lemma": "my", "tag": "SD-SFS1N7", "sense_id_list": [{"sense_id": "PRONHUMAN"}], "original_form": "my"}], "sense_list": [{"info": "semhum=human", "id": "PRONHUMAN", "form": "my"}], "id": "20"}, {"endp": "99", "style": {"isItalics": "no", "isUnderlined": "no", "isTitle": "no", "isBold": "no"}, "inip": "94", "form": "father", "quote_level": "0", "affected_by_negation": "no", "separation": "1", "analysis_list": [{"lemma": "father", "tag": "NC-S-N6", "sense_id_list": [{"sense_id": "ffda6eca1c"}], "original_form": "father"}], "sense_list": [{"info": "sementity/class=class@fiction=nonfiction@id=ODENTITY_PERSON@type=Top>Person\tsemld_list=sumo:Human", "id": "ffda6eca1c", "form": "father"}], "id": "21"}], "separation": "1", "form": "my father", "quote_level": "0", "head": "21", "affected_by_negation": "no", "inip": "91", "analysis_list": [{"lemma": "father", "tag": "GN-S3---", "original_form": "my father"}], "type": "phrase", "id": "45"}, {"endp": "100", "style": {"isItalics": "no", "isUnderlined": "no", "isTitle": "no", "isBold": "no"}, "inip": "100", "form": ",", "quote_level": "0", "affected_by_negation": "no", "separation": "A", "analysis_list": [{"lemma": ",", "tag": "1D--", "original_form": ","}], "id": "22"}, {"endp": "103", "style": {"isItalics": "no", "isUnderlined": "no", "isTitle": "no", "isBold": "no"}, "token_list": [{"endp": "103", "style": {"isItalics": "no", "isUnderlined": "no", "isTitle": "no", "isBold": "no"}, "inip": "102", "form": "he", "quote_level": "0", "affected_by_negation": "no", "separation": "1", "analysis_list": [{"lemma": "he", "tag": "PPMS3NN8", "sense_id_list": [{"sense_id": "PRONHUMAN"}], "original_form": "he"}], "sense_list": [{"info": "semhum=human", "id": "PRONHUMAN", "form": "he"}], "id": "23"}], "separation": "1", "form": "he", "quote_level": "0", "head": "23", "syntactic_tree_relation_list": [{"type": "isAnaphora", "id": "43"}, {"type": "isSubject", "id": "24"}], "affected_by_negation": "no", "inip": "102", "analysis_list": [{"lemma": "he", "tag": "GNMS3S--", "original_form": "he"}], "type": "phrase", "id": "48"}, {"endp": "107", "style": {"isItalics": "no", "isUnderlined": "no", "isTitle": "no", "isBold": "no"}, "inip": "105", "form": "was", "quote_level": "0", "syntactic_tree_relation_list": [{"type": "iof_isSubject", "id": "48"}, {"type": "iof_isTimeComplement", "id": "46"}], "affected_by_negation": "no", "separation": "1", "analysis_list": [{"lemma": "be", "tag": "VI-S1ASA-N-N9", "original_form": "was"}, {"lemma": "be", "tag": "VI-S3ASA-N-N9", "original_form": "was"}], "id": "24"}, {"endp": "121", "style": {"isItalics": "no", "isUnderlined": "no", "isTitle": "no", "isBold": "no"}, "token_list": [{"endp": "114", "style": {"isItalics": "no", "isUnderlined": "no", "isTitle": "no", "isBold": "no"}, "separation": "1", "form": "twelve", "quote_level": "0", "affected_by_negation": "no", "inip": "109", "analysis_list": [{"lemma": "twelve", "tag": "MD-PCN-", "original_form": "twelve"}], "id": "25", "normalized_form": "numeric@12"}, {"endp": "121", "style": {"isItalics": "no", "isUnderlined": "no", "isTitle": "no", "isBold": "no"}, "inip": "116", "form": "months", "quote_level": "0", "affected_by_negation": "no", "separation": "1", "analysis_list": [{"lemma": "month", "tag": "NC-P-N6", "sense_id_list": [{"sense_id": "c03f3cd884"}, {"sense_id": "45413b7063"}], "original_form": "months"}], "sense_list": [{"info": "sementity/class=class@fiction=nonfiction@id=ODENTITY_DATE@type=Top>Timex>Date\tsemld_list=sumo:DatePeriod", "id": "45413b7063", "form": "month"}, {"info": "sementity/class=class@fiction=nonfiction@id=ODENTITY_PERIOD@type=Top>Timex>Period\tsemld_list=sumo:TimeInterval", "id": "c03f3cd884", "form": "month"}], "id": "26"}], "separation": "1", "form": "twelve months", "quote_level": "0", "head": "26", "syntactic_tree_relation_list": [{"type": "isTimeComplement", "id": "24"}], "affected_by_negation": "no", "inip": "109", "analysis_list": [{"lemma": "month", "tag": "GN-P3T--", "original_form": "twelve months"}], "type": "phrase", "id": "46"}, {"endp": "125", "style": {"isItalics": "no", "isUnderlined": "no", "isTitle": "no", "isBold": "no"}, "token_list": [{"endp": "125", "style": {"isItalics": "no", "isUnderlined": "no", "isTitle": "no", "isBold": "no"}, "inip": "123", "form": "old", "quote_level": "0", "affected_by_negation": "no", "separation": "1", "analysis_list": [{"lemma": "old", "tag": "AP-N7", "original_form": "old"}], "id": "27"}], "separation": "1", "form": "old", "quote_level": "0", "head": "27", "affected_by_negation": "no", "inip": "123", "analysis_list": [{"lemma": "old", "tag": "GA------", "original_form": "old"}], "type": "phrase", "id": "47"}], "separation": "1", "form": "When Fred first saw my father, he was twelve months old", "quote_level": "0", "affected_by_negation": "no", "inip": "71", "analysis_list": [{"lemma": "*", "tag": "ZE---TIA----", "original_form": "When Fred first saw my father, he was twelve months old"}], "type": "phrase", "id": "49"}, {"endp": "126", "style": {"isItalics": "no", "isUnderlined": "no", "isTitle": "no", "isBold": "no"}, "inip": "126", "form": ".", "quote_level": "0", "affected_by_negation": "no", "separation": "A", "analysis_list": [{"lemma": ".", "tag": "1D--", "original_form": "."}], "id": "28"}], "inip": "71", "quote_level": "0", "affected_by_negation": "no", "separation": "A", "type": "sentence", "id": "32"}]}