{"status": {"msg": "OK", "credits": "1", "remaining_credits": "39771", "code": "0"}, "token_list": [{"endp": "42", "style": {"isItalics": "no", "isUnderlined": "no", "isTitle": "no", "isBold": "no"}, "token_list": [{"endp": "41", "style": {"isItalics": "no", "isUnderlined": "no", "isTitle": "no", "isBold": "no"}, "token_list": [{"endp": "6", "style": {"isItalics": "no", "isUnderlined": "no", "isTitle": "no", "isBold": "no"}, "token_list": [{"endp": "1", "style": {"isItalics": "no", "isUnderlined": "no", "isTitle": "no", "isBold": "no"}, "inip": "0", "form": "In", "quote_level": "0", "affected_by_negation": "no", "separation": "_", "analysis_list": [{"lemma": "in", "tag": "YN6", "original_form": "in"}], "id": "1"}, {"endp": "6", "style": {"isItalics": "no", "isUnderlined": "no", "isTitle": "no", "isBold": "no"}, "token_list": [{"endp": "6", "style": {"isItalics": "no", "isUnderlined": "no", "isTitle": "no", "isBold": "no"}, "separation": "1", "form": "July", "quote_level": "0", "affected_by_negation": "no", "inip": "3", "analysis_list": [{"lemma": "July", "tag": "ND-S-N-", "sense_id_list": [{"sense_id": "b36a84040a"}], "original_form": "July"}, {"lemma": "July", "tag": "NDUU-n-", "original_form": "July"}], "sense_list": [{"info": "sementity/class=class@fiction=nonfiction@id=ODENTITY_DATE@type=Top>Timex>Date\tsemld_list=sumo:DatePeriod\tstandard_list/id=ISO8601@value=07", "id": "b36a84040a", "form": "July"}], "id": "2", "normalized_form": "date@|||||7|||||"}], "separation": "1", "form": "July", "quote_level": "0", "head": "2", "affected_by_negation": "no", "inip": "3", "analysis_list": [{"lemma": "July", "tag": "GN-S3T--", "original_form": "July"}, {"lemma": "July", "tag": "GN-P3T--", "original_form": "July"}, {"lemma": "July", "tag": "GNUU3T--", "original_form": "July"}], "type": "phrase", "id": "37", "normalized_form": "date@|||||7|||||"}], "separation": "_", "form": "In July", "quote_level": "0", "head": "1", "syntactic_tree_relation_list": [{"type": "isTimeComplement", "id": "5"}], "affected_by_negation": "no", "inip": "0", "analysis_list": [{"lemma": "in", "tag": "GY---T--", "original_form": "In July"}], "type": "phrase", "id": "42", "normalized_form": "date@|||||7|||||"}, {"endp": "7", "style": {"isItalics": "no", "isUnderlined": "no", "isTitle": "no", "isBold": "no"}, "inip": "7", "form": ",", "quote_level": "0", "affected_by_negation": "no", "separation": "A", "analysis_list": [{"lemma": ",", "tag": "1D--", "original_form": ","}], "id": "3"}, {"endp": "17", "style": {"isItalics": "no", "isUnderlined": "no", "isTitle": "no", "isBold": "no"}, "token_list": [{"endp": "17", "style": {"isItalics": "no", "isUnderlined": "no", "isTitle": "no", "isBold": "no"}, "inip": "9", "form": "Kamchatka", "quote_level": "0", "affected_by_negation": "no", "separation": "1", "analysis_list": [{"lemma": "Kamchatka", "tag": "NPFS-N-", "sense_id_list": [{"sense_id": "98c3192620"}], "original_form": "Kamchatka"}], "sense_list": [{"info": "sementity/class=instance@fiction=nonfiction@id=ODENTITY_ADM1@type=Top>Location>GeoPoliticalEntity>Adm1\tsemgeo_list/continent=Asia#id:dc26cb5d38@country=Russia#id:d2aceb9067#ISO3166-1-a2:RU#ISO3166-1-a3:RUS\tsemgeo_list/continent=Europe#id:0404ea4d6c@country=Russia#id:d2aceb9067#ISO3166-1-a2:RU#ISO3166-1-a3:RUS\tsemld_list=sumo:GeopoliticalArea", "id": "98c3192620", "form": "Kamchatka"}], "id": "4"}], "separation": "1", "form": "Kamchatka", "quote_level": "0", "head": "4", "syntactic_tree_relation_list": [{"type": "isSubject", "id": "5"}], "affected_by_negation": "no", "inip": "9", "analysis_list": [{"lemma": "Kamchatka", "tag": "GNFS3S--", "original_form": "Kamchatka"}], "type": "phrase", "id": "38"}, {"endp": "26", "style": {"isItalics": "no", "isUnderlined": "no", "isTitle": "no", "isBold": "no"}, "inip": "19", "form": "declared", "quote_level": "0", "syntactic_tree_relation_list": [{"type": "iof_isTimeComplement", "id": "42"}, {"type": "iof_isSubject", "id": "38"}, {"type": "iof_isDirectObject", "id": "39"}], "affected_by_negation": "no", "separation": "1", "analysis_list": [{"lemma": "declare", "tag": "VI-S3ASA-N-N5", "sense_id_list": [{"sense_id": "ODENTITY_COMMUNICATION_PROCESS"}, {"sense_id": "ODENTITY_LINGUISTIC_COMMUNICATION"}, {"sense_id": "ODENTITY_GAME"}], "original_form": "declared"}], "sense_list": [{"info": "sementity/id=ODENTITY_COMMUNICATION_PROCESS@type=Top>Process>ContentBearingProcess>CommunicationProcess\tsemld_list=sumo:Entity", "id": "ODENTITY_COMMUNICATION_PROCESS", "form": "declare"}, {"info": "sementity/id=ODENTITY_GAME@type=Top>Product>CulturalProduct>Game\tsemld_list=sumo:CulturalProduct", "id": "ODENTITY_GAME", "form": "declare"}, {"info": "sementity/id=ODENTITY_LINGUISTIC_COMMUNICATION@type=Top>Process>ContentBearingProcess>CommunicationProcess>LinguisticCommunication\tsemld_list=sumo:Entity", "id": "ODENTITY_LINGUISTIC_COMMUNICATION", "form": "declare"}], "id": "5"}, {"endp": "41", "style": {"isItalics": "no", "isUnderlined": "no", "isTitle": "no", "isBold": "no"}, "token_list": [{"endp": "30", "style": {"isItalics": "no", "isUnderlined": "no", "isTitle": "no", "isBold": "no"}, "inip": "28", "form": "war", "quote_level": "0", "affected_by_negation": "no", "separation": "1", "analysis_list": [{"lemma": "war", "tag": "NC-S-S6", "sense_id_list": [{"sense_id": "fe1a7f4595"}], "original_form": "war"}, {"lemma": "war", "tag": "NC-P-S6", "sense_id_list": [{"sense_id": "fe1a7f4595"}], "original_form": "war"}, {"lemma": "war", "tag": "NC-S-N6", "sense_id_list": [{"sense_id": "fe1a7f4595"}], "original_form": "war"}], "sense_list": [{"info": "sementity/class=class@fiction=nonfiction@id=ODENTITY_WAR@type=Top>Event>War\tsemld_list=sumo:War", "id": "fe1a7f4595", "form": "war"}], "id": "6"}, {"endp": "41", "style": {"isItalics": "no", "isUnderlined": "no", "isTitle": "no", "isBold": "no"}, "token_list": [{"endp": "33", "style": {"isItalics": "no", "isUnderlined": "no", "isTitle": "no", "isBold": "no"}, "inip": "32", "form": "on", "quote_level": "0", "affected_by_negation": "no", "separation": "1", "analysis_list": [{"lemma": "on", "tag": "YN7", "original_form": "on"}], "id": "7"}, {"endp": "41", "style": {"isItalics": "no", "isUnderlined": "no", "isTitle": "no", "isBold": "no"}, "token_list": [{"endp": "41", "style": {"isItalics": "no", "isUnderlined": "no", "isTitle": "no", "isBold": "no"}, "inip": "35", "form": "Yakutsk", "quote_level": "0", "affected_by_negation": "no", "separation": "1", "analysis_list": [{"lemma": "Yakutsk", "tag": "NP-S-N-", "sense_id_list": [{"sense_id": "f54235346f"}], "original_form": "Yakutsk"}], "sense_list": [{"info": "sementity/class=instance@fiction=nonfiction@id=ODENTITY_CITY@type=Top>Location>GeoPoliticalEntity>City\tsemgeo_list/continent=Asia#id:dc26cb5d38@country=Russia#id:d2aceb9067#ISO3166-1-a2:RU#ISO3166-1-a3:RUS\tsemgeo_list/continent=Europe#id:0404ea4d6c@country=Russia#id:d2aceb9067#ISO3166-1-a2:RU#ISO3166-1-a3:RUS\tsemld_list=sumo:City", "id": "f54235346f", "form": "Yakutsk"}], "id": "8"}], "separation": "1", "form": "Yakutsk", "quote_level": "0", "head": "8", "affected_by_negation": "no", "inip": "35", "analysis_list": [{"lemma": "Yakutsk", "tag": "GN-S3---", "original_form": "Yakutsk"}], "type": "phrase", "id": "40"}], "separation": "1", "form": "on Yakutsk", "quote_level": "0", "head": "7", "affected_by_negation": "no", "inip": "32", "analysis_list": [{"lemma": "on", "tag": "GY------", "original_form": "on Yakutsk"}], "type": "phrase", "id": "41"}], "separation": "1", "form": "war on Yakutsk", "quote_level": "0", "head": "6", "syntactic_tree_relation_list": [{"type": "isDirectObject", "id": "5"}], "affected_by_negation": "no", "inip": "28", "analysis_list": [{"lemma": "war", "tag": "GN-S3D--", "original_form": "war"}, {"lemma": "war", "tag": "GN-P3D--", "original_form": "war"}], "type": "phrase", "id": "39"}], "separation": "_", "form": "In July, Kamchatka declared war on Yakutsk", "quote_level": "0", "affected_by_negation": "no", "inip": "0", "analysis_list": [{"lemma": "*", "tag": "Z-----------", "original_form": "In July, Kamchatka declared war on Yakutsk"}], "type": "phrase", "id": "43"}, {"endp": "42", "style": {"isItalics": "no", "isUnderlined": "no", "isTitle": "no", "isBold": "no"}, "inip": "42", "form": ".", "quote_level": "0", "affected_by_negation": "no", "separation": "A", "analysis_list": [{"lemma": ".", "tag": "1D--", "original_form": "."}], "id": "9"}], "inip": "0", "quote_level": "0", "affected_by_negation": "no", "separation": "A", "type": "sentence", "id": "33"}, {"endp": "143", "style": {"isItalics": "no", "isUnderlined": "no", "isTitle": "no", "isBold": "no"}, "token_list": [{"endp": "88", "style": {"isItalics": "no", "isUnderlined": "no", "isTitle": "no", "isBold": "no"}, "token_list": [{"endp": "48", "style": {"isItalics": "no", "isUnderlined": "no", "isTitle": "no", "isBold": "no"}, "token_list": [{"endp": "48", "style": {"isItalics": "no", "isUnderlined": "no", "isTitle": "no", "isBold": "no"}, "inip": "44", "form": "Since", "quote_level": "0", "affected_by_negation": "no", "separation": "1", "analysis_list": [{"lemma": "since", "tag": "ENTPN4", "original_form": "since"}], "id": "10"}], "separation": "1", "form": "Since", "quote_level": "0", "head": "10", "syntactic_tree_relation_list": [{"type": "isTimeComplement", "id": "15"}], "affected_by_negation": "no", "inip": "44", "analysis_list": [{"lemma": "since", "tag": "GET--T--", "original_form": "Since"}], "type": "phrase", "id": "54"}, {"endp": "63", "style": {"isItalics": "no", "isUnderlined": "no", "isTitle": "no", "isBold": "no"}, "token_list": [{"endp": "56", "style": {"isItalics": "no", "isUnderlined": "no", "isTitle": "no", "isBold": "no"}, "token_list": [{"endp": "56", "style": {"isItalics": "no", "isUnderlined": "no", "isTitle": "no", "isBold": "no"}, "inip": "50", "form": "Yakutsk", "quote_level": "0", "affected_by_negation": "no", "separation": "1", "analysis_list": [{"lemma": "Yakutsk", "tag": "NP-S-N-", "sense_id_list": [{"sense_id": "f54235346f"}], "original_form": "Yakutsk"}], "sense_list": [{"info": "sementity/class=instance@fiction=nonfiction@id=ODENTITY_CITY@type=Top>Location>GeoPoliticalEntity>City\tsemgeo_list/continent=Asia#id:dc26cb5d38@country=Russia#id:d2aceb9067#ISO3166-1-a2:RU#ISO3166-1-a3:RUS\tsemgeo_list/continent=Europe#id:0404ea4d6c@country=Russia#id:d2aceb9067#ISO3166-1-a2:RU#ISO3166-1-a3:RUS\tsemld_list=sumo:City", "id": "f54235346f", "form": "Yakutsk"}], "id": "11"}], "separation": "1", "form": "Yakutsk", "quote_level": "0", "head": "11", "affected_by_negation": "no", "inip": "50", "analysis_list": [{"lemma": "Yakutsk", "tag": "GN-S3---", "original_form": "Yakutsk"}], "type": "phrase", "id": "45"}, {"endp": "58", "style": {"isItalics": "no", "isUnderlined": "no", "isTitle": "no", "isBold": "no"}, "inip": "57", "form": "'s", "quote_level": "0", "affected_by_negation": "no", "separation": "A", "analysis_list": [{"lemma": "'s", "tag": "WN-", "original_form": "'s"}], "id": "31"}, {"endp": "63", "style": {"isItalics": "no", "isUnderlined": "no", "isTitle": "no", "isBold": "no"}, "token_list": [{"endp": "63", "style": {"isItalics": "no", "isUnderlined": "no", "isTitle": "no", "isBold": "no"}, "inip": "60", "form": "army", "quote_level": "0", "affected_by_negation": "no", "separation": "1", "analysis_list": [{"lemma": "army", "tag": "NC-S-N5", "sense_id_list": [{"sense_id": "4f6de0810e"}], "original_form": "army"}], "sense_list": [{"info": "sementity/class=class@fiction=nonfiction@id=ODENTITY_ARMY@type=Top>Organization>Military>Army\tsemld_list=sumo:MilitaryOrganization\tsemtheme_list/id=ODTHEME_MILITARY@type=Top>Society>Militar", "id": "4f6de0810e", "form": "army"}], "id": "14"}], "separation": "1", "form": "army", "quote_level": "0", "head": "14", "affected_by_negation": "no", "inip": "60", "analysis_list": [{"lemma": "army", "tag": "GN-S3---", "original_form": "army"}], "type": "phrase", "id": "46"}], "separation": "1", "form": "Yakutsk's army", "quote_level": "0", "head": "46", "syntactic_tree_relation_list": [{"type": "isSubject", "id": "15"}], "affected_by_negation": "no", "inip": "50", "analysis_list": [{"lemma": "army", "tag": "GN-S3S--", "original_form": "Yakutsk's army"}], "type": "phrase", "id": "53"}, {"endp": "67", "style": {"isItalics": "no", "isUnderlined": "no", "isTitle": "no", "isBold": "no"}, "inip": "65", "form": "was", "quote_level": "0", "syntactic_tree_relation_list": [{"type": "iof_isTimeComplement", "id": "54"}, {"type": "iof_isSubject", "id": "53"}, {"type": "iof_isAttribute", "id": "47"}], "affected_by_negation": "no", "separation": "1", "analysis_list": [{"lemma": "be", "tag": "VI-S3ASA-N-N9", "original_form": "was"}], "id": "15"}, {"endp": "79", "style": {"isItalics": "no", "isUnderlined": "no", "isTitle": "no", "isBold": "no"}, "token_list": [{"endp": "72", "style": {"isItalics": "no", "isUnderlined": "no", "isTitle": "no", "isBold": "no"}, "inip": "69", "form": "much", "quote_level": "0", "affected_by_negation": "no", "separation": "1", "analysis_list": [{"lemma": "much", "tag": "ENQPN6", "original_form": "much"}, {"lemma": "much", "tag": "QD-SPN6", "original_form": "much"}, {"lemma": "much", "tag": "QP-SPN6", "original_form": "much"}], "id": "16"}, {"endp": "79", "style": {"isItalics": "no", "isUnderlined": "no", "isTitle": "no", "isBold": "no"}, "inip": "74", "form": "better", "quote_level": "0", "affected_by_negation": "no", "separation": "1", "analysis_list": [{"lemma": "good", "tag": "AC-N5", "original_form": "better"}], "id": "17"}], "separation": "1", "form": "much better", "quote_level": "0", "head": "17", "syntactic_tree_relation_list": [{"type": "isAttribute", "id": "15"}], "affected_by_negation": "no", "inip": "69", "analysis_list": [{"lemma": "good", "tag": "GA---A--", "original_form": "much better"}], "type": "phrase", "id": "47"}, {"endp": "88", "style": {"isItalics": "no", "isUnderlined": "no", "isTitle": "no", "isBold": "no"}, "inip": "81", "form": "equipped", "quote_level": "0", "affected_by_negation": "no", "separation": "1", "analysis_list": [{"lemma": "equip", "tag": "VP---ASA-N-N4", "sense_id_list": [{"sense_id": "ODENTITY_PROCESS"}, {"sense_id": "ODENTITY_TRANSLOCATION"}], "original_form": "equipped"}], "sense_list": [{"info": "sementity/id=ODENTITY_PROCESS@type=Top>Process\tsemld_list=sumo:Entity", "id": "ODENTITY_PROCESS", "form": "equip"}, {"info": "sementity/id=ODENTITY_TRANSLOCATION@type=Top>Process>Motion>Translocation\tsemld_list=sumo:Entity", "id": "ODENTITY_TRANSLOCATION", "form": "equip"}], "id": "18"}], "separation": "1", "form": "Since Yakutsk's army was much better equipped", "quote_level": "0", "affected_by_negation": "no", "inip": "44", "analysis_list": [{"lemma": "*", "tag": "ZC----------", "original_form": "Since Yakutsk's army was much better equipped"}], "type": "phrase", "id": "55"}, {"endp": "92", "style": {"isItalics": "no", "isUnderlined": "no", "isTitle": "no", "isBold": "no"}, "inip": "90", "form": "and", "quote_level": "0", "affected_by_negation": "no", "separation": "1", "analysis_list": [{"lemma": "and", "tag": "CCYN9", "original_form": "and"}], "id": "19"}, {"endp": "142", "style": {"isItalics": "no", "isUnderlined": "no", "isTitle": "no", "isBold": "no"}, "token_list": [{"endp": "102", "style": {"isItalics": "no", "isUnderlined": "no", "isTitle": "no", "isBold": "no"}, "token_list": [{"endp": "96", "style": {"isItalics": "no", "isUnderlined": "no", "isTitle": "no", "isBold": "no"}, "separation": "1", "form": "ten", "quote_level": "0", "affected_by_negation": "no", "inip": "94", "analysis_list": [{"lemma": "ten", "tag": "MD-PCN-", "original_form": "ten"}], "id": "20", "normalized_form": "numeric@10"}, {"endp": "102", "style": {"isItalics": "no", "isUnderlined": "no", "isTitle": "no", "isBold": "no"}, "inip": "98", "form": "times", "quote_level": "0", "affected_by_negation": "no", "separation": "1", "analysis_list": [{"lemma": "time", "tag": "NC-P-N4", "sense_id_list": [{"sense_id": "cc1779f52b"}, {"sense_id": "630eb4088a"}, {"sense_id": "e0a232e11e"}], "original_form": "times"}], "sense_list": [{"info": "sementity/class=class@fiction=nonfiction@id=ODENTITY_PERIOD@type=Top>Timex>Period\tsemld_list=sumo:TimeInterval", "id": "630eb4088a", "form": "moment"}, {"info": "sementity/class=class@fiction=nonfiction@id=ODENTITY_PERIOD@type=Top>Timex>Period\tsemld_list=sumo:TimeInterval", "id": "cc1779f52b", "form": "period"}, {"info": "sementity/class=class@fiction=nonfiction@id=ODENTITY_PERIOD@type=Top>Timex>Period\tsemld_list=sumo:TimeInterval", "id": "e0a232e11e", "form": "time"}], "id": "21"}], "separation": "1", "form": "ten times", "quote_level": "0", "head": "21", "syntactic_tree_relation_list": [{"type": "isTimeComplement", "id": "32"}, {"type": "iof_isAnaphora", "id": "51"}], "affected_by_negation": "no", "inip": "94", "analysis_list": [{"lemma": "time", "tag": "GN-P3T--", "original_form": "ten times"}], "type": "phrase", "id": "48"}, {"endp": "109", "style": {"isItalics": "no", "isUnderlined": "no", "isTitle": "no", "isBold": "no"}, "token_list": [{"endp": "109", "style": {"isItalics": "no", "isUnderlined": "no", "isTitle": "no", "isBold": "no"}, "inip": "104", "form": "larger", "quote_level": "0", "affected_by_negation": "no", "separation": "1", "analysis_list": [{"lemma": "large", "tag": "AC-N6", "original_form": "larger"}], "id": "22"}], "separation": "1", "form": "larger", "quote_level": "0", "head": "22", "affected_by_negation": "no", "inip": "104", "analysis_list": [{"lemma": "large", "tag": "GA------", "original_form": "larger"}], "type": "phrase", "id": "49"}, {"endp": "110", "style": {"isItalics": "no", "isUnderlined": "no", "isTitle": "no", "isBold": "no"}, "inip": "110", "form": ",", "quote_level": "0", "affected_by_negation": "no", "separation": "A", "analysis_list": [{"lemma": ",", "tag": "1D--", "original_form": ","}], "id": "23"}, {"endp": "115", "style": {"isItalics": "no", "isUnderlined": "no", "isTitle": "no", "isBold": "no"}, "token_list": [{"endp": "115", "style": {"isItalics": "no", "isUnderlined": "no", "isTitle": "no", "isBold": "no"}, "inip": "112", "form": "they", "quote_level": "0", "affected_by_negation": "no", "separation": "1", "analysis_list": [{"lemma": "they", "tag": "PP-P3NN8", "sense_id_list": [{"sense_id": "PRONBOTH"}], "original_form": "they"}], "sense_list": [{"info": "semhum=both", "id": "PRONBOTH", "form": "they"}], "id": "24"}], "separation": "1", "form": "they", "quote_level": "0", "head": "24", "syntactic_tree_relation_list": [{"type": "isAnaphora", "id": "48"}, {"type": "isSubject", "id": "32"}], "affected_by_negation": "no", "inip": "112", "analysis_list": [{"lemma": "they", "tag": "GN-P3S--", "original_form": "they"}], "type": "phrase", "id": "51"}, {"endp": "129", "style": {"isItalics": "no", "isUnderlined": "no", "isTitle": "no", "isBold": "no"}, "separation": "1", "form": "were defeated", "quote_level": "0", "head": "25", "syntactic_tree_relation_list": [{"type": "iof_isTimeComplement", "id": "48"}, {"type": "iof_isSubject", "id": "51"}, {"type": "iof_isTimeComplement", "id": "52"}], "affected_by_negation": "no", "inip": "117", "analysis_list": [{"lemma": "defeat", "tag": "VI-P3ASP-N-N9", "original_form": "were defeated"}, {"lemma": "defeat", "tag": "VI-P1ASP-N-N9", "original_form": "were defeated"}, {"lemma": "defeat", "tag": "VI-U2ASP-N-N9", "original_form": "were defeated"}], "type": "multiword", "id": "32"}, {"endp": "142", "style": {"isItalics": "no", "isUnderlined": "no", "isTitle": "no", "isBold": "no"}, "token_list": [{"endp": "136", "style": {"isItalics": "no", "isUnderlined": "no", "isTitle": "no", "isBold": "no"}, "inip": "131", "form": "within", "quote_level": "0", "affected_by_negation": "no", "separation": "1", "analysis_list": [{"lemma": "within", "tag": "YN3", "original_form": "within"}], "id": "27"}, {"endp": "142", "style": {"isItalics": "no", "isUnderlined": "no", "isTitle": "no", "isBold": "no"}, "token_list": [{"endp": "142", "style": {"isItalics": "no", "isUnderlined": "no", "isTitle": "no", "isBold": "no"}, "inip": "138", "form": "weeks", "quote_level": "0", "affected_by_negation": "no", "separation": "1", "analysis_list": [{"lemma": "week", "tag": "NC-P-N6", "sense_id_list": [{"sense_id": "720d5618c1"}, {"sense_id": "5825937409"}], "original_form": "weeks"}], "sense_list": [{"info": "sementity/class=class@fiction=nonfiction@id=ODENTITY_DATE@type=Top>Timex>Date\tsemld_list=sumo:DatePeriod", "id": "5825937409", "form": "week"}, {"info": "sementity/class=class@fiction=nonfiction@id=ODENTITY_PERIOD@type=Top>Timex>Period\tsemld_list=sumo:TimeInterval", "id": "720d5618c1", "form": "week"}], "id": "28"}], "separation": "1", "form": "weeks", "quote_level": "0", "head": "28", "affected_by_negation": "no", "inip": "138", "analysis_list": [{"lemma": "week", "tag": "GN-P3T--", "original_form": "weeks"}], "type": "phrase", "id": "50"}], "separation": "1", "form": "within weeks", "quote_level": "0", "head": "27", "syntactic_tree_relation_list": [{"type": "isTimeComplement", "id": "32"}], "affected_by_negation": "no", "inip": "131", "analysis_list": [{"lemma": "within", "tag": "GY---T--", "original_form": "within weeks"}], "type": "phrase", "id": "52"}], "separation": "1", "form": "ten times larger, they were defeated within weeks", "quote_level": "0", "affected_by_negation": "no", "inip": "94", "analysis_list": [{"lemma": "*", "tag": "ZC----------", "original_form": "ten times larger, they were defeated within weeks"}], "type": "phrase", "id": "56"}, {"endp": "143", "style": {"isItalics": "no", "isUnderlined": "no", "isTitle": "no", "isBold": "no"}, "inip": "143", "form": ".", "quote_level": "0", "affected_by_negation": "no", "separation": "A", "analysis_list": [{"lemma": ".", "tag": "1D--", "original_form": "."}], "id": "29"}], "inip": "44", "quote_level": "0", "affected_by_negation": "no", "separation": "A", "type": "sentence", "id": "35"}]}