{"status": {"msg": "OK", "credits": "1", "remaining_credits": "39769", "code": "0"}, "token_list": [{"endp": "4", "style": {"isItalics": "no", "isUnderlined": "no", "isTitle": "no", "isBold": "no"}, "token_list": [{"endp": "4", "style": {"isItalics": "no", "isUnderlined": "no", "isTitle": "no", "isBold": "no"}, "token_list": [{"endp": "3", "style": {"isItalics": "no", "isUnderlined": "no", "isTitle": "no", "isBold": "no"}, "token_list": [{"endp": "3", "style": {"isItalics": "no", "isUnderlined": "no", "isTitle": "no", "isBold": "no"}, "inip": "0", "form": "Look", "quote_level": "0", "affected_by_negation": "no", "separation": "_", "analysis_list": [{"lemma": "look", "tag": "NC-S-N6", "original_form": "look"}], "id": "1"}], "separation": "_", "form": "Look", "quote_level": "0", "head": "1", "syntactic_tree_relation_list": [{"type": "isSubject", "id": "24"}], "affected_by_negation": "no", "inip": "0", "analysis_list": [{"lemma": "look", "tag": "GN-S3---", "original_form": "Look"}], "type": "phrase", "id": "31"}, {"endp": "4", "style": {"isItalics": "no", "isUnderlined": "no", "isTitle": "no", "isBold": "no"}, "inip": "4", "form": "!", "quote_level": "0", "affected_by_negation": "no", "separation": "A", "analysis_list": [{"lemma": "!", "tag": "1D--", "original_form": "!"}], "id": "2"}], "separation": "_", "form": "Look!", "quote_level": "0", "affected_by_negation": "no", "inip": "0", "analysis_list": [{"lemma": "*", "tag": "Z-----------", "original_form": "Look!"}], "type": "phrase", "id": "32"}], "inip": "0", "quote_level": "0", "affected_by_negation": "no", "separation": "A", "type": "sentence", "id": "25"}, {"endp": "54", "style": {"isItalics": "no", "isUnderlined": "no", "isTitle": "no", "isBold": "no"}, "token_list": [{"endp": "54", "style": {"isItalics": "no", "isUnderlined": "no", "isTitle": "no", "isBold": "no"}, "token_list": [{"endp": "13", "style": {"isItalics": "no", "isUnderlined": "no", "isTitle": "no", "isBold": "no"}, "separation": "1", "form": "There is", "quote_level": "0", "head": "4", "syntactic_tree_relation_list": [{"type": "iof_isSubject", "id": "31"}, {"type": "iof_isDirectObject", "id": "35"}, {"type": "iof_isLocationComplement", "id": "37"}], "affected_by_negation": "no", "inip": "6", "analysis_list": [{"lemma": "There is", "tag": "VI-S3PSA-N-N9", "original_form": "There is"}], "type": "multiword", "id": "24"}, {"endp": "31", "style": {"isItalics": "no", "isUnderlined": "no", "isTitle": "no", "isBold": "no"}, "token_list": [{"endp": "15", "style": {"isItalics": "no", "isUnderlined": "no", "isTitle": "no", "isBold": "no"}, "inip": "15", "form": "a", "quote_level": "0", "affected_by_negation": "no", "separation": "1", "analysis_list": [{"lemma": "a", "tag": "QD-SPN9", "original_form": "a"}], "id": "5"}, {"endp": "22", "style": {"isItalics": "no", "isUnderlined": "no", "isTitle": "no", "isBold": "no"}, "inip": "17", "form": "minnow", "quote_level": "0", "affected_by_negation": "no", "separation": "1", "analysis_list": [{"lemma": "minnow", "tag": "NC-S-N-", "original_form": "minnow"}], "id": "6"}, {"endp": "31", "style": {"isItalics": "no", "isUnderlined": "no", "isTitle": "no", "isBold": "no"}, "inip": "24", "form": "swimming", "quote_level": "0", "affected_by_negation": "no", "separation": "1", "analysis_list": [{"lemma": "swimming", "tag": "NC-S-N2", "sense_id_list": [{"sense_id": "5100173a2e"}], "original_form": "swimming"}], "sense_list": [{"info": "sementity/class=class@fiction=nonfiction@id=ODENTITY_SPORTS@type=Top>OtherEntity>Doctrine>Sports\tsemld_list=sumo:Sport\tsemtheme_list/id=ODTHEME_SPORT@type=Top>Sport", "id": "5100173a2e", "form": "swimming"}], "id": "7"}], "separation": "1", "form": "a minnow swimming", "quote_level": "0", "head": "7", "syntactic_tree_relation_list": [{"type": "isDirectObject", "id": "24"}, {"type": "iof_isAnaphora", "id": "36"}, {"type": "iof_isAnaphora", "id": "41"}], "affected_by_negation": "no", "inip": "15", "analysis_list": [{"lemma": "swimming", "tag": "GN-S3D--", "original_form": "a minnow swimming"}], "type": "phrase", "id": "35"}, {"endp": "43", "style": {"isItalics": "no", "isUnderlined": "no", "isTitle": "no", "isBold": "no"}, "token_list": [{"endp": "37", "style": {"isItalics": "no", "isUnderlined": "no", "isTitle": "no", "isBold": "no"}, "inip": "33", "form": "right", "quote_level": "0", "affected_by_negation": "no", "separation": "1", "analysis_list": [{"lemma": "right", "tag": "ENOPN4", "original_form": "right"}, {"lemma": "right", "tag": "ENMPN4", "original_form": "right"}], "id": "8"}, {"endp": "43", "style": {"isItalics": "no", "isUnderlined": "no", "isTitle": "no", "isBold": "no"}, "inip": "39", "form": "below", "quote_level": "0", "affected_by_negation": "no", "separation": "1", "analysis_list": [{"lemma": "below", "tag": "ENLPN5", "original_form": "below"}, {"lemma": "below", "tag": "ENQPN5", "original_form": "below"}], "id": "9"}], "separation": "1", "form": "right below", "quote_level": "0", "head": "9", "syntactic_tree_relation_list": [{"type": "isLocationComplement", "id": "24"}], "affected_by_negation": "no", "inip": "33", "analysis_list": [{"lemma": "below", "tag": "GEL--L--", "original_form": "right below"}, {"lemma": "below", "tag": "GEQ--L--", "original_form": "right below"}], "type": "phrase", "id": "37"}, {"endp": "48", "style": {"isItalics": "no", "isUnderlined": "no", "isTitle": "no", "isBold": "no"}, "token_list": [{"endp": "48", "style": {"isItalics": "no", "isUnderlined": "no", "isTitle": "no", "isBold": "no"}, "inip": "45", "form": "that", "quote_level": "0", "affected_by_negation": "no", "separation": "1", "analysis_list": [{"lemma": "that", "tag": "RP-SN5", "original_form": "that"}, {"lemma": "that", "tag": "RP-PN5", "original_form": "that"}, {"lemma": "that", "tag": "DP-SN5", "original_form": "that"}], "id": "10"}], "separation": "1", "form": "that", "quote_level": "0", "head": "10", "syntactic_tree_relation_list": [{"type": "isAnaphora", "id": "35"}, {"type": "isSubject", "id": "11"}], "affected_by_negation": "no", "inip": "45", "analysis_list": [{"lemma": "that", "tag": "GN-P3S--", "original_form": "that"}], "type": "phrase", "id": "36"}, {"endp": "53", "style": {"isItalics": "no", "isUnderlined": "no", "isTitle": "no", "isBold": "no"}, "inip": "50", "form": "duck", "quote_level": "0", "syntactic_tree_relation_list": [{"type": "iof_isSubject", "id": "36"}], "affected_by_negation": "no", "separation": "1", "analysis_list": [{"lemma": "duck", "tag": "VI-P3PSA-N-N4", "sense_id_list": [{"sense_id": "ODENTITY_BODY_MOTION"}, {"sense_id": "ODENTITY_COMMUNICATION_PROCESS"}, {"sense_id": "ODENTITY_MOTION"}, {"sense_id": "ODENTITY_TRANSLOCATION"}], "original_form": "duck"}], "sense_list": [{"info": "sementity/id=ODENTITY_BODY_MOTION@type=Top>Process>Motion>BodyMotion\tsemld_list=sumo:Entity", "id": "ODENTITY_BODY_MOTION", "form": "duck"}, {"info": "sementity/id=ODENTITY_COMMUNICATION_PROCESS@type=Top>Process>ContentBearingProcess>CommunicationProcess\tsemld_list=sumo:Entity", "id": "ODENTITY_COMMUNICATION_PROCESS", "form": "duck"}, {"info": "sementity/id=ODENTITY_MOTION@type=Top>Process>Motion\tsemld_list=sumo:Entity", "id": "ODENTITY_MOTION", "form": "duck"}, {"info": "sementity/id=ODENTITY_TRANSLOCATION@type=Top>Process>Motion>Translocation\tsemld_list=sumo:Entity", "id": "ODENTITY_TRANSLOCATION", "form": "duck"}], "id": "11"}, {"endp": "54", "style": {"isItalics": "no", "isUnderlined": "no", "isTitle": "no", "isBold": "no"}, "inip": "54", "form": "!", "quote_level": "0", "affected_by_negation": "no", "separation": "A", "analysis_list": [{"lemma": "!", "tag": "1D--", "original_form": "!"}], "id": "12"}], "separation": "1", "form": "There is a minnow swimming right below that duck!", "quote_level": "0", "affected_by_negation": "no", "inip": "6", "analysis_list": [{"lemma": "*", "tag": "Z-----------", "original_form": "There is a minnow swimming right below that duck!"}], "type": "phrase", "id": "38"}], "inip": "6", "quote_level": "0", "affected_by_negation": "no", "separation": "A", "type": "sentence", "id": "27"}, {"endp": "93", "style": {"isItalics": "no", "isUnderlined": "no", "isTitle": "no", "isBold": "no"}, "token_list": [{"endp": "93", "style": {"isItalics": "no", "isUnderlined": "no", "isTitle": "no", "isBold": "no"}, "token_list": [{"endp": "57", "style": {"isItalics": "no", "isUnderlined": "no", "isTitle": "no", "isBold": "no"}, "token_list": [{"endp": "57", "style": {"isItalics": "no", "isUnderlined": "no", "isTitle": "no", "isBold": "no"}, "inip": "56", "form": "It", "quote_level": "0", "affected_by_negation": "no", "separation": "1", "analysis_list": [{"lemma": "it", "tag": "PP-S3NN8", "sense_id_list": [{"sense_id": "PRONNONHUMAN"}], "original_form": "it"}], "sense_list": [{"info": "semhum=nonhuman", "id": "PRONNONHUMAN", "form": "it"}], "id": "13"}], "separation": "1", "form": "It", "quote_level": "0", "head": "13", "syntactic_tree_relation_list": [{"type": "isSubject", "id": "23"}, {"type": "isAnaphora", "id": "35"}, {"type": "isSubject", "id": "14"}], "affected_by_negation": "no", "inip": "56", "analysis_list": [{"lemma": "it", "tag": "GN-S3S--", "original_form": "It"}], "type": "phrase", "id": "41"}, {"endp": "61", "style": {"isItalics": "no", "isUnderlined": "no", "isTitle": "no", "isBold": "no"}, "inip": "59", "form": "had", "quote_level": "0", "syntactic_tree_relation_list": [{"type": "iof_isSubject", "id": "41"}, {"type": "iof_isMannerComplement", "id": "43"}], "affected_by_negation": "no", "separation": "1", "analysis_list": [{"lemma": "have", "tag": "VI-S3ASA-N-N9", "original_form": "had"}], "id": "14"}, {"endp": "68", "style": {"isItalics": "no", "isUnderlined": "no", "isTitle": "no", "isBold": "no"}, "token_list": [{"endp": "68", "style": {"isItalics": "no", "isUnderlined": "no", "isTitle": "no", "isBold": "no"}, "inip": "63", "form": "better", "quote_level": "0", "affected_by_negation": "no", "separation": "1", "analysis_list": [{"lemma": "good", "tag": "ENMPN5", "original_form": "better"}], "id": "15"}], "separation": "1", "form": "better", "quote_level": "0", "head": "15", "syntactic_tree_relation_list": [{"type": "isMannerComplement", "id": "14"}], "affected_by_negation": "no", "inip": "63", "analysis_list": [{"lemma": "good", "tag": "GEM--M--", "original_form": "better"}], "type": "phrase", "id": "43"}, {"endp": "77", "style": {"isItalics": "no", "isUnderlined": "no", "isTitle": "no", "isBold": "no"}, "separation": "1", "form": "get away", "quote_level": "0", "head": "16", "syntactic_tree_relation_list": [{"type": "iof_isSubject", "id": "41"}, {"type": "iof_isComplement", "id": "42"}], "affected_by_negation": "no", "inip": "70", "analysis_list": [{"lemma": "get away", "tag": "VI-P3PSA-N-N7", "original_form": "get away"}, {"lemma": "get away", "tag": "VI-U1PSA-N-N7", "original_form": "get away"}, {"lemma": "get away", "tag": "VI-U2PSA-N-N7", "original_form": "get away"}], "type": "multiword", "id": "23"}, {"endp": "87", "style": {"isItalics": "no", "isUnderlined": "no", "isTitle": "no", "isBold": "no"}, "token_list": [{"endp": "80", "style": {"isItalics": "no", "isUnderlined": "no", "isTitle": "no", "isBold": "no"}, "inip": "79", "form": "to", "quote_level": "0", "affected_by_negation": "no", "separation": "1", "analysis_list": [{"lemma": "to", "tag": "YN6", "original_form": "to"}], "id": "18"}, {"endp": "87", "style": {"isItalics": "no", "isUnderlined": "no", "isTitle": "no", "isBold": "no"}, "token_list": [{"endp": "87", "style": {"isItalics": "no", "isUnderlined": "no", "isTitle": "no", "isBold": "no"}, "inip": "82", "form": "safety", "quote_level": "0", "affected_by_negation": "no", "separation": "1", "analysis_list": [{"lemma": "safety", "tag": "NC-S-N5", "original_form": "safety"}], "id": "19"}], "separation": "1", "form": "safety", "quote_level": "0", "head": "19", "affected_by_negation": "no", "inip": "82", "analysis_list": [{"lemma": "safety", "tag": "GN-S3---", "original_form": "safety"}], "type": "phrase", "id": "39"}], "separation": "1", "form": "to safety", "quote_level": "0", "head": "18", "syntactic_tree_relation_list": [{"type": "isComplement", "id": "23"}], "affected_by_negation": "no", "inip": "79", "analysis_list": [{"lemma": "to", "tag": "GY---C--", "original_form": "to safety"}], "type": "phrase", "id": "42"}, {"endp": "92", "style": {"isItalics": "no", "isUnderlined": "no", "isTitle": "no", "isBold": "no"}, "token_list": [{"endp": "92", "style": {"isItalics": "no", "isUnderlined": "no", "isTitle": "no", "isBold": "no"}, "inip": "89", "form": "fast", "quote_level": "0", "affected_by_negation": "no", "separation": "1", "analysis_list": [{"lemma": "fast", "tag": "NC-S-N5", "original_form": "fast"}], "id": "20"}], "separation": "1", "form": "fast", "quote_level": "0", "head": "20", "affected_by_negation": "no", "inip": "89", "analysis_list": [{"lemma": "fast", "tag": "GN-S3---", "original_form": "fast"}], "type": "phrase", "id": "40"}, {"endp": "93", "style": {"isItalics": "no", "isUnderlined": "no", "isTitle": "no", "isBold": "no"}, "inip": "93", "form": "!", "quote_level": "0", "affected_by_negation": "no", "separation": "A", "analysis_list": [{"lemma": "!", "tag": "1D--", "original_form": "!"}], "id": "21"}], "separation": "1", "form": "It had better get away to safety fast!", "quote_level": "0", "affected_by_negation": "no", "inip": "56", "analysis_list": [{"lemma": "*", "tag": "Z-----------", "original_form": "It had better get away to safety fast!"}], "type": "phrase", "id": "44"}], "inip": "56", "quote_level": "0", "affected_by_negation": "no", "separation": "A", "type": "sentence", "id": "29"}]}