{"status": {"msg": "OK", "credits": "1", "remaining_credits": "39766", "code": "0"}, "token_list": [{"endp": "74", "style": {"isItalics": "no", "isUnderlined": "no", "isTitle": "no", "isBold": "no"}, "token_list": [{"endp": "73", "style": {"isItalics": "no", "isUnderlined": "no", "isTitle": "no", "isBold": "no"}, "token_list": [{"endp": "13", "style": {"isItalics": "no", "isUnderlined": "no", "isTitle": "no", "isBold": "no"}, "token_list": [{"endp": "13", "style": {"isItalics": "no", "isUnderlined": "no", "isTitle": "no", "isBold": "no"}, "inip": "0", "form": "Archaeologists", "quote_level": "0", "affected_by_negation": "no", "separation": "_", "analysis_list": [{"lemma": "archaeologist", "tag": "NC-P-N-", "check_info": {"form_list": [{"form": "archeologists"}], "tag": "iR-1-"}, "variety_dictionary": "en-US", "original_form": "archaeologists"}], "id": "1"}], "separation": "_", "form": "Archaeologists", "quote_level": "0", "head": "1", "syntactic_tree_relation_list": [{"type": "isSubject", "id": "26"}, {"type": "iof_isAnaphora", "id": "35"}], "affected_by_negation": "no", "inip": "0", "analysis_list": [{"lemma": "archaeologist", "tag": "GN-P3S--", "original_form": "Archaeologists"}], "type": "phrase", "id": "31"}, {"endp": "28", "style": {"isItalics": "no", "isUnderlined": "no", "isTitle": "no", "isBold": "no"}, "separation": "1", "form": "have concluded", "quote_level": "0", "head": "2", "syntactic_tree_relation_list": [{"type": "iof_isSubject", "id": "31"}, {"type": "iof_isDirectObject", "id": "35"}, {"type": "iof_isDirectObject", "id": "32"}], "affected_by_negation": "no", "inip": "15", "analysis_list": [{"lemma": "conclude", "tag": "VI-P3PPA-N-N9", "original_form": "have concluded"}], "type": "multiword", "id": "26"}, {"endp": "33", "style": {"isItalics": "no", "isUnderlined": "no", "isTitle": "no", "isBold": "no"}, "token_list": [{"endp": "33", "style": {"isItalics": "no", "isUnderlined": "no", "isTitle": "no", "isBold": "no"}, "inip": "30", "form": "that", "quote_level": "0", "affected_by_negation": "no", "separation": "1", "analysis_list": [{"lemma": "that", "tag": "RP-SN5", "original_form": "that"}, {"lemma": "that", "tag": "RP-PN5", "original_form": "that"}, {"lemma": "that", "tag": "DP-SN5", "original_form": "that"}], "id": "4"}], "separation": "1", "form": "that", "quote_level": "0", "head": "4", "syntactic_tree_relation_list": [{"type": "isAnaphora", "id": "31"}, {"type": "isDirectObject", "id": "26"}], "affected_by_negation": "no", "inip": "30", "analysis_list": [{"lemma": "that", "tag": "GN-S3D--", "original_form": "that"}, {"lemma": "that", "tag": "GN-P3D--", "original_form": "that"}], "type": "phrase", "id": "35"}, {"endp": "40", "style": {"isItalics": "no", "isUnderlined": "no", "isTitle": "no", "isBold": "no"}, "token_list": [{"endp": "40", "style": {"isItalics": "no", "isUnderlined": "no", "isTitle": "no", "isBold": "no"}, "inip": "35", "form": "humans", "quote_level": "0", "affected_by_negation": "no", "separation": "1", "analysis_list": [{"lemma": "human", "tag": "NC-P-N5", "original_form": "humans"}], "id": "5"}], "separation": "1", "form": "humans", "quote_level": "0", "head": "5", "syntactic_tree_relation_list": [{"type": "isSubject", "id": "6"}, {"type": "isDirectObject", "id": "26"}], "affected_by_negation": "no", "inip": "35", "analysis_list": [{"lemma": "human", "tag": "GN-P3D--", "original_form": "humans"}], "type": "phrase", "id": "32"}, {"endp": "46", "style": {"isItalics": "no", "isUnderlined": "no", "isTitle": "no", "isBold": "no"}, "inip": "42", "form": "lived", "quote_level": "0", "syntactic_tree_relation_list": [{"type": "iof_isSubject", "id": "32"}, {"type": "iof_isComplement", "id": "37"}, {"type": "iof_isTimeComplement", "id": "34"}], "affected_by_negation": "no", "separation": "1", "analysis_list": [{"lemma": "live", "tag": "VI-UUASA-N-N4", "sense_id_list": [{"sense_id": "ODENTITY_INTENTIONAL_PSYCHOLOGICAL_PROCESS"}], "original_form": "lived"}], "sense_list": [{"info": "sementity/id=ODENTITY_INTENTIONAL_PSYCHOLOGICAL_PROCESS@type=Top>Process>IntentionalProcess>IntentionalPsychologicalProcess\tsemld_list=sumo:IntentionalProcess", "id": "ODENTITY_INTENTIONAL_PSYCHOLOGICAL_PROCESS", "form": "live"}], "id": "6"}, {"endp": "56", "style": {"isItalics": "no", "isUnderlined": "no", "isTitle": "no", "isBold": "no"}, "token_list": [{"endp": "49", "style": {"isItalics": "no", "isUnderlined": "no", "isTitle": "no", "isBold": "no"}, "inip": "48", "form": "on", "quote_level": "0", "affected_by_negation": "no", "separation": "1", "analysis_list": [{"lemma": "on", "tag": "YN7", "original_form": "on"}], "id": "7"}, {"endp": "56", "style": {"isItalics": "no", "isUnderlined": "no", "isTitle": "no", "isBold": "no"}, "token_list": [{"endp": "56", "style": {"isItalics": "no", "isUnderlined": "no", "isTitle": "no", "isBold": "no"}, "inip": "51", "form": "Laputa", "quote_level": "0", "affected_by_negation": "no", "separation": "1", "analysis_list": [{"lemma": "Laputa", "tag": "NPUU-N-", "sense_id_list": [{"sense_id": "__13702675705415031168"}], "original_form": "Laputa"}], "sense_list": [{"info": "sementity/class=instance@type=Top@confidence=unknown", "id": "__13702675705415031168", "form": "Laputa"}], "id": "8"}], "separation": "1", "form": "Laputa", "quote_level": "0", "head": "8", "affected_by_negation": "no", "inip": "51", "analysis_list": [{"lemma": "Laputa", "tag": "GNUU3---", "original_form": "Laputa"}], "type": "phrase", "id": "33"}], "separation": "1", "form": "on Laputa", "quote_level": "0", "head": "7", "syntactic_tree_relation_list": [{"type": "isComplement", "id": "6"}], "affected_by_negation": "no", "inip": "48", "analysis_list": [{"lemma": "on", "tag": "GY---C--", "original_form": "on Laputa"}], "type": "phrase", "id": "37"}, {"endp": "73", "style": {"isItalics": "no", "isUnderlined": "no", "isTitle": "no", "isBold": "no"}, "token_list": [{"endp": "63", "style": {"isItalics": "no", "isUnderlined": "no", "isTitle": "no", "isBold": "no"}, "separation": "1", "form": "20,000", "quote_level": "0", "affected_by_negation": "no", "inip": "58", "analysis_list": [{"lemma": "20,000", "tag": "MDUPCn-", "original_form": "20,000"}], "id": "25", "normalized_form": "numeric@20000"}, {"endp": "69", "style": {"isItalics": "no", "isUnderlined": "no", "isTitle": "no", "isBold": "no"}, "inip": "65", "form": "years", "quote_level": "0", "affected_by_negation": "no", "separation": "1", "analysis_list": [{"lemma": "year", "tag": "NC-P-N7", "sense_id_list": [{"sense_id": "782b286b79"}, {"sense_id": "50b37cb80f"}], "original_form": "years"}], "sense_list": [{"info": "sementity/class=class@fiction=nonfiction@id=ODENTITY_DATE@type=Top>Timex>Date\tsemld_list=sumo:DatePeriod", "id": "50b37cb80f", "form": "year"}, {"info": "sementity/class=class@fiction=nonfiction@id=ODENTITY_PERIOD@type=Top>Timex>Period\tsemld_list=sumo:TimeInterval", "id": "782b286b79", "form": "year"}], "id": "12"}, {"endp": "73", "style": {"isItalics": "no", "isUnderlined": "no", "isTitle": "no", "isBold": "no"}, "token_list": [{"endp": "73", "style": {"isItalics": "no", "isUnderlined": "no", "isTitle": "no", "isBold": "no"}, "inip": "71", "form": "ago", "quote_level": "0", "affected_by_negation": "no", "separation": "1", "analysis_list": [{"lemma": "ago", "tag": "ENTPN6", "original_form": "ago"}], "id": "13"}], "separation": "1", "form": "ago", "quote_level": "0", "head": "13", "affected_by_negation": "no", "inip": "71", "analysis_list": [{"lemma": "ago", "tag": "GET--T--", "original_form": "ago"}], "type": "phrase", "id": "36"}], "separation": "1", "form": "20,000 years ago", "quote_level": "0", "head": "12", "syntactic_tree_relation_list": [{"type": "isTimeComplement", "id": "6"}, {"type": "iof_isAnaphora", "id": "42"}], "affected_by_negation": "no", "inip": "58", "analysis_list": [{"lemma": "year", "tag": "GN-P3T--", "original_form": "20,000 years"}], "type": "phrase", "id": "34"}], "separation": "_", "form": "Archaeologists have concluded that humans lived on Laputa 20,000 years ago", "quote_level": "0", "affected_by_negation": "no", "inip": "0", "analysis_list": [{"lemma": "*", "tag": "Z-----------", "original_form": "Archaeologists have concluded that humans lived on Laputa 20,000 years ago"}], "type": "phrase", "id": "38"}, {"endp": "74", "style": {"isItalics": "no", "isUnderlined": "no", "isTitle": "no", "isBold": "no"}, "inip": "74", "form": ".", "quote_level": "0", "affected_by_negation": "no", "separation": "A", "analysis_list": [{"lemma": ".", "tag": "1D--", "original_form": "."}], "id": "14"}], "inip": "0", "quote_level": "0", "affected_by_negation": "no", "separation": "A", "type": "sentence", "id": "27"}, {"endp": "115", "style": {"isItalics": "no", "isUnderlined": "no", "isTitle": "no", "isBold": "no"}, "token_list": [{"endp": "114", "style": {"isItalics": "no", "isUnderlined": "no", "isTitle": "no", "isBold": "no"}, "token_list": [{"endp": "79", "style": {"isItalics": "no", "isUnderlined": "no", "isTitle": "no", "isBold": "no"}, "token_list": [{"endp": "79", "style": {"isItalics": "no", "isUnderlined": "no", "isTitle": "no", "isBold": "no"}, "inip": "76", "form": "They", "quote_level": "0", "affected_by_negation": "no", "separation": "1", "analysis_list": [{"lemma": "they", "tag": "PP-P3NN8", "sense_id_list": [{"sense_id": "PRONBOTH"}], "original_form": "they"}], "sense_list": [{"info": "semhum=both", "id": "PRONBOTH", "form": "they"}], "id": "15"}], "separation": "1", "form": "They", "quote_level": "0", "head": "15", "syntactic_tree_relation_list": [{"type": "isAnaphora", "id": "34"}, {"type": "isSubject", "id": "16"}], "affected_by_negation": "no", "inip": "76", "analysis_list": [{"lemma": "they", "tag": "GN-P3S--", "original_form": "They"}], "type": "phrase", "id": "42"}, {"endp": "86", "style": {"isItalics": "no", "isUnderlined": "no", "isTitle": "no", "isBold": "no"}, "inip": "81", "form": "hunted", "quote_level": "0", "syntactic_tree_relation_list": [{"type": "iof_isSubject", "id": "42"}, {"type": "iof_isComplement", "id": "44"}], "affected_by_negation": "no", "separation": "1", "analysis_list": [{"lemma": "hunt", "tag": "VI-P3ASA-N-N3", "sense_id_list": [{"sense_id": "ODENTITY_MOTION"}, {"sense_id": "ODENTITY_PURSUING"}, {"sense_id": "ODENTITY_LINGUISTIC_COMMUNICATION"}, {"sense_id": "ODENTITY_TRANSFER"}], "original_form": "hunted"}], "sense_list": [{"info": "sementity/id=ODENTITY_LINGUISTIC_COMMUNICATION@type=Top>Process>ContentBearingProcess>CommunicationProcess>LinguisticCommunication\tsemld_list=sumo:Entity", "id": "ODENTITY_LINGUISTIC_COMMUNICATION", "form": "hunt"}, {"info": "sementity/id=ODENTITY_MOTION@type=Top>Process>Motion\tsemld_list=sumo:Entity", "id": "ODENTITY_MOTION", "form": "hunt"}, {"info": "sementity/id=ODENTITY_PURSUING@type=Top>Process>IntentionalProcess>Pursuing\tsemld_list=sumo:IntentionalProcess", "id": "ODENTITY_PURSUING", "form": "hunt"}, {"info": "sementity/id=ODENTITY_TRANSFER@type=Top>Process>Motion>Translocation>Transfer\tsemld_list=sumo:Entity", "id": "ODENTITY_TRANSFER", "form": "hunt"}], "id": "16"}, {"endp": "114", "style": {"isItalics": "no", "isUnderlined": "no", "isTitle": "no", "isBold": "no"}, "token_list": [{"endp": "90", "style": {"isItalics": "no", "isUnderlined": "no", "isTitle": "no", "isBold": "no"}, "inip": "88", "form": "for", "quote_level": "0", "affected_by_negation": "no", "separation": "1", "analysis_list": [{"lemma": "for", "tag": "YN5", "original_form": "for"}], "id": "17"}, {"endp": "114", "style": {"isItalics": "no", "isUnderlined": "no", "isTitle": "no", "isBold": "no"}, "token_list": [{"endp": "95", "style": {"isItalics": "no", "isUnderlined": "no", "isTitle": "no", "isBold": "no"}, "inip": "92", "form": "deer", "quote_level": "0", "affected_by_negation": "no", "separation": "1", "analysis_list": [{"lemma": "deer", "tag": "NC-S-N2", "sense_id_list": [{"sense_id": "228eaef205"}], "original_form": "deer"}, {"lemma": "deer", "tag": "NC-P-N2", "sense_id_list": [{"sense_id": "228eaef205"}], "original_form": "deer"}], "sense_list": [{"info": "sementity/class=class@fiction=nonfiction@id=ODENTITY_MAMMAL@type=Top>LivingThing>Animal>Vertebrate>Mammal\tsemld_list=sumo:Mammal\tsemtheme_list/id=ODTHEME_ZOOLOGY@type=Top>NaturalSciences>Zoology", "id": "228eaef205", "form": "deer"}], "id": "18"}, {"endp": "114", "style": {"isItalics": "no", "isUnderlined": "no", "isTitle": "no", "isBold": "no"}, "token_list": [{"endp": "98", "style": {"isItalics": "no", "isUnderlined": "no", "isTitle": "no", "isBold": "no"}, "inip": "97", "form": "on", "quote_level": "0", "affected_by_negation": "no", "separation": "1", "analysis_list": [{"lemma": "on", "tag": "YN7", "original_form": "on"}], "id": "19"}, {"endp": "114", "style": {"isItalics": "no", "isUnderlined": "no", "isTitle": "no", "isBold": "no"}, "token_list": [{"endp": "102", "style": {"isItalics": "no", "isUnderlined": "no", "isTitle": "no", "isBold": "no"}, "inip": "100", "form": "the", "quote_level": "0", "affected_by_negation": "no", "separation": "1", "analysis_list": [{"lemma": "the", "tag": "TD-PN9", "original_form": "the"}], "id": "20"}, {"endp": "108", "style": {"isItalics": "no", "isUnderlined": "no", "isTitle": "no", "isBold": "no"}, "inip": "104", "form": "river", "quote_level": "0", "affected_by_negation": "no", "separation": "1", "analysis_list": [{"lemma": "river", "tag": "NC-S-N5", "sense_id_list": [{"sense_id": "76eecf9514"}], "original_form": "river"}], "sense_list": [{"info": "sementity/class=class@fiction=nonfiction@id=ODENTITY_RIVER@type=Top>Location>GeographicalEntity>WaterForm>River\tsemld_list=sumo:River", "id": "76eecf9514", "form": "river"}], "id": "21"}, {"endp": "114", "style": {"isItalics": "no", "isUnderlined": "no", "isTitle": "no", "isBold": "no"}, "inip": "110", "form": "banks", "quote_level": "0", "affected_by_negation": "no", "separation": "1", "analysis_list": [{"lemma": "bank", "tag": "NC-P-N6", "sense_id_list": [{"sense_id": "2143ccf1a5"}, {"sense_id": "8428c00d8b"}], "original_form": "banks"}], "sense_list": [{"info": "sementity/class=class@fiction=nonfiction@id=ODENTITY_BANKING_COMPANY@type=Top>Organization>Company>FinancialCompany>BankingCompany\tsemld_list=sumo:FinancialCompany\tsemtheme_list/id=ODTHEME_ECONOMY@type=Top>SocialSciences>Economy", "id": "2143ccf1a5", "form": "bank"}, {"info": "sementity/class=class@fiction=nonfiction@id=ODENTITY_BANK@type=Top>Organization>Company>FinancialCompany>BankingCompany>BankingServices>Bank\tsemld_list=sumo:Bank\tsemtheme_list/id=ODTHEME_ECONOMY@type=Top>SocialSciences>Economy", "id": "8428c00d8b", "form": "bank"}], "id": "22"}], "separation": "1", "form": "the river banks", "quote_level": "0", "head": "22", "affected_by_negation": "no", "inip": "100", "analysis_list": [{"lemma": "bank", "tag": "GN-P3---", "original_form": "the river banks"}], "type": "phrase", "id": "41"}], "separation": "1", "form": "on the river banks", "quote_level": "0", "head": "19", "affected_by_negation": "no", "inip": "97", "analysis_list": [{"lemma": "on", "tag": "GY------", "original_form": "on the river banks"}], "type": "phrase", "id": "43"}], "separation": "1", "form": "deer on the river banks", "quote_level": "0", "head": "18", "affected_by_negation": "no", "inip": "92", "analysis_list": [{"lemma": "deer", "tag": "GN-S3---", "original_form": "deer"}, {"lemma": "deer", "tag": "GN-P3---", "original_form": "deer"}], "type": "phrase", "id": "40"}], "separation": "1", "form": "for deer on the river banks", "quote_level": "0", "head": "17", "syntactic_tree_relation_list": [{"type": "isComplement", "id": "16"}], "affected_by_negation": "no", "inip": "88", "analysis_list": [{"lemma": "for", "tag": "GY---C--", "original_form": "for deer on the river banks"}], "type": "phrase", "id": "44"}], "separation": "1", "form": "They hunted for deer on the river banks", "quote_level": "0", "affected_by_negation": "no", "inip": "76", "analysis_list": [{"lemma": "*", "tag": "Z-----------", "original_form": "They hunted for deer on the river banks"}], "type": "phrase", "id": "45"}, {"endp": "115", "style": {"isItalics": "no", "isUnderlined": "no", "isTitle": "no", "isBold": "no"}, "inip": "115", "form": ".", "quote_level": "0", "affected_by_negation": "no", "separation": "A", "analysis_list": [{"lemma": ".", "tag": "1D--", "original_form": "."}], "id": "23"}], "inip": "76", "quote_level": "0", "affected_by_negation": "no", "separation": "A", "type": "sentence", "id": "29"}]}