{"status": {"msg": "OK", "credits": "1", "remaining_credits": "39765", "code": "0"}, "token_list": [{"endp": "106", "style": {"isItalics": "no", "isUnderlined": "no", "isTitle": "no", "isBold": "no"}, "token_list": [{"endp": "105", "style": {"isItalics": "no", "isUnderlined": "no", "isTitle": "no", "isBold": "no"}, "token_list": [{"endp": "13", "style": {"isItalics": "no", "isUnderlined": "no", "isTitle": "no", "isBold": "no"}, "token_list": [{"endp": "2", "style": {"isItalics": "no", "isUnderlined": "no", "isTitle": "no", "isBold": "no"}, "inip": "0", "form": "The", "quote_level": "0", "affected_by_negation": "no", "separation": "_", "analysis_list": [{"lemma": "the", "tag": "TD-PN9", "original_form": "the"}], "id": "1"}, {"endp": "13", "style": {"isItalics": "no", "isUnderlined": "no", "isTitle": "no", "isBold": "no"}, "inip": "4", "form": "scientists", "quote_level": "0", "affected_by_negation": "no", "separation": "1", "analysis_list": [{"lemma": "scientist", "tag": "NC-P-N5", "sense_id_list": [{"sense_id": "17a252bd3f"}], "original_form": "scientists"}], "sense_list": [{"info": "sementity/class=class@fiction=nonfiction@id=ODENTITY_PERSON@type=Top>Person\tsemld_list=sumo:Human", "id": "17a252bd3f", "form": "scientist"}], "id": "2"}], "separation": "_", "form": "The scientists", "quote_level": "0", "head": "2", "syntactic_tree_relation_list": [{"type": "isSubject", "id": "30"}], "affected_by_negation": "no", "inip": "0", "analysis_list": [{"lemma": "scientist", "tag": "GN-P3S--", "original_form": "The scientists"}], "type": "phrase", "id": "35"}, {"endp": "26", "style": {"isItalics": "no", "isUnderlined": "no", "isTitle": "no", "isBold": "no"}, "separation": "1", "form": "are studying", "quote_level": "0", "head": "3", "syntactic_tree_relation_list": [{"type": "iof_isSubject", "id": "35"}, {"type": "iof_isDirectObject", "id": "36"}, {"type": "iof_isMannerComplement", "id": "41"}], "affected_by_negation": "no", "inip": "15", "analysis_list": [{"lemma": "study", "tag": "VI-P3PCA-N-N9", "original_form": "are studying"}], "type": "multiword", "id": "30"}, {"endp": "105", "style": {"isItalics": "no", "isUnderlined": "no", "isTitle": "no", "isBold": "no"}, "token_list": [{"endp": "32", "style": {"isItalics": "no", "isUnderlined": "no", "isTitle": "no", "isBold": "no"}, "separation": "1", "form": "three", "quote_level": "0", "affected_by_negation": "no", "inip": "28", "analysis_list": [{"lemma": "three", "tag": "MD-PCN-", "original_form": "three"}], "id": "5", "normalized_form": "numeric@3"}, {"endp": "40", "style": {"isItalics": "no", "isUnderlined": "no", "isTitle": "no", "isBold": "no"}, "inip": "34", "form": "species", "quote_level": "0", "affected_by_negation": "no", "separation": "1", "analysis_list": [{"lemma": "species", "tag": "NC-P-N5", "sense_id_list": [{"sense_id": "163dc9b543"}], "original_form": "species"}], "sense_list": [{"info": "sementity/class=class@fiction=nonfiction@id=ODENTITY_ORGANIZATION@type=Top>Organization\tsemld_list=sumo:Organization", "id": "163dc9b543", "form": "kind"}], "id": "6"}, {"endp": "48", "style": {"isItalics": "no", "isUnderlined": "no", "isTitle": "no", "isBold": "no"}, "token_list": [{"endp": "43", "style": {"isItalics": "no", "isUnderlined": "no", "isTitle": "no", "isBold": "no"}, "inip": "42", "form": "of", "quote_level": "0", "affected_by_negation": "no", "separation": "1", "analysis_list": [{"lemma": "of", "tag": "YN9", "original_form": "of"}], "id": "7"}, {"endp": "48", "style": {"isItalics": "no", "isUnderlined": "no", "isTitle": "no", "isBold": "no"}, "token_list": [{"endp": "48", "style": {"isItalics": "no", "isUnderlined": "no", "isTitle": "no", "isBold": "no"}, "inip": "45", "form": "fish", "quote_level": "0", "affected_by_negation": "no", "separation": "1", "analysis_list": [{"lemma": "fish", "tag": "NC-S-N4", "sense_id_list": [{"sense_id": "69051fbe59"}], "original_form": "fish"}, {"lemma": "fish", "tag": "NC-P-N4", "sense_id_list": [{"sense_id": "69051fbe59"}], "original_form": "fish"}], "sense_list": [{"info": "sementity/class=class@fiction=nonfiction@id=ODENTITY_FISH@type=Top>LivingThing>Animal>Vertebrate>Fish\tsemld_list=sumo:Fish\tsemtheme_list/id=ODTHEME_ZOOLOGY@type=Top>NaturalSciences>Zoology", "id": "69051fbe59", "form": "fish"}], "id": "8"}], "separation": "1", "form": "fish", "quote_level": "0", "head": "8", "affected_by_negation": "no", "inip": "45", "analysis_list": [{"lemma": "fish", "tag": "GN-S3---", "original_form": "fish"}, {"lemma": "fish", "tag": "GN-P3---", "original_form": "fish"}], "type": "phrase", "id": "37"}], "separation": "1", "form": "of fish", "quote_level": "0", "head": "7", "affected_by_negation": "no", "inip": "42", "analysis_list": [{"lemma": "of", "tag": "GY------", "original_form": "of fish"}], "type": "phrase", "id": "42"}, {"endp": "105", "style": {"isItalics": "no", "isUnderlined": "no", "isTitle": "no", "isBold": "no"}, "token_list": [{"endp": "53", "style": {"isItalics": "no", "isUnderlined": "no", "isTitle": "no", "isBold": "no"}, "token_list": [{"endp": "53", "style": {"isItalics": "no", "isUnderlined": "no", "isTitle": "no", "isBold": "no"}, "inip": "50", "form": "that", "quote_level": "0", "affected_by_negation": "no", "separation": "1", "analysis_list": [{"lemma": "that", "tag": "RP-SN5", "original_form": "that"}, {"lemma": "that", "tag": "RP-PN5", "original_form": "that"}, {"lemma": "that", "tag": "DP-SN5", "original_form": "that"}], "id": "9"}], "separation": "1", "form": "that", "quote_level": "0", "head": "9", "syntactic_tree_relation_list": [{"type": "isAnaphora", "id": "36"}, {"type": "isSubject", "id": "29"}], "affected_by_negation": "no", "inip": "50", "analysis_list": [{"lemma": "that", "tag": "GN-P3S--", "original_form": "that"}], "type": "phrase", "id": "39"}, {"endp": "67", "style": {"isItalics": "no", "isUnderlined": "no", "isTitle": "no", "isBold": "no"}, "token_list": [{"endp": "67", "style": {"isItalics": "no", "isUnderlined": "no", "isTitle": "no", "isBold": "no"}, "inip": "60", "form": "recently", "quote_level": "0", "affected_by_negation": "no", "separation": "1", "analysis_list": [{"lemma": "recently", "tag": "ENMPN5", "original_form": "recently"}], "id": "11"}], "separation": "1", "form": "recently", "quote_level": "0", "head": "11", "syntactic_tree_relation_list": [{"type": "isMannerComplement", "id": "30"}], "affected_by_negation": "no", "inip": "60", "analysis_list": [{"lemma": "recently", "tag": "GEM--M--", "original_form": "recently"}], "type": "phrase", "id": "41"}, {"endp": "78", "style": {"isItalics": "no", "isUnderlined": "no", "isTitle": "no", "isBold": "no"}, "separation": "1", "form": "have been found", "quote_level": "0", "head": "10", "syntactic_tree_relation_list": [{"type": "iof_isSubject", "id": "39"}], "affected_by_negation": "no", "inip": "55", "analysis_list": [{"lemma": "find", "tag": "VI-P3PPP-N-N9", "original_form": "have been found"}], "type": "multiword", "id": "29"}, {"endp": "105", "style": {"isItalics": "no", "isUnderlined": "no", "isTitle": "no", "isBold": "no"}, "token_list": [{"endp": "85", "style": {"isItalics": "no", "isUnderlined": "no", "isTitle": "no", "isBold": "no"}, "inip": "80", "form": "living", "quote_level": "0", "syntactic_tree_relation_list": [{"type": "iof_isLocationComplement", "id": "40"}], "affected_by_negation": "no", "separation": "1", "analysis_list": [{"lemma": "live", "tag": "VP---PSA-N-N4", "sense_id_list": [{"sense_id": "ODENTITY_INTENTIONAL_PSYCHOLOGICAL_PROCESS"}], "original_form": "living"}], "sense_list": [{"info": "sementity/id=ODENTITY_INTENTIONAL_PSYCHOLOGICAL_PROCESS@type=Top>Process>IntentionalProcess>IntentionalPsychologicalProcess\tsemld_list=sumo:IntentionalProcess", "id": "ODENTITY_INTENTIONAL_PSYCHOLOGICAL_PROCESS", "form": "live"}], "id": "14"}, {"endp": "105", "style": {"isItalics": "no", "isUnderlined": "no", "isTitle": "no", "isBold": "no"}, "token_list": [{"endp": "88", "style": {"isItalics": "no", "isUnderlined": "no", "isTitle": "no", "isBold": "no"}, "inip": "87", "form": "in", "quote_level": "0", "affected_by_negation": "no", "separation": "1", "analysis_list": [{"lemma": "in", "tag": "YN6", "original_form": "in"}], "id": "15"}, {"endp": "105", "style": {"isItalics": "no", "isUnderlined": "no", "isTitle": "no", "isBold": "no"}, "token_list": [{"endp": "92", "style": {"isItalics": "no", "isUnderlined": "no", "isTitle": "no", "isBold": "no"}, "inip": "90", "form": "the", "quote_level": "0", "affected_by_negation": "no", "separation": "1", "analysis_list": [{"lemma": "the", "tag": "TD-SN9", "original_form": "the"}], "id": "16"}, {"endp": "105", "style": {"isItalics": "no", "isUnderlined": "no", "isTitle": "no", "isBold": "no"}, "inip": "94", "form": "Indian Ocean", "quote_level": "0", "affected_by_negation": "no", "separation": "1", "analysis_list": [{"lemma": "Indian Ocean", "tag": "NP-S-N-", "sense_id_list": [{"sense_id": "bac1387081"}], "original_form": "Indian Ocean"}], "sense_list": [{"info": "sementity/class=instance@fiction=nonfiction@id=ODENTITY_OCEAN@type=Top>Location>GeographicalEntity>WaterForm>Ocean\tsemld_list=od:ZW4ud2lraTpJbmRpYW5fT2NlYW4|http://en.wikipedia.org/wiki/Indian_Ocean|http://es.wikipedia.org/wiki/Oc\u00e9ano_\u00cdndico|http://fr.wikipedia.org/wiki/Oc\u00e9an_Indien|http://it.wikipedia.org/wiki/Oceano_Indiano|http://ca.wikipedia.org/wiki/Oce\u00e0_\u00cdndic|http://pt.wikipedia.org/wiki/Oceano_\u00cdndico|http://zh.wikipedia.org/wiki/\u5370\u5ea6\u6d0b|http://ar.wikipedia.org/wiki/\u0627\u0644\u0645\u062d\u064a\u0637_\u0627\u0644\u0647\u0646\u062f\u064a|http://gl.wikipedia.org/wiki/Oc\u00e9ano_\u00cdndico|http://eu.wikipedia.org/wiki/Indiako_ozeanoa|http://www4.wiwiss.fu-berlin.de/factbook/resource/Indian_Ocean|http://rdf.freebase.com/ns/m.03rz4|http://sws.geonames.org/1545739/|http://sw.cyc.com/concept/Mx4rvViH35wpEbGdrcN5Y29ycA|sumo:Ocean", "id": "bac1387081", "form": "Indian Ocean"}], "id": "27"}], "separation": "1", "form": "the Indian Ocean", "quote_level": "0", "head": "27", "affected_by_negation": "no", "inip": "90", "analysis_list": [{"lemma": "Indian Ocean", "tag": "GN-S3---", "original_form": "the Indian Ocean"}], "type": "phrase", "id": "38"}], "separation": "1", "form": "in the Indian Ocean", "quote_level": "0", "head": "15", "syntactic_tree_relation_list": [{"type": "isLocationComplement", "id": "14"}], "affected_by_negation": "no", "inip": "87", "analysis_list": [{"lemma": "in", "tag": "GY---L--", "original_form": "in the Indian Ocean"}], "type": "phrase", "id": "40"}], "separation": "1", "form": "living in the Indian Ocean", "quote_level": "0", "affected_by_negation": "no", "inip": "80", "analysis_list": [{"lemma": "*", "tag": "ZN-S3-PP----", "original_form": "living in the Indian Ocean"}], "type": "phrase", "id": "43"}], "separation": "1", "form": "that recently have been found living in the Indian Ocean", "quote_level": "0", "affected_by_negation": "no", "inip": "50", "analysis_list": [{"lemma": "*", "tag": "ZA----IP----", "original_form": "that recently have been found living in the Indian Ocean"}], "type": "phrase", "id": "44"}], "separation": "1", "form": "three species of fish that recently have been found living in the Indian Ocean", "quote_level": "0", "head": "6", "syntactic_tree_relation_list": [{"type": "isDirectObject", "id": "30"}, {"type": "iof_isAnaphora", "id": "39"}, {"type": "iof_isAnaphora", "id": "47"}], "affected_by_negation": "no", "inip": "28", "analysis_list": [{"lemma": "species", "tag": "GN-P3D--", "original_form": "three species"}], "type": "phrase", "id": "36"}], "separation": "_", "form": "The scientists are studying three species of fish that recently have been found living in the Indian Ocean", "quote_level": "0", "affected_by_negation": "no", "inip": "0", "analysis_list": [{"lemma": "*", "tag": "Z-----------", "original_form": "The scientists are studying three species of fish that recently have been found living in the Indian Ocean"}], "type": "phrase", "id": "45"}, {"endp": "106", "style": {"isItalics": "no", "isUnderlined": "no", "isTitle": "no", "isBold": "no"}, "inip": "106", "form": ".", "quote_level": "0", "affected_by_negation": "no", "separation": "A", "analysis_list": [{"lemma": ".", "tag": "1D--", "original_form": "."}], "id": "19"}], "inip": "0", "quote_level": "0", "affected_by_negation": "no", "separation": "A", "type": "sentence", "id": "31"}, {"endp": "132", "style": {"isItalics": "no", "isUnderlined": "no", "isTitle": "no", "isBold": "no"}, "token_list": [{"endp": "131", "style": {"isItalics": "no", "isUnderlined": "no", "isTitle": "no", "isBold": "no"}, "token_list": [{"endp": "111", "style": {"isItalics": "no", "isUnderlined": "no", "isTitle": "no", "isBold": "no"}, "token_list": [{"endp": "111", "style": {"isItalics": "no", "isUnderlined": "no", "isTitle": "no", "isBold": "no"}, "inip": "108", "form": "They", "quote_level": "0", "affected_by_negation": "no", "separation": "1", "analysis_list": [{"lemma": "they", "tag": "PP-P3NN8", "sense_id_list": [{"sense_id": "PRONBOTH"}], "original_form": "they"}], "sense_list": [{"info": "semhum=both", "id": "PRONBOTH", "form": "they"}], "id": "20"}], "separation": "1", "form": "They", "quote_level": "0", "head": "20", "syntactic_tree_relation_list": [{"type": "isAnaphora", "id": "36"}, {"type": "isSubject", "id": "21"}], "affected_by_negation": "no", "inip": "108", "analysis_list": [{"lemma": "they", "tag": "GN-P3S--", "original_form": "They"}], "type": "phrase", "id": "47"}, {"endp": "117", "style": {"isItalics": "no", "isUnderlined": "no", "isTitle": "no", "isBold": "no"}, "inip": "113", "form": "began", "quote_level": "0", "syntactic_tree_relation_list": [{"type": "iof_isSubject", "id": "47"}, {"type": "iof_isTimeComplement", "id": "46"}], "affected_by_negation": "no", "separation": "1", "analysis_list": [{"lemma": "begin", "tag": "VI-P3ASA-N-N6", "original_form": "began"}], "id": "21"}, {"endp": "131", "style": {"isItalics": "no", "isUnderlined": "no", "isTitle": "no", "isBold": "no"}, "token_list": [{"endp": "121", "style": {"isItalics": "no", "isUnderlined": "no", "isTitle": "no", "isBold": "no"}, "separation": "1", "form": "two", "quote_level": "0", "affected_by_negation": "no", "inip": "119", "analysis_list": [{"lemma": "two", "tag": "MD-PCN-", "original_form": "two"}], "id": "22", "normalized_form": "numeric@2"}, {"endp": "127", "style": {"isItalics": "no", "isUnderlined": "no", "isTitle": "no", "isBold": "no"}, "inip": "123", "form": "years", "quote_level": "0", "affected_by_negation": "no", "separation": "1", "analysis_list": [{"lemma": "year", "tag": "NC-P-N7", "sense_id_list": [{"sense_id": "782b286b79"}, {"sense_id": "50b37cb80f"}], "original_form": "years"}], "sense_list": [{"info": "sementity/class=class@fiction=nonfiction@id=ODENTITY_DATE@type=Top>Timex>Date\tsemld_list=sumo:DatePeriod", "id": "50b37cb80f", "form": "year"}, {"info": "sementity/class=class@fiction=nonfiction@id=ODENTITY_PERIOD@type=Top>Timex>Period\tsemld_list=sumo:TimeInterval", "id": "782b286b79", "form": "year"}], "id": "23"}, {"endp": "131", "style": {"isItalics": "no", "isUnderlined": "no", "isTitle": "no", "isBold": "no"}, "token_list": [{"endp": "131", "style": {"isItalics": "no", "isUnderlined": "no", "isTitle": "no", "isBold": "no"}, "inip": "129", "form": "ago", "quote_level": "0", "affected_by_negation": "no", "separation": "1", "analysis_list": [{"lemma": "ago", "tag": "ENTPN6", "original_form": "ago"}], "id": "24"}], "separation": "1", "form": "ago", "quote_level": "0", "head": "24", "affected_by_negation": "no", "inip": "129", "analysis_list": [{"lemma": "ago", "tag": "GET--T--", "original_form": "ago"}], "type": "phrase", "id": "48"}], "separation": "1", "form": "two years ago", "quote_level": "0", "head": "23", "syntactic_tree_relation_list": [{"type": "isTimeComplement", "id": "21"}], "affected_by_negation": "no", "inip": "119", "analysis_list": [{"lemma": "year", "tag": "GN-P3T--", "original_form": "two years"}], "type": "phrase", "id": "46", "normalized_form": "date@||||-2||||||"}], "separation": "1", "form": "They began two years ago", "quote_level": "0", "affected_by_negation": "no", "inip": "108", "analysis_list": [{"lemma": "*", "tag": "Z-----------", "original_form": "They began two years ago"}], "type": "phrase", "id": "49"}, {"endp": "132", "style": {"isItalics": "no", "isUnderlined": "no", "isTitle": "no", "isBold": "no"}, "inip": "132", "form": ".", "quote_level": "0", "affected_by_negation": "no", "separation": "A", "analysis_list": [{"lemma": ".", "tag": "1D--", "original_form": "."}], "id": "25"}], "inip": "108", "quote_level": "0", "affected_by_negation": "no", "separation": "A", "type": "sentence", "id": "33"}]}