{"status": {"msg": "OK", "credits": "1", "remaining_credits": "39762", "code": "0"}, "token_list": [{"endp": "54", "style": {"isItalics": "no", "isUnderlined": "no", "isTitle": "no", "isBold": "no"}, "token_list": [{"endp": "53", "style": {"isItalics": "no", "isUnderlined": "no", "isTitle": "no", "isBold": "no"}, "token_list": [{"endp": "14", "style": {"isItalics": "no", "isUnderlined": "no", "isTitle": "no", "isBold": "no"}, "token_list": [{"endp": "2", "style": {"isItalics": "no", "isUnderlined": "no", "isTitle": "no", "isBold": "no"}, "inip": "0", "form": "The", "quote_level": "0", "affected_by_negation": "no", "separation": "_", "analysis_list": [{"lemma": "the", "tag": "TD-PN9", "original_form": "the"}], "id": "1"}, {"endp": "14", "style": {"isItalics": "no", "isUnderlined": "no", "isTitle": "no", "isBold": "no"}, "inip": "4", "form": "journalists", "quote_level": "0", "affected_by_negation": "no", "separation": "1", "analysis_list": [{"lemma": "journalist", "tag": "NC-P-N4", "sense_id_list": [{"sense_id": "0d2a86e544"}], "original_form": "journalists"}], "sense_list": [{"info": "sementity/class=class@fiction=nonfiction@id=ODENTITY_VOCATION@type=Top>OtherEntity>Vocation\tsemld_list=sumo:Position\tsemtheme_list/id=ODTHEME_MEDIA@type=Top>Society>Media", "id": "0d2a86e544", "form": "journalist"}], "id": "2"}], "separation": "_", "form": "The journalists", "quote_level": "0", "head": "2", "syntactic_tree_relation_list": [{"type": "isSubject", "id": "3"}], "affected_by_negation": "no", "inip": "0", "analysis_list": [{"lemma": "journalist", "tag": "GN-P3S--", "original_form": "The journalists"}], "type": "phrase", "id": "31"}, {"endp": "26", "style": {"isItalics": "no", "isUnderlined": "no", "isTitle": "no", "isBold": "no"}, "inip": "16", "form": "interviewed", "quote_level": "0", "syntactic_tree_relation_list": [{"type": "iof_isSubject", "id": "31"}, {"type": "iof_isDirectObject", "id": "32"}], "affected_by_negation": "no", "separation": "1", "analysis_list": [{"lemma": "interview", "tag": "VI-P3ASA-N-N4", "sense_id_list": [{"sense_id": "ODENTITY_COMMUNICATION_PROCESS"}], "original_form": "interviewed"}], "sense_list": [{"info": "sementity/id=ODENTITY_COMMUNICATION_PROCESS@type=Top>Process>ContentBearingProcess>CommunicationProcess\tsemld_list=sumo:Entity", "id": "ODENTITY_COMMUNICATION_PROCESS", "form": "interview"}], "id": "3"}, {"endp": "53", "style": {"isItalics": "no", "isUnderlined": "no", "isTitle": "no", "isBold": "no"}, "token_list": [{"endp": "30", "style": {"isItalics": "no", "isUnderlined": "no", "isTitle": "no", "isBold": "no"}, "inip": "28", "form": "the", "quote_level": "0", "affected_by_negation": "no", "separation": "1", "analysis_list": [{"lemma": "the", "tag": "TD-PN9", "original_form": "the"}], "id": "4"}, {"endp": "36", "style": {"isItalics": "no", "isUnderlined": "no", "isTitle": "no", "isBold": "no"}, "inip": "32", "form": "stars", "quote_level": "0", "affected_by_negation": "no", "separation": "1", "analysis_list": [{"lemma": "star", "tag": "NC-P-N5", "sense_id_list": [{"sense_id": "c5994b45cc"}, {"sense_id": "35d8a8e65d"}], "original_form": "stars"}], "sense_list": [{"info": "sementity/class=class@fiction=nonfiction@id=ODENTITY_VOCATION@type=Top>OtherEntity>Vocation\tsemld_list=sumo:Position\tsemtheme_list/id=ODTHEME_MEDIA@type=Top>Society>Media", "id": "35d8a8e65d", "form": "star"}, {"info": "sementity/class=class@fiction=nonfiction@id=ODENTITY_STAR@type=Top>Location>AstralBody>Star\tsemld_list=sumo:Star\tsemtheme_list/id=ODTHEME_ASTRONOMY@type=Top>NaturalSciences>Astronomy", "id": "c5994b45cc", "form": "star"}], "id": "5"}, {"endp": "53", "style": {"isItalics": "no", "isUnderlined": "no", "isTitle": "no", "isBold": "no"}, "token_list": [{"endp": "39", "style": {"isItalics": "no", "isUnderlined": "no", "isTitle": "no", "isBold": "no"}, "inip": "38", "form": "of", "quote_level": "0", "affected_by_negation": "no", "separation": "1", "analysis_list": [{"lemma": "of", "tag": "YN9", "original_form": "of"}], "id": "6"}, {"endp": "53", "style": {"isItalics": "no", "isUnderlined": "no", "isTitle": "no", "isBold": "no"}, "token_list": [{"endp": "43", "style": {"isItalics": "no", "isUnderlined": "no", "isTitle": "no", "isBold": "no"}, "inip": "41", "form": "the", "quote_level": "0", "affected_by_negation": "no", "separation": "1", "analysis_list": [{"lemma": "the", "tag": "TD-SN9", "original_form": "the"}], "id": "7"}, {"endp": "47", "style": {"isItalics": "no", "isUnderlined": "no", "isTitle": "no", "isBold": "no"}, "inip": "45", "form": "new", "quote_level": "0", "affected_by_negation": "no", "separation": "1", "analysis_list": [{"lemma": "new", "tag": "AP-N7", "original_form": "new"}], "id": "8"}, {"endp": "53", "style": {"isItalics": "no", "isUnderlined": "no", "isTitle": "no", "isBold": "no"}, "inip": "49", "form": "movie", "quote_level": "0", "affected_by_negation": "no", "separation": "1", "analysis_list": [{"lemma": "movie", "tag": "NC-S-N4", "original_form": "movie"}], "id": "9"}], "separation": "1", "form": "the new movie", "quote_level": "0", "head": "9", "affected_by_negation": "no", "inip": "41", "analysis_list": [{"lemma": "movie", "tag": "GN-S3---", "original_form": "the new movie"}], "type": "phrase", "id": "33"}], "separation": "1", "form": "of the new movie", "quote_level": "0", "head": "6", "affected_by_negation": "no", "inip": "38", "analysis_list": [{"lemma": "of", "tag": "GY------", "original_form": "of the new movie"}], "type": "phrase", "id": "34"}], "separation": "1", "form": "the stars of the new movie", "quote_level": "0", "head": "5", "syntactic_tree_relation_list": [{"type": "isDirectObject", "id": "3"}, {"type": "iof_isAnaphora", "id": "39"}], "affected_by_negation": "no", "inip": "28", "analysis_list": [{"lemma": "star", "tag": "GN-P3D--", "original_form": "the stars"}], "type": "phrase", "id": "32"}], "separation": "_", "form": "The journalists interviewed the stars of the new movie", "quote_level": "0", "affected_by_negation": "no", "inip": "0", "analysis_list": [{"lemma": "*", "tag": "Z-----------", "original_form": "The journalists interviewed the stars of the new movie"}], "type": "phrase", "id": "35"}, {"endp": "54", "style": {"isItalics": "no", "isUnderlined": "no", "isTitle": "no", "isBold": "no"}, "inip": "54", "form": ".", "quote_level": "0", "affected_by_negation": "no", "separation": "A", "analysis_list": [{"lemma": ".", "tag": "1D--", "original_form": "."}], "id": "10"}], "inip": "0", "quote_level": "0", "affected_by_negation": "no", "separation": "A", "type": "sentence", "id": "27"}, {"endp": "123", "style": {"isItalics": "no", "isUnderlined": "no", "isTitle": "no", "isBold": "no"}, "token_list": [{"endp": "122", "style": {"isItalics": "no", "isUnderlined": "no", "isTitle": "no", "isBold": "no"}, "token_list": [{"endp": "59", "style": {"isItalics": "no", "isUnderlined": "no", "isTitle": "no", "isBold": "no"}, "token_list": [{"endp": "59", "style": {"isItalics": "no", "isUnderlined": "no", "isTitle": "no", "isBold": "no"}, "inip": "56", "form": "They", "quote_level": "0", "affected_by_negation": "no", "separation": "1", "analysis_list": [{"lemma": "they", "tag": "PP-P3NN8", "sense_id_list": [{"sense_id": "PRONBOTH"}], "original_form": "they"}], "sense_list": [{"info": "semhum=both", "id": "PRONBOTH", "form": "they"}], "id": "11"}], "separation": "1", "form": "They", "quote_level": "0", "head": "11", "syntactic_tree_relation_list": [{"type": "isSubject", "id": "19"}, {"type": "isAnaphora", "id": "32"}, {"type": "isSubject", "id": "12"}], "affected_by_negation": "no", "inip": "56", "analysis_list": [{"lemma": "they", "tag": "GN-P3S--", "original_form": "They"}], "type": "phrase", "id": "39"}, {"endp": "64", "style": {"isItalics": "no", "isUnderlined": "no", "isTitle": "no", "isBold": "no"}, "inip": "61", "form": "were", "quote_level": "0", "syntactic_tree_relation_list": [{"type": "iof_isSubject", "id": "39"}, {"type": "iof_isAttribute", "id": "37"}, {"type": "iof_isComplement", "id": "41"}], "affected_by_negation": "no", "separation": "1", "analysis_list": [{"lemma": "be", "tag": "VI-P3ASA-N-N9", "original_form": "were"}], "id": "12"}, {"endp": "81", "style": {"isItalics": "no", "isUnderlined": "no", "isTitle": "no", "isBold": "no"}, "token_list": [{"endp": "69", "style": {"isItalics": "no", "isUnderlined": "no", "isTitle": "no", "isBold": "no"}, "inip": "66", "form": "very", "quote_level": "0", "affected_by_negation": "no", "separation": "1", "analysis_list": [{"lemma": "very", "tag": "ENMSN5", "original_form": "very"}], "id": "13"}, {"endp": "81", "style": {"isItalics": "no", "isUnderlined": "no", "isTitle": "no", "isBold": "no"}, "inip": "71", "form": "cooperative", "quote_level": "0", "affected_by_negation": "no", "separation": "1", "analysis_list": [{"lemma": "cooperative", "tag": "AP-N-", "original_form": "cooperative"}], "id": "14"}], "separation": "1", "form": "very cooperative", "quote_level": "0", "head": "14", "syntactic_tree_relation_list": [{"type": "isAttribute", "id": "12"}], "affected_by_negation": "no", "inip": "66", "analysis_list": [{"lemma": "cooperative", "tag": "GA---A--", "original_form": "very cooperative"}], "type": "phrase", "id": "37"}, {"endp": "82", "style": {"isItalics": "no", "isUnderlined": "no", "isTitle": "no", "isBold": "no"}, "inip": "82", "form": ",", "quote_level": "0", "affected_by_negation": "no", "separation": "A", "analysis_list": [{"lemma": ",", "tag": "1D--", "original_form": ","}], "id": "15"}, {"endp": "122", "style": {"isItalics": "no", "isUnderlined": "no", "isTitle": "no", "isBold": "no"}, "token_list": [{"endp": "85", "style": {"isItalics": "no", "isUnderlined": "no", "isTitle": "no", "isBold": "no"}, "inip": "84", "form": "so", "quote_level": "0", "affected_by_negation": "no", "separation": "1", "analysis_list": [{"lemma": "so", "tag": "CSLN7", "original_form": "so"}, {"lemma": "so", "tag": "CSFN7", "original_form": "so"}], "id": "16"}, {"endp": "99", "style": {"isItalics": "no", "isUnderlined": "no", "isTitle": "no", "isBold": "no"}, "token_list": [{"endp": "89", "style": {"isItalics": "no", "isUnderlined": "no", "isTitle": "no", "isBold": "no"}, "inip": "87", "form": "the", "quote_level": "0", "affected_by_negation": "no", "separation": "1", "analysis_list": [{"lemma": "the", "tag": "TD-SN9", "original_form": "the"}], "id": "17"}, {"endp": "99", "style": {"isItalics": "no", "isUnderlined": "no", "isTitle": "no", "isBold": "no"}, "inip": "91", "form": "interview", "quote_level": "0", "affected_by_negation": "no", "separation": "1", "analysis_list": [{"lemma": "interview", "tag": "NC-S-N4", "sense_id_list": [{"sense_id": "e6804e6507"}], "original_form": "interview"}], "sense_list": [{"info": "sementity/class=class@fiction=nonfiction@id=ODENTITY_TOP@type=Top\tsemld_list=sumo:Entity\tsemtheme_list/id=ODTHEME_MEDIA@type=Top>Society>Media", "id": "e6804e6507", "form": "interview"}], "id": "18"}], "separation": "1", "form": "the interview", "quote_level": "0", "head": "18", "affected_by_negation": "no", "inip": "87", "analysis_list": [{"lemma": "interview", "tag": "GN-S3---", "original_form": "the interview"}], "type": "phrase", "id": "38"}, {"endp": "106", "style": {"isItalics": "no", "isUnderlined": "no", "isTitle": "no", "isBold": "no"}, "inip": "101", "form": "lasted", "quote_level": "0", "syntactic_tree_relation_list": [{"type": "iof_isSubject", "id": "39"}, {"type": "iof_isTimeComplement", "id": "40"}], "affected_by_negation": "no", "separation": "1", "analysis_list": [{"lemma": "last", "tag": "VP---ASA-N-N5", "original_form": "lasted"}, {"lemma": "last", "tag": "VI-UUASA-N-N5", "original_form": "lasted"}], "id": "19"}, {"endp": "122", "style": {"isItalics": "no", "isUnderlined": "no", "isTitle": "no", "isBold": "no"}, "token_list": [{"endp": "122", "style": {"isItalics": "no", "isUnderlined": "no", "isTitle": "no", "isBold": "no"}, "inip": "108", "form": "for a long time", "quote_level": "0", "affected_by_negation": "no", "separation": "1", "analysis_list": [{"lemma": "for a long time", "tag": "ENTPN-", "original_form": "for a long time"}], "id": "26"}], "separation": "1", "form": "for a long time", "quote_level": "0", "head": "26", "syntactic_tree_relation_list": [{"type": "isTimeComplement", "id": "19"}], "affected_by_negation": "no", "inip": "108", "analysis_list": [{"lemma": "for a long time", "tag": "GET--T--", "original_form": "for a long time"}], "type": "phrase", "id": "40"}], "separation": "1", "form": "so the interview lasted for a long time", "quote_level": "0", "syntactic_tree_relation_list": [{"type": "isComplement", "id": "12"}], "affected_by_negation": "no", "inip": "84", "analysis_list": [{"lemma": "*", "tag": "ZE---CIA----", "original_form": "so the interview lasted for a long time"}, {"lemma": "*", "tag": "ZE---CA-----", "original_form": "so the interview lasted for a long time"}], "type": "phrase", "id": "41"}], "separation": "1", "form": "They were very cooperative, so the interview lasted for a long time", "quote_level": "0", "affected_by_negation": "no", "inip": "56", "analysis_list": [{"lemma": "*", "tag": "Z-----------", "original_form": "They were very cooperative, so the interview lasted for a long time"}], "type": "phrase", "id": "42"}, {"endp": "123", "style": {"isItalics": "no", "isUnderlined": "no", "isTitle": "no", "isBold": "no"}, "inip": "123", "form": ".", "quote_level": "0", "affected_by_negation": "no", "separation": "A", "analysis_list": [{"lemma": ".", "tag": "1D--", "original_form": "."}], "id": "24"}], "inip": "56", "quote_level": "0", "affected_by_negation": "no", "separation": "A", "type": "sentence", "id": "29"}]}