{"status": {"msg": "OK", "credits": "1", "remaining_credits": "39760", "code": "0"}, "token_list": [{"endp": "43", "style": {"isItalics": "no", "isUnderlined": "no", "isTitle": "no", "isBold": "no"}, "token_list": [{"endp": "42", "style": {"isItalics": "no", "isUnderlined": "no", "isTitle": "no", "isBold": "no"}, "token_list": [{"endp": "9", "style": {"isItalics": "no", "isUnderlined": "no", "isTitle": "no", "isBold": "no"}, "token_list": [{"endp": "2", "style": {"isItalics": "no", "isUnderlined": "no", "isTitle": "no", "isBold": "no"}, "inip": "0", "form": "The", "quote_level": "0", "affected_by_negation": "no", "separation": "_", "analysis_list": [{"lemma": "the", "tag": "TD-PN9", "original_form": "the"}], "id": "1"}, {"endp": "9", "style": {"isItalics": "no", "isUnderlined": "no", "isTitle": "no", "isBold": "no"}, "inip": "4", "form": "police", "quote_level": "0", "affected_by_negation": "no", "separation": "1", "analysis_list": [{"lemma": "police", "tag": "NC-P-N6", "sense_id_list": [{"sense_id": "d480890f1f"}, {"sense_id": "2bb879c1d1"}], "original_form": "police"}], "sense_list": [{"info": "sementity/class=class@fiction=nonfiction@id=ODENTITY_VOCATION@type=Top>OtherEntity>Vocation\tsemld_list=sumo:Position\tsemtheme_list/id=ODTHEME_SECURITY_POLICE@type=Top>Society>SecurityPolice", "id": "2bb879c1d1", "form": "police"}, {"info": "sementity/class=class@fiction=nonfiction@id=ODENTITY_POLICE@type=Top>Organization>Military>Police\tsemld_list=sumo:PoliceOrganization", "id": "d480890f1f", "form": "police"}], "id": "2"}], "separation": "_", "form": "The police", "quote_level": "0", "head": "2", "syntactic_tree_relation_list": [{"type": "isSubject", "id": "3"}, {"type": "iof_isAnaphora", "id": "38"}], "affected_by_negation": "no", "inip": "0", "analysis_list": [{"lemma": "police", "tag": "GN-P3S--", "original_form": "The police"}], "type": "phrase", "id": "29"}, {"endp": "18", "style": {"isItalics": "no", "isUnderlined": "no", "isTitle": "no", "isBold": "no"}, "inip": "11", "form": "arrested", "quote_level": "0", "syntactic_tree_relation_list": [{"type": "iof_isSubject", "id": "29"}, {"type": "iof_isDirectObject", "id": "31"}], "affected_by_negation": "no", "separation": "1", "analysis_list": [{"lemma": "arrest", "tag": "VI-P3ASA-N-N4", "sense_id_list": [{"sense_id": "ODENTITY_KEEPING"}, {"sense_id": "ODENTITY_INTENTIONAL_PROCESS"}, {"sense_id": "ODENTITY_INTENTIONAL_PSYCHOLOGICAL_PROCESS"}], "original_form": "arrested"}], "sense_list": [{"info": "sementity/id=ODENTITY_INTENTIONAL_PROCESS@type=Top>Process>IntentionalProcess\tsemld_list=sumo:IntentionalProcess", "id": "ODENTITY_INTENTIONAL_PROCESS", "form": "arrest"}, {"info": "sementity/id=ODENTITY_INTENTIONAL_PSYCHOLOGICAL_PROCESS@type=Top>Process>IntentionalProcess>IntentionalPsychologicalProcess\tsemld_list=sumo:IntentionalProcess", "id": "ODENTITY_INTENTIONAL_PSYCHOLOGICAL_PROCESS", "form": "arrest"}, {"info": "sementity/id=ODENTITY_KEEPING@type=Top>Process>IntentionalProcess>Keeping\tsemld_list=sumo:Keeping", "id": "ODENTITY_KEEPING", "form": "arrest"}], "id": "3"}, {"endp": "42", "style": {"isItalics": "no", "isUnderlined": "no", "isTitle": "no", "isBold": "no"}, "token_list": [{"endp": "22", "style": {"isItalics": "no", "isUnderlined": "no", "isTitle": "no", "isBold": "no"}, "inip": "20", "form": "all", "quote_level": "0", "affected_by_negation": "no", "separation": "1", "analysis_list": [{"lemma": "all", "tag": "QP--PN6", "original_form": "all"}, {"lemma": "all", "tag": "QP-SPN6", "sense_id_list": [{"sense_id": "PRONNONHUMAN"}], "original_form": "all"}, {"lemma": "all", "tag": "QP-PPN6", "sense_id_list": [{"sense_id": "PRONNONHUMAN"}], "original_form": "all"}], "sense_list": [{"info": "semhum=nonhuman", "id": "PRONNONHUMAN", "form": "all"}], "id": "4"}, {"endp": "42", "style": {"isItalics": "no", "isUnderlined": "no", "isTitle": "no", "isBold": "no"}, "token_list": [{"endp": "25", "style": {"isItalics": "no", "isUnderlined": "no", "isTitle": "no", "isBold": "no"}, "inip": "24", "form": "of", "quote_level": "0", "affected_by_negation": "no", "separation": "1", "analysis_list": [{"lemma": "of", "tag": "YN9", "original_form": "of"}], "id": "5"}, {"endp": "42", "style": {"isItalics": "no", "isUnderlined": "no", "isTitle": "no", "isBold": "no"}, "token_list": [{"endp": "29", "style": {"isItalics": "no", "isUnderlined": "no", "isTitle": "no", "isBold": "no"}, "inip": "27", "form": "the", "quote_level": "0", "affected_by_negation": "no", "separation": "1", "analysis_list": [{"lemma": "the", "tag": "TD-PN9", "original_form": "the"}], "id": "6"}, {"endp": "34", "style": {"isItalics": "no", "isUnderlined": "no", "isTitle": "no", "isBold": "no"}, "inip": "31", "form": "gang", "quote_level": "0", "affected_by_negation": "no", "separation": "1", "analysis_list": [{"lemma": "gang", "tag": "NC-S-N4", "sense_id_list": [{"sense_id": "0c990e268d"}, {"sense_id": "12582a5275"}, {"sense_id": "1d36bec0aa"}], "original_form": "gang"}], "sense_list": [{"info": "sementity/class=class@fiction=nonfiction@id=ODENTITY_ORGANIZATION@type=Top>Organization\tsemld_list=sumo:Organization", "id": "0c990e268d", "form": "band"}, {"info": "sementity/class=class@fiction=nonfiction@id=ODENTITY_ORGANIZATION@type=Top>Organization\tsemld_list=sumo:Organization", "id": "12582a5275", "form": "gang"}, {"info": "sementity/class=class@fiction=nonfiction@id=ODENTITY_PERSON@type=Top>Person\tsemld_list=sumo:Human", "id": "1d36bec0aa", "form": "gangster"}], "id": "7"}, {"endp": "42", "style": {"isItalics": "no", "isUnderlined": "no", "isTitle": "no", "isBold": "no"}, "inip": "36", "form": "members", "quote_level": "0", "affected_by_negation": "no", "separation": "1", "analysis_list": [{"lemma": "member", "tag": "NC-P-N6", "sense_id_list": [{"sense_id": "2262dbecf7"}, {"sense_id": "a87b286b77"}, {"sense_id": "a4d4273e43"}], "original_form": "members"}], "sense_list": [{"info": "sementity/class=class@fiction=nonfiction@id=ODENTITY_PERSON@type=Top>Person\tsemld_list=sumo:Human", "id": "2262dbecf7", "form": "associate"}, {"info": "sementity/class=class@fiction=nonfiction@id=ODENTITY_BODY_PART@type=Top>LivingThing>BodyPart\tsemld_list=sumo:Organism\tsemtheme_list/id=ODTHEME_ANATOMY@type=Top>LifeSciences>Anatomy", "id": "a4d4273e43", "form": "member"}, {"info": "sementity/class=class@fiction=nonfiction@id=ODENTITY_PERSON@type=Top>Person\tsemld_list=sumo:Human", "id": "a87b286b77", "form": "member"}], "id": "8"}], "separation": "1", "form": "the gang members", "quote_level": "0", "head": "8", "affected_by_negation": "no", "inip": "27", "analysis_list": [{"lemma": "member", "tag": "GN-P3---", "original_form": "the gang members"}], "type": "phrase", "id": "30"}], "separation": "1", "form": "of the gang members", "quote_level": "0", "head": "5", "affected_by_negation": "no", "inip": "24", "analysis_list": [{"lemma": "of", "tag": "GY------", "original_form": "of the gang members"}], "type": "phrase", "id": "32"}], "separation": "1", "form": "all of the gang members", "quote_level": "0", "head": "4", "syntactic_tree_relation_list": [{"type": "isDirectObject", "id": "3"}], "affected_by_negation": "no", "inip": "20", "analysis_list": [{"lemma": "all", "tag": "GN--3D--", "original_form": "all"}, {"lemma": "all", "tag": "GN-S3D--", "original_form": "all"}, {"lemma": "all", "tag": "GN-P3D--", "original_form": "all"}], "type": "phrase", "id": "31"}], "separation": "_", "form": "The police arrested all of the gang members", "quote_level": "0", "affected_by_negation": "no", "inip": "0", "analysis_list": [{"lemma": "*", "tag": "Z-----------", "original_form": "The police arrested all of the gang members"}], "type": "phrase", "id": "33"}, {"endp": "43", "style": {"isItalics": "no", "isUnderlined": "no", "isTitle": "no", "isBold": "no"}, "inip": "43", "form": ".", "quote_level": "0", "affected_by_negation": "no", "separation": "A", "analysis_list": [{"lemma": ".", "tag": "1D--", "original_form": "."}], "id": "9"}], "inip": "0", "quote_level": "0", "affected_by_negation": "no", "separation": "A", "type": "sentence", "id": "24"}, {"endp": "103", "style": {"isItalics": "no", "isUnderlined": "no", "isTitle": "no", "isBold": "no"}, "token_list": [{"endp": "102", "style": {"isItalics": "no", "isUnderlined": "no", "isTitle": "no", "isBold": "no"}, "token_list": [{"endp": "48", "style": {"isItalics": "no", "isUnderlined": "no", "isTitle": "no", "isBold": "no"}, "token_list": [{"endp": "48", "style": {"isItalics": "no", "isUnderlined": "no", "isTitle": "no", "isBold": "no"}, "inip": "45", "form": "They", "quote_level": "0", "affected_by_negation": "no", "separation": "1", "analysis_list": [{"lemma": "they", "tag": "PP-P3NN8", "sense_id_list": [{"sense_id": "PRONBOTH"}], "original_form": "they"}], "sense_list": [{"info": "semhum=both", "id": "PRONBOTH", "form": "they"}], "id": "10"}], "separation": "1", "form": "They", "quote_level": "0", "head": "10", "syntactic_tree_relation_list": [{"type": "isAnaphora", "id": "29"}, {"type": "isSubject", "id": "23"}], "affected_by_negation": "no", "inip": "45", "analysis_list": [{"lemma": "they", "tag": "GN-P3S--", "original_form": "They"}], "type": "phrase", "id": "38"}, {"endp": "60", "style": {"isItalics": "no", "isUnderlined": "no", "isTitle": "no", "isBold": "no"}, "separation": "1", "form": "were trying", "quote_level": "0", "head": "11", "syntactic_tree_relation_list": [{"type": "iof_isSubject", "id": "38"}, {"type": "iof_isDirectObject", "id": "40"}], "affected_by_negation": "no", "inip": "50", "analysis_list": [{"lemma": "try", "tag": "VI-P3ACA-N-N9", "original_form": "were trying"}], "type": "multiword", "id": "23"}, {"endp": "102", "style": {"isItalics": "no", "isUnderlined": "no", "isTitle": "no", "isBold": "no"}, "token_list": [{"endp": "67", "style": {"isItalics": "no", "isUnderlined": "no", "isTitle": "no", "isBold": "no"}, "separation": "1", "form": "to run", "quote_level": "0", "head": "14", "syntactic_tree_relation_list": [{"type": "iof_isDirectObject", "id": "36"}, {"type": "iof_isComplement", "id": "39"}], "affected_by_negation": "no", "inip": "62", "analysis_list": [{"lemma": "run", "tag": "VF---OSA-N-N5", "original_form": "to run"}], "type": "multiword", "id": "35"}, {"endp": "82", "style": {"isItalics": "no", "isUnderlined": "no", "isTitle": "no", "isBold": "no"}, "token_list": [{"endp": "71", "style": {"isItalics": "no", "isUnderlined": "no", "isTitle": "no", "isBold": "no"}, "inip": "69", "form": "the", "quote_level": "0", "affected_by_negation": "no", "separation": "1", "analysis_list": [{"lemma": "the", "tag": "TD-SN9", "original_form": "the"}], "id": "15"}, {"endp": "76", "style": {"isItalics": "no", "isUnderlined": "no", "isTitle": "no", "isBold": "no"}, "inip": "73", "form": "drug", "quote_level": "0", "affected_by_negation": "no", "separation": "1", "analysis_list": [{"lemma": "drug", "tag": "NC-S-N3", "sense_id_list": [{"sense_id": "0f803ea2c5"}], "original_form": "drug"}], "sense_list": [{"info": "sementity/class=class@fiction=nonfiction@id=ODENTITY_DRUG@type=Top>Product>Substance>Drug\tsemld_list=sumo:BiologicallyActiveSubstance\tsemtheme_list/id=ODTHEME_PHARMACOLOGY@type=Top>LifeSciences>Pharmacology", "id": "0f803ea2c5", "form": "drug"}], "id": "16"}, {"endp": "82", "style": {"isItalics": "no", "isUnderlined": "no", "isTitle": "no", "isBold": "no"}, "inip": "78", "form": "trade", "quote_level": "0", "affected_by_negation": "no", "separation": "1", "analysis_list": [{"lemma": "trade", "tag": "NC-S-N5", "sense_id_list": [{"sense_id": "83fddb7d59"}], "original_form": "trade"}], "sense_list": [{"info": "sementity/class=class@fiction=nonfiction@id=ODENTITY_TOP@type=Top\tsemld_list=sumo:Entity\tsemtheme_list/id=ODTHEME_ECONOMY@type=Top>SocialSciences>Economy", "id": "83fddb7d59", "form": "trade"}], "id": "17"}], "separation": "1", "form": "the drug trade", "quote_level": "0", "head": "17", "syntactic_tree_relation_list": [{"type": "isDirectObject", "id": "35"}], "affected_by_negation": "no", "inip": "69", "analysis_list": [{"lemma": "trade", "tag": "GN-S3D--", "original_form": "the drug trade"}], "type": "phrase", "id": "36"}, {"endp": "102", "style": {"isItalics": "no", "isUnderlined": "no", "isTitle": "no", "isBold": "no"}, "token_list": [{"endp": "85", "style": {"isItalics": "no", "isUnderlined": "no", "isTitle": "no", "isBold": "no"}, "inip": "84", "form": "in", "quote_level": "0", "affected_by_negation": "no", "separation": "1", "analysis_list": [{"lemma": "in", "tag": "YN6", "original_form": "in"}], "id": "18"}, {"endp": "102", "style": {"isItalics": "no", "isUnderlined": "no", "isTitle": "no", "isBold": "no"}, "token_list": [{"endp": "89", "style": {"isItalics": "no", "isUnderlined": "no", "isTitle": "no", "isBold": "no"}, "inip": "87", "form": "the", "quote_level": "0", "affected_by_negation": "no", "separation": "1", "analysis_list": [{"lemma": "the", "tag": "TD-SN9", "original_form": "the"}], "id": "19"}, {"endp": "102", "style": {"isItalics": "no", "isUnderlined": "no", "isTitle": "no", "isBold": "no"}, "inip": "91", "form": "neighborhood", "quote_level": "0", "affected_by_negation": "no", "separation": "1", "analysis_list": [{"check_info": {"form_list": [{"form": "neighbourhood"}], "tag": "aR-1-"}, "variety_dictionary": "en-GB", "lemma": "neighborhood", "tag": "NC-S-N-", "original_form": "neighborhood", "sense_id_list": [{"sense_id": "daef3e327d"}]}], "sense_list": [{"info": "sementity/class=class@fiction=nonfiction@id=ODENTITY_GEO_POLITICAL_ENTITY@type=Top>Location>GeoPoliticalEntity\tsemld_list=sumo:GeopoliticalArea", "id": "daef3e327d", "form": "neighborhood"}], "id": "20"}], "separation": "1", "form": "the neighborhood", "quote_level": "0", "head": "20", "affected_by_negation": "no", "inip": "87", "analysis_list": [{"lemma": "neighborhood", "tag": "GN-S3---", "original_form": "the neighborhood"}], "type": "phrase", "id": "37"}], "separation": "1", "form": "in the neighborhood", "quote_level": "0", "head": "18", "syntactic_tree_relation_list": [{"type": "isComplement", "id": "35"}], "affected_by_negation": "no", "inip": "84", "analysis_list": [{"lemma": "in", "tag": "GY---C--", "original_form": "in the neighborhood"}], "type": "phrase", "id": "39"}], "separation": "1", "form": "to run the drug trade in the neighborhood", "quote_level": "0", "syntactic_tree_relation_list": [{"type": "isDirectObject", "id": "23"}], "affected_by_negation": "no", "inip": "62", "analysis_list": [{"lemma": "*", "tag": "ZN---DFO----", "original_form": "to run the drug trade in the neighborhood"}], "type": "phrase", "id": "40"}], "separation": "1", "form": "They were trying to run the drug trade in the neighborhood", "quote_level": "0", "affected_by_negation": "no", "inip": "45", "analysis_list": [{"lemma": "*", "tag": "Z-----------", "original_form": "They were trying to run the drug trade in the neighborhood"}], "type": "phrase", "id": "41"}, {"endp": "103", "style": {"isItalics": "no", "isUnderlined": "no", "isTitle": "no", "isBold": "no"}, "inip": "103", "form": ".", "quote_level": "0", "affected_by_negation": "no", "separation": "A", "analysis_list": [{"lemma": ".", "tag": "1D--", "original_form": "."}], "id": "21"}], "inip": "45", "quote_level": "0", "affected_by_negation": "no", "separation": "A", "type": "sentence", "id": "26"}]}