{"status": {"msg": "OK", "credits": "1", "remaining_credits": "39759", "code": "0"}, "token_list": [{"endp": "39", "style": {"isItalics": "no", "isUnderlined": "no", "isTitle": "no", "isBold": "no"}, "token_list": [{"endp": "38", "style": {"isItalics": "no", "isUnderlined": "no", "isTitle": "no", "isBold": "no"}, "token_list": [{"endp": "0", "style": {"isItalics": "no", "isUnderlined": "no", "isTitle": "no", "isBold": "no"}, "token_list": [{"endp": "0", "style": {"isItalics": "no", "isUnderlined": "no", "isTitle": "no", "isBold": "no"}, "inip": "0", "form": "I", "quote_level": "0", "affected_by_negation": "no", "separation": "_", "analysis_list": [{"lemma": "I", "tag": "PP-S1NN-", "sense_id_list": [{"sense_id": "PRONHUMAN"}], "original_form": "I"}], "sense_list": [{"info": "semhum=human", "id": "PRONHUMAN", "form": "I"}], "id": "1"}], "separation": "_", "form": "I", "quote_level": "0", "head": "1", "syntactic_tree_relation_list": [{"type": "isSubject", "id": "2"}], "affected_by_negation": "no", "inip": "0", "analysis_list": [{"lemma": "I", "tag": "GN-S1S--", "original_form": "I"}], "type": "phrase", "id": "27"}, {"endp": "4", "style": {"isItalics": "no", "isUnderlined": "no", "isTitle": "no", "isBold": "no"}, "inip": "2", "form": "put", "quote_level": "0", "syntactic_tree_relation_list": [{"type": "iof_isSubject", "id": "27"}, {"type": "iof_isDirectObject", "id": "25"}, {"type": "iof_isLocationComplement", "id": "29"}, {"type": "iof_isComplement", "id": "28"}], "affected_by_negation": "no", "separation": "1", "analysis_list": [{"lemma": "put", "tag": "VI-S1ASA-N-N7", "sense_id_list": [{"sense_id": "ODENTITY_COMMUNICATION_PROCESS"}, {"sense_id": "ODENTITY_CONTENT_DEVELOPMENT"}, {"sense_id": "ODENTITY_TRANSACTION"}, {"sense_id": "ODENTITY_INTENTIONAL_PROCESS"}, {"sense_id": "ODENTITY_INTENTIONAL_PSYCHOLOGICAL_PROCESS"}, {"sense_id": "ODENTITY_PROCESS"}, {"sense_id": "ODENTITY_REASONING"}], "original_form": "put"}, {"lemma": "put", "tag": "VI-S1PSA-N-N7", "sense_id_list": [{"sense_id": "ODENTITY_COMMUNICATION_PROCESS"}, {"sense_id": "ODENTITY_CONTENT_DEVELOPMENT"}, {"sense_id": "ODENTITY_TRANSACTION"}, {"sense_id": "ODENTITY_INTENTIONAL_PROCESS"}, {"sense_id": "ODENTITY_INTENTIONAL_PSYCHOLOGICAL_PROCESS"}, {"sense_id": "ODENTITY_PROCESS"}, {"sense_id": "ODENTITY_REASONING"}], "original_form": "put"}], "sense_list": [{"info": "sementity/id=ODENTITY_COMMUNICATION_PROCESS@type=Top>Process>ContentBearingProcess>CommunicationProcess\tsemld_list=sumo:Entity", "id": "ODENTITY_COMMUNICATION_PROCESS", "form": "put"}, {"info": "sementity/id=ODENTITY_CONTENT_DEVELOPMENT@type=Top>Process>IntentionalProcess>ContentDevelopment\tsemld_list=sumo:IntentionalProcess", "id": "ODENTITY_CONTENT_DEVELOPMENT", "form": "put"}, {"info": "sementity/id=ODENTITY_INTENTIONAL_PROCESS@type=Top>Process>IntentionalProcess\tsemld_list=sumo:IntentionalProcess", "id": "ODENTITY_INTENTIONAL_PROCESS", "form": "put"}, {"info": "sementity/id=ODENTITY_INTENTIONAL_PSYCHOLOGICAL_PROCESS@type=Top>Process>IntentionalProcess>IntentionalPsychologicalProcess\tsemld_list=sumo:IntentionalProcess", "id": "ODENTITY_INTENTIONAL_PSYCHOLOGICAL_PROCESS", "form": "put"}, {"info": "sementity/id=ODENTITY_PROCESS@type=Top>Process\tsemld_list=sumo:Entity", "id": "ODENTITY_PROCESS", "form": "put"}, {"info": "sementity/id=ODENTITY_REASONING@type=Top>Process>IntentionalProcess>IntentionalPsychologicalProcess>Reasoning\tsemld_list=sumo:IntentionalProcess", "id": "ODENTITY_REASONING", "form": "put"}, {"info": "sementity/id=ODENTITY_TRANSACTION@type=Top>Process>DualObjectProcess>Transaction\tsemld_list=sumo:Entity", "id": "ODENTITY_TRANSACTION", "form": "put"}], "id": "2"}, {"endp": "13", "style": {"isItalics": "no", "isUnderlined": "no", "isTitle": "no", "isBold": "no"}, "token_list": [{"endp": "8", "style": {"isItalics": "no", "isUnderlined": "no", "isTitle": "no", "isBold": "no"}, "inip": "6", "form": "the", "quote_level": "0", "affected_by_negation": "no", "separation": "1", "analysis_list": [{"lemma": "the", "tag": "TD-SN9", "original_form": "the"}], "id": "3"}, {"endp": "13", "style": {"isItalics": "no", "isUnderlined": "no", "isTitle": "no", "isBold": "no"}, "inip": "10", "form": "cake", "quote_level": "0", "affected_by_negation": "no", "separation": "1", "analysis_list": [{"lemma": "cake", "tag": "NC-S-N5", "sense_id_list": [{"sense_id": "27910520e3"}], "original_form": "cake"}], "sense_list": [{"info": "sementity/class=class@fiction=nonfiction@id=ODENTITY_COOKED_PLATE@type=Top>Product>Food>CookedPlate\tsemld_list=sumo:PreparedFood\tsemtheme_list/id=ODTHEME_GASTRONOMY@type=Top>Society>Gastronomy", "id": "27910520e3", "form": "cake"}], "id": "4"}], "separation": "1", "form": "the cake", "quote_level": "0", "head": "4", "syntactic_tree_relation_list": [{"type": "isDirectObject", "id": "2"}, {"type": "iof_isAnaphora", "id": "33"}], "affected_by_negation": "no", "inip": "6", "analysis_list": [{"lemma": "cake", "tag": "GN-S3D--", "original_form": "the cake"}], "type": "phrase", "id": "25"}, {"endp": "18", "style": {"isItalics": "no", "isUnderlined": "no", "isTitle": "no", "isBold": "no"}, "token_list": [{"endp": "18", "style": {"isItalics": "no", "isUnderlined": "no", "isTitle": "no", "isBold": "no"}, "inip": "15", "form": "away", "quote_level": "0", "affected_by_negation": "no", "separation": "1", "analysis_list": [{"lemma": "away", "tag": "ENLPN6", "original_form": "away"}], "id": "5"}], "separation": "1", "form": "away", "quote_level": "0", "head": "5", "syntactic_tree_relation_list": [{"type": "isLocationComplement", "id": "2"}], "affected_by_negation": "no", "inip": "15", "analysis_list": [{"lemma": "away", "tag": "GEL--L--", "original_form": "away"}], "type": "phrase", "id": "29"}, {"endp": "38", "style": {"isItalics": "no", "isUnderlined": "no", "isTitle": "no", "isBold": "no"}, "token_list": [{"endp": "21", "style": {"isItalics": "no", "isUnderlined": "no", "isTitle": "no", "isBold": "no"}, "inip": "20", "form": "in", "quote_level": "0", "affected_by_negation": "no", "separation": "1", "analysis_list": [{"lemma": "in", "tag": "YN6", "original_form": "in"}], "id": "6"}, {"endp": "38", "style": {"isItalics": "no", "isUnderlined": "no", "isTitle": "no", "isBold": "no"}, "token_list": [{"endp": "25", "style": {"isItalics": "no", "isUnderlined": "no", "isTitle": "no", "isBold": "no"}, "inip": "23", "form": "the", "quote_level": "0", "affected_by_negation": "no", "separation": "1", "analysis_list": [{"lemma": "the", "tag": "TD-SN9", "original_form": "the"}], "id": "7"}, {"endp": "38", "style": {"isItalics": "no", "isUnderlined": "no", "isTitle": "no", "isBold": "no"}, "inip": "27", "form": "refrigerator", "quote_level": "0", "affected_by_negation": "no", "separation": "1", "analysis_list": [{"lemma": "refrigerator", "tag": "NC-S-N-", "sense_id_list": [{"sense_id": "f96484d4f1"}], "original_form": "refrigerator"}], "sense_list": [{"info": "sementity/class=class@fiction=nonfiction@id=ODENTITY_PRODUCT@type=Top>Product\tsemld_list=sumo:Artifact", "id": "f96484d4f1", "form": "refrigerator"}], "id": "8"}], "separation": "1", "form": "the refrigerator", "quote_level": "0", "head": "8", "affected_by_negation": "no", "inip": "23", "analysis_list": [{"lemma": "refrigerator", "tag": "GN-S3---", "original_form": "the refrigerator"}], "type": "phrase", "id": "26"}], "separation": "1", "form": "in the refrigerator", "quote_level": "0", "head": "6", "syntactic_tree_relation_list": [{"type": "isComplement", "id": "2"}], "affected_by_negation": "no", "inip": "20", "analysis_list": [{"lemma": "in", "tag": "GY---C--", "original_form": "in the refrigerator"}], "type": "phrase", "id": "28"}], "separation": "_", "form": "I put the cake away in the refrigerator", "quote_level": "0", "affected_by_negation": "no", "inip": "0", "analysis_list": [{"lemma": "*", "tag": "Z-----------", "original_form": "I put the cake away in the refrigerator"}], "type": "phrase", "id": "30"}, {"endp": "39", "style": {"isItalics": "no", "isUnderlined": "no", "isTitle": "no", "isBold": "no"}, "inip": "39", "form": ".", "quote_level": "0", "affected_by_negation": "no", "separation": "A", "analysis_list": [{"lemma": ".", "tag": "1D--", "original_form": "."}], "id": "9"}], "inip": "0", "quote_level": "0", "affected_by_negation": "no", "separation": "A", "type": "sentence", "id": "21"}, {"endp": "69", "style": {"isItalics": "no", "isUnderlined": "no", "isTitle": "no", "isBold": "no"}, "token_list": [{"endp": "68", "style": {"isItalics": "no", "isUnderlined": "no", "isTitle": "no", "isBold": "no"}, "token_list": [{"endp": "42", "style": {"isItalics": "no", "isUnderlined": "no", "isTitle": "no", "isBold": "no"}, "token_list": [{"endp": "42", "style": {"isItalics": "no", "isUnderlined": "no", "isTitle": "no", "isBold": "no"}, "inip": "41", "form": "It", "quote_level": "0", "affected_by_negation": "no", "separation": "1", "analysis_list": [{"lemma": "it", "tag": "PP-S3NN8", "sense_id_list": [{"sense_id": "PRONNONHUMAN"}], "original_form": "it"}], "sense_list": [{"info": "semhum=nonhuman", "id": "PRONNONHUMAN", "form": "it"}], "id": "10"}], "separation": "1", "form": "It", "quote_level": "0", "head": "10", "syntactic_tree_relation_list": [{"type": "isAnaphora", "id": "25"}, {"type": "isSubject", "id": "11"}], "affected_by_negation": "no", "inip": "41", "analysis_list": [{"lemma": "it", "tag": "GN-S3S--", "original_form": "It"}], "type": "phrase", "id": "33"}, {"endp": "46", "style": {"isItalics": "no", "isUnderlined": "no", "isTitle": "no", "isBold": "no"}, "inip": "44", "form": "has", "quote_level": "0", "syntactic_tree_relation_list": [{"type": "iof_isSubject", "id": "33"}, {"type": "iof_isDirectObject", "id": "31"}, {"type": "iof_isComplement", "id": "34"}], "affected_by_negation": "no", "separation": "1", "analysis_list": [{"lemma": "have", "tag": "VI-S3PSA-N-N9", "original_form": "has"}], "id": "11"}, {"endp": "62", "style": {"isItalics": "no", "isUnderlined": "no", "isTitle": "no", "isBold": "no"}, "token_list": [{"endp": "55", "style": {"isItalics": "no", "isUnderlined": "no", "isTitle": "no", "isBold": "no"}, "inip": "48", "form": "a lot of", "quote_level": "0", "affected_by_negation": "no", "separation": "1", "analysis_list": [{"lemma": "a lot of", "tag": "QD-SPN-", "original_form": "a lot of"}], "id": "20"}, {"endp": "62", "style": {"isItalics": "no", "isUnderlined": "no", "isTitle": "no", "isBold": "no"}, "inip": "57", "form": "butter", "quote_level": "0", "affected_by_negation": "no", "separation": "1", "analysis_list": [{"lemma": "butter", "tag": "NC-S-N4", "sense_id_list": [{"sense_id": "f08202411a"}], "original_form": "butter"}], "sense_list": [{"info": "sementity/class=class@fiction=nonfiction@id=ODENTITY_DAIRY_PRODUCT@type=Top>Product>Food>DairyProduct\tsemld_list=sumo:PreparedFood\tsemtheme_list/id=ODTHEME_GASTRONOMY@type=Top>Society>Gastronomy", "id": "f08202411a", "form": "butter"}], "id": "15"}], "separation": "1", "form": "a lot of butter", "quote_level": "0", "head": "15", "syntactic_tree_relation_list": [{"type": "isDirectObject", "id": "11"}, {"type": "iof_isAnaphora", "id": "34"}], "affected_by_negation": "no", "inip": "48", "analysis_list": [{"lemma": "butter", "tag": "GN-S3D--", "original_form": "a lot of butter"}], "type": "phrase", "id": "31"}, {"endp": "68", "style": {"isItalics": "no", "isUnderlined": "no", "isTitle": "no", "isBold": "no"}, "token_list": [{"endp": "65", "style": {"isItalics": "no", "isUnderlined": "no", "isTitle": "no", "isBold": "no"}, "inip": "64", "form": "in", "quote_level": "0", "affected_by_negation": "no", "separation": "1", "analysis_list": [{"lemma": "in", "tag": "YN6", "original_form": "in"}], "id": "16"}, {"endp": "68", "style": {"isItalics": "no", "isUnderlined": "no", "isTitle": "no", "isBold": "no"}, "token_list": [{"endp": "68", "style": {"isItalics": "no", "isUnderlined": "no", "isTitle": "no", "isBold": "no"}, "inip": "67", "form": "it", "quote_level": "0", "affected_by_negation": "no", "separation": "1", "analysis_list": [{"lemma": "it", "tag": "PP-S3AN8", "sense_id_list": [{"sense_id": "PRONNONHUMAN"}], "original_form": "it"}], "sense_list": [{"info": "semhum=nonhuman", "id": "PRONNONHUMAN", "form": "it"}], "id": "17"}], "separation": "1", "form": "it", "quote_level": "0", "head": "17", "affected_by_negation": "no", "inip": "67", "analysis_list": [{"lemma": "it", "tag": "GN-S3---", "original_form": "it"}], "type": "phrase", "id": "32"}], "separation": "1", "form": "in it", "quote_level": "0", "head": "16", "syntactic_tree_relation_list": [{"type": "isComplement", "id": "11"}, {"type": "isAnaphora", "id": "31"}], "affected_by_negation": "no", "inip": "64", "analysis_list": [{"lemma": "in", "tag": "GY---C--", "original_form": "in it"}], "type": "phrase", "id": "34"}], "separation": "1", "form": "It has a lot of butter in it", "quote_level": "0", "affected_by_negation": "no", "inip": "41", "analysis_list": [{"lemma": "*", "tag": "Z-----------", "original_form": "It has a lot of butter in it"}], "type": "phrase", "id": "35"}, {"endp": "69", "style": {"isItalics": "no", "isUnderlined": "no", "isTitle": "no", "isBold": "no"}, "inip": "69", "form": ".", "quote_level": "0", "affected_by_negation": "no", "separation": "A", "analysis_list": [{"lemma": ".", "tag": "1D--", "original_form": "."}], "id": "18"}], "inip": "41", "quote_level": "0", "affected_by_negation": "no", "separation": "A", "type": "sentence", "id": "23"}]}