{"status": {"msg": "OK", "credits": "1", "remaining_credits": "39757", "code": "0"}, "token_list": [{"endp": "56", "style": {"isItalics": "no", "isUnderlined": "no", "isTitle": "no", "isBold": "no"}, "token_list": [{"endp": "24", "style": {"isItalics": "no", "isUnderlined": "no", "isTitle": "no", "isBold": "no"}, "token_list": [{"endp": "2", "style": {"isItalics": "no", "isUnderlined": "no", "isTitle": "no", "isBold": "no"}, "token_list": [{"endp": "2", "style": {"isItalics": "no", "isUnderlined": "no", "isTitle": "no", "isBold": "no"}, "inip": "0", "form": "Sam", "quote_level": "0", "affected_by_negation": "no", "separation": "_", "analysis_list": [{"lemma": "Sam", "tag": "NPUS-N-", "sense_id_list": [{"sense_id": "0bd9abb268"}], "original_form": "Sam"}], "sense_list": [{"info": "sementity/class=instance@fiction=nonfiction@id=ODENTITY_FIRST_NAME@type=Top>Person>FirstName\tsemld_list=sumo:FirstName", "id": "0bd9abb268", "form": "Sam"}], "id": "1"}], "separation": "_", "form": "Sam", "quote_level": "0", "head": "1", "syntactic_tree_relation_list": [{"type": "isSubject", "id": "2"}, {"type": "iof_isPossessor", "id": "35"}, {"type": "iof_isAnaphora", "id": "37"}], "affected_by_negation": "no", "inip": "0", "analysis_list": [{"lemma": "Sam", "tag": "GNUS3S--", "original_form": "Sam"}], "type": "phrase", "id": "34"}, {"endp": "8", "style": {"isItalics": "no", "isUnderlined": "no", "isTitle": "no", "isBold": "no"}, "inip": "4", "form": "broke", "quote_level": "0", "syntactic_tree_relation_list": [{"type": "iof_isSubject", "id": "34"}, {"type": "iof_isDirectObject", "id": "35"}], "affected_by_negation": "no", "separation": "1", "analysis_list": [{"lemma": "break", "tag": "VI-S3ASA-N-N5", "original_form": "broke"}], "id": "2"}, {"endp": "24", "style": {"isItalics": "no", "isUnderlined": "no", "isTitle": "no", "isBold": "no"}, "token_list": [{"endp": "13", "style": {"isItalics": "no", "isUnderlined": "no", "isTitle": "no", "isBold": "no"}, "inip": "10", "form": "both", "quote_level": "0", "affected_by_negation": "no", "separation": "1", "analysis_list": [{"lemma": "both", "tag": "QP-PPN6", "original_form": "both"}, {"lemma": "both", "tag": "QP-PPN6", "sense_id_list": [{"sense_id": "PRONBOTH"}], "original_form": "both"}], "sense_list": [{"info": "semhum=both", "id": "PRONBOTH", "form": "both"}], "id": "3"}, {"endp": "17", "style": {"isItalics": "no", "isUnderlined": "no", "isTitle": "no", "isBold": "no"}, "inip": "15", "form": "his", "quote_level": "0", "affected_by_negation": "no", "separation": "1", "analysis_list": [{"lemma": "his", "tag": "SD-PMS3N5", "sense_id_list": [{"sense_id": "PRONHUMAN"}], "original_form": "his"}], "sense_list": [{"info": "semhum=human", "id": "PRONHUMAN", "form": "his"}], "id": "4"}, {"endp": "24", "style": {"isItalics": "no", "isUnderlined": "no", "isTitle": "no", "isBold": "no"}, "inip": "19", "form": "ankles", "quote_level": "0", "affected_by_negation": "no", "separation": "1", "analysis_list": [{"lemma": "ankle", "tag": "NC-P-N4", "original_form": "ankles"}], "id": "5"}], "separation": "1", "form": "both his ankles", "quote_level": "0", "head": "4", "syntactic_tree_relation_list": [{"type": "isPossessor", "id": "34"}, {"type": "isDirectObject", "id": "2"}, {"type": "iof_isAnaphora", "id": "43"}], "affected_by_negation": "no", "inip": "10", "analysis_list": [{"lemma": "ankle", "tag": "GN-P3D--", "original_form": "his ankles"}], "type": "phrase", "id": "35"}], "separation": "_", "form": "Sam broke both his ankles", "quote_level": "0", "affected_by_negation": "no", "inip": "0", "analysis_list": [{"lemma": "*", "tag": "ZC----------", "original_form": "Sam broke both his ankles"}], "type": "phrase", "id": "39"}, {"endp": "28", "style": {"isItalics": "no", "isUnderlined": "no", "isTitle": "no", "isBold": "no"}, "inip": "26", "form": "and", "quote_level": "0", "affected_by_negation": "no", "separation": "1", "analysis_list": [{"lemma": "and", "tag": "CCYN9", "original_form": "and"}], "id": "6"}, {"endp": "55", "style": {"isItalics": "no", "isUnderlined": "no", "isTitle": "no", "isBold": "no"}, "token_list": [{"endp": "31", "style": {"isItalics": "no", "isUnderlined": "no", "isTitle": "no", "isBold": "no"}, "token_list": [{"endp": "31", "style": {"isItalics": "no", "isUnderlined": "no", "isTitle": "no", "isBold": "no"}, "inip": "30", "form": "he", "quote_level": "0", "affected_by_negation": "no", "separation": "1", "analysis_list": [{"lemma": "he", "tag": "PPMS3NN8", "sense_id_list": [{"sense_id": "PRONHUMAN"}], "original_form": "he"}], "sense_list": [{"info": "semhum=human", "id": "PRONHUMAN", "form": "he"}], "id": "7"}], "separation": "1", "form": "he", "quote_level": "0", "head": "7", "syntactic_tree_relation_list": [{"type": "isAnaphora", "id": "34"}, {"type": "isSubject", "id": "29"}], "affected_by_negation": "no", "inip": "30", "analysis_list": [{"lemma": "he", "tag": "GNMS3S--", "original_form": "he"}], "type": "phrase", "id": "37"}, {"endp": "41", "style": {"isItalics": "no", "isUnderlined": "no", "isTitle": "no", "isBold": "no"}, "separation": "A", "form": "'s walking", "quote_level": "0", "head": "27", "syntactic_tree_relation_list": [{"type": "iof_isSubject", "id": "37"}, {"type": "iof_isComplement", "id": "38"}], "affected_by_negation": "no", "inip": "32", "analysis_list": [{"lemma": "walk", "tag": "VI-S3PCA-N-E9", "original_form": "'s walking"}], "type": "multiword", "id": "29"}, {"endp": "55", "style": {"isItalics": "no", "isUnderlined": "no", "isTitle": "no", "isBold": "no"}, "token_list": [{"endp": "46", "style": {"isItalics": "no", "isUnderlined": "no", "isTitle": "no", "isBold": "no"}, "inip": "43", "form": "with", "quote_level": "0", "affected_by_negation": "no", "separation": "1", "analysis_list": [{"lemma": "with", "tag": "YN8", "original_form": "with"}], "id": "11"}, {"endp": "55", "style": {"isItalics": "no", "isUnderlined": "no", "isTitle": "no", "isBold": "no"}, "token_list": [{"endp": "55", "style": {"isItalics": "no", "isUnderlined": "no", "isTitle": "no", "isBold": "no"}, "inip": "48", "form": "crutches", "quote_level": "0", "affected_by_negation": "no", "separation": "1", "analysis_list": [{"lemma": "crutch", "tag": "NC-P-N-", "sense_id_list": [{"sense_id": "839b8d2021"}], "original_form": "crutches"}], "sense_list": [{"info": "sementity/class=class@fiction=nonfiction@id=ODENTITY_BODY_PART@type=Top>LivingThing>BodyPart\tsemld_list=sumo:Organism\tsemtheme_list/id=ODTHEME_ANATOMY@type=Top>LifeSciences>Anatomy", "id": "839b8d2021", "form": "crutch"}], "id": "12"}], "separation": "1", "form": "crutches", "quote_level": "0", "head": "12", "affected_by_negation": "no", "inip": "48", "analysis_list": [{"lemma": "crutch", "tag": "GN-P3---", "original_form": "crutches"}], "type": "phrase", "id": "36"}], "separation": "1", "form": "with crutches", "quote_level": "0", "head": "11", "syntactic_tree_relation_list": [{"type": "isComplement", "id": "29"}], "affected_by_negation": "no", "inip": "43", "analysis_list": [{"lemma": "with", "tag": "GY---C--", "original_form": "with crutches"}], "type": "phrase", "id": "38"}], "separation": "1", "form": "he's walking with crutches", "quote_level": "0", "affected_by_negation": "no", "inip": "30", "analysis_list": [{"lemma": "*", "tag": "ZC----------", "original_form": "he's walking with crutches"}], "type": "phrase", "id": "40"}, {"endp": "56", "style": {"isItalics": "no", "isUnderlined": "no", "isTitle": "no", "isBold": "no"}, "inip": "56", "form": ".", "quote_level": "0", "affected_by_negation": "no", "separation": "A", "analysis_list": [{"lemma": ".", "tag": "1D--", "original_form": "."}], "id": "13"}], "inip": "0", "quote_level": "0", "affected_by_negation": "no", "separation": "A", "type": "sentence", "id": "30"}, {"endp": "106", "style": {"isItalics": "no", "isUnderlined": "no", "isTitle": "no", "isBold": "no"}, "token_list": [{"endp": "60", "style": {"isItalics": "no", "isUnderlined": "no", "isTitle": "no", "isBold": "no"}, "inip": "58", "form": "But", "quote_level": "0", "affected_by_negation": "no", "separation": "1", "analysis_list": [{"lemma": "but", "tag": "CCAN8", "original_form": "but"}], "id": "14"}, {"endp": "68", "style": {"isItalics": "no", "isUnderlined": "no", "isTitle": "no", "isBold": "no"}, "token_list": [{"endp": "68", "style": {"isItalics": "no", "isUnderlined": "no", "isTitle": "no", "isBold": "no"}, "token_list": [{"endp": "62", "style": {"isItalics": "no", "isUnderlined": "no", "isTitle": "no", "isBold": "no"}, "inip": "62", "form": "a", "quote_level": "0", "affected_by_negation": "no", "separation": "1", "analysis_list": [{"lemma": "a", "tag": "QD-SPN9", "original_form": "a"}], "id": "15"}, {"endp": "68", "style": {"isItalics": "no", "isUnderlined": "no", "isTitle": "no", "isBold": "no"}, "inip": "64", "form": "month", "quote_level": "0", "affected_by_negation": "no", "separation": "1", "analysis_list": [{"lemma": "month", "tag": "NC-S-N6", "sense_id_list": [{"sense_id": "c03f3cd884"}, {"sense_id": "45413b7063"}], "original_form": "month"}], "sense_list": [{"info": "sementity/class=class@fiction=nonfiction@id=ODENTITY_DATE@type=Top>Timex>Date\tsemld_list=sumo:DatePeriod", "id": "45413b7063", "form": "month"}, {"info": "sementity/class=class@fiction=nonfiction@id=ODENTITY_PERIOD@type=Top>Timex>Period\tsemld_list=sumo:TimeInterval", "id": "c03f3cd884", "form": "month"}], "id": "16"}], "separation": "1", "form": "a month", "quote_level": "0", "head": "16", "affected_by_negation": "no", "inip": "62", "analysis_list": [{"lemma": "month", "tag": "GN-S3T--", "original_form": "a month"}], "type": "phrase", "id": "41"}], "separation": "1", "form": "a month", "quote_level": "0", "affected_by_negation": "no", "inip": "62", "analysis_list": [{"lemma": "*", "tag": "Z-----------", "original_form": "a month"}], "type": "phrase", "id": "46"}, {"endp": "71", "style": {"isItalics": "no", "isUnderlined": "no", "isTitle": "no", "isBold": "no"}, "inip": "70", "form": "or", "quote_level": "0", "affected_by_negation": "no", "separation": "1", "analysis_list": [{"lemma": "or", "tag": "CCON8", "original_form": "or"}], "id": "17"}, {"endp": "105", "style": {"isItalics": "no", "isUnderlined": "no", "isTitle": "no", "isBold": "no"}, "token_list": [{"endp": "74", "style": {"isItalics": "no", "isUnderlined": "no", "isTitle": "no", "isBold": "no"}, "inip": "73", "form": "so", "quote_level": "0", "affected_by_negation": "no", "separation": "1", "analysis_list": [{"lemma": "so", "tag": "CSLN7", "original_form": "so"}, {"lemma": "so", "tag": "CSFN7", "original_form": "so"}], "id": "18"}, {"endp": "79", "style": {"isItalics": "no", "isUnderlined": "no", "isTitle": "no", "isBold": "no"}, "inip": "76", "form": "from", "quote_level": "0", "affected_by_negation": "no", "separation": "1", "analysis_list": [{"lemma": "from", "tag": "YN8", "original_form": "from"}], "id": "19"}, {"endp": "83", "style": {"isItalics": "no", "isUnderlined": "no", "isTitle": "no", "isBold": "no"}, "token_list": [{"endp": "83", "style": {"isItalics": "no", "isUnderlined": "no", "isTitle": "no", "isBold": "no"}, "separation": "1", "form": "now", "quote_level": "0", "affected_by_negation": "no", "inip": "81", "analysis_list": [{"lemma": "now", "tag": "ENTPN7", "original_form": "now"}], "id": "20", "normalized_form": "date@||||||+0|+0|||"}], "separation": "1", "form": "now", "quote_level": "0", "head": "20", "syntactic_tree_relation_list": [{"type": "isTimeComplement", "id": "28"}], "affected_by_negation": "no", "inip": "81", "analysis_list": [{"lemma": "now", "tag": "GET--T--", "original_form": "now"}], "type": "phrase", "id": "44", "normalized_form": "date@||||||+0|+0|||"}, {"endp": "88", "style": {"isItalics": "no", "isUnderlined": "no", "isTitle": "no", "isBold": "no"}, "token_list": [{"endp": "88", "style": {"isItalics": "no", "isUnderlined": "no", "isTitle": "no", "isBold": "no"}, "inip": "85", "form": "they", "quote_level": "0", "affected_by_negation": "no", "separation": "1", "analysis_list": [{"lemma": "they", "tag": "PP-P3NN8", "sense_id_list": [{"sense_id": "PRONBOTH"}], "original_form": "they"}], "sense_list": [{"info": "semhum=both", "id": "PRONBOTH", "form": "they"}], "id": "21"}], "separation": "1", "form": "they", "quote_level": "0", "head": "21", "syntactic_tree_relation_list": [{"type": "isAnaphora", "id": "35"}, {"type": "isSubject", "id": "28"}], "affected_by_negation": "no", "inip": "85", "analysis_list": [{"lemma": "they", "tag": "GN-P3S--", "original_form": "they"}], "type": "phrase", "id": "43"}, {"endp": "98", "style": {"isItalics": "no", "isUnderlined": "no", "isTitle": "no", "isBold": "no"}, "separation": "1", "form": "should be", "quote_level": "0", "head": "22", "syntactic_tree_relation_list": [{"type": "iof_isTimeComplement", "id": "44"}, {"type": "iof_isSubject", "id": "43"}, {"type": "iof_isAttribute", "id": "42"}], "affected_by_negation": "no", "inip": "90", "analysis_list": [{"lemma": "be", "tag": "VW-UUOSA-N-N7", "original_form": "should be"}], "type": "multiword", "id": "28"}, {"endp": "105", "style": {"isItalics": "no", "isUnderlined": "no", "isTitle": "no", "isBold": "no"}, "token_list": [{"endp": "105", "style": {"isItalics": "no", "isUnderlined": "no", "isTitle": "no", "isBold": "no"}, "inip": "100", "form": "better", "quote_level": "0", "affected_by_negation": "no", "separation": "1", "analysis_list": [{"lemma": "good", "tag": "AC-N5", "original_form": "better"}], "id": "24"}], "separation": "1", "form": "better", "quote_level": "0", "head": "24", "syntactic_tree_relation_list": [{"type": "isAttribute", "id": "28"}], "affected_by_negation": "no", "inip": "100", "analysis_list": [{"lemma": "good", "tag": "GA---A--", "original_form": "better"}], "type": "phrase", "id": "42"}], "separation": "1", "form": "so from now they should be better", "quote_level": "0", "affected_by_negation": "no", "inip": "73", "analysis_list": [{"lemma": "*", "tag": "ZE---CWO----", "original_form": "so from now they should be better"}], "type": "phrase", "id": "45"}, {"endp": "106", "style": {"isItalics": "no", "isUnderlined": "no", "isTitle": "no", "isBold": "no"}, "inip": "106", "form": ".", "quote_level": "0", "affected_by_negation": "no", "separation": "A", "analysis_list": [{"lemma": ".", "tag": "1D--", "original_form": "."}], "id": "25"}], "inip": "58", "quote_level": "0", "affected_by_negation": "no", "separation": "A", "type": "sentence", "id": "32"}]}