{"status": {"msg": "OK", "credits": "1", "remaining_credits": "39754", "code": "0"}, "token_list": [{"endp": "114", "style": {"isItalics": "no", "isUnderlined": "no", "isTitle": "no", "isBold": "no"}, "token_list": [{"endp": "49", "style": {"isItalics": "no", "isUnderlined": "no", "isTitle": "no", "isBold": "no"}, "token_list": [{"endp": "3", "style": {"isItalics": "no", "isUnderlined": "no", "isTitle": "no", "isBold": "no"}, "inip": "0", "form": "When", "quote_level": "0", "affected_by_negation": "no", "separation": "_", "analysis_list": [{"lemma": "when", "tag": "CSCN7", "original_form": "when"}], "id": "1"}, {"endp": "28", "style": {"isItalics": "no", "isUnderlined": "no", "isTitle": "no", "isBold": "no"}, "token_list": [{"endp": "7", "style": {"isItalics": "no", "isUnderlined": "no", "isTitle": "no", "isBold": "no"}, "inip": "5", "form": "the", "quote_level": "0", "affected_by_negation": "no", "separation": "1", "analysis_list": [{"lemma": "the", "tag": "TD-PN9", "original_form": "the"}], "id": "2"}, {"endp": "16", "style": {"isItalics": "no", "isUnderlined": "no", "isTitle": "no", "isBold": "no"}, "inip": "9", "form": "sponsors", "quote_level": "0", "affected_by_negation": "no", "separation": "1", "analysis_list": [{"lemma": "sponsor", "tag": "NC-P-N3", "sense_id_list": [{"sense_id": "03bf5c52d2"}], "original_form": "sponsors"}], "sense_list": [{"info": "sementity/class=class@fiction=nonfiction@id=ODENTITY_TOP@type=Top\tsemld_list=sumo:Entity\tsemtheme_list/id=ODTHEME_MEDIA@type=Top>Society>Media", "id": "03bf5c52d2", "form": "sponsor"}], "id": "3"}, {"endp": "28", "style": {"isItalics": "no", "isUnderlined": "no", "isTitle": "no", "isBold": "no"}, "token_list": [{"endp": "19", "style": {"isItalics": "no", "isUnderlined": "no", "isTitle": "no", "isBold": "no"}, "inip": "18", "form": "of", "quote_level": "0", "affected_by_negation": "no", "separation": "1", "analysis_list": [{"lemma": "of", "tag": "YN9", "original_form": "of"}], "id": "4"}, {"endp": "28", "style": {"isItalics": "no", "isUnderlined": "no", "isTitle": "no", "isBold": "no"}, "token_list": [{"endp": "23", "style": {"isItalics": "no", "isUnderlined": "no", "isTitle": "no", "isBold": "no"}, "inip": "21", "form": "the", "quote_level": "0", "affected_by_negation": "no", "separation": "1", "analysis_list": [{"lemma": "the", "tag": "TD-SN9", "original_form": "the"}], "id": "5"}, {"endp": "28", "style": {"isItalics": "no", "isUnderlined": "no", "isTitle": "no", "isBold": "no"}, "inip": "25", "form": "bill", "quote_level": "0", "affected_by_negation": "no", "separation": "1", "analysis_list": [{"lemma": "bill", "tag": "NC-S-N5", "sense_id_list": [{"sense_id": "7a3679d8b2"}, {"sense_id": "834166cf5a"}], "original_form": "bill"}], "sense_list": [{"info": "sementity/class=class@fiction=nonfiction@id=ODENTITY_TOP@type=Top\tsemld_list=sumo:Entity\tsemtheme_list/id=ODTHEME_ECONOMY@type=Top>SocialSciences>Economy", "id": "7a3679d8b2", "form": "account"}, {"info": "sementity/class=class@fiction=nonfiction@id=ODENTITY_TOP@type=Top\tsemld_list=sumo:Entity\tsemtheme_list/id=ODTHEME_LAW@type=Top>SocialSciences>Law", "id": "834166cf5a", "form": "bill"}], "id": "6"}], "separation": "1", "form": "the bill", "quote_level": "0", "head": "6", "affected_by_negation": "no", "inip": "21", "analysis_list": [{"lemma": "bill", "tag": "GN-S3---", "original_form": "the bill"}], "type": "phrase", "id": "42"}], "separation": "1", "form": "of the bill", "quote_level": "0", "head": "4", "affected_by_negation": "no", "inip": "18", "analysis_list": [{"lemma": "of", "tag": "GY------", "original_form": "of the bill"}], "type": "phrase", "id": "51"}], "separation": "1", "form": "the sponsors of the bill", "quote_level": "0", "head": "3", "syntactic_tree_relation_list": [{"type": "isSubject", "id": "7"}, {"type": "iof_isAnaphora", "id": "48"}, {"type": "iof_isAnaphora", "id": "56"}], "affected_by_negation": "no", "inip": "5", "analysis_list": [{"lemma": "sponsor", "tag": "GN-P3---", "original_form": "the sponsors"}], "type": "phrase", "id": "41"}, {"endp": "32", "style": {"isItalics": "no", "isUnderlined": "no", "isTitle": "no", "isBold": "no"}, "inip": "30", "form": "got", "quote_level": "0", "syntactic_tree_relation_list": [{"type": "iof_isSubject", "id": "41"}, {"type": "iof_isComplement", "id": "50"}], "affected_by_negation": "no", "separation": "1", "analysis_list": [{"lemma": "get", "tag": "VP---ASA-N-N7", "original_form": "got"}, {"lemma": "get", "tag": "VI-UUASA-N-N7", "original_form": "got"}], "id": "7"}, {"endp": "49", "style": {"isItalics": "no", "isUnderlined": "no", "isTitle": "no", "isBold": "no"}, "token_list": [{"endp": "35", "style": {"isItalics": "no", "isUnderlined": "no", "isTitle": "no", "isBold": "no"}, "inip": "34", "form": "to", "quote_level": "0", "affected_by_negation": "no", "separation": "1", "analysis_list": [{"lemma": "to", "tag": "YN6", "original_form": "to"}], "id": "8"}, {"endp": "49", "style": {"isItalics": "no", "isUnderlined": "no", "isTitle": "no", "isBold": "no"}, "token_list": [{"endp": "39", "style": {"isItalics": "no", "isUnderlined": "no", "isTitle": "no", "isBold": "no"}, "inip": "37", "form": "the", "quote_level": "0", "affected_by_negation": "no", "separation": "1", "analysis_list": [{"lemma": "the", "tag": "TD-SN9", "original_form": "the"}], "id": "9"}, {"endp": "49", "style": {"isItalics": "no", "isUnderlined": "no", "isTitle": "no", "isBold": "no"}, "inip": "41", "form": "town hall", "quote_level": "0", "affected_by_negation": "no", "separation": "1", "analysis_list": [{"lemma": "town hall", "tag": "NC-S-N-", "sense_id_list": [{"sense_id": "22d39a66aa"}, {"sense_id": "744059adde"}, {"sense_id": "e3f22b4c27"}], "original_form": "town hall"}], "sense_list": [{"info": "sementity/class=class@fiction=nonfiction@id=ODENTITY_TOP@type=Top\tsemld_list=sumo:Entity\tsemtheme_list/id=ODTHEME_POLITICS@type=Top>Society>Politics", "id": "22d39a66aa", "form": "mayoralty"}, {"info": "sementity/class=class@fiction=nonfiction@id=ODENTITY_PUBLIC_INSTITUTION@type=Top>Organization>PublicInstitution\tsemld_list=sumo:GovernmentBuilding", "id": "744059adde", "form": "city council"}, {"info": "sementity/class=class@fiction=nonfiction@id=ODENTITY_PUBLIC_INSTITUTION@type=Top>Organization>PublicInstitution\tsemld_list=sumo:GovernmentBuilding", "id": "e3f22b4c27", "form": "town hall"}], "id": "36"}], "separation": "1", "form": "the town hall", "quote_level": "0", "head": "36", "affected_by_negation": "no", "inip": "37", "analysis_list": [{"lemma": "town hall", "tag": "GN-S3---", "original_form": "the town hall"}], "type": "phrase", "id": "43"}], "separation": "1", "form": "to the town hall", "quote_level": "0", "head": "8", "syntactic_tree_relation_list": [{"type": "isComplement", "id": "7"}], "affected_by_negation": "no", "inip": "34", "analysis_list": [{"lemma": "to", "tag": "GY---C--", "original_form": "to the town hall"}], "type": "phrase", "id": "50"}], "separation": "_", "form": "When the sponsors of the bill got to the town hall", "quote_level": "0", "syntactic_tree_relation_list": [{"type": "isTimeComplement", "id": "14"}], "affected_by_negation": "no", "inip": "0", "analysis_list": [{"lemma": "*", "tag": "ZE---TIA----", "original_form": "When the sponsors of the bill got to the town hall"}, {"lemma": "*", "tag": "ZE---TA-----", "original_form": "When the sponsors of the bill got to the town hall"}], "type": "phrase", "id": "52"}, {"endp": "50", "style": {"isItalics": "no", "isUnderlined": "no", "isTitle": "no", "isBold": "no"}, "inip": "50", "form": ",", "quote_level": "0", "affected_by_negation": "no", "separation": "A", "analysis_list": [{"lemma": ",", "tag": "1D--", "original_form": ","}], "id": "12"}, {"endp": "77", "style": {"isItalics": "no", "isUnderlined": "no", "isTitle": "no", "isBold": "no"}, "token_list": [{"endp": "55", "style": {"isItalics": "no", "isUnderlined": "no", "isTitle": "no", "isBold": "no"}, "token_list": [{"endp": "55", "style": {"isItalics": "no", "isUnderlined": "no", "isTitle": "no", "isBold": "no"}, "inip": "52", "form": "they", "quote_level": "0", "affected_by_negation": "no", "separation": "1", "analysis_list": [{"lemma": "they", "tag": "PP-P3NN8", "sense_id_list": [{"sense_id": "PRONBOTH"}], "original_form": "they"}], "sense_list": [{"info": "semhum=both", "id": "PRONBOTH", "form": "they"}], "id": "13"}], "separation": "1", "form": "they", "quote_level": "0", "head": "13", "syntactic_tree_relation_list": [{"type": "isAnaphora", "id": "41"}, {"type": "isSubject", "id": "14"}], "affected_by_negation": "no", "inip": "52", "analysis_list": [{"lemma": "they", "tag": "GN-P3S--", "original_form": "they"}], "type": "phrase", "id": "48"}, {"endp": "60", "style": {"isItalics": "no", "isUnderlined": "no", "isTitle": "no", "isBold": "no"}, "inip": "57", "form": "were", "quote_level": "0", "syntactic_tree_relation_list": [{"type": "iof_isTimeComplement", "id": "52"}, {"type": "iof_isSubject", "id": "48"}], "affected_by_negation": "no", "separation": "1", "analysis_list": [{"lemma": "be", "tag": "VI-S2ASA-N-N9", "original_form": "were"}, {"lemma": "be", "tag": "VI-P1ASA-N-N9", "original_form": "were"}, {"lemma": "be", "tag": "VI-P2ASA-N-N9", "original_form": "were"}, {"lemma": "be", "tag": "VI-P3ASA-N-N9", "original_form": "were"}], "id": "14"}, {"endp": "69", "style": {"isItalics": "no", "isUnderlined": "no", "isTitle": "no", "isBold": "no"}, "inip": "62", "form": "surpised", "quote_level": "0", "affected_by_negation": "no", "separation": "1", "id": "15"}, {"endp": "77", "style": {"isItalics": "no", "isUnderlined": "no", "isTitle": "no", "isBold": "no"}, "separation": "1", "form": "to find", "quote_level": "0", "head": "17", "affected_by_negation": "no", "inip": "71", "analysis_list": [{"lemma": "find", "tag": "VF---OSA-N-N7", "sense_id_list": [{"sense_id": "ODENTITY_CHANGE_OF_POSSESSION"}, {"sense_id": "ODENTITY_INTENTIONAL_PSYCHOLOGICAL_PROCESS"}, {"sense_id": "ODENTITY_INVESTIGATING"}, {"sense_id": "ODENTITY_LEARNING"}, {"sense_id": "ODENTITY_MOTION"}, {"sense_id": "ODENTITY_BIOLOGICAL_PROCESS"}, {"sense_id": "ODENTITY_LINGUISTIC_COMMUNICATION"}], "original_form": "to find"}], "sense_list": [{"info": "sementity/id=ODENTITY_BIOLOGICAL_PROCESS@type=Top>Process>InternalChange>BiologicalProcess\tsemld_list=sumo:Entity", "id": "ODENTITY_BIOLOGICAL_PROCESS", "form": "find"}, {"info": "sementity/id=ODENTITY_CHANGE_OF_POSSESSION@type=Top>Process>IntentionalProcess>SocialInteraction>ChangeOfPossession\tsemld_list=sumo:IntentionalProcess", "id": "ODENTITY_CHANGE_OF_POSSESSION", "form": "find"}, {"info": "sementity/id=ODENTITY_INTENTIONAL_PSYCHOLOGICAL_PROCESS@type=Top>Process>IntentionalProcess>IntentionalPsychologicalProcess\tsemld_list=sumo:IntentionalProcess", "id": "ODENTITY_INTENTIONAL_PSYCHOLOGICAL_PROCESS", "form": "find"}, {"info": "sementity/id=ODENTITY_INVESTIGATING@type=Top>Process>IntentionalProcess>IntentionalPsychologicalProcess>Investigating\tsemld_list=sumo:IntentionalProcess", "id": "ODENTITY_INVESTIGATING", "form": "find"}, {"info": "sementity/id=ODENTITY_LEARNING@type=Top>Process>IntentionalProcess>IntentionalPsychologicalProcess>Learning\tsemld_list=sumo:IntentionalProcess", "id": "ODENTITY_LEARNING", "form": "find"}, {"info": "sementity/id=ODENTITY_LINGUISTIC_COMMUNICATION@type=Top>Process>ContentBearingProcess>CommunicationProcess>LinguisticCommunication\tsemld_list=sumo:Entity", "id": "ODENTITY_LINGUISTIC_COMMUNICATION", "form": "find"}, {"info": "sementity/id=ODENTITY_MOTION@type=Top>Process>Motion\tsemld_list=sumo:Entity", "id": "ODENTITY_MOTION", "form": "find"}], "type": "multiword", "id": "44"}], "separation": "1", "form": "they were surpised to find", "quote_level": "0", "affected_by_negation": "no", "inip": "52", "analysis_list": [{"lemma": "*", "tag": "Z-----------", "original_form": "they were surpised to find"}], "type": "phrase", "id": "53"}, {"endp": "82", "style": {"isItalics": "no", "isUnderlined": "no", "isTitle": "no", "isBold": "no"}, "inip": "79", "form": "that", "quote_level": "0", "affected_by_negation": "no", "separation": "1", "analysis_list": [{"lemma": "that", "tag": "DP-SN5", "original_form": "that"}, {"lemma": "that", "tag": "CSSN5", "original_form": "that"}], "id": "18"}, {"endp": "113", "style": {"isItalics": "no", "isUnderlined": "no", "isTitle": "no", "isBold": "no"}, "token_list": [{"endp": "91", "style": {"isItalics": "no", "isUnderlined": "no", "isTitle": "no", "isBold": "no"}, "token_list": [{"endp": "86", "style": {"isItalics": "no", "isUnderlined": "no", "isTitle": "no", "isBold": "no"}, "inip": "84", "form": "the", "quote_level": "1", "affected_by_negation": "no", "separation": "1", "analysis_list": [{"lemma": "the", "tag": "TD-SN9", "original_form": "the"}], "id": "19"}, {"endp": "91", "style": {"isItalics": "no", "isUnderlined": "no", "isTitle": "no", "isBold": "no"}, "inip": "88", "form": "room", "quote_level": "1", "affected_by_negation": "no", "separation": "1", "analysis_list": [{"lemma": "room", "tag": "NC-S-N6", "sense_id_list": [{"sense_id": "48bfbc160d"}, {"sense_id": "c055029d6b"}, {"sense_id": "f4246c58d4"}], "original_form": "room"}], "sense_list": [{"info": "sementity/class=class@fiction=nonfiction@id=ODENTITY_LOCATION@type=Top>Location\tsemld_list=sumo:Region", "id": "48bfbc160d", "form": "space"}, {"info": "sementity/class=class@fiction=nonfiction@id=ODENTITY_FACILITY@type=Top>Location>Facility\tsemld_list=sumo:FacilityPartOther", "id": "c055029d6b", "form": "room"}, {"info": "sementity/class=class@fiction=nonfiction@id=ODENTITY_FACILITY@type=Top>Location>Facility\tsemld_list=sumo:FacilityPartOther", "id": "f4246c58d4", "form": "room"}], "id": "20"}], "separation": "1", "form": "the room", "quote_level": "1", "head": "20", "syntactic_tree_relation_list": [{"type": "isSubject", "id": "21"}], "affected_by_negation": "no", "inip": "84", "analysis_list": [{"lemma": "room", "tag": "GN-S3---", "original_form": "the room"}], "type": "phrase", "id": "45"}, {"endp": "95", "style": {"isItalics": "no", "isUnderlined": "no", "isTitle": "no", "isBold": "no"}, "inip": "93", "form": "was", "quote_level": "1", "syntactic_tree_relation_list": [{"type": "iof_isSubject", "id": "45"}, {"type": "iof_isAttribute", "id": "46"}], "affected_by_negation": "no", "separation": "1", "analysis_list": [{"lemma": "be", "tag": "VI-S1ASA-N-N9", "original_form": "was"}, {"lemma": "be", "tag": "VI-S3ASA-N-N9", "original_form": "was"}], "id": "21"}, {"endp": "113", "style": {"isItalics": "no", "isUnderlined": "no", "isTitle": "no", "isBold": "no"}, "token_list": [{"endp": "100", "style": {"isItalics": "no", "isUnderlined": "no", "isTitle": "no", "isBold": "no"}, "inip": "97", "form": "full", "quote_level": "1", "affected_by_negation": "no", "separation": "1", "analysis_list": [{"lemma": "full", "tag": "AP-N6", "original_form": "full"}], "id": "22"}, {"endp": "113", "style": {"isItalics": "no", "isUnderlined": "no", "isTitle": "no", "isBold": "no"}, "token_list": [{"endp": "103", "style": {"isItalics": "no", "isUnderlined": "no", "isTitle": "no", "isBold": "no"}, "inip": "102", "form": "of", "quote_level": "1", "affected_by_negation": "no", "separation": "1", "analysis_list": [{"lemma": "of", "tag": "YN9", "original_form": "of"}], "id": "23"}, {"endp": "113", "style": {"isItalics": "no", "isUnderlined": "no", "isTitle": "no", "isBold": "no"}, "token_list": [{"endp": "113", "style": {"isItalics": "no", "isUnderlined": "no", "isTitle": "no", "isBold": "no"}, "inip": "105", "form": "opponents", "quote_level": "1", "affected_by_negation": "no", "separation": "1", "analysis_list": [{"lemma": "opponent", "tag": "NC-P-N4", "sense_id_list": [{"sense_id": "d556261ad1"}], "original_form": "opponents"}], "sense_list": [{"info": "sementity/class=class@fiction=nonfiction@id=ODENTITY_PERSON@type=Top>Person\tsemld_list=sumo:Human", "id": "d556261ad1", "form": "opponent"}], "id": "24"}], "separation": "1", "form": "opponents", "quote_level": "1", "head": "24", "affected_by_negation": "no", "inip": "105", "analysis_list": [{"lemma": "opponent", "tag": "GN-P3---", "original_form": "opponents"}], "type": "phrase", "id": "47"}], "separation": "1", "form": "of opponents", "quote_level": "1", "head": "23", "affected_by_negation": "no", "inip": "102", "analysis_list": [{"lemma": "of", "tag": "GY------", "original_form": "of opponents"}], "type": "phrase", "id": "49"}], "separation": "1", "form": "full of opponents", "quote_level": "1", "head": "22", "syntactic_tree_relation_list": [{"type": "isAttribute", "id": "21"}], "affected_by_negation": "no", "inip": "97", "analysis_list": [{"lemma": "full", "tag": "GA---A--", "original_form": "full"}], "type": "phrase", "id": "46"}], "separation": "1", "form": "the room was full of opponents", "quote_level": "1", "affected_by_negation": "no", "inip": "84", "analysis_list": [{"lemma": "*", "tag": "Z-----------", "original_form": "the room was full of opponents"}], "type": "phrase", "id": "54"}, {"endp": "114", "style": {"isItalics": "no", "isUnderlined": "no", "isTitle": "no", "isBold": "no"}, "inip": "114", "form": ".", "quote_level": "1", "affected_by_negation": "no", "separation": "A", "analysis_list": [{"lemma": ".", "tag": "1D--", "original_form": "."}], "id": "25"}], "inip": "0", "quote_level": "0", "affected_by_negation": "no", "separation": "A", "type": "sentence", "id": "37"}, {"endp": "151", "style": {"isItalics": "no", "isUnderlined": "no", "isTitle": "no", "isBold": "no"}, "token_list": [{"endp": "150", "style": {"isItalics": "no", "isUnderlined": "no", "isTitle": "no", "isBold": "no"}, "token_list": [{"endp": "119", "style": {"isItalics": "no", "isUnderlined": "no", "isTitle": "no", "isBold": "no"}, "token_list": [{"endp": "119", "style": {"isItalics": "no", "isUnderlined": "no", "isTitle": "no", "isBold": "no"}, "inip": "116", "form": "They", "quote_level": "0", "affected_by_negation": "no", "separation": "1", "analysis_list": [{"lemma": "they", "tag": "PP-P3NN8", "sense_id_list": [{"sense_id": "PRONBOTH"}], "original_form": "they"}], "sense_list": [{"info": "semhum=both", "id": "PRONBOTH", "form": "they"}], "id": "26"}], "separation": "1", "form": "They", "quote_level": "0", "head": "26", "syntactic_tree_relation_list": [{"type": "isAnaphora", "id": "41"}, {"type": "isSubject", "id": "27"}], "affected_by_negation": "no", "inip": "116", "analysis_list": [{"lemma": "they", "tag": "GN-P3S--", "original_form": "They"}], "type": "phrase", "id": "56"}, {"endp": "124", "style": {"isItalics": "no", "isUnderlined": "no", "isTitle": "no", "isBold": "no"}, "inip": "121", "form": "were", "quote_level": "0", "syntactic_tree_relation_list": [{"type": "iof_isSubject", "id": "56"}, {"type": "iof_isQuantityComplement", "id": "58"}, {"type": "iof_isComplement", "id": "57"}], "affected_by_negation": "no", "separation": "1", "analysis_list": [{"lemma": "be", "tag": "VI-P3ASA-N-N9", "original_form": "were"}], "id": "27"}, {"endp": "134", "style": {"isItalics": "no", "isUnderlined": "no", "isTitle": "no", "isBold": "no"}, "token_list": [{"endp": "134", "style": {"isItalics": "no", "isUnderlined": "no", "isTitle": "no", "isBold": "no"}, "inip": "126", "form": "very much", "quote_level": "0", "affected_by_negation": "no", "separation": "1", "analysis_list": [{"lemma": "very much", "tag": "ENQSN-", "original_form": "very much"}], "id": "35"}], "separation": "1", "form": "very much", "quote_level": "0", "head": "35", "syntactic_tree_relation_list": [{"type": "isQuantityComplement", "id": "27"}], "affected_by_negation": "no", "inip": "126", "analysis_list": [{"lemma": "very much", "tag": "GEQ--Q--", "original_form": "very much"}], "type": "phrase", "id": "58"}, {"endp": "150", "style": {"isItalics": "no", "isUnderlined": "no", "isTitle": "no", "isBold": "no"}, "token_list": [{"endp": "137", "style": {"isItalics": "no", "isUnderlined": "no", "isTitle": "no", "isBold": "no"}, "inip": "136", "form": "in", "quote_level": "0", "affected_by_negation": "no", "separation": "1", "analysis_list": [{"lemma": "in", "tag": "YN6", "original_form": "in"}], "id": "30"}, {"endp": "150", "style": {"isItalics": "no", "isUnderlined": "no", "isTitle": "no", "isBold": "no"}, "token_list": [{"endp": "141", "style": {"isItalics": "no", "isUnderlined": "no", "isTitle": "no", "isBold": "no"}, "inip": "139", "form": "the", "quote_level": "0", "affected_by_negation": "no", "separation": "1", "analysis_list": [{"lemma": "the", "tag": "TD-SN9", "original_form": "the"}], "id": "31"}, {"endp": "150", "style": {"isItalics": "no", "isUnderlined": "no", "isTitle": "no", "isBold": "no"}, "inip": "143", "form": "majority", "quote_level": "0", "affected_by_negation": "no", "separation": "1", "analysis_list": [{"lemma": "majority", "tag": "NC-S-N5", "original_form": "majority"}], "id": "32"}], "separation": "1", "form": "the majority", "quote_level": "0", "head": "32", "affected_by_negation": "no", "inip": "139", "analysis_list": [{"lemma": "majority", "tag": "GN-S3---", "original_form": "the majority"}], "type": "phrase", "id": "55"}], "separation": "1", "form": "in the majority", "quote_level": "0", "head": "30", "syntactic_tree_relation_list": [{"type": "isComplement", "id": "27"}], "affected_by_negation": "no", "inip": "136", "analysis_list": [{"lemma": "in", "tag": "GY---C--", "original_form": "in the majority"}], "type": "phrase", "id": "57"}], "separation": "1", "form": "They were very much in the majority", "quote_level": "0", "affected_by_negation": "no", "inip": "116", "analysis_list": [{"lemma": "*", "tag": "Z-----------", "original_form": "They were very much in the majority"}], "type": "phrase", "id": "59"}, {"endp": "151", "style": {"isItalics": "no", "isUnderlined": "no", "isTitle": "no", "isBold": "no"}, "inip": "151", "form": ".", "quote_level": "0", "affected_by_negation": "no", "separation": "A", "analysis_list": [{"lemma": ".", "tag": "1D--", "original_form": "."}], "id": "33"}], "inip": "116", "quote_level": "0", "affected_by_negation": "no", "separation": "A", "type": "sentence", "id": "39"}]}