{"status": {"msg": "OK", "credits": "1", "remaining_credits": "39925", "code": "0"}, "token_list": [{"endp": "74", "style": {"isItalics": "no", "isUnderlined": "no", "isTitle": "no", "isBold": "no"}, "token_list": [{"endp": "74", "style": {"isItalics": "no", "isUnderlined": "no", "isTitle": "no", "isBold": "no"}, "token_list": [{"endp": "13", "style": {"isItalics": "no", "isUnderlined": "no", "isTitle": "no", "isBold": "no"}, "token_list": [{"endp": "2", "style": {"isItalics": "no", "isUnderlined": "no", "isTitle": "no", "isBold": "no"}, "inip": "0", "form": "The", "quote_level": "0", "affected_by_negation": "no", "separation": "_", "analysis_list": [{"lemma": "the", "tag": "TD-SN9", "original_form": "the"}], "id": "1"}, {"endp": "8", "style": {"isItalics": "no", "isUnderlined": "no", "isTitle": "no", "isBold": "no"}, "inip": "4", "form": "large", "quote_level": "0", "affected_by_negation": "no", "separation": "1", "analysis_list": [{"lemma": "large", "tag": "AP-N6", "original_form": "large"}], "id": "2"}, {"endp": "13", "style": {"isItalics": "no", "isUnderlined": "no", "isTitle": "no", "isBold": "no"}, "inip": "10", "form": "ball", "quote_level": "0", "affected_by_negation": "no", "separation": "1", "analysis_list": [{"lemma": "ball", "tag": "NC-S-N5", "sense_id_list": [{"sense_id": "a149d601c9"}], "original_form": "ball"}], "sense_list": [{"info": "sementity/class=class@fiction=nonfiction@id=ODENTITY_TOP@type=Top\tsemld_list=sumo:Entity\tsemtheme_list/id=ODTHEME_SPORT@type=Top>Sport", "id": "a149d601c9", "form": "ball"}], "id": "3"}], "separation": "_", "form": "The large ball", "quote_level": "0", "head": "3", "syntactic_tree_relation_list": [{"type": "isSubject", "id": "4"}], "affected_by_negation": "no", "inip": "0", "analysis_list": [{"lemma": "ball", "tag": "GN-S3S--", "original_form": "The large ball"}], "type": "phrase", "id": "20"}, {"endp": "21", "style": {"isItalics": "no", "isUnderlined": "no", "isTitle": "no", "isBold": "no"}, "inip": "15", "form": "crashed", "quote_level": "0", "syntactic_tree_relation_list": [{"type": "iof_isSubject", "id": "20"}, {"type": "iof_isLocationComplement", "id": "25"}, {"type": "iof_isComplement", "id": "26"}], "affected_by_negation": "no", "separation": "1", "analysis_list": [{"lemma": "crash", "tag": "VI-S3ASA-N-N4", "sense_id_list": [{"sense_id": "ODENTITY_DAMAGING"}, {"sense_id": "ODENTITY_TRANSFER"}, {"sense_id": "ODENTITY_MOTION"}, {"sense_id": "ODENTITY_BIOLOGICAL_PROCESS"}, {"sense_id": "ODENTITY_PROCESS"}, {"sense_id": "ODENTITY_SOCIAL_INTERACTION"}], "original_form": "crashed"}], "sense_list": [{"info": "sementity/id=ODENTITY_BIOLOGICAL_PROCESS@type=Top>Process>InternalChange>BiologicalProcess\tsemld_list=sumo:Entity", "id": "ODENTITY_BIOLOGICAL_PROCESS", "form": "crash"}, {"info": "sementity/id=ODENTITY_DAMAGING@type=Top>Process>InternalChange>Damaging\tsemld_list=sumo:Entity", "id": "ODENTITY_DAMAGING", "form": "crash"}, {"info": "sementity/id=ODENTITY_MOTION@type=Top>Process>Motion\tsemld_list=sumo:Entity", "id": "ODENTITY_MOTION", "form": "crash"}, {"info": "sementity/id=ODENTITY_PROCESS@type=Top>Process\tsemld_list=sumo:Entity", "id": "ODENTITY_PROCESS", "form": "crash"}, {"info": "sementity/id=ODENTITY_SOCIAL_INTERACTION@type=Top>Process>IntentionalProcess>SocialInteraction\tsemld_list=sumo:IntentionalProcess", "id": "ODENTITY_SOCIAL_INTERACTION", "form": "crash"}, {"info": "sementity/id=ODENTITY_TRANSFER@type=Top>Process>Motion>Translocation>Transfer\tsemld_list=sumo:Entity", "id": "ODENTITY_TRANSFER", "form": "crash"}], "id": "4"}, {"endp": "35", "style": {"isItalics": "no", "isUnderlined": "no", "isTitle": "no", "isBold": "no"}, "token_list": [{"endp": "35", "style": {"isItalics": "no", "isUnderlined": "no", "isTitle": "no", "isBold": "no"}, "inip": "23", "form": "right through", "quote_level": "0", "affected_by_negation": "no", "separation": "1", "analysis_list": [{"lemma": "right through", "tag": "ENLPN-", "original_form": "right through"}], "id": "16"}], "separation": "1", "form": "right through", "quote_level": "0", "head": "16", "syntactic_tree_relation_list": [{"type": "isLocationComplement", "id": "4"}], "affected_by_negation": "no", "inip": "23", "analysis_list": [{"lemma": "right through", "tag": "GEL--L--", "original_form": "right through"}], "type": "phrase", "id": "25"}, {"endp": "45", "style": {"isItalics": "no", "isUnderlined": "no", "isTitle": "no", "isBold": "no"}, "token_list": [{"endp": "39", "style": {"isItalics": "no", "isUnderlined": "no", "isTitle": "no", "isBold": "no"}, "inip": "37", "form": "the", "quote_level": "0", "affected_by_negation": "no", "separation": "1", "analysis_list": [{"lemma": "the", "tag": "TD-SN9", "original_form": "the"}], "id": "7"}, {"endp": "45", "style": {"isItalics": "no", "isUnderlined": "no", "isTitle": "no", "isBold": "no"}, "inip": "41", "form": "table", "quote_level": "0", "affected_by_negation": "no", "separation": "1", "analysis_list": [{"lemma": "table", "tag": "NC-S-N6", "original_form": "table"}], "id": "8"}], "separation": "1", "form": "the table", "quote_level": "0", "head": "8", "syntactic_tree_relation_list": [{"type": "iof_isAnaphora", "id": "23"}], "affected_by_negation": "no", "inip": "37", "analysis_list": [{"lemma": "table", "tag": "GN-S3---", "original_form": "the table"}], "type": "phrase", "id": "21"}, {"endp": "74", "style": {"isItalics": "no", "isUnderlined": "no", "isTitle": "no", "isBold": "no"}, "token_list": [{"endp": "53", "style": {"isItalics": "no", "isUnderlined": "no", "isTitle": "no", "isBold": "no"}, "inip": "47", "form": "because", "quote_level": "0", "affected_by_negation": "no", "separation": "1", "analysis_list": [{"lemma": "because", "tag": "CSPN7", "original_form": "because"}], "id": "9"}, {"endp": "56", "style": {"isItalics": "no", "isUnderlined": "no", "isTitle": "no", "isBold": "no"}, "token_list": [{"endp": "56", "style": {"isItalics": "no", "isUnderlined": "no", "isTitle": "no", "isBold": "no"}, "inip": "55", "form": "it", "quote_level": "0", "affected_by_negation": "no", "separation": "1", "analysis_list": [{"lemma": "it", "tag": "PP-S3NN8", "sense_id_list": [{"sense_id": "PRONNONHUMAN"}], "original_form": "it"}], "sense_list": [{"info": "semhum=nonhuman", "id": "PRONNONHUMAN", "form": "it"}], "id": "10"}], "separation": "1", "form": "it", "quote_level": "0", "head": "10", "syntactic_tree_relation_list": [{"type": "isAnaphora", "id": "21"}, {"type": "isSubject", "id": "17"}], "affected_by_negation": "no", "inip": "55", "analysis_list": [{"lemma": "it", "tag": "GN-S3S--", "original_form": "it"}], "type": "phrase", "id": "23"}, {"endp": "65", "style": {"isItalics": "no", "isUnderlined": "no", "isTitle": "no", "isBold": "no"}, "separation": "1", "form": "was made", "quote_level": "0", "head": "11", "syntactic_tree_relation_list": [{"type": "iof_isSubject", "id": "23"}, {"type": "iof_isComplement", "id": "24"}], "affected_by_negation": "no", "inip": "58", "analysis_list": [{"lemma": "make", "tag": "VI-S3ASP-N-N9", "original_form": "was made"}, {"lemma": "make", "tag": "VI-S1ASP-N-N9", "original_form": "was made"}], "type": "multiword", "id": "17"}, {"endp": "74", "style": {"isItalics": "no", "isUnderlined": "no", "isTitle": "no", "isBold": "no"}, "token_list": [{"endp": "68", "style": {"isItalics": "no", "isUnderlined": "no", "isTitle": "no", "isBold": "no"}, "inip": "67", "form": "of", "quote_level": "0", "affected_by_negation": "no", "separation": "1", "analysis_list": [{"lemma": "of", "tag": "YN9", "original_form": "of"}], "id": "13"}, {"endp": "74", "style": {"isItalics": "no", "isUnderlined": "no", "isTitle": "no", "isBold": "no"}, "token_list": [{"endp": "74", "style": {"isItalics": "no", "isUnderlined": "no", "isTitle": "no", "isBold": "no"}, "inip": "70", "form": "steel", "quote_level": "0", "affected_by_negation": "no", "separation": "1", "analysis_list": [{"lemma": "steel", "tag": "NC-S-N4", "sense_id_list": [{"sense_id": "dc85b7510b"}], "original_form": "steel"}], "sense_list": [{"info": "sementity/class=class@fiction=nonfiction@id=ODENTITY_TOP@type=Top\tsemld_list=sumo:Entity\tsemtheme_list/id=ODTHEME_METALURGY@type=Top>Technology>Metalurgy", "id": "dc85b7510b", "form": "steel"}], "id": "14"}], "separation": "1", "form": "steel", "quote_level": "0", "head": "14", "affected_by_negation": "no", "inip": "70", "analysis_list": [{"lemma": "steel", "tag": "GN-S3---", "original_form": "steel"}], "type": "phrase", "id": "22"}], "separation": "1", "form": "of steel", "quote_level": "0", "head": "13", "syntactic_tree_relation_list": [{"type": "isComplement", "id": "17"}], "affected_by_negation": "no", "inip": "67", "analysis_list": [{"lemma": "of", "tag": "GY---C--", "original_form": "of steel"}], "type": "phrase", "id": "24"}], "separation": "1", "form": "because it was made of steel", "quote_level": "0", "syntactic_tree_relation_list": [{"type": "isComplement", "id": "4"}], "affected_by_negation": "no", "inip": "47", "analysis_list": [{"lemma": "*", "tag": "ZE---CIA----", "original_form": "because it was made of steel"}], "type": "phrase", "id": "26"}], "separation": "_", "form": "The large ball crashed right through the table because it was made of steel", "quote_level": "0", "affected_by_negation": "no", "inip": "0", "analysis_list": [{"lemma": "*", "tag": "Z-----------", "original_form": "The large ball crashed right through the table because it was made of steel"}], "type": "phrase", "id": "27"}], "inip": "0", "quote_level": "0", "affected_by_negation": "no", "separation": "A", "type": "sentence", "id": "18"}]}