{"status": {"msg": "OK", "credits": "1", "remaining_credits": "39753", "code": "0"}, "token_list": [{"endp": "41", "style": {"isItalics": "no", "isUnderlined": "no", "isTitle": "no", "isBold": "no"}, "token_list": [{"endp": "40", "style": {"isItalics": "no", "isUnderlined": "no", "isTitle": "no", "isBold": "no"}, "token_list": [{"endp": "7", "style": {"isItalics": "no", "isUnderlined": "no", "isTitle": "no", "isBold": "no"}, "token_list": [{"endp": "7", "style": {"isItalics": "no", "isUnderlined": "no", "isTitle": "no", "isBold": "no"}, "inip": "0", "form": "Everyone", "quote_level": "0", "affected_by_negation": "no", "separation": "_", "analysis_list": [{"lemma": "everyone", "tag": "QP-SPN6", "sense_id_list": [{"sense_id": "PRONHUMAN"}], "original_form": "everyone"}], "sense_list": [{"info": "semhum=human", "id": "PRONHUMAN", "form": "everyone"}], "id": "1"}], "separation": "_", "form": "Everyone", "quote_level": "0", "head": "1", "syntactic_tree_relation_list": [{"type": "isSubject", "id": "3"}], "affected_by_negation": "no", "inip": "0", "analysis_list": [{"lemma": "everyone", "tag": "GN-S3S--", "original_form": "Everyone"}], "type": "phrase", "id": "39"}, {"endp": "14", "style": {"isItalics": "no", "isUnderlined": "no", "isTitle": "no", "isBold": "no"}, "token_list": [{"endp": "14", "style": {"isItalics": "no", "isUnderlined": "no", "isTitle": "no", "isBold": "no"}, "inip": "9", "form": "really", "quote_level": "0", "affected_by_negation": "no", "separation": "1", "analysis_list": [{"lemma": "really", "tag": "ENMPN6", "original_form": "really"}], "id": "2"}], "separation": "1", "form": "really", "quote_level": "0", "head": "2", "syntactic_tree_relation_list": [{"type": "isMannerComplement", "id": "3"}], "affected_by_negation": "no", "inip": "9", "analysis_list": [{"lemma": "really", "tag": "GEM--M--", "original_form": "really"}], "type": "phrase", "id": "40"}, {"endp": "20", "style": {"isItalics": "no", "isUnderlined": "no", "isTitle": "no", "isBold": "no"}, "inip": "16", "form": "loved", "quote_level": "0", "syntactic_tree_relation_list": [{"type": "iof_isSubject", "id": "39"}, {"type": "iof_isMannerComplement", "id": "40"}, {"type": "iof_isDirectObject", "id": "38"}], "affected_by_negation": "no", "separation": "1", "analysis_list": [{"lemma": "love", "tag": "VI-S3ASA-N-N6", "sense_id_list": [{"sense_id": "ODENTITY_DUAL_OBJECT_PROCESS"}, {"sense_id": "ODENTITY_INTENTIONAL_PSYCHOLOGICAL_PROCESS"}, {"sense_id": "ODENTITY_BIOLOGICAL_PROCESS"}], "original_form": "loved"}], "sense_list": [{"info": "sementity/id=ODENTITY_BIOLOGICAL_PROCESS@type=Top>Process>InternalChange>BiologicalProcess\tsemld_list=sumo:Entity", "id": "ODENTITY_BIOLOGICAL_PROCESS", "form": "love"}, {"info": "sementity/id=ODENTITY_DUAL_OBJECT_PROCESS@type=Top>Process>DualObjectProcess\tsemld_list=sumo:Entity", "id": "ODENTITY_DUAL_OBJECT_PROCESS", "form": "love"}, {"info": "sementity/id=ODENTITY_INTENTIONAL_PSYCHOLOGICAL_PROCESS@type=Top>Process>IntentionalProcess>IntentionalPsychologicalProcess\tsemld_list=sumo:IntentionalProcess", "id": "ODENTITY_INTENTIONAL_PSYCHOLOGICAL_PROCESS", "form": "love"}], "id": "3"}, {"endp": "40", "style": {"isItalics": "no", "isUnderlined": "no", "isTitle": "no", "isBold": "no"}, "token_list": [{"endp": "24", "style": {"isItalics": "no", "isUnderlined": "no", "isTitle": "no", "isBold": "no"}, "inip": "22", "form": "the", "quote_level": "0", "affected_by_negation": "no", "separation": "1", "analysis_list": [{"lemma": "the", "tag": "TD-PN9", "original_form": "the"}], "id": "4"}, {"endp": "32", "style": {"isItalics": "no", "isUnderlined": "no", "isTitle": "no", "isBold": "no"}, "inip": "26", "form": "oatmeal", "quote_level": "0", "affected_by_negation": "no", "separation": "1", "analysis_list": [{"lemma": "oatmeal", "tag": "NC-S-N-", "sense_id_list": [{"sense_id": "54545a8475"}], "original_form": "oatmeal"}], "sense_list": [{"info": "sementity/class=class@fiction=nonfiction@id=ODENTITY_COOKED_PLATE@type=Top>Product>Food>CookedPlate\tsemld_list=sumo:PreparedFood\tsemtheme_list/id=ODTHEME_GASTRONOMY@type=Top>Society>Gastronomy", "id": "54545a8475", "form": "oatmeal"}], "id": "5"}, {"endp": "40", "style": {"isItalics": "no", "isUnderlined": "no", "isTitle": "no", "isBold": "no"}, "inip": "34", "form": "cookies", "quote_level": "0", "affected_by_negation": "no", "separation": "1", "analysis_list": [{"lemma": "cookie", "tag": "NC-P-N-", "sense_id_list": [{"sense_id": "013fc458f2"}], "original_form": "cookies"}, {"lemma": "cookie", "tag": "NC-P-N-", "sense_id_list": [{"sense_id": "4a94287f03"}], "original_form": "cookies"}], "sense_list": [{"info": "sementity/class=class@fiction=nonfiction@id=ODENTITY_TOP@type=Top\tsemld_list=sumo:Entity\tsemtheme_list/id=ODTHEME_INTERNET@type=Top>Technology>Internet", "id": "013fc458f2", "form": "cookie"}, {"info": "sementity/class=class@fiction=nonfiction@id=ODENTITY_COOKED_PLATE@type=Top>Product>Food>CookedPlate\tsemld_list=sumo:PreparedFood\tsemtheme_list/id=ODTHEME_GASTRONOMY@type=Top>Society>Gastronomy", "id": "4a94287f03", "form": "biscuit"}], "id": "6"}], "separation": "1", "form": "the oatmeal cookies", "quote_level": "0", "head": "6", "syntactic_tree_relation_list": [{"type": "isDirectObject", "id": "3"}], "affected_by_negation": "no", "inip": "22", "analysis_list": [{"lemma": "cookie", "tag": "GN-P3D--", "original_form": "the oatmeal cookies"}], "type": "phrase", "id": "38"}], "separation": "_", "form": "Everyone really loved the oatmeal cookies", "quote_level": "0", "affected_by_negation": "no", "inip": "0", "analysis_list": [{"lemma": "*", "tag": "Z-----------", "original_form": "Everyone really loved the oatmeal cookies"}], "type": "phrase", "id": "41"}, {"endp": "41", "style": {"isItalics": "no", "isUnderlined": "no", "isTitle": "no", "isBold": "no"}, "inip": "41", "form": ";", "quote_level": "0", "affected_by_negation": "no", "separation": "A", "analysis_list": [{"lemma": ";", "tag": "1D--", "original_form": ";"}], "id": "7"}], "inip": "0", "quote_level": "0", "affected_by_negation": "no", "separation": "A", "type": "sentence", "id": "31"}, {"endp": "93", "style": {"isItalics": "no", "isUnderlined": "no", "isTitle": "no", "isBold": "no"}, "token_list": [{"endp": "92", "style": {"isItalics": "no", "isUnderlined": "no", "isTitle": "no", "isBold": "no"}, "token_list": [{"endp": "46", "style": {"isItalics": "no", "isUnderlined": "no", "isTitle": "no", "isBold": "no"}, "token_list": [{"endp": "46", "style": {"isItalics": "no", "isUnderlined": "no", "isTitle": "no", "isBold": "no"}, "inip": "43", "form": "only", "quote_level": "0", "affected_by_negation": "no", "separation": "1", "analysis_list": [{"lemma": "only", "tag": "ENMPN6", "original_form": "only"}], "id": "8"}], "separation": "1", "form": "only", "quote_level": "0", "head": "8", "syntactic_tree_relation_list": [{"type": "isMannerComplement", "id": "12"}], "affected_by_negation": "no", "inip": "43", "analysis_list": [{"lemma": "only", "tag": "GEM--M--", "original_form": "only"}], "type": "phrase", "id": "45"}, {"endp": "59", "style": {"isItalics": "no", "isUnderlined": "no", "isTitle": "no", "isBold": "no"}, "token_list": [{"endp": "52", "style": {"isItalics": "no", "isUnderlined": "no", "isTitle": "no", "isBold": "no"}, "inip": "48", "form": "a few", "quote_level": "0", "affected_by_negation": "no", "separation": "1", "analysis_list": [{"lemma": "a few", "tag": "QD-PPN-", "original_form": "a few"}], "id": "29"}, {"endp": "59", "style": {"isItalics": "no", "isUnderlined": "no", "isTitle": "no", "isBold": "no"}, "inip": "54", "form": "people", "quote_level": "0", "affected_by_negation": "no", "separation": "1", "analysis_list": [{"lemma": "people", "tag": "NC-P-N7", "sense_id_list": [{"sense_id": "0e4a93483a"}], "original_form": "people"}], "sense_list": [{"info": "sementity/class=class@fiction=nonfiction@id=ODENTITY_PERSON@type=Top>Person\tsemld_list=sumo:Human", "id": "0e4a93483a", "form": "people"}], "id": "11"}], "separation": "1", "form": "a few people", "quote_level": "0", "head": "11", "syntactic_tree_relation_list": [{"type": "isSubject", "id": "12"}], "affected_by_negation": "no", "inip": "48", "analysis_list": [{"lemma": "people", "tag": "GN-P3S--", "original_form": "a few people"}], "type": "phrase", "id": "43"}, {"endp": "65", "style": {"isItalics": "no", "isUnderlined": "no", "isTitle": "no", "isBold": "no"}, "inip": "61", "form": "liked", "quote_level": "0", "syntactic_tree_relation_list": [{"type": "iof_isMannerComplement", "id": "45"}, {"type": "iof_isSubject", "id": "43"}, {"type": "iof_isDirectObject", "id": "44"}], "affected_by_negation": "no", "separation": "1", "analysis_list": [{"lemma": "like", "tag": "VI-P3ASA-N-N3", "sense_id_list": [{"sense_id": "ODENTITY_INTENTIONAL_PSYCHOLOGICAL_PROCESS"}], "original_form": "liked"}], "sense_list": [{"info": "sementity/id=ODENTITY_INTENTIONAL_PSYCHOLOGICAL_PROCESS@type=Top>Process>IntentionalProcess>IntentionalPsychologicalProcess\tsemld_list=sumo:IntentionalProcess", "id": "ODENTITY_INTENTIONAL_PSYCHOLOGICAL_PROCESS", "form": "like"}], "id": "12"}, {"endp": "92", "style": {"isItalics": "no", "isUnderlined": "no", "isTitle": "no", "isBold": "no"}, "token_list": [{"endp": "69", "style": {"isItalics": "no", "isUnderlined": "no", "isTitle": "no", "isBold": "no"}, "inip": "67", "form": "the", "quote_level": "0", "affected_by_negation": "no", "separation": "1", "analysis_list": [{"lemma": "the", "tag": "TD-PN9", "original_form": "the"}], "id": "13"}, {"endp": "79", "style": {"isItalics": "no", "isUnderlined": "no", "isTitle": "no", "isBold": "no"}, "inip": "71", "form": "chocolate", "quote_level": "0", "affected_by_negation": "no", "separation": "1", "analysis_list": [{"lemma": "chocolate", "tag": "AP-N4", "original_form": "chocolate"}], "id": "14"}, {"endp": "84", "style": {"isItalics": "no", "isUnderlined": "no", "isTitle": "no", "isBold": "no"}, "inip": "81", "form": "chip", "quote_level": "0", "affected_by_negation": "no", "separation": "1", "analysis_list": [{"lemma": "chip", "tag": "NC-S-N5", "sense_id_list": [{"sense_id": "ee9305a575"}], "original_form": "chip"}, {"lemma": "chip", "tag": "NC-S-N5", "original_form": "chip"}], "sense_list": [{"info": "sementity/class=class@fiction=nonfiction@id=ODENTITY_PRODUCT@type=Top>Product\tsemld_list=sumo:Artifact\tsemtheme_list/id=ODTHEME_COMPUTING@type=Top>Technology>Computing", "id": "ee9305a575", "form": "chip"}], "id": "15"}, {"endp": "92", "style": {"isItalics": "no", "isUnderlined": "no", "isTitle": "no", "isBold": "no"}, "inip": "86", "form": "cookies", "quote_level": "0", "affected_by_negation": "no", "separation": "1", "analysis_list": [{"lemma": "cookie", "tag": "NC-P-N-", "sense_id_list": [{"sense_id": "013fc458f2"}], "original_form": "cookies"}, {"lemma": "cookie", "tag": "NC-P-N-", "sense_id_list": [{"sense_id": "4a94287f03"}], "original_form": "cookies"}], "sense_list": [{"info": "sementity/class=class@fiction=nonfiction@id=ODENTITY_TOP@type=Top\tsemld_list=sumo:Entity\tsemtheme_list/id=ODTHEME_INTERNET@type=Top>Technology>Internet", "id": "013fc458f2", "form": "cookie"}, {"info": "sementity/class=class@fiction=nonfiction@id=ODENTITY_COOKED_PLATE@type=Top>Product>Food>CookedPlate\tsemld_list=sumo:PreparedFood\tsemtheme_list/id=ODTHEME_GASTRONOMY@type=Top>Society>Gastronomy", "id": "4a94287f03", "form": "biscuit"}], "id": "16"}], "separation": "1", "form": "the chocolate chip cookies", "quote_level": "0", "head": "16", "syntactic_tree_relation_list": [{"type": "isDirectObject", "id": "12"}, {"type": "iof_isAnaphora", "id": "49"}], "affected_by_negation": "no", "inip": "67", "analysis_list": [{"lemma": "cookie", "tag": "GN-P3D--", "original_form": "the chocolate chip cookies"}], "type": "phrase", "id": "44"}], "separation": "1", "form": "only a few people liked the chocolate chip cookies", "quote_level": "0", "affected_by_negation": "no", "inip": "43", "analysis_list": [{"lemma": "*", "tag": "Z-----------", "original_form": "only a few people liked the chocolate chip cookies"}], "type": "phrase", "id": "46"}, {"endp": "93", "style": {"isItalics": "no", "isUnderlined": "no", "isTitle": "no", "isBold": "no"}, "inip": "93", "form": ".", "quote_level": "0", "affected_by_negation": "no", "separation": "A", "analysis_list": [{"lemma": ".", "tag": "1D--", "original_form": "."}], "id": "17"}], "inip": "43", "quote_level": "0", "affected_by_negation": "no", "separation": "A", "type": "sentence", "id": "33"}, {"endp": "133", "style": {"isItalics": "no", "isUnderlined": "no", "isTitle": "no", "isBold": "no"}, "token_list": [{"endp": "132", "style": {"isItalics": "no", "isUnderlined": "no", "isTitle": "no", "isBold": "no"}, "token_list": [{"endp": "103", "style": {"isItalics": "no", "isUnderlined": "no", "isTitle": "no", "isBold": "no"}, "token_list": [{"endp": "98", "style": {"isItalics": "no", "isUnderlined": "no", "isTitle": "no", "isBold": "no"}, "inip": "95", "form": "Next", "quote_level": "0", "affected_by_negation": "no", "separation": "1", "analysis_list": [{"lemma": "next", "tag": "AP-N6", "original_form": "next"}], "id": "18"}, {"endp": "103", "style": {"isItalics": "no", "isUnderlined": "no", "isTitle": "no", "isBold": "no"}, "inip": "100", "form": "time", "quote_level": "0", "affected_by_negation": "no", "separation": "1", "analysis_list": [{"lemma": "time", "tag": "NC-S-N4", "sense_id_list": [{"sense_id": "cc1779f52b"}, {"sense_id": "630eb4088a"}, {"sense_id": "e0a232e11e"}], "original_form": "time"}], "sense_list": [{"info": "sementity/class=class@fiction=nonfiction@id=ODENTITY_PERIOD@type=Top>Timex>Period\tsemld_list=sumo:TimeInterval", "id": "630eb4088a", "form": "moment"}, {"info": "sementity/class=class@fiction=nonfiction@id=ODENTITY_PERIOD@type=Top>Timex>Period\tsemld_list=sumo:TimeInterval", "id": "cc1779f52b", "form": "period"}, {"info": "sementity/class=class@fiction=nonfiction@id=ODENTITY_PERIOD@type=Top>Timex>Period\tsemld_list=sumo:TimeInterval", "id": "e0a232e11e", "form": "time"}], "id": "19"}], "separation": "1", "form": "Next time", "quote_level": "0", "head": "19", "syntactic_tree_relation_list": [{"type": "isTimeComplement", "id": "30"}], "affected_by_negation": "no", "inip": "95", "analysis_list": [{"lemma": "time", "tag": "GN-S3T--", "original_form": "Next time"}], "type": "phrase", "id": "47"}, {"endp": "104", "style": {"isItalics": "no", "isUnderlined": "no", "isTitle": "no", "isBold": "no"}, "inip": "104", "form": ",", "quote_level": "0", "affected_by_negation": "no", "separation": "A", "analysis_list": [{"lemma": ",", "tag": "1D--", "original_form": ","}], "id": "20"}, {"endp": "107", "style": {"isItalics": "no", "isUnderlined": "no", "isTitle": "no", "isBold": "no"}, "token_list": [{"endp": "107", "style": {"isItalics": "no", "isUnderlined": "no", "isTitle": "no", "isBold": "no"}, "inip": "106", "form": "we", "quote_level": "0", "affected_by_negation": "no", "separation": "1", "analysis_list": [{"lemma": "we", "tag": "PP-P1NN8", "sense_id_list": [{"sense_id": "PRONHUMAN"}], "original_form": "we"}], "sense_list": [{"info": "semhum=human", "id": "PRONHUMAN", "form": "we"}], "id": "21"}], "separation": "1", "form": "we", "quote_level": "0", "head": "21", "syntactic_tree_relation_list": [{"type": "isSubject", "id": "30"}], "affected_by_negation": "no", "inip": "106", "analysis_list": [{"lemma": "we", "tag": "GN-P1S--", "original_form": "we"}], "type": "phrase", "id": "50"}, {"endp": "119", "style": {"isItalics": "no", "isUnderlined": "no", "isTitle": "no", "isBold": "no"}, "separation": "1", "form": "should make", "quote_level": "0", "head": "22", "syntactic_tree_relation_list": [{"type": "iof_isTimeComplement", "id": "47"}, {"type": "iof_isSubject", "id": "50"}, {"type": "iof_isDirectObject", "id": "49"}], "affected_by_negation": "no", "inip": "109", "analysis_list": [{"lemma": "make", "tag": "VW-P1OSA-N-N7", "original_form": "should make"}], "type": "multiword", "id": "30"}, {"endp": "132", "style": {"isItalics": "no", "isUnderlined": "no", "isTitle": "no", "isBold": "no"}, "token_list": [{"endp": "124", "style": {"isItalics": "no", "isUnderlined": "no", "isTitle": "no", "isBold": "no"}, "inip": "121", "form": "more", "quote_level": "0", "affected_by_negation": "no", "separation": "1", "analysis_list": [{"lemma": "much", "tag": "QP-SCN6", "original_form": "more"}, {"lemma": "much", "tag": "QP-PCN6", "original_form": "more"}, {"lemma": "many", "tag": "QP-SCN7", "original_form": "more"}, {"lemma": "many", "tag": "QP-PCN7", "original_form": "more"}], "id": "24"}, {"endp": "132", "style": {"isItalics": "no", "isUnderlined": "no", "isTitle": "no", "isBold": "no"}, "token_list": [{"endp": "127", "style": {"isItalics": "no", "isUnderlined": "no", "isTitle": "no", "isBold": "no"}, "inip": "126", "form": "of", "quote_level": "0", "affected_by_negation": "no", "separation": "1", "analysis_list": [{"lemma": "of", "tag": "YN9", "original_form": "of"}], "id": "25"}, {"endp": "132", "style": {"isItalics": "no", "isUnderlined": "no", "isTitle": "no", "isBold": "no"}, "token_list": [{"endp": "132", "style": {"isItalics": "no", "isUnderlined": "no", "isTitle": "no", "isBold": "no"}, "inip": "129", "form": "them", "quote_level": "0", "affected_by_negation": "no", "separation": "1", "analysis_list": [{"lemma": "them", "tag": "PP-P3AN7", "sense_id_list": [{"sense_id": "PRONBOTH"}], "original_form": "them"}], "sense_list": [{"info": "semhum=both", "id": "PRONBOTH", "form": "them"}], "id": "26"}], "separation": "1", "form": "them", "quote_level": "0", "head": "26", "affected_by_negation": "no", "inip": "129", "analysis_list": [{"lemma": "them", "tag": "GN-P3---", "original_form": "them"}], "type": "phrase", "id": "48"}], "separation": "1", "form": "of them", "quote_level": "0", "head": "25", "affected_by_negation": "no", "inip": "126", "analysis_list": [{"lemma": "of", "tag": "GY------", "original_form": "of them"}], "type": "phrase", "id": "51"}], "separation": "1", "form": "more of them", "quote_level": "0", "head": "24", "syntactic_tree_relation_list": [{"type": "isDirectObject", "id": "30"}, {"type": "isAnaphora", "id": "44"}], "affected_by_negation": "no", "inip": "121", "analysis_list": [{"lemma": "many", "tag": "GN-S3D--", "original_form": "more"}, {"lemma": "much", "tag": "GN-S3D--", "original_form": "more"}, {"lemma": "many", "tag": "GN-P3D--", "original_form": "more"}, {"lemma": "much", "tag": "GN-P3D--", "original_form": "more"}], "type": "phrase", "id": "49"}], "separation": "1", "form": "Next time, we should make more of them", "quote_level": "0", "affected_by_negation": "no", "inip": "95", "analysis_list": [{"lemma": "*", "tag": "Z-----------", "original_form": "Next time, we should make more of them"}], "type": "phrase", "id": "52"}, {"endp": "133", "style": {"isItalics": "no", "isUnderlined": "no", "isTitle": "no", "isBold": "no"}, "inip": "133", "form": ".", "quote_level": "0", "affected_by_negation": "no", "separation": "A", "analysis_list": [{"lemma": ".", "tag": "1D--", "original_form": "."}], "id": "27"}], "inip": "95", "quote_level": "0", "affected_by_negation": "no", "separation": "A", "type": "sentence", "id": "35"}]}