{"status": {"msg": "OK", "credits": "1", "remaining_credits": "39750", "code": "0"}, "token_list": [{"endp": "122", "style": {"isItalics": "no", "isUnderlined": "no", "isTitle": "no", "isBold": "no"}, "token_list": [{"endp": "81", "style": {"isItalics": "no", "isUnderlined": "no", "isTitle": "no", "isBold": "no"}, "token_list": [{"endp": "1", "style": {"isItalics": "no", "isUnderlined": "no", "isTitle": "no", "isBold": "no"}, "token_list": [{"endp": "1", "style": {"isItalics": "no", "isUnderlined": "no", "isTitle": "no", "isBold": "no"}, "inip": "0", "form": "We", "quote_level": "0", "affected_by_negation": "no", "separation": "_", "analysis_list": [{"lemma": "we", "tag": "PP-P1NN8", "sense_id_list": [{"sense_id": "PRONHUMAN"}], "original_form": "we"}], "sense_list": [{"info": "semhum=human", "id": "PRONHUMAN", "form": "we"}], "id": "1"}], "separation": "_", "form": "We", "quote_level": "0", "head": "1", "syntactic_tree_relation_list": [{"type": "isSubject", "id": "28"}], "affected_by_negation": "no", "inip": "0", "analysis_list": [{"lemma": "we", "tag": "GN-P1S--", "original_form": "We"}], "type": "phrase", "id": "41"}, {"endp": "11", "style": {"isItalics": "no", "isUnderlined": "no", "isTitle": "no", "isBold": "no"}, "separation": "1", "form": "had hoped", "quote_level": "0", "head": "2", "syntactic_tree_relation_list": [{"type": "iof_isSubject", "id": "41"}, {"type": "iof_isDirectObject", "id": "47"}], "affected_by_negation": "no", "inip": "3", "analysis_list": [{"lemma": "hope", "tag": "VI-P1APA-N-N9", "original_form": "had hoped"}], "type": "multiword", "id": "28"}, {"endp": "81", "style": {"isItalics": "no", "isUnderlined": "no", "isTitle": "no", "isBold": "no"}, "token_list": [{"endp": "20", "style": {"isItalics": "no", "isUnderlined": "no", "isTitle": "no", "isBold": "no"}, "separation": "1", "form": "to place", "quote_level": "0", "head": "5", "syntactic_tree_relation_list": [{"type": "iof_isDirectObject", "id": "35"}, {"type": "iof_isComplement", "id": "44"}], "affected_by_negation": "no", "inip": "13", "analysis_list": [{"lemma": "place", "tag": "VF---OSA-N-N6", "sense_id_list": [{"sense_id": "ODENTITY_CLASSIFYING"}, {"sense_id": "ODENTITY_CONTEST"}, {"sense_id": "ODENTITY_TRANSACTION"}, {"sense_id": "ODENTITY_INTENTIONAL_PROCESS"}, {"sense_id": "ODENTITY_INVESTIGATING"}, {"sense_id": "ODENTITY_JOINING_AN_ORGANIZATION"}, {"sense_id": "ODENTITY_RADIATING"}, {"sense_id": "ODENTITY_ORGANIZATIONAL_PROCESS"}, {"sense_id": "ODENTITY_PROCESS"}, {"sense_id": "ODENTITY_TRANSLOCATION"}, {"sense_id": "ODENTITY_REASONING"}, {"sense_id": "ODENTITY_BIOLOGICAL_PROCESS"}, {"sense_id": "ODENTITY_GAMING"}], "original_form": "to place"}], "sense_list": [{"info": "sementity/id=ODENTITY_BIOLOGICAL_PROCESS@type=Top>Process>InternalChange>BiologicalProcess\tsemld_list=sumo:Entity", "id": "ODENTITY_BIOLOGICAL_PROCESS", "form": "place"}, {"info": "sementity/id=ODENTITY_CLASSIFYING@type=Top>Process>IntentionalProcess>IntentionalPsychologicalProcess>Classifying\tsemld_list=sumo:IntentionalProcess", "id": "ODENTITY_CLASSIFYING", "form": "place"}, {"info": "sementity/id=ODENTITY_CONTEST@type=Top>Process>IntentionalProcess>SocialInteraction>Contest\tsemld_list=sumo:IntentionalProcess", "id": "ODENTITY_CONTEST", "form": "place"}, {"info": "sementity/id=ODENTITY_GAMING@type=Top>Process>IntentionalProcess>RecreationOrExercise>Gaming\tsemld_list=sumo:IntentionalProcess", "id": "ODENTITY_GAMING", "form": "place"}, {"info": "sementity/id=ODENTITY_INTENTIONAL_PROCESS@type=Top>Process>IntentionalProcess\tsemld_list=sumo:IntentionalProcess", "id": "ODENTITY_INTENTIONAL_PROCESS", "form": "place"}, {"info": "sementity/id=ODENTITY_INVESTIGATING@type=Top>Process>IntentionalProcess>IntentionalPsychologicalProcess>Investigating\tsemld_list=sumo:IntentionalProcess", "id": "ODENTITY_INVESTIGATING", "form": "place"}, {"info": "sementity/id=ODENTITY_JOINING_AN_ORGANIZATION@type=Top>Process>IntentionalProcess>OrganizationalProcess>JoiningAnOrganization\tsemld_list=sumo:IntentionalProcess", "id": "ODENTITY_JOINING_AN_ORGANIZATION", "form": "place"}, {"info": "sementity/id=ODENTITY_ORGANIZATIONAL_PROCESS@type=Top>Process>IntentionalProcess>OrganizationalProcess\tsemld_list=sumo:IntentionalProcess", "id": "ODENTITY_ORGANIZATIONAL_PROCESS", "form": "place"}, {"info": "sementity/id=ODENTITY_PROCESS@type=Top>Process\tsemld_list=sumo:Entity", "id": "ODENTITY_PROCESS", "form": "place"}, {"info": "sementity/id=ODENTITY_RADIATING@type=Top>Process>Motion>Radiating\tsemld_list=sumo:Entity", "id": "ODENTITY_RADIATING", "form": "place"}, {"info": "sementity/id=ODENTITY_REASONING@type=Top>Process>IntentionalProcess>IntentionalPsychologicalProcess>Reasoning\tsemld_list=sumo:IntentionalProcess", "id": "ODENTITY_REASONING", "form": "place"}, {"info": "sementity/id=ODENTITY_TRANSACTION@type=Top>Process>DualObjectProcess>Transaction\tsemld_list=sumo:Entity", "id": "ODENTITY_TRANSACTION", "form": "place"}, {"info": "sementity/id=ODENTITY_TRANSLOCATION@type=Top>Process>Motion>Translocation\tsemld_list=sumo:Entity", "id": "ODENTITY_TRANSLOCATION", "form": "place"}], "type": "multiword", "id": "34"}, {"endp": "63", "style": {"isItalics": "no", "isUnderlined": "no", "isTitle": "no", "isBold": "no"}, "token_list": [{"endp": "27", "style": {"isItalics": "no", "isUnderlined": "no", "isTitle": "no", "isBold": "no"}, "inip": "22", "form": "copies", "quote_level": "0", "affected_by_negation": "no", "separation": "1", "analysis_list": [{"lemma": "copy", "tag": "NC-P-N4", "original_form": "copies"}], "id": "6"}, {"endp": "63", "style": {"isItalics": "no", "isUnderlined": "no", "isTitle": "no", "isBold": "no"}, "token_list": [{"endp": "30", "style": {"isItalics": "no", "isUnderlined": "no", "isTitle": "no", "isBold": "no"}, "inip": "29", "form": "of", "quote_level": "0", "affected_by_negation": "no", "separation": "1", "analysis_list": [{"lemma": "of", "tag": "YN9", "original_form": "of"}], "id": "7"}, {"endp": "63", "style": {"isItalics": "no", "isUnderlined": "no", "isTitle": "no", "isBold": "no"}, "token_list": [{"endp": "34", "style": {"isItalics": "no", "isUnderlined": "no", "isTitle": "no", "isBold": "no"}, "inip": "32", "form": "our", "quote_level": "0", "affected_by_negation": "no", "separation": "1", "analysis_list": [{"lemma": "our", "tag": "SD-SMP1N7", "sense_id_list": [{"sense_id": "PRONHUMAN"}], "original_form": "our"}, {"lemma": "our", "tag": "SD-SFP1N7", "sense_id_list": [{"sense_id": "PRONHUMAN"}], "original_form": "our"}], "sense_list": [{"info": "semhum=human", "id": "PRONHUMAN", "form": "our"}], "id": "8"}, {"endp": "45", "style": {"isItalics": "no", "isUnderlined": "no", "isTitle": "no", "isBold": "no"}, "inip": "36", "form": "newsletter", "quote_level": "0", "affected_by_negation": "no", "separation": "1", "analysis_list": [{"lemma": "newsletter", "tag": "NC-S-N-", "sense_id_list": [{"sense_id": "b52b47c45a"}], "original_form": "newsletter"}], "sense_list": [{"info": "sementity/class=class@fiction=nonfiction@id=ODENTITY_PUBLICATION@type=Top>Process>IntentionalProcess>ContentDevelopment>Publication\tsemld_list=sumo:IntentionalProcess\tsemtheme_list/id=ODTHEME_INTERNET@type=Top>Technology>Internet", "id": "b52b47c45a", "form": "newsletter"}], "id": "9"}, {"endp": "63", "style": {"isItalics": "no", "isUnderlined": "no", "isTitle": "no", "isBold": "no"}, "token_list": [{"endp": "48", "style": {"isItalics": "no", "isUnderlined": "no", "isTitle": "no", "isBold": "no"}, "inip": "47", "form": "on", "quote_level": "0", "affected_by_negation": "no", "separation": "1", "analysis_list": [{"lemma": "on", "tag": "YN7", "original_form": "on"}], "id": "10"}, {"endp": "63", "style": {"isItalics": "no", "isUnderlined": "no", "isTitle": "no", "isBold": "no"}, "token_list": [{"endp": "52", "style": {"isItalics": "no", "isUnderlined": "no", "isTitle": "no", "isBold": "no"}, "inip": "50", "form": "all", "quote_level": "0", "affected_by_negation": "no", "separation": "1", "analysis_list": [{"lemma": "all", "tag": "QD-PPN6", "original_form": "all"}], "id": "11"}, {"endp": "56", "style": {"isItalics": "no", "isUnderlined": "no", "isTitle": "no", "isBold": "no"}, "inip": "54", "form": "the", "quote_level": "0", "affected_by_negation": "no", "separation": "1", "analysis_list": [{"lemma": "the", "tag": "TD-PN9", "original_form": "the"}], "id": "12"}, {"endp": "63", "style": {"isItalics": "no", "isUnderlined": "no", "isTitle": "no", "isBold": "no"}, "inip": "58", "form": "chairs", "quote_level": "0", "affected_by_negation": "no", "separation": "1", "analysis_list": [{"lemma": "chair", "tag": "NC-P-N3", "sense_id_list": [{"sense_id": "38e4c77d77"}], "original_form": "chairs"}], "sense_list": [{"info": "sementity/class=class@fiction=nonfiction@id=ODENTITY_FACILITY@type=Top>Location>Facility\tsemld_list=sumo:FacilityPartOther", "id": "38e4c77d77", "form": "chair"}], "id": "13"}], "separation": "1", "form": "all the chairs", "quote_level": "0", "head": "13", "affected_by_negation": "no", "inip": "50", "analysis_list": [{"lemma": "chair", "tag": "GN-P3---", "original_form": "all the chairs"}], "type": "phrase", "id": "37"}], "separation": "1", "form": "on all the chairs", "quote_level": "0", "head": "10", "affected_by_negation": "no", "inip": "47", "analysis_list": [{"lemma": "on", "tag": "GY------", "original_form": "on all the chairs"}], "type": "phrase", "id": "45"}], "separation": "1", "form": "our newsletter on all the chairs", "quote_level": "0", "head": "9", "affected_by_negation": "no", "inip": "32", "analysis_list": [{"lemma": "newsletter", "tag": "GN-S3---", "original_form": "our newsletter"}], "type": "phrase", "id": "36"}], "separation": "1", "form": "of our newsletter on all the chairs", "quote_level": "0", "head": "7", "affected_by_negation": "no", "inip": "29", "analysis_list": [{"lemma": "of", "tag": "GY------", "original_form": "of our newsletter on all the chairs"}], "type": "phrase", "id": "46"}], "separation": "1", "form": "copies of our newsletter on all the chairs", "quote_level": "0", "head": "6", "syntactic_tree_relation_list": [{"type": "isSubject", "id": "29"}, {"type": "isDirectObject", "id": "34"}, {"type": "iof_isAnaphora", "id": "40"}], "affected_by_negation": "no", "inip": "22", "analysis_list": [{"lemma": "copy", "tag": "GN-P3D--", "original_form": "copies"}], "type": "phrase", "id": "35"}, {"endp": "81", "style": {"isItalics": "no", "isUnderlined": "no", "isTitle": "no", "isBold": "no"}, "token_list": [{"endp": "66", "style": {"isItalics": "no", "isUnderlined": "no", "isTitle": "no", "isBold": "no"}, "inip": "65", "form": "in", "quote_level": "0", "affected_by_negation": "no", "separation": "1", "analysis_list": [{"lemma": "in", "tag": "YN6", "original_form": "in"}], "id": "14"}, {"endp": "81", "style": {"isItalics": "no", "isUnderlined": "no", "isTitle": "no", "isBold": "no"}, "token_list": [{"endp": "70", "style": {"isItalics": "no", "isUnderlined": "no", "isTitle": "no", "isBold": "no"}, "inip": "68", "form": "the", "quote_level": "0", "affected_by_negation": "no", "separation": "1", "analysis_list": [{"lemma": "the", "tag": "TD-SN9", "original_form": "the"}], "id": "15"}, {"endp": "81", "style": {"isItalics": "no", "isUnderlined": "no", "isTitle": "no", "isBold": "no"}, "inip": "72", "form": "auditorium", "quote_level": "0", "affected_by_negation": "no", "separation": "1", "analysis_list": [{"lemma": "auditorium", "tag": "NC-S-N-", "sense_id_list": [{"sense_id": "d043880ee0"}], "original_form": "auditorium"}], "sense_list": [{"info": "sementity/class=class@fiction=nonfiction@id=ODENTITY_FACILITY@type=Top>Location>Facility\tsemld_list=sumo:FacilityPartOther", "id": "d043880ee0", "form": "auditorium"}], "id": "16"}], "separation": "1", "form": "the auditorium", "quote_level": "0", "head": "16", "affected_by_negation": "no", "inip": "68", "analysis_list": [{"lemma": "auditorium", "tag": "GN-S3---", "original_form": "the auditorium"}], "type": "phrase", "id": "38"}], "separation": "1", "form": "in the auditorium", "quote_level": "0", "head": "14", "syntactic_tree_relation_list": [{"type": "isComplement", "id": "34"}], "affected_by_negation": "no", "inip": "65", "analysis_list": [{"lemma": "in", "tag": "GY---C--", "original_form": "in the auditorium"}], "type": "phrase", "id": "44"}], "separation": "1", "form": "to place copies of our newsletter on all the chairs in the auditorium", "quote_level": "0", "syntactic_tree_relation_list": [{"type": "isDirectObject", "id": "28"}], "affected_by_negation": "no", "inip": "13", "analysis_list": [{"lemma": "*", "tag": "ZN---DFO----", "original_form": "to place copies of our newsletter on all the chairs in the auditorium"}], "type": "phrase", "id": "47"}], "separation": "_", "form": "We had hoped to place copies of our newsletter on all the chairs in the auditorium", "quote_level": "0", "affected_by_negation": "no", "inip": "0", "analysis_list": [{"lemma": "*", "tag": "ZC----------", "original_form": "We had hoped to place copies of our newsletter on all the chairs in the auditorium"}], "type": "phrase", "id": "48"}, {"endp": "82", "style": {"isItalics": "no", "isUnderlined": "no", "isTitle": "no", "isBold": "no"}, "inip": "82", "form": ",", "quote_level": "0", "affected_by_negation": "no", "separation": "A", "analysis_list": [{"lemma": ",", "tag": "1D--", "original_form": ","}], "id": "17"}, {"endp": "86", "style": {"isItalics": "no", "isUnderlined": "no", "isTitle": "no", "isBold": "no"}, "inip": "84", "form": "but", "quote_level": "0", "affected_by_negation": "no", "separation": "1", "analysis_list": [{"lemma": "but", "tag": "CCAN8", "original_form": "but"}], "id": "18"}, {"endp": "121", "style": {"isItalics": "no", "isUnderlined": "no", "isTitle": "no", "isBold": "no"}, "token_list": [{"endp": "97", "style": {"isItalics": "no", "isUnderlined": "no", "isTitle": "no", "isBold": "no"}, "separation": "1", "form": "there were", "quote_level": "0", "head": "20", "syntactic_tree_relation_list": [{"type": "iof_isSubject", "id": "35"}, {"type": "iof_isQuantityComplement", "id": "43"}], "affected_by_negation": "no", "inip": "88", "analysis_list": [{"lemma": "there were", "tag": "VI-P3ASA-N-N9", "original_form": "there were"}], "type": "multiword", "id": "29"}, {"endp": "108", "style": {"isItalics": "no", "isUnderlined": "no", "isTitle": "no", "isBold": "no"}, "token_list": [{"endp": "104", "style": {"isItalics": "no", "isUnderlined": "no", "isTitle": "no", "isBold": "no"}, "inip": "99", "form": "simply", "quote_level": "0", "affected_by_negation": "no", "separation": "1", "analysis_list": [{"lemma": "simply", "tag": "ENMPN6", "original_form": "simply"}], "id": "21"}, {"endp": "108", "style": {"isItalics": "no", "isUnderlined": "no", "isTitle": "no", "isBold": "no"}, "inip": "106", "form": "too", "quote_level": "0", "affected_by_negation": "no", "separation": "1", "analysis_list": [{"lemma": "too", "tag": "ENQSN7", "original_form": "too"}], "id": "22"}], "separation": "1", "form": "simply too", "quote_level": "0", "head": "22", "syntactic_tree_relation_list": [{"type": "isQuantityComplement", "id": "29"}], "affected_by_negation": "no", "inip": "99", "analysis_list": [{"lemma": "too", "tag": "GEQ--Q--", "original_form": "simply too"}], "type": "phrase", "id": "43"}, {"endp": "121", "style": {"isItalics": "no", "isUnderlined": "no", "isTitle": "no", "isBold": "no"}, "token_list": [{"endp": "113", "style": {"isItalics": "no", "isUnderlined": "no", "isTitle": "no", "isBold": "no"}, "inip": "110", "form": "many", "quote_level": "0", "affected_by_negation": "no", "separation": "1", "analysis_list": [{"lemma": "many", "tag": "QP-PPN7", "sense_id_list": [{"sense_id": "PRONBOTH"}], "original_form": "many"}], "sense_list": [{"info": "semhum=both", "id": "PRONBOTH", "form": "many"}], "id": "23"}, {"endp": "121", "style": {"isItalics": "no", "isUnderlined": "no", "isTitle": "no", "isBold": "no"}, "token_list": [{"endp": "116", "style": {"isItalics": "no", "isUnderlined": "no", "isTitle": "no", "isBold": "no"}, "inip": "115", "form": "of", "quote_level": "0", "affected_by_negation": "no", "separation": "1", "analysis_list": [{"lemma": "of", "tag": "YN9", "original_form": "of"}], "id": "24"}, {"endp": "121", "style": {"isItalics": "no", "isUnderlined": "no", "isTitle": "no", "isBold": "no"}, "token_list": [{"endp": "121", "style": {"isItalics": "no", "isUnderlined": "no", "isTitle": "no", "isBold": "no"}, "inip": "118", "form": "them", "quote_level": "0", "affected_by_negation": "no", "separation": "1", "analysis_list": [{"lemma": "them", "tag": "PP-P3AN7", "sense_id_list": [{"sense_id": "PRONBOTH"}], "original_form": "them"}], "sense_list": [{"info": "semhum=both", "id": "PRONBOTH", "form": "them"}], "id": "25"}], "separation": "1", "form": "them", "quote_level": "0", "head": "25", "affected_by_negation": "no", "inip": "118", "analysis_list": [{"lemma": "them", "tag": "GN-P3---", "original_form": "them"}], "type": "phrase", "id": "39"}], "separation": "1", "form": "of them", "quote_level": "0", "head": "24", "affected_by_negation": "no", "inip": "115", "analysis_list": [{"lemma": "of", "tag": "GY------", "original_form": "of them"}], "type": "phrase", "id": "42"}], "separation": "1", "form": "many of them", "quote_level": "0", "head": "23", "syntactic_tree_relation_list": [{"type": "isAnaphora", "id": "35"}], "affected_by_negation": "no", "inip": "110", "analysis_list": [{"lemma": "many", "tag": "GN-P3---", "original_form": "many"}], "type": "phrase", "id": "40"}], "separation": "1", "form": "there were simply too many of them", "quote_level": "0", "affected_by_negation": "no", "inip": "88", "analysis_list": [{"lemma": "*", "tag": "ZC----------", "original_form": "there were simply too many of them"}], "type": "phrase", "id": "49"}, {"endp": "122", "style": {"isItalics": "no", "isUnderlined": "no", "isTitle": "no", "isBold": "no"}, "inip": "122", "form": ".", "quote_level": "0", "affected_by_negation": "no", "separation": "A", "analysis_list": [{"lemma": ".", "tag": "1D--", "original_form": "."}], "id": "26"}], "inip": "0", "quote_level": "0", "affected_by_negation": "no", "separation": "A", "type": "sentence", "id": "30"}]}