{"status": {"msg": "OK", "credits": "1", "remaining_credits": "39749", "code": "0"}, "token_list": [{"endp": "30", "style": {"isItalics": "no", "isUnderlined": "no", "isTitle": "no", "isBold": "no"}, "token_list": [{"endp": "29", "style": {"isItalics": "no", "isUnderlined": "no", "isTitle": "no", "isBold": "no"}, "token_list": [{"endp": "0", "style": {"isItalics": "no", "isUnderlined": "no", "isTitle": "no", "isBold": "no"}, "token_list": [{"endp": "0", "style": {"isItalics": "no", "isUnderlined": "no", "isTitle": "no", "isBold": "no"}, "inip": "0", "form": "I", "quote_level": "0", "affected_by_negation": "no", "separation": "_", "analysis_list": [{"lemma": "I", "tag": "PP-S1NN-", "sense_id_list": [{"sense_id": "PRONHUMAN"}], "original_form": "I"}], "sense_list": [{"info": "semhum=human", "id": "PRONHUMAN", "form": "I"}], "id": "1"}], "separation": "_", "form": "I", "quote_level": "0", "head": "1", "syntactic_tree_relation_list": [{"type": "isSubject", "id": "2"}], "affected_by_negation": "no", "inip": "0", "analysis_list": [{"lemma": "I", "tag": "GN-S1S--", "original_form": "I"}], "type": "phrase", "id": "28"}, {"endp": "6", "style": {"isItalics": "no", "isUnderlined": "no", "isTitle": "no", "isBold": "no"}, "inip": "2", "form": "stuck", "quote_level": "0", "syntactic_tree_relation_list": [{"type": "iof_isSubject", "id": "28"}, {"type": "iof_isDirectObject", "id": "26"}], "affected_by_negation": "no", "separation": "1", "analysis_list": [{"lemma": "stick", "tag": "VI-S1ASA-N-N4", "original_form": "stuck"}], "id": "2"}, {"endp": "29", "style": {"isItalics": "no", "isUnderlined": "no", "isTitle": "no", "isBold": "no"}, "token_list": [{"endp": "8", "style": {"isItalics": "no", "isUnderlined": "no", "isTitle": "no", "isBold": "no"}, "inip": "8", "form": "a", "quote_level": "0", "affected_by_negation": "no", "separation": "1", "analysis_list": [{"lemma": "a", "tag": "QD-SPN9", "original_form": "a"}], "id": "3"}, {"endp": "12", "style": {"isItalics": "no", "isUnderlined": "no", "isTitle": "no", "isBold": "no"}, "inip": "10", "form": "pin", "quote_level": "0", "affected_by_negation": "no", "separation": "1", "analysis_list": [{"lemma": "pin", "tag": "NC-S-N3", "original_form": "pin"}], "id": "4"}, {"endp": "29", "style": {"isItalics": "no", "isUnderlined": "no", "isTitle": "no", "isBold": "no"}, "token_list": [{"endp": "20", "style": {"isItalics": "no", "isUnderlined": "no", "isTitle": "no", "isBold": "no"}, "inip": "14", "form": "through", "quote_level": "0", "affected_by_negation": "no", "separation": "1", "analysis_list": [{"lemma": "through", "tag": "YN5", "original_form": "through"}], "id": "5"}, {"endp": "29", "style": {"isItalics": "no", "isUnderlined": "no", "isTitle": "no", "isBold": "no"}, "token_list": [{"endp": "22", "style": {"isItalics": "no", "isUnderlined": "no", "isTitle": "no", "isBold": "no"}, "inip": "22", "form": "a", "quote_level": "0", "affected_by_negation": "no", "separation": "1", "analysis_list": [{"lemma": "a", "tag": "QD-SPN9", "original_form": "a"}], "id": "6"}, {"endp": "29", "style": {"isItalics": "no", "isUnderlined": "no", "isTitle": "no", "isBold": "no"}, "inip": "24", "form": "carrot", "quote_level": "0", "affected_by_negation": "no", "separation": "1", "analysis_list": [{"lemma": "carrot", "tag": "NC-S-N2", "sense_id_list": [{"sense_id": "a2ed4728c3"}], "original_form": "carrot"}], "sense_list": [{"info": "sementity/class=class@fiction=nonfiction@id=ODENTITY_FRUIT_OR_VEGETABLE@type=Top>Product>Food>FruitOrVegetable\tsemld_list=sumo:PreparedFood\tsemtheme_list/id=ODTHEME_GASTRONOMY@type=Top>Society>Gastronomy", "id": "a2ed4728c3", "form": "carrot"}], "id": "7"}], "separation": "1", "form": "a carrot", "quote_level": "0", "head": "7", "affected_by_negation": "no", "inip": "22", "analysis_list": [{"lemma": "carrot", "tag": "GN-S3---", "original_form": "a carrot"}], "type": "phrase", "id": "27"}], "separation": "1", "form": "through a carrot", "quote_level": "0", "head": "5", "affected_by_negation": "no", "inip": "14", "analysis_list": [{"lemma": "through", "tag": "GY------", "original_form": "through a carrot"}], "type": "phrase", "id": "29"}], "separation": "1", "form": "a pin through a carrot", "quote_level": "0", "head": "4", "syntactic_tree_relation_list": [{"type": "isDirectObject", "id": "2"}], "affected_by_negation": "no", "inip": "8", "analysis_list": [{"lemma": "pin", "tag": "GN-S3D--", "original_form": "a pin"}], "type": "phrase", "id": "26"}], "separation": "_", "form": "I stuck a pin through a carrot", "quote_level": "0", "affected_by_negation": "no", "inip": "0", "analysis_list": [{"lemma": "*", "tag": "Z-----------", "original_form": "I stuck a pin through a carrot"}], "type": "phrase", "id": "30"}, {"endp": "30", "style": {"isItalics": "no", "isUnderlined": "no", "isTitle": "no", "isBold": "no"}, "inip": "30", "form": ".", "quote_level": "0", "affected_by_negation": "no", "separation": "A", "analysis_list": [{"lemma": ".", "tag": "1D--", "original_form": "."}], "id": "8"}], "inip": "0", "quote_level": "0", "affected_by_negation": "no", "separation": "A", "type": "sentence", "id": "22"}, {"endp": "73", "style": {"isItalics": "no", "isUnderlined": "no", "isTitle": "no", "isBold": "no"}, "token_list": [{"endp": "56", "style": {"isItalics": "no", "isUnderlined": "no", "isTitle": "no", "isBold": "no"}, "token_list": [{"endp": "35", "style": {"isItalics": "no", "isUnderlined": "no", "isTitle": "no", "isBold": "no"}, "inip": "32", "form": "When", "quote_level": "0", "affected_by_negation": "no", "separation": "1", "analysis_list": [{"lemma": "when", "tag": "CSCN7", "original_form": "when"}], "id": "9"}, {"endp": "37", "style": {"isItalics": "no", "isUnderlined": "no", "isTitle": "no", "isBold": "no"}, "token_list": [{"endp": "37", "style": {"isItalics": "no", "isUnderlined": "no", "isTitle": "no", "isBold": "no"}, "inip": "37", "form": "I", "quote_level": "0", "affected_by_negation": "no", "separation": "1", "analysis_list": [{"lemma": "I", "tag": "PP-S1NN-", "sense_id_list": [{"sense_id": "PRONHUMAN"}], "original_form": "I"}], "sense_list": [{"info": "semhum=human", "id": "PRONHUMAN", "form": "I"}], "id": "10"}], "separation": "1", "form": "I", "quote_level": "0", "head": "10", "syntactic_tree_relation_list": [{"type": "isSubject", "id": "11"}], "affected_by_negation": "no", "inip": "37", "analysis_list": [{"lemma": "I", "tag": "GN-S1S--", "original_form": "I"}], "type": "phrase", "id": "34"}, {"endp": "44", "style": {"isItalics": "no", "isUnderlined": "no", "isTitle": "no", "isBold": "no"}, "inip": "39", "form": "pulled", "quote_level": "0", "syntactic_tree_relation_list": [{"type": "iof_isSubject", "id": "34"}, {"type": "iof_isDirectObject", "id": "31"}, {"type": "iof_isLocationComplement", "id": "35"}], "affected_by_negation": "no", "separation": "1", "analysis_list": [{"lemma": "pull", "tag": "VI-UUASA-N-N6", "sense_id_list": [{"sense_id": "ODENTITY_INTENTIONAL_PROCESS"}, {"sense_id": "ODENTITY_TRANSFER"}, {"sense_id": "ODENTITY_DAMAGING"}, {"sense_id": "ODENTITY_INTENTIONAL_PSYCHOLOGICAL_PROCESS"}, {"sense_id": "ODENTITY_MOTION"}, {"sense_id": "ODENTITY_PROCESS"}, {"sense_id": "ODENTITY_SEPARATING"}, {"sense_id": "ODENTITY_SOCIAL_INTERACTION"}, {"sense_id": "ODENTITY_TRANSPORTATION"}], "original_form": "pulled"}], "sense_list": [{"info": "sementity/id=ODENTITY_DAMAGING@type=Top>Process>InternalChange>Damaging\tsemld_list=sumo:Entity", "id": "ODENTITY_DAMAGING", "form": "pull"}, {"info": "sementity/id=ODENTITY_INTENTIONAL_PROCESS@type=Top>Process>IntentionalProcess\tsemld_list=sumo:IntentionalProcess", "id": "ODENTITY_INTENTIONAL_PROCESS", "form": "pull"}, {"info": "sementity/id=ODENTITY_INTENTIONAL_PSYCHOLOGICAL_PROCESS@type=Top>Process>IntentionalProcess>IntentionalPsychologicalProcess\tsemld_list=sumo:IntentionalProcess", "id": "ODENTITY_INTENTIONAL_PSYCHOLOGICAL_PROCESS", "form": "pull"}, {"info": "sementity/id=ODENTITY_MOTION@type=Top>Process>Motion\tsemld_list=sumo:Entity", "id": "ODENTITY_MOTION", "form": "pull"}, {"info": "sementity/id=ODENTITY_PROCESS@type=Top>Process\tsemld_list=sumo:Entity", "id": "ODENTITY_PROCESS", "form": "pull"}, {"info": "sementity/id=ODENTITY_SEPARATING@type=Top>Process>DualObjectProcess>Separating\tsemld_list=sumo:Entity", "id": "ODENTITY_SEPARATING", "form": "pull"}, {"info": "sementity/id=ODENTITY_SOCIAL_INTERACTION@type=Top>Process>IntentionalProcess>SocialInteraction\tsemld_list=sumo:IntentionalProcess", "id": "ODENTITY_SOCIAL_INTERACTION", "form": "pull"}, {"info": "sementity/id=ODENTITY_TRANSFER@type=Top>Process>Motion>Translocation>Transfer\tsemld_list=sumo:Entity", "id": "ODENTITY_TRANSFER", "form": "pull"}, {"info": "sementity/id=ODENTITY_TRANSPORTATION@type=Top>Process>Motion>Translocation>Transportation\tsemld_list=sumo:Entity", "id": "ODENTITY_TRANSPORTATION", "form": "pull"}], "id": "11"}, {"endp": "52", "style": {"isItalics": "no", "isUnderlined": "no", "isTitle": "no", "isBold": "no"}, "token_list": [{"endp": "48", "style": {"isItalics": "no", "isUnderlined": "no", "isTitle": "no", "isBold": "no"}, "inip": "46", "form": "the", "quote_level": "0", "affected_by_negation": "no", "separation": "1", "analysis_list": [{"lemma": "the", "tag": "TD-SN9", "original_form": "the"}], "id": "12"}, {"endp": "52", "style": {"isItalics": "no", "isUnderlined": "no", "isTitle": "no", "isBold": "no"}, "inip": "50", "form": "pin", "quote_level": "0", "affected_by_negation": "no", "separation": "1", "analysis_list": [{"lemma": "pin", "tag": "NC-S-N3", "original_form": "pin"}], "id": "13"}], "separation": "1", "form": "the pin", "quote_level": "0", "head": "13", "syntactic_tree_relation_list": [{"type": "isDirectObject", "id": "11"}, {"type": "iof_isAnaphora", "id": "33"}], "affected_by_negation": "no", "inip": "46", "analysis_list": [{"lemma": "pin", "tag": "GN-S3D--", "original_form": "the pin"}], "type": "phrase", "id": "31"}, {"endp": "56", "style": {"isItalics": "no", "isUnderlined": "no", "isTitle": "no", "isBold": "no"}, "token_list": [{"endp": "56", "style": {"isItalics": "no", "isUnderlined": "no", "isTitle": "no", "isBold": "no"}, "inip": "54", "form": "out", "quote_level": "0", "affected_by_negation": "no", "separation": "1", "analysis_list": [{"lemma": "out", "tag": "ENLPN4", "original_form": "out"}], "id": "14"}], "separation": "1", "form": "out", "quote_level": "0", "head": "14", "syntactic_tree_relation_list": [{"type": "isLocationComplement", "id": "11"}], "affected_by_negation": "no", "inip": "54", "analysis_list": [{"lemma": "out", "tag": "GEL--L--", "original_form": "out"}], "type": "phrase", "id": "35"}], "separation": "1", "form": "When I pulled the pin out", "quote_level": "0", "syntactic_tree_relation_list": [{"type": "isTimeComplement", "id": "17"}], "affected_by_negation": "no", "inip": "32", "analysis_list": [{"lemma": "*", "tag": "ZE---TIA----", "original_form": "When I pulled the pin out"}], "type": "phrase", "id": "36"}, {"endp": "57", "style": {"isItalics": "no", "isUnderlined": "no", "isTitle": "no", "isBold": "no"}, "inip": "57", "form": ",", "quote_level": "0", "affected_by_negation": "no", "separation": "A", "analysis_list": [{"lemma": ",", "tag": "1D--", "original_form": ","}], "id": "15"}, {"endp": "72", "style": {"isItalics": "no", "isUnderlined": "no", "isTitle": "no", "isBold": "no"}, "token_list": [{"endp": "60", "style": {"isItalics": "no", "isUnderlined": "no", "isTitle": "no", "isBold": "no"}, "token_list": [{"endp": "60", "style": {"isItalics": "no", "isUnderlined": "no", "isTitle": "no", "isBold": "no"}, "inip": "59", "form": "it", "quote_level": "0", "affected_by_negation": "no", "separation": "1", "analysis_list": [{"lemma": "it", "tag": "PP-S3NN8", "sense_id_list": [{"sense_id": "PRONNONHUMAN"}], "original_form": "it"}], "sense_list": [{"info": "semhum=nonhuman", "id": "PRONNONHUMAN", "form": "it"}], "id": "16"}], "separation": "1", "form": "it", "quote_level": "0", "head": "16", "syntactic_tree_relation_list": [{"type": "isAnaphora", "id": "31"}, {"type": "isSubject", "id": "17"}], "affected_by_negation": "no", "inip": "59", "analysis_list": [{"lemma": "it", "tag": "GN-S3S--", "original_form": "it"}], "type": "phrase", "id": "33"}, {"endp": "65", "style": {"isItalics": "no", "isUnderlined": "no", "isTitle": "no", "isBold": "no"}, "inip": "62", "form": "left", "quote_level": "0", "syntactic_tree_relation_list": [{"type": "iof_isTimeComplement", "id": "36"}, {"type": "iof_isSubject", "id": "33"}, {"type": "iof_isDirectObject", "id": "32"}], "affected_by_negation": "no", "separation": "1", "analysis_list": [{"lemma": "leave", "tag": "VI-UUASA-N-N4", "sense_id_list": [{"sense_id": "92b8b69fe0"}], "original_form": "left"}], "sense_list": [{"info": "sementity/class=class@fiction=nonfiction@id=ODENTITY_ADDRESS@type=Top>Location>Address\tsemld_list=sumo:PostalAddressText", "id": "92b8b69fe0", "form": "left"}], "id": "17"}, {"endp": "72", "style": {"isItalics": "no", "isUnderlined": "no", "isTitle": "no", "isBold": "no"}, "token_list": [{"endp": "67", "style": {"isItalics": "no", "isUnderlined": "no", "isTitle": "no", "isBold": "no"}, "inip": "67", "form": "a", "quote_level": "0", "affected_by_negation": "no", "separation": "1", "analysis_list": [{"lemma": "a", "tag": "QD-SPN9", "original_form": "a"}], "id": "18"}, {"endp": "72", "style": {"isItalics": "no", "isUnderlined": "no", "isTitle": "no", "isBold": "no"}, "inip": "69", "form": "hole", "quote_level": "0", "affected_by_negation": "no", "separation": "1", "analysis_list": [{"lemma": "hole", "tag": "NC-S-N5", "sense_id_list": [{"sense_id": "d38c91c383"}, {"sense_id": "0a94ee7790"}], "original_form": "hole"}], "sense_list": [{"info": "sementity/class=class@fiction=nonfiction@id=ODENTITY_BASIN@type=Top>Location>GeographicalEntity>LandForm>Basin\tsemld_list=sumo:Basin", "id": "0a94ee7790", "form": "hole"}, {"info": "sementity/class=class@fiction=nonfiction@id=ODENTITY_LOCATION@type=Top>Location\tsemld_list=sumo:Region", "id": "d38c91c383", "form": "hole"}], "id": "19"}], "separation": "1", "form": "a hole", "quote_level": "0", "head": "19", "syntactic_tree_relation_list": [{"type": "isDirectObject", "id": "17"}], "affected_by_negation": "no", "inip": "67", "analysis_list": [{"lemma": "hole", "tag": "GN-S3D--", "original_form": "a hole"}], "type": "phrase", "id": "32"}], "separation": "1", "form": "it left a hole", "quote_level": "0", "affected_by_negation": "no", "inip": "59", "analysis_list": [{"lemma": "*", "tag": "Z-----------", "original_form": "it left a hole"}], "type": "phrase", "id": "37"}, {"endp": "73", "style": {"isItalics": "no", "isUnderlined": "no", "isTitle": "no", "isBold": "no"}, "inip": "73", "form": ".", "quote_level": "0", "affected_by_negation": "no", "separation": "A", "analysis_list": [{"lemma": ".", "tag": "1D--", "original_form": "."}], "id": "20"}], "inip": "32", "quote_level": "0", "affected_by_negation": "no", "separation": "A", "type": "sentence", "id": "24"}]}