{"status": {"msg": "OK", "credits": "1", "remaining_credits": "39746", "code": "0"}, "token_list": [{"endp": "65", "style": {"isItalics": "no", "isUnderlined": "no", "isTitle": "no", "isBold": "no"}, "token_list": [{"endp": "64", "style": {"isItalics": "no", "isUnderlined": "no", "isTitle": "no", "isBold": "no"}, "token_list": [{"endp": "0", "style": {"isItalics": "no", "isUnderlined": "no", "isTitle": "no", "isBold": "no"}, "token_list": [{"endp": "0", "style": {"isItalics": "no", "isUnderlined": "no", "isTitle": "no", "isBold": "no"}, "inip": "0", "form": "I", "quote_level": "0", "affected_by_negation": "no", "separation": "_", "analysis_list": [{"lemma": "I", "tag": "PP-S1NN-", "sense_id_list": [{"sense_id": "PRONHUMAN"}], "original_form": "I"}], "sense_list": [{"info": "semhum=human", "id": "PRONHUMAN", "form": "I"}], "id": "1"}], "separation": "_", "form": "I", "quote_level": "0", "head": "1", "syntactic_tree_relation_list": [{"type": "isSubject", "id": "39"}], "affected_by_negation": "no", "inip": "0", "analysis_list": [{"lemma": "I", "tag": "GN-S1S--", "original_form": "I"}], "type": "phrase", "id": "49"}, {"endp": "14", "style": {"isItalics": "no", "isUnderlined": "no", "isTitle": "no", "isBold": "no"}, "separation": "1", "form": "couldn't find", "quote_level": "0", "head": "38", "syntactic_tree_relation_list": [{"type": "iof_isSubject", "id": "49"}, {"type": "iof_isComplement", "id": "52"}], "affected_by_negation": "yes", "inip": "2", "analysis_list": [{"lemma": "find", "tag": "VW-S1OSA-NNE7", "original_form": "couldn't find"}], "type": "multiword", "id": "39"}, {"endp": "22", "style": {"isItalics": "no", "isUnderlined": "no", "isTitle": "no", "isBold": "no"}, "token_list": [{"endp": "16", "style": {"isItalics": "no", "isUnderlined": "no", "isTitle": "no", "isBold": "no"}, "inip": "16", "form": "a", "quote_level": "0", "affected_by_negation": "no", "separation": "1", "analysis_list": [{"lemma": "a", "tag": "QD-SPN9", "original_form": "a"}], "id": "6"}, {"endp": "22", "style": {"isItalics": "no", "isUnderlined": "no", "isTitle": "no", "isBold": "no"}, "inip": "18", "form": "spoon", "quote_level": "0", "affected_by_negation": "no", "separation": "1", "analysis_list": [{"lemma": "spoon", "tag": "NC-S-N2", "sense_id_list": [{"sense_id": "dbbd3f8dcd"}], "original_form": "spoon"}], "sense_list": [{"info": "sementity/class=class@fiction=nonfiction@id=ODENTITY_PRODUCT@type=Top>Product\tsemld_list=sumo:Artifact\tsemtheme_list/id=ODTHEME_GASTRONOMY@type=Top>Society>Gastronomy", "id": "dbbd3f8dcd", "form": "spoon"}], "id": "7"}], "separation": "1", "form": "a spoon", "quote_level": "0", "head": "7", "affected_by_negation": "no", "inip": "16", "analysis_list": [{"lemma": "spoon", "tag": "GN-S3---", "original_form": "a spoon"}], "type": "phrase", "id": "44"}, {"endp": "23", "style": {"isItalics": "no", "isUnderlined": "no", "isTitle": "no", "isBold": "no"}, "inip": "23", "form": ",", "quote_level": "0", "affected_by_negation": "no", "separation": "A", "analysis_list": [{"lemma": ",", "tag": "1D--", "original_form": ","}], "id": "8"}, {"endp": "64", "style": {"isItalics": "no", "isUnderlined": "no", "isTitle": "no", "isBold": "no"}, "token_list": [{"endp": "26", "style": {"isItalics": "no", "isUnderlined": "no", "isTitle": "no", "isBold": "no"}, "inip": "25", "form": "so", "quote_level": "0", "affected_by_negation": "no", "separation": "1", "analysis_list": [{"lemma": "so", "tag": "CSLN7", "original_form": "so"}, {"lemma": "so", "tag": "CSFN7", "original_form": "so"}], "id": "9"}, {"endp": "28", "style": {"isItalics": "no", "isUnderlined": "no", "isTitle": "no", "isBold": "no"}, "token_list": [{"endp": "28", "style": {"isItalics": "no", "isUnderlined": "no", "isTitle": "no", "isBold": "no"}, "inip": "28", "form": "I", "quote_level": "0", "affected_by_negation": "no", "separation": "1", "analysis_list": [{"lemma": "I", "tag": "PP-S1NN-", "sense_id_list": [{"sense_id": "PRONHUMAN"}], "original_form": "I"}], "sense_list": [{"info": "semhum=human", "id": "PRONHUMAN", "form": "I"}], "id": "10"}], "separation": "1", "form": "I", "quote_level": "0", "head": "10", "syntactic_tree_relation_list": [{"type": "isSubject", "id": "11"}], "affected_by_negation": "no", "inip": "28", "analysis_list": [{"lemma": "I", "tag": "GN-S1S--", "original_form": "I"}], "type": "phrase", "id": "48"}, {"endp": "34", "style": {"isItalics": "no", "isUnderlined": "no", "isTitle": "no", "isBold": "no"}, "inip": "30", "form": "tried", "quote_level": "0", "syntactic_tree_relation_list": [{"type": "iof_isSubject", "id": "48"}, {"type": "iof_isDirectObject", "id": "51"}], "affected_by_negation": "no", "separation": "1", "analysis_list": [{"lemma": "try", "tag": "VI-UUASA-N-N4", "sense_id_list": [{"sense_id": "ODENTITY_BIOLOGICAL_PROCESS"}, {"sense_id": "ODENTITY_INCREASING"}, {"sense_id": "ODENTITY_INTENTIONAL_PROCESS"}, {"sense_id": "ODENTITY_INTENTIONAL_PSYCHOLOGICAL_PROCESS"}, {"sense_id": "ODENTITY_INVESTIGATING"}, {"sense_id": "ODENTITY_TRANSLOCATION"}], "original_form": "tried"}], "sense_list": [{"info": "sementity/id=ODENTITY_BIOLOGICAL_PROCESS@type=Top>Process>InternalChange>BiologicalProcess\tsemld_list=sumo:Entity", "id": "ODENTITY_BIOLOGICAL_PROCESS", "form": "try"}, {"info": "sementity/id=ODENTITY_INCREASING@type=Top>Process>InternalChange>QuantityChange>Increasing\tsemld_list=sumo:Entity", "id": "ODENTITY_INCREASING", "form": "try"}, {"info": "sementity/id=ODENTITY_INTENTIONAL_PROCESS@type=Top>Process>IntentionalProcess\tsemld_list=sumo:IntentionalProcess", "id": "ODENTITY_INTENTIONAL_PROCESS", "form": "try"}, {"info": "sementity/id=ODENTITY_INTENTIONAL_PSYCHOLOGICAL_PROCESS@type=Top>Process>IntentionalProcess>IntentionalPsychologicalProcess\tsemld_list=sumo:IntentionalProcess", "id": "ODENTITY_INTENTIONAL_PSYCHOLOGICAL_PROCESS", "form": "try"}, {"info": "sementity/id=ODENTITY_INVESTIGATING@type=Top>Process>IntentionalProcess>IntentionalPsychologicalProcess>Investigating\tsemld_list=sumo:IntentionalProcess", "id": "ODENTITY_INVESTIGATING", "form": "try"}, {"info": "sementity/id=ODENTITY_TRANSLOCATION@type=Top>Process>Motion>Translocation\tsemld_list=sumo:Entity", "id": "ODENTITY_TRANSLOCATION", "form": "try"}], "id": "11"}, {"endp": "64", "style": {"isItalics": "no", "isUnderlined": "no", "isTitle": "no", "isBold": "no"}, "token_list": [{"endp": "40", "style": {"isItalics": "no", "isUnderlined": "no", "isTitle": "no", "isBold": "no"}, "inip": "36", "form": "using", "quote_level": "0", "syntactic_tree_relation_list": [{"type": "iof_isDirectObject", "id": "45"}], "affected_by_negation": "no", "separation": "1", "analysis_list": [{"lemma": "use", "tag": "VP---PSA-N-N6", "sense_id_list": [{"sense_id": "ODENTITY_BIOLOGICAL_PROCESS"}, {"sense_id": "ODENTITY_INTENTIONAL_PROCESS"}, {"sense_id": "ODENTITY_SOCIAL_INTERACTION"}], "original_form": "using"}], "sense_list": [{"info": "sementity/id=ODENTITY_BIOLOGICAL_PROCESS@type=Top>Process>InternalChange>BiologicalProcess\tsemld_list=sumo:Entity", "id": "ODENTITY_BIOLOGICAL_PROCESS", "form": "use"}, {"info": "sementity/id=ODENTITY_INTENTIONAL_PROCESS@type=Top>Process>IntentionalProcess\tsemld_list=sumo:IntentionalProcess", "id": "ODENTITY_INTENTIONAL_PROCESS", "form": "use"}, {"info": "sementity/id=ODENTITY_SOCIAL_INTERACTION@type=Top>Process>IntentionalProcess>SocialInteraction\tsemld_list=sumo:IntentionalProcess", "id": "ODENTITY_SOCIAL_INTERACTION", "form": "use"}], "id": "12"}, {"endp": "64", "style": {"isItalics": "no", "isUnderlined": "no", "isTitle": "no", "isBold": "no"}, "token_list": [{"endp": "42", "style": {"isItalics": "no", "isUnderlined": "no", "isTitle": "no", "isBold": "no"}, "inip": "42", "form": "a", "quote_level": "0", "affected_by_negation": "no", "separation": "1", "analysis_list": [{"lemma": "a", "tag": "QD-SPN9", "original_form": "a"}], "id": "13"}, {"endp": "46", "style": {"isItalics": "no", "isUnderlined": "no", "isTitle": "no", "isBold": "no"}, "inip": "44", "form": "pen", "quote_level": "0", "affected_by_negation": "no", "separation": "1", "analysis_list": [{"lemma": "pen", "tag": "NC-S-N4", "original_form": "pen"}], "id": "14"}, {"endp": "64", "style": {"isItalics": "no", "isUnderlined": "no", "isTitle": "no", "isBold": "no"}, "token_list": [{"endp": "54", "style": {"isItalics": "no", "isUnderlined": "no", "isTitle": "no", "isBold": "no"}, "separation": "1", "form": "to stir", "quote_level": "0", "head": "16", "syntactic_tree_relation_list": [{"type": "iof_isDirectObject", "id": "47"}], "affected_by_negation": "no", "inip": "48", "analysis_list": [{"lemma": "stir", "tag": "VF---OSA-N-N4", "sense_id_list": [{"sense_id": "ODENTITY_MAKING"}, {"sense_id": "ODENTITY_INTENTIONAL_PSYCHOLOGICAL_PROCESS"}, {"sense_id": "ODENTITY_MOTION"}, {"sense_id": "ODENTITY_PROCESS"}, {"sense_id": "ODENTITY_BIOLOGICAL_PROCESS"}, {"sense_id": "ODENTITY_TRANSFER"}], "original_form": "to stir"}], "sense_list": [{"info": "sementity/id=ODENTITY_BIOLOGICAL_PROCESS@type=Top>Process>InternalChange>BiologicalProcess\tsemld_list=sumo:Entity", "id": "ODENTITY_BIOLOGICAL_PROCESS", "form": "stir"}, {"info": "sementity/id=ODENTITY_INTENTIONAL_PSYCHOLOGICAL_PROCESS@type=Top>Process>IntentionalProcess>IntentionalPsychologicalProcess\tsemld_list=sumo:IntentionalProcess", "id": "ODENTITY_INTENTIONAL_PSYCHOLOGICAL_PROCESS", "form": "stir"}, {"info": "sementity/id=ODENTITY_MAKING@type=Top>Process>IntentionalProcess>Making\tsemld_list=sumo:IntentionalProcess", "id": "ODENTITY_MAKING", "form": "stir"}, {"info": "sementity/id=ODENTITY_MOTION@type=Top>Process>Motion\tsemld_list=sumo:Entity", "id": "ODENTITY_MOTION", "form": "stir"}, {"info": "sementity/id=ODENTITY_PROCESS@type=Top>Process\tsemld_list=sumo:Entity", "id": "ODENTITY_PROCESS", "form": "stir"}, {"info": "sementity/id=ODENTITY_TRANSFER@type=Top>Process>Motion>Translocation>Transfer\tsemld_list=sumo:Entity", "id": "ODENTITY_TRANSFER", "form": "stir"}], "type": "multiword", "id": "46"}, {"endp": "64", "style": {"isItalics": "no", "isUnderlined": "no", "isTitle": "no", "isBold": "no"}, "token_list": [{"endp": "57", "style": {"isItalics": "no", "isUnderlined": "no", "isTitle": "no", "isBold": "no"}, "inip": "56", "form": "my", "quote_level": "0", "affected_by_negation": "no", "separation": "1", "analysis_list": [{"lemma": "my", "tag": "SD-SMS1N7", "sense_id_list": [{"sense_id": "PRONHUMAN"}], "original_form": "my"}, {"lemma": "my", "tag": "SD-SFS1N7", "sense_id_list": [{"sense_id": "PRONHUMAN"}], "original_form": "my"}], "sense_list": [{"info": "semhum=human", "id": "PRONHUMAN", "form": "my"}], "id": "17"}, {"endp": "64", "style": {"isItalics": "no", "isUnderlined": "no", "isTitle": "no", "isBold": "no"}, "inip": "59", "form": "coffee", "quote_level": "0", "affected_by_negation": "no", "separation": "1", "analysis_list": [{"lemma": "coffee", "tag": "NC-S-N5", "sense_id_list": [{"sense_id": "ed390ec35e"}], "original_form": "coffee"}], "sense_list": [{"info": "sementity/class=class@fiction=nonfiction@id=ODENTITY_BEVERAGE@type=Top>Product>Food>Beverage\tsemld_list=sumo:PreparedFood", "id": "ed390ec35e", "form": "coffee"}], "id": "18"}], "separation": "1", "form": "my coffee", "quote_level": "0", "head": "18", "syntactic_tree_relation_list": [{"type": "isDirectObject", "id": "46"}], "affected_by_negation": "no", "inip": "56", "analysis_list": [{"lemma": "coffee", "tag": "GN-S3D--", "original_form": "my coffee"}], "type": "phrase", "id": "47"}], "separation": "1", "form": "to stir my coffee", "quote_level": "0", "affected_by_negation": "no", "inip": "48", "analysis_list": [{"lemma": "*", "tag": "ZN-S3-FO----", "original_form": "to stir my coffee"}], "type": "phrase", "id": "50"}], "separation": "1", "form": "a pen to stir my coffee", "quote_level": "0", "head": "14", "syntactic_tree_relation_list": [{"type": "isDirectObject", "id": "12"}], "affected_by_negation": "no", "inip": "42", "analysis_list": [{"lemma": "pen", "tag": "GN-S3D--", "original_form": "a pen"}], "type": "phrase", "id": "45"}], "separation": "1", "form": "using a pen to stir my coffee", "quote_level": "0", "syntactic_tree_relation_list": [{"type": "isDirectObject", "id": "11"}], "affected_by_negation": "no", "inip": "36", "analysis_list": [{"lemma": "*", "tag": "ZN-S3DPP----", "original_form": "using a pen to stir my coffee"}], "type": "phrase", "id": "51"}], "separation": "1", "form": "so I tried using a pen to stir my coffee", "quote_level": "0", "syntactic_tree_relation_list": [{"type": "isComplement", "id": "39"}], "affected_by_negation": "no", "inip": "25", "analysis_list": [{"lemma": "*", "tag": "ZE---CIA----", "original_form": "so I tried using a pen to stir my coffee"}], "type": "phrase", "id": "52"}], "separation": "_", "form": "I couldn't find a spoon, so I tried using a pen to stir my coffee", "quote_level": "0", "affected_by_negation": "no", "inip": "0", "analysis_list": [{"lemma": "*", "tag": "Z-----------", "original_form": "I couldn't find a spoon, so I tried using a pen to stir my coffee"}], "type": "phrase", "id": "53"}, {"endp": "65", "style": {"isItalics": "no", "isUnderlined": "no", "isTitle": "no", "isBold": "no"}, "inip": "65", "form": ".", "quote_level": "0", "affected_by_negation": "no", "separation": "A", "analysis_list": [{"lemma": ".", "tag": "1D--", "original_form": "."}], "id": "19"}], "inip": "0", "quote_level": "0", "affected_by_negation": "no", "separation": "A", "type": "sentence", "id": "40"}, {"endp": "131", "style": {"isItalics": "no", "isUnderlined": "no", "isTitle": "no", "isBold": "no"}, "token_list": [{"endp": "69", "style": {"isItalics": "no", "isUnderlined": "no", "isTitle": "no", "isBold": "no"}, "inip": "67", "form": "But", "quote_level": "0", "affected_by_negation": "no", "separation": "1", "analysis_list": [{"lemma": "but", "tag": "CCAN8", "original_form": "but"}], "id": "20"}, {"endp": "130", "style": {"isItalics": "no", "isUnderlined": "no", "isTitle": "no", "isBold": "no"}, "token_list": [{"endp": "74", "style": {"isItalics": "no", "isUnderlined": "no", "isTitle": "no", "isBold": "no"}, "token_list": [{"endp": "74", "style": {"isItalics": "no", "isUnderlined": "no", "isTitle": "no", "isBold": "no"}, "inip": "71", "form": "that", "quote_level": "0", "affected_by_negation": "no", "separation": "1", "analysis_list": [{"lemma": "that", "tag": "RP-SN5", "original_form": "that"}, {"lemma": "that", "tag": "RP-PN5", "original_form": "that"}, {"lemma": "that", "tag": "DP-SN5", "original_form": "that"}], "id": "21"}], "separation": "1", "form": "that", "quote_level": "0", "head": "21", "syntactic_tree_relation_list": [{"type": "isSubject", "id": "22"}], "affected_by_negation": "no", "inip": "71", "analysis_list": [{"lemma": "that", "tag": "GN-S3S--", "original_form": "that"}, {"lemma": "that", "tag": "GN-P3S--", "original_form": "that"}], "type": "phrase", "id": "59"}, {"endp": "81", "style": {"isItalics": "no", "isUnderlined": "no", "isTitle": "no", "isBold": "no"}, "inip": "76", "form": "turned", "quote_level": "0", "syntactic_tree_relation_list": [{"type": "iof_isSubject", "id": "59"}, {"type": "iof_isLocationComplement", "id": "61"}], "affected_by_negation": "no", "separation": "1", "analysis_list": [{"lemma": "turn", "tag": "VI-U3ASA-N-N5", "sense_id_list": [{"sense_id": "ODENTITY_BIOLOGICAL_PROCESS"}, {"sense_id": "ODENTITY_SURFACE_CHANGE"}, {"sense_id": "ODENTITY_DIRECTION_CHANGE"}, {"sense_id": "ODENTITY_CHANGE_OF_POSSESSION"}, {"sense_id": "ODENTITY_INTENTIONAL_PROCESS"}, {"sense_id": "ODENTITY_DAMAGING"}, {"sense_id": "ODENTITY_MOTION"}, {"sense_id": "ODENTITY_PROCESS"}, {"sense_id": "ODENTITY_TRANSFER"}, {"sense_id": "ODENTITY_LINGUISTIC_COMMUNICATION"}, {"sense_id": "ODENTITY_SHAPE_CHANGE"}], "original_form": "turned"}], "sense_list": [{"info": "sementity/id=ODENTITY_BIOLOGICAL_PROCESS@type=Top>Process>InternalChange>BiologicalProcess\tsemld_list=sumo:Entity", "id": "ODENTITY_BIOLOGICAL_PROCESS", "form": "turn"}, {"info": "sementity/id=ODENTITY_CHANGE_OF_POSSESSION@type=Top>Process>IntentionalProcess>SocialInteraction>ChangeOfPossession\tsemld_list=sumo:IntentionalProcess", "id": "ODENTITY_CHANGE_OF_POSSESSION", "form": "turn"}, {"info": "sementity/id=ODENTITY_DAMAGING@type=Top>Process>InternalChange>Damaging\tsemld_list=sumo:Entity", "id": "ODENTITY_DAMAGING", "form": "turn"}, {"info": "sementity/id=ODENTITY_DIRECTION_CHANGE@type=Top>Process>Motion>DirectionChange\tsemld_list=sumo:Entity", "id": "ODENTITY_DIRECTION_CHANGE", "form": "turn"}, {"info": "sementity/id=ODENTITY_INTENTIONAL_PROCESS@type=Top>Process>IntentionalProcess\tsemld_list=sumo:IntentionalProcess", "id": "ODENTITY_INTENTIONAL_PROCESS", "form": "turn"}, {"info": "sementity/id=ODENTITY_LINGUISTIC_COMMUNICATION@type=Top>Process>ContentBearingProcess>CommunicationProcess>LinguisticCommunication\tsemld_list=sumo:Entity", "id": "ODENTITY_LINGUISTIC_COMMUNICATION", "form": "turn"}, {"info": "sementity/id=ODENTITY_MOTION@type=Top>Process>Motion\tsemld_list=sumo:Entity", "id": "ODENTITY_MOTION", "form": "turn"}, {"info": "sementity/id=ODENTITY_PROCESS@type=Top>Process\tsemld_list=sumo:Entity", "id": "ODENTITY_PROCESS", "form": "turn"}, {"info": "sementity/id=ODENTITY_SHAPE_CHANGE@type=Top>Process>InternalChange>ShapeChange\tsemld_list=sumo:Entity", "id": "ODENTITY_SHAPE_CHANGE", "form": "turn"}, {"info": "sementity/id=ODENTITY_SURFACE_CHANGE@type=Top>Process>InternalChange>SurfaceChange\tsemld_list=sumo:Entity", "id": "ODENTITY_SURFACE_CHANGE", "form": "turn"}, {"info": "sementity/id=ODENTITY_TRANSFER@type=Top>Process>Motion>Translocation>Transfer\tsemld_list=sumo:Entity", "id": "ODENTITY_TRANSFER", "form": "turn"}], "id": "22"}, {"endp": "85", "style": {"isItalics": "no", "isUnderlined": "no", "isTitle": "no", "isBold": "no"}, "token_list": [{"endp": "85", "style": {"isItalics": "no", "isUnderlined": "no", "isTitle": "no", "isBold": "no"}, "inip": "83", "form": "out", "quote_level": "0", "affected_by_negation": "no", "separation": "1", "analysis_list": [{"lemma": "out", "tag": "ENLPN4", "original_form": "out"}], "id": "23"}], "separation": "1", "form": "out", "quote_level": "0", "head": "23", "syntactic_tree_relation_list": [{"type": "isLocationComplement", "id": "22"}], "affected_by_negation": "no", "inip": "83", "analysis_list": [{"lemma": "out", "tag": "GEL--L--", "original_form": "out"}], "type": "phrase", "id": "61"}, {"endp": "91", "style": {"isItalics": "no", "isUnderlined": "no", "isTitle": "no", "isBold": "no"}, "separation": "1", "form": "to be", "quote_level": "0", "head": "25", "syntactic_tree_relation_list": [{"type": "iof_isComplement", "id": "62"}], "affected_by_negation": "no", "inip": "87", "analysis_list": [{"lemma": "be", "tag": "VF---OSA-N-N9", "original_form": "to be"}], "type": "multiword", "id": "54"}, {"endp": "102", "style": {"isItalics": "no", "isUnderlined": "no", "isTitle": "no", "isBold": "no"}, "token_list": [{"endp": "93", "style": {"isItalics": "no", "isUnderlined": "no", "isTitle": "no", "isBold": "no"}, "inip": "93", "form": "a", "quote_level": "0", "affected_by_negation": "no", "separation": "1", "analysis_list": [{"lemma": "a", "tag": "QD-SPN9", "original_form": "a"}], "id": "26"}, {"endp": "97", "style": {"isItalics": "no", "isUnderlined": "no", "isTitle": "no", "isBold": "no"}, "inip": "95", "form": "bad", "quote_level": "0", "affected_by_negation": "no", "separation": "1", "analysis_list": [{"lemma": "bad", "tag": "AP-N6", "original_form": "bad"}], "id": "27"}, {"endp": "102", "style": {"isItalics": "no", "isUnderlined": "no", "isTitle": "no", "isBold": "no"}, "inip": "99", "form": "idea", "quote_level": "0", "affected_by_negation": "no", "separation": "1", "analysis_list": [{"lemma": "idea", "tag": "NC-S-N6", "original_form": "idea"}], "id": "28"}], "separation": "1", "form": "a bad idea", "quote_level": "0", "head": "28", "syntactic_tree_relation_list": [{"type": "iof_isAnaphora", "id": "58"}], "affected_by_negation": "no", "inip": "93", "analysis_list": [{"lemma": "idea", "tag": "GN-S3---", "original_form": "a bad idea"}], "type": "phrase", "id": "55"}, {"endp": "103", "style": {"isItalics": "no", "isUnderlined": "no", "isTitle": "no", "isBold": "no"}, "inip": "103", "form": ",", "quote_level": "0", "affected_by_negation": "no", "separation": "A", "analysis_list": [{"lemma": ",", "tag": "1D--", "original_form": ","}], "id": "29"}, {"endp": "130", "style": {"isItalics": "no", "isUnderlined": "no", "isTitle": "no", "isBold": "no"}, "token_list": [{"endp": "111", "style": {"isItalics": "no", "isUnderlined": "no", "isTitle": "no", "isBold": "no"}, "inip": "105", "form": "because", "quote_level": "0", "affected_by_negation": "no", "separation": "1", "analysis_list": [{"lemma": "because", "tag": "CSPN7", "original_form": "because"}], "id": "30"}, {"endp": "114", "style": {"isItalics": "no", "isUnderlined": "no", "isTitle": "no", "isBold": "no"}, "token_list": [{"endp": "114", "style": {"isItalics": "no", "isUnderlined": "no", "isTitle": "no", "isBold": "no"}, "inip": "113", "form": "it", "quote_level": "0", "affected_by_negation": "no", "separation": "1", "analysis_list": [{"lemma": "it", "tag": "PP-S3NN8", "sense_id_list": [{"sense_id": "PRONNONHUMAN"}], "original_form": "it"}, {"lemma": "it", "tag": "PP-S3AN8", "sense_id_list": [{"sense_id": "PRONNONHUMAN"}], "original_form": "it"}], "sense_list": [{"info": "semhum=nonhuman", "id": "PRONNONHUMAN", "form": "it"}], "id": "31"}], "separation": "1", "form": "it", "quote_level": "0", "head": "31", "syntactic_tree_relation_list": [{"type": "isAnaphora", "id": "55"}, {"type": "isSubject", "id": "32"}], "affected_by_negation": "no", "inip": "113", "analysis_list": [{"lemma": "it", "tag": "GN-S3S--", "original_form": "it"}], "type": "phrase", "id": "58"}, {"endp": "118", "style": {"isItalics": "no", "isUnderlined": "no", "isTitle": "no", "isBold": "no"}, "inip": "116", "form": "got", "quote_level": "0", "syntactic_tree_relation_list": [{"type": "iof_isSubject", "id": "58"}], "affected_by_negation": "no", "separation": "1", "analysis_list": [{"lemma": "get", "tag": "VI-UUASA-N-N7", "original_form": "got"}], "id": "32"}, {"endp": "130", "style": {"isItalics": "no", "isUnderlined": "no", "isTitle": "no", "isBold": "no"}, "token_list": [{"endp": "123", "style": {"isItalics": "no", "isUnderlined": "no", "isTitle": "no", "isBold": "no"}, "inip": "120", "form": "full", "quote_level": "0", "affected_by_negation": "no", "separation": "1", "analysis_list": [{"lemma": "full", "tag": "AP-N6", "original_form": "full"}], "id": "33"}, {"endp": "130", "style": {"isItalics": "no", "isUnderlined": "no", "isTitle": "no", "isBold": "no"}, "token_list": [{"endp": "126", "style": {"isItalics": "no", "isUnderlined": "no", "isTitle": "no", "isBold": "no"}, "inip": "125", "form": "of", "quote_level": "0", "affected_by_negation": "no", "separation": "1", "analysis_list": [{"lemma": "of", "tag": "YN9", "original_form": "of"}], "id": "34"}, {"endp": "130", "style": {"isItalics": "no", "isUnderlined": "no", "isTitle": "no", "isBold": "no"}, "token_list": [{"endp": "130", "style": {"isItalics": "no", "isUnderlined": "no", "isTitle": "no", "isBold": "no"}, "inip": "128", "form": "ink", "quote_level": "0", "affected_by_negation": "no", "separation": "1", "analysis_list": [{"lemma": "ink", "tag": "NC-S-N-", "original_form": "ink"}], "id": "35"}], "separation": "1", "form": "ink", "quote_level": "0", "head": "35", "affected_by_negation": "no", "inip": "128", "analysis_list": [{"lemma": "ink", "tag": "GN-S3---", "original_form": "ink"}], "type": "phrase", "id": "57"}], "separation": "1", "form": "of ink", "quote_level": "0", "head": "34", "affected_by_negation": "no", "inip": "125", "analysis_list": [{"lemma": "of", "tag": "GY------", "original_form": "of ink"}], "type": "phrase", "id": "60"}], "separation": "1", "form": "full of ink", "quote_level": "0", "head": "33", "affected_by_negation": "no", "inip": "120", "analysis_list": [{"lemma": "full", "tag": "GA------", "original_form": "full"}], "type": "phrase", "id": "56"}], "separation": "1", "form": "because it got full of ink", "quote_level": "0", "syntactic_tree_relation_list": [{"type": "isComplement", "id": "54"}], "affected_by_negation": "no", "inip": "105", "analysis_list": [{"lemma": "*", "tag": "ZE---CIA----", "original_form": "because it got full of ink"}], "type": "phrase", "id": "62"}], "separation": "1", "form": "that turned out to be a bad idea, because it got full of ink", "quote_level": "0", "affected_by_negation": "no", "inip": "71", "analysis_list": [{"lemma": "*", "tag": "Z-----------", "original_form": "that turned out to be a bad idea, because it got full of ink"}], "type": "phrase", "id": "63"}, {"endp": "131", "style": {"isItalics": "no", "isUnderlined": "no", "isTitle": "no", "isBold": "no"}, "inip": "131", "form": ".", "quote_level": "0", "affected_by_negation": "no", "separation": "A", "analysis_list": [{"lemma": ".", "tag": "1D--", "original_form": "."}], "id": "36"}], "inip": "67", "quote_level": "0", "affected_by_negation": "no", "separation": "A", "type": "sentence", "id": "42"}]}