{"status": {"msg": "OK", "credits": "1", "remaining_credits": "39744", "code": "0"}, "token_list": [{"endp": "42", "style": {"isItalics": "no", "isUnderlined": "no", "isTitle": "no", "isBold": "no"}, "token_list": [{"endp": "41", "style": {"isItalics": "no", "isUnderlined": "no", "isTitle": "no", "isBold": "no"}, "token_list": [{"endp": "4", "style": {"isItalics": "no", "isUnderlined": "no", "isTitle": "no", "isBold": "no"}, "token_list": [{"endp": "4", "style": {"isItalics": "no", "isUnderlined": "no", "isTitle": "no", "isBold": "no"}, "inip": "0", "form": "Steve", "quote_level": "0", "affected_by_negation": "no", "separation": "_", "analysis_list": [{"lemma": "Steve", "tag": "NPMS-N-", "sense_id_list": [{"sense_id": "d12bef77fa"}], "original_form": "Steve"}], "sense_list": [{"info": "sementity/class=instance@fiction=nonfiction@id=ODENTITY_FIRST_NAME@type=Top>Person>FirstName\tsemld_list=sumo:FirstName", "id": "d12bef77fa", "form": "Steve"}], "id": "1"}], "separation": "_", "form": "Steve", "quote_level": "0", "head": "1", "syntactic_tree_relation_list": [{"type": "isSubject", "id": "2"}, {"type": "iof_isAnaphora", "id": "29"}, {"type": "iof_isAnaphora", "id": "28"}], "affected_by_negation": "no", "inip": "0", "analysis_list": [{"lemma": "Steve", "tag": "GNMS3S--", "original_form": "Steve"}], "type": "phrase", "id": "21"}, {"endp": "12", "style": {"isItalics": "no", "isUnderlined": "no", "isTitle": "no", "isBold": "no"}, "inip": "6", "form": "follows", "quote_level": "0", "syntactic_tree_relation_list": [{"type": "iof_isSubject", "id": "21"}, {"type": "iof_isDirectObject", "id": "26"}, {"type": "iof_isComplement", "id": "25"}], "affected_by_negation": "no", "separation": "1", "analysis_list": [{"lemma": "follow", "tag": "VI-S3PSA-N-N6", "sense_id_list": [{"sense_id": "ODENTITY_COMMUNICATION_PROCESS"}, {"sense_id": "ODENTITY_INTENTIONAL_PROCESS"}, {"sense_id": "ODENTITY_INTENTIONAL_PSYCHOLOGICAL_PROCESS"}, {"sense_id": "ODENTITY_MOTION"}, {"sense_id": "ODENTITY_RADIATING"}, {"sense_id": "ODENTITY_BIOLOGICAL_PROCESS"}, {"sense_id": "ODENTITY_PROCESS"}, {"sense_id": "ODENTITY_PURSUING"}, {"sense_id": "ODENTITY_SOCIAL_INTERACTION"}], "original_form": "follows"}], "sense_list": [{"info": "sementity/id=ODENTITY_BIOLOGICAL_PROCESS@type=Top>Process>InternalChange>BiologicalProcess\tsemld_list=sumo:Entity", "id": "ODENTITY_BIOLOGICAL_PROCESS", "form": "follow"}, {"info": "sementity/id=ODENTITY_COMMUNICATION_PROCESS@type=Top>Process>ContentBearingProcess>CommunicationProcess\tsemld_list=sumo:Entity", "id": "ODENTITY_COMMUNICATION_PROCESS", "form": "follow"}, {"info": "sementity/id=ODENTITY_INTENTIONAL_PROCESS@type=Top>Process>IntentionalProcess\tsemld_list=sumo:IntentionalProcess", "id": "ODENTITY_INTENTIONAL_PROCESS", "form": "follow"}, {"info": "sementity/id=ODENTITY_INTENTIONAL_PSYCHOLOGICAL_PROCESS@type=Top>Process>IntentionalProcess>IntentionalPsychologicalProcess\tsemld_list=sumo:IntentionalProcess", "id": "ODENTITY_INTENTIONAL_PSYCHOLOGICAL_PROCESS", "form": "follow"}, {"info": "sementity/id=ODENTITY_MOTION@type=Top>Process>Motion\tsemld_list=sumo:Entity", "id": "ODENTITY_MOTION", "form": "follow"}, {"info": "sementity/id=ODENTITY_PROCESS@type=Top>Process\tsemld_list=sumo:Entity", "id": "ODENTITY_PROCESS", "form": "follow"}, {"info": "sementity/id=ODENTITY_PURSUING@type=Top>Process>IntentionalProcess>Pursuing\tsemld_list=sumo:IntentionalProcess", "id": "ODENTITY_PURSUING", "form": "follow"}, {"info": "sementity/id=ODENTITY_RADIATING@type=Top>Process>Motion>Radiating\tsemld_list=sumo:Entity", "id": "ODENTITY_RADIATING", "form": "follow"}, {"info": "sementity/id=ODENTITY_SOCIAL_INTERACTION@type=Top>Process>IntentionalProcess>SocialInteraction\tsemld_list=sumo:IntentionalProcess", "id": "ODENTITY_SOCIAL_INTERACTION", "form": "follow"}], "id": "2"}, {"endp": "27", "style": {"isItalics": "no", "isUnderlined": "no", "isTitle": "no", "isBold": "no"}, "token_list": [{"endp": "17", "style": {"isItalics": "no", "isUnderlined": "no", "isTitle": "no", "isBold": "no"}, "token_list": [{"endp": "17", "style": {"isItalics": "no", "isUnderlined": "no", "isTitle": "no", "isBold": "no"}, "inip": "14", "form": "Fred", "quote_level": "0", "affected_by_negation": "no", "separation": "1", "analysis_list": [{"lemma": "Fred", "tag": "NPUU-N-", "sense_id_list": [{"sense_id": "__2902721659712563614"}], "original_form": "Fred"}], "sense_list": [{"info": "sementity/class=instance@fiction=nonfiction@type=Top>Person@confidence=uncertain", "id": "__2902721659712563614", "form": "Fred"}], "id": "3"}], "separation": "1", "form": "Fred", "quote_level": "0", "head": "3", "affected_by_negation": "no", "inip": "14", "analysis_list": [{"lemma": "Fred", "tag": "GNUU3---", "original_form": "Fred"}], "type": "phrase", "id": "22"}, {"endp": "19", "style": {"isItalics": "no", "isUnderlined": "no", "isTitle": "no", "isBold": "no"}, "inip": "18", "form": "'s", "quote_level": "0", "affected_by_negation": "no", "separation": "A", "analysis_list": [{"lemma": "'s", "tag": "WN-", "original_form": "'s"}], "id": "16"}, {"endp": "27", "style": {"isItalics": "no", "isUnderlined": "no", "isTitle": "no", "isBold": "no"}, "token_list": [{"endp": "27", "style": {"isItalics": "no", "isUnderlined": "no", "isTitle": "no", "isBold": "no"}, "inip": "21", "form": "example", "quote_level": "0", "affected_by_negation": "no", "separation": "1", "analysis_list": [{"lemma": "example", "tag": "NC-S-N6", "original_form": "example"}], "id": "6"}], "separation": "1", "form": "example", "quote_level": "0", "head": "6", "affected_by_negation": "no", "inip": "21", "analysis_list": [{"lemma": "example", "tag": "GN-S3---", "original_form": "example"}], "type": "phrase", "id": "23"}], "separation": "1", "form": "Fred's example", "quote_level": "0", "head": "23", "syntactic_tree_relation_list": [{"type": "isDirectObject", "id": "2"}], "affected_by_negation": "no", "inip": "14", "analysis_list": [{"lemma": "example", "tag": "GN-S3D--", "original_form": "Fred's example"}], "type": "phrase", "id": "26"}, {"endp": "41", "style": {"isItalics": "no", "isUnderlined": "no", "isTitle": "no", "isBold": "no"}, "token_list": [{"endp": "30", "style": {"isItalics": "no", "isUnderlined": "no", "isTitle": "no", "isBold": "no"}, "inip": "29", "form": "in", "quote_level": "0", "affected_by_negation": "no", "separation": "1", "analysis_list": [{"lemma": "in", "tag": "YN6", "original_form": "in"}], "id": "7"}, {"endp": "41", "style": {"isItalics": "no", "isUnderlined": "no", "isTitle": "no", "isBold": "no"}, "token_list": [{"endp": "41", "style": {"isItalics": "no", "isUnderlined": "no", "isTitle": "no", "isBold": "no"}, "inip": "32", "form": "everything", "quote_level": "0", "affected_by_negation": "no", "separation": "1", "analysis_list": [{"lemma": "everything", "tag": "QP-SPN6", "sense_id_list": [{"sense_id": "PRONNONHUMAN"}], "original_form": "everything"}], "sense_list": [{"info": "semhum=nonhuman", "id": "PRONNONHUMAN", "form": "everything"}], "id": "8"}], "separation": "1", "form": "everything", "quote_level": "0", "head": "8", "affected_by_negation": "no", "inip": "32", "analysis_list": [{"lemma": "everything", "tag": "GN-S3---", "original_form": "everything"}], "type": "phrase", "id": "24"}], "separation": "1", "form": "in everything", "quote_level": "0", "head": "7", "syntactic_tree_relation_list": [{"type": "isComplement", "id": "2"}], "affected_by_negation": "no", "inip": "29", "analysis_list": [{"lemma": "in", "tag": "GY---C--", "original_form": "in everything"}], "type": "phrase", "id": "25"}], "separation": "_", "form": "Steve follows Fred's example in everything", "quote_level": "0", "affected_by_negation": "no", "inip": "0", "analysis_list": [{"lemma": "*", "tag": "Z-----------", "original_form": "Steve follows Fred's example in everything"}], "type": "phrase", "id": "27"}, {"endp": "42", "style": {"isItalics": "no", "isUnderlined": "no", "isTitle": "no", "isBold": "no"}, "inip": "42", "form": ".", "quote_level": "0", "affected_by_negation": "no", "separation": "A", "analysis_list": [{"lemma": ".", "tag": "1D--", "original_form": "."}], "id": "9"}], "inip": "0", "quote_level": "0", "affected_by_negation": "no", "separation": "A", "type": "sentence", "id": "17"}, {"endp": "68", "style": {"isItalics": "no", "isUnderlined": "no", "isTitle": "no", "isBold": "no"}, "token_list": [{"endp": "67", "style": {"isItalics": "no", "isUnderlined": "no", "isTitle": "no", "isBold": "no"}, "token_list": [{"endp": "45", "style": {"isItalics": "no", "isUnderlined": "no", "isTitle": "no", "isBold": "no"}, "token_list": [{"endp": "45", "style": {"isItalics": "no", "isUnderlined": "no", "isTitle": "no", "isBold": "no"}, "inip": "44", "form": "He", "quote_level": "0", "affected_by_negation": "no", "separation": "1", "analysis_list": [{"lemma": "he", "tag": "PPMS3NN8", "sense_id_list": [{"sense_id": "PRONHUMAN"}], "original_form": "he"}], "sense_list": [{"info": "semhum=human", "id": "PRONHUMAN", "form": "he"}], "id": "10"}], "separation": "1", "form": "He", "quote_level": "0", "head": "10", "syntactic_tree_relation_list": [{"type": "isAnaphora", "id": "21"}, {"type": "isSubject", "id": "11"}], "affected_by_negation": "no", "inip": "44", "analysis_list": [{"lemma": "he", "tag": "GNMS3S--", "original_form": "He"}], "type": "phrase", "id": "29"}, {"endp": "56", "style": {"isItalics": "no", "isUnderlined": "no", "isTitle": "no", "isBold": "no"}, "inip": "47", "form": "influences", "quote_level": "0", "syntactic_tree_relation_list": [{"type": "iof_isSubject", "id": "29"}, {"type": "iof_isDirectObject", "id": "28"}, {"type": "iof_isMannerComplement", "id": "30"}], "affected_by_negation": "no", "separation": "1", "analysis_list": [{"lemma": "influence", "tag": "VI-S3PSA-N-N5", "sense_id_list": [{"sense_id": "ODENTITY_COMMUNICATION_PROCESS"}, {"sense_id": "ODENTITY_INTENTIONAL_PROCESS"}], "original_form": "influences"}], "sense_list": [{"info": "sementity/id=ODENTITY_COMMUNICATION_PROCESS@type=Top>Process>ContentBearingProcess>CommunicationProcess\tsemld_list=sumo:Entity", "id": "ODENTITY_COMMUNICATION_PROCESS", "form": "influence"}, {"info": "sementity/id=ODENTITY_INTENTIONAL_PROCESS@type=Top>Process>IntentionalProcess\tsemld_list=sumo:IntentionalProcess", "id": "ODENTITY_INTENTIONAL_PROCESS", "form": "influence"}], "id": "11"}, {"endp": "60", "style": {"isItalics": "no", "isUnderlined": "no", "isTitle": "no", "isBold": "no"}, "token_list": [{"endp": "60", "style": {"isItalics": "no", "isUnderlined": "no", "isTitle": "no", "isBold": "no"}, "inip": "58", "form": "him", "quote_level": "0", "affected_by_negation": "no", "separation": "1", "analysis_list": [{"lemma": "him", "tag": "PP-S3AN7", "sense_id_list": [{"sense_id": "PRONHUMAN"}], "original_form": "him"}], "sense_list": [{"info": "semhum=human", "id": "PRONHUMAN", "form": "him"}], "id": "12"}], "separation": "1", "form": "him", "quote_level": "0", "head": "12", "syntactic_tree_relation_list": [{"type": "isAnaphora", "id": "21"}, {"type": "isDirectObject", "id": "11"}], "affected_by_negation": "no", "inip": "58", "analysis_list": [{"lemma": "him", "tag": "GN-S3D--", "original_form": "him"}], "type": "phrase", "id": "28"}, {"endp": "67", "style": {"isItalics": "no", "isUnderlined": "no", "isTitle": "no", "isBold": "no"}, "token_list": [{"endp": "67", "style": {"isItalics": "no", "isUnderlined": "no", "isTitle": "no", "isBold": "no"}, "inip": "62", "form": "hugely", "quote_level": "0", "affected_by_negation": "no", "separation": "1", "analysis_list": [{"lemma": "hugely", "tag": "ENMPN-", "original_form": "hugely"}], "id": "13"}], "separation": "1", "form": "hugely", "quote_level": "0", "head": "13", "syntactic_tree_relation_list": [{"type": "isMannerComplement", "id": "11"}], "affected_by_negation": "no", "inip": "62", "analysis_list": [{"lemma": "hugely", "tag": "GEM--M--", "original_form": "hugely"}], "type": "phrase", "id": "30"}], "separation": "1", "form": "He influences him hugely", "quote_level": "0", "affected_by_negation": "no", "inip": "44", "analysis_list": [{"lemma": "*", "tag": "Z-----------", "original_form": "He influences him hugely"}], "type": "phrase", "id": "31"}, {"endp": "68", "style": {"isItalics": "no", "isUnderlined": "no", "isTitle": "no", "isBold": "no"}, "inip": "68", "form": ".", "quote_level": "0", "affected_by_negation": "no", "separation": "A", "analysis_list": [{"lemma": ".", "tag": "1D--", "original_form": "."}], "id": "14"}], "inip": "44", "quote_level": "0", "affected_by_negation": "no", "separation": "A", "type": "sentence", "id": "19"}]}