{"status": {"msg": "OK", "credits": "1", "remaining_credits": "39942", "code": "0"}, "token_list": [{"endp": "3", "style": {"isItalics": "no", "isUnderlined": "no", "isTitle": "no", "isBold": "no"}, "token_list": [{"endp": "3", "style": {"isItalics": "no", "isUnderlined": "no", "isTitle": "no", "isBold": "no"}, "token_list": [{"endp": "3", "style": {"isItalics": "no", "isUnderlined": "no", "isTitle": "no", "isBold": "no"}, "inip": "0", "form": "Text", "quote_level": "0", "affected_by_negation": "no", "separation": "_", "analysis_list": [{"lemma": "text", "tag": "VM---OSA-N-N5", "original_form": "text"}], "id": "1"}], "separation": "_", "form": "Text", "quote_level": "0", "affected_by_negation": "no", "inip": "0", "analysis_list": [{"lemma": "*", "tag": "Z-----------", "original_form": "Text"}], "type": "phrase", "id": "5"}], "inip": "0", "quote_level": "0", "affected_by_negation": "no", "separation": "A", "type": "sentence", "id": "3"}]}