{"status": {"msg": "OK", "credits": "1", "remaining_credits": "39743", "code": "0"}, "token_list": [{"endp": "62", "style": {"isItalics": "no", "isUnderlined": "no", "isTitle": "no", "isBold": "no"}, "token_list": [{"endp": "61", "style": {"isItalics": "no", "isUnderlined": "no", "isTitle": "no", "isBold": "no"}, "token_list": [{"endp": "8", "style": {"isItalics": "no", "isUnderlined": "no", "isTitle": "no", "isBold": "no"}, "token_list": [{"endp": "2", "style": {"isItalics": "no", "isUnderlined": "no", "isTitle": "no", "isBold": "no"}, "inip": "0", "form": "The", "quote_level": "0", "affected_by_negation": "no", "separation": "_", "analysis_list": [{"lemma": "the", "tag": "TD-SN9", "original_form": "the"}], "id": "1"}, {"endp": "8", "style": {"isItalics": "no", "isUnderlined": "no", "isTitle": "no", "isBold": "no"}, "inip": "4", "form": "table", "quote_level": "0", "affected_by_negation": "no", "separation": "1", "analysis_list": [{"lemma": "table", "tag": "NC-S-N6", "original_form": "table"}], "id": "2"}], "separation": "_", "form": "The table", "quote_level": "0", "head": "2", "syntactic_tree_relation_list": [{"type": "isSubject", "id": "18"}, {"type": "iof_isAnaphora", "id": "25"}], "affected_by_negation": "no", "inip": "0", "analysis_list": [{"lemma": "table", "tag": "GN-S3S--", "original_form": "The table"}], "type": "phrase", "id": "22"}, {"endp": "18", "style": {"isItalics": "no", "isUnderlined": "no", "isTitle": "no", "isBold": "no"}, "separation": "1", "form": "won't fit", "quote_level": "0", "head": "17", "syntactic_tree_relation_list": [{"type": "iof_isSubject", "id": "22"}, {"type": "iof_isComplement", "id": "26"}, {"type": "iof_isComplement", "id": "27"}], "affected_by_negation": "yes", "inip": "10", "analysis_list": [{"lemma": "fit", "tag": "VI-S3FSA-NNE4", "original_form": "won't fit"}], "type": "multiword", "id": "18"}, {"endp": "38", "style": {"isItalics": "no", "isUnderlined": "no", "isTitle": "no", "isBold": "no"}, "token_list": [{"endp": "26", "style": {"isItalics": "no", "isUnderlined": "no", "isTitle": "no", "isBold": "no"}, "inip": "20", "form": "through", "quote_level": "0", "affected_by_negation": "no", "separation": "1", "analysis_list": [{"lemma": "through", "tag": "YN5", "original_form": "through"}], "id": "7"}, {"endp": "38", "style": {"isItalics": "no", "isUnderlined": "no", "isTitle": "no", "isBold": "no"}, "token_list": [{"endp": "30", "style": {"isItalics": "no", "isUnderlined": "no", "isTitle": "no", "isBold": "no"}, "inip": "28", "form": "the", "quote_level": "0", "affected_by_negation": "no", "separation": "1", "analysis_list": [{"lemma": "the", "tag": "TD-SN9", "original_form": "the"}], "id": "8"}, {"endp": "38", "style": {"isItalics": "no", "isUnderlined": "no", "isTitle": "no", "isBold": "no"}, "inip": "32", "form": "doorway", "quote_level": "0", "affected_by_negation": "no", "separation": "1", "analysis_list": [{"lemma": "doorway", "tag": "NC-S-N4", "original_form": "doorway"}], "id": "9"}], "separation": "1", "form": "the doorway", "quote_level": "0", "head": "9", "affected_by_negation": "no", "inip": "28", "analysis_list": [{"lemma": "doorway", "tag": "GN-S3---", "original_form": "the doorway"}], "type": "phrase", "id": "23"}], "separation": "1", "form": "through the doorway", "quote_level": "0", "head": "7", "syntactic_tree_relation_list": [{"type": "isComplement", "id": "18"}], "affected_by_negation": "no", "inip": "20", "analysis_list": [{"lemma": "through", "tag": "GY---C--", "original_form": "through the doorway"}], "type": "phrase", "id": "26"}, {"endp": "61", "style": {"isItalics": "no", "isUnderlined": "no", "isTitle": "no", "isBold": "no"}, "token_list": [{"endp": "46", "style": {"isItalics": "no", "isUnderlined": "no", "isTitle": "no", "isBold": "no"}, "inip": "40", "form": "because", "quote_level": "0", "affected_by_negation": "no", "separation": "1", "analysis_list": [{"lemma": "because", "tag": "CSPN7", "original_form": "because"}], "id": "10"}, {"endp": "49", "style": {"isItalics": "no", "isUnderlined": "no", "isTitle": "no", "isBold": "no"}, "token_list": [{"endp": "49", "style": {"isItalics": "no", "isUnderlined": "no", "isTitle": "no", "isBold": "no"}, "inip": "48", "form": "it", "quote_level": "0", "affected_by_negation": "no", "separation": "1", "analysis_list": [{"lemma": "it", "tag": "PP-S3NN8", "sense_id_list": [{"sense_id": "PRONNONHUMAN"}], "original_form": "it"}], "sense_list": [{"info": "semhum=nonhuman", "id": "PRONNONHUMAN", "form": "it"}], "id": "11"}], "separation": "1", "form": "it", "quote_level": "0", "head": "11", "syntactic_tree_relation_list": [{"type": "isAnaphora", "id": "22"}, {"type": "isSubject", "id": "12"}], "affected_by_negation": "no", "inip": "48", "analysis_list": [{"lemma": "it", "tag": "GN-S3S--", "original_form": "it"}], "type": "phrase", "id": "25"}, {"endp": "52", "style": {"isItalics": "no", "isUnderlined": "no", "isTitle": "no", "isBold": "no"}, "inip": "51", "form": "is", "quote_level": "0", "syntactic_tree_relation_list": [{"type": "iof_isSubject", "id": "25"}, {"type": "iof_isAttribute", "id": "24"}], "affected_by_negation": "no", "separation": "1", "analysis_list": [{"lemma": "be", "tag": "VI-S3PSA-N-N9", "original_form": "is"}], "id": "12"}, {"endp": "61", "style": {"isItalics": "no", "isUnderlined": "no", "isTitle": "no", "isBold": "no"}, "token_list": [{"endp": "56", "style": {"isItalics": "no", "isUnderlined": "no", "isTitle": "no", "isBold": "no"}, "inip": "54", "form": "too", "quote_level": "0", "affected_by_negation": "no", "separation": "1", "analysis_list": [{"lemma": "too", "tag": "ENQSN7", "original_form": "too"}], "id": "13"}, {"endp": "61", "style": {"isItalics": "no", "isUnderlined": "no", "isTitle": "no", "isBold": "no"}, "inip": "58", "form": "wide", "quote_level": "0", "affected_by_negation": "no", "separation": "1", "analysis_list": [{"lemma": "wide", "tag": "AP-N4", "original_form": "wide"}], "id": "14"}], "separation": "1", "form": "too wide", "quote_level": "0", "head": "14", "syntactic_tree_relation_list": [{"type": "isAttribute", "id": "12"}], "affected_by_negation": "no", "inip": "54", "analysis_list": [{"lemma": "wide", "tag": "GA---A--", "original_form": "too wide"}], "type": "phrase", "id": "24"}], "separation": "1", "form": "because it is too wide", "quote_level": "0", "syntactic_tree_relation_list": [{"type": "isComplement", "id": "18"}], "affected_by_negation": "no", "inip": "40", "analysis_list": [{"lemma": "*", "tag": "ZE---CIP----", "original_form": "because it is too wide"}], "type": "phrase", "id": "27"}], "separation": "_", "form": "The table won't fit through the doorway because it is too wide", "quote_level": "0", "affected_by_negation": "no", "inip": "0", "analysis_list": [{"lemma": "*", "tag": "Z-----------", "original_form": "The table won't fit through the doorway because it is too wide"}], "type": "phrase", "id": "28"}, {"endp": "62", "style": {"isItalics": "no", "isUnderlined": "no", "isTitle": "no", "isBold": "no"}, "inip": "62", "form": ".", "quote_level": "0", "affected_by_negation": "no", "separation": "A", "analysis_list": [{"lemma": ".", "tag": "1D--", "original_form": "."}], "id": "15"}], "inip": "0", "quote_level": "0", "affected_by_negation": "no", "separation": "A", "type": "sentence", "id": "19"}]}