{"status": {"msg": "OK", "credits": "1", "remaining_credits": "39741", "code": "0"}, "token_list": [{"endp": "53", "style": {"isItalics": "no", "isUnderlined": "no", "isTitle": "no", "isBold": "no"}, "token_list": [{"endp": "52", "style": {"isItalics": "no", "isUnderlined": "no", "isTitle": "no", "isBold": "no"}, "token_list": [{"endp": "4", "style": {"isItalics": "no", "isUnderlined": "no", "isTitle": "no", "isBold": "no"}, "token_list": [{"endp": "4", "style": {"isItalics": "no", "isUnderlined": "no", "isTitle": "no", "isBold": "no"}, "inip": "0", "form": "Grace", "quote_level": "0", "affected_by_negation": "no", "separation": "_", "analysis_list": [{"lemma": "grace", "tag": "NC-S-N4", "original_form": "grace"}], "id": "1"}], "separation": "_", "form": "Grace", "quote_level": "0", "head": "1", "syntactic_tree_relation_list": [{"type": "isSubject", "id": "2"}, {"type": "iof_isPossessor", "id": "29"}], "affected_by_negation": "no", "inip": "0", "analysis_list": [{"lemma": "grace", "tag": "GN-S3S--", "original_form": "Grace"}], "type": "phrase", "id": "26"}, {"endp": "8", "style": {"isItalics": "no", "isUnderlined": "no", "isTitle": "no", "isBold": "no"}, "inip": "6", "form": "was", "quote_level": "0", "syntactic_tree_relation_list": [{"type": "iof_isSubject", "id": "26"}, {"type": "iof_isAttribute", "id": "27"}], "affected_by_negation": "no", "separation": "1", "analysis_list": [{"lemma": "be", "tag": "VI-S3ASA-N-N9", "original_form": "was"}], "id": "2"}, {"endp": "14", "style": {"isItalics": "no", "isUnderlined": "no", "isTitle": "no", "isBold": "no"}, "token_list": [{"endp": "14", "style": {"isItalics": "no", "isUnderlined": "no", "isTitle": "no", "isBold": "no"}, "inip": "10", "form": "happy", "quote_level": "0", "affected_by_negation": "no", "separation": "1", "analysis_list": [{"lemma": "happy", "tag": "AP-N6", "original_form": "happy"}], "id": "3"}], "separation": "1", "form": "happy", "quote_level": "0", "head": "3", "syntactic_tree_relation_list": [{"type": "isAttribute", "id": "2"}], "affected_by_negation": "no", "inip": "10", "analysis_list": [{"lemma": "happy", "tag": "GA---A--", "original_form": "happy"}], "type": "phrase", "id": "27"}, {"endp": "23", "style": {"isItalics": "no", "isUnderlined": "no", "isTitle": "no", "isBold": "no"}, "separation": "1", "form": "to trade", "quote_level": "0", "head": "5", "syntactic_tree_relation_list": [{"type": "iof_isDirectObject", "id": "31"}], "affected_by_negation": "no", "inip": "16", "analysis_list": [{"lemma": "trade", "tag": "VF---OSA-N-N5", "sense_id_list": [{"sense_id": "ODENTITY_TRANSACTION"}], "original_form": "to trade"}], "sense_list": [{"info": "sementity/id=ODENTITY_TRANSACTION@type=Top>Process>DualObjectProcess>Transaction\tsemld_list=sumo:Entity", "id": "ODENTITY_TRANSACTION", "form": "trade"}], "type": "multiword", "id": "28"}, {"endp": "26", "style": {"isItalics": "no", "isUnderlined": "no", "isTitle": "no", "isBold": "no"}, "token_list": [{"endp": "26", "style": {"isItalics": "no", "isUnderlined": "no", "isTitle": "no", "isBold": "no"}, "inip": "25", "form": "me", "quote_level": "0", "affected_by_negation": "no", "separation": "1", "analysis_list": [{"lemma": "me", "tag": "PP-S1AN7", "sense_id_list": [{"sense_id": "PRONHUMAN"}], "original_form": "me"}], "sense_list": [{"info": "semhum=human", "id": "PRONHUMAN", "form": "me"}], "id": "6"}], "separation": "1", "form": "me", "quote_level": "0", "head": "6", "syntactic_tree_relation_list": [{"type": "isDirectObject", "id": "28"}], "affected_by_negation": "no", "inip": "25", "analysis_list": [{"lemma": "me", "tag": "GN-S1D--", "original_form": "me"}], "type": "phrase", "id": "31"}, {"endp": "52", "style": {"isItalics": "no", "isUnderlined": "no", "isTitle": "no", "isBold": "no"}, "token_list": [{"endp": "30", "style": {"isItalics": "no", "isUnderlined": "no", "isTitle": "no", "isBold": "no"}, "inip": "28", "form": "her", "quote_level": "0", "affected_by_negation": "no", "separation": "1", "analysis_list": [{"lemma": "her", "tag": "SD-SFS3N7", "sense_id_list": [{"sense_id": "PRONHUMAN"}], "original_form": "her"}], "sense_list": [{"info": "semhum=human", "id": "PRONHUMAN", "form": "her"}], "id": "7"}, {"endp": "38", "style": {"isItalics": "no", "isUnderlined": "no", "isTitle": "no", "isBold": "no"}, "inip": "32", "form": "sweater", "quote_level": "0", "affected_by_negation": "no", "separation": "1", "analysis_list": [{"lemma": "sweater", "tag": "NC-S-N-", "original_form": "sweater"}], "id": "8"}, {"endp": "52", "style": {"isItalics": "no", "isUnderlined": "no", "isTitle": "no", "isBold": "no"}, "token_list": [{"endp": "42", "style": {"isItalics": "no", "isUnderlined": "no", "isTitle": "no", "isBold": "no"}, "inip": "40", "form": "for", "quote_level": "0", "affected_by_negation": "no", "separation": "1", "analysis_list": [{"lemma": "for", "tag": "YN5", "original_form": "for"}], "id": "9"}, {"endp": "52", "style": {"isItalics": "no", "isUnderlined": "no", "isTitle": "no", "isBold": "no"}, "token_list": [{"endp": "45", "style": {"isItalics": "no", "isUnderlined": "no", "isTitle": "no", "isBold": "no"}, "inip": "44", "form": "my", "quote_level": "0", "affected_by_negation": "no", "separation": "1", "analysis_list": [{"lemma": "my", "tag": "SD-SMS1N7", "sense_id_list": [{"sense_id": "PRONHUMAN"}], "original_form": "my"}, {"lemma": "my", "tag": "SD-SFS1N7", "sense_id_list": [{"sense_id": "PRONHUMAN"}], "original_form": "my"}], "sense_list": [{"info": "semhum=human", "id": "PRONHUMAN", "form": "my"}], "id": "10"}, {"endp": "52", "style": {"isItalics": "no", "isUnderlined": "no", "isTitle": "no", "isBold": "no"}, "inip": "47", "form": "jacket", "quote_level": "0", "affected_by_negation": "no", "separation": "1", "analysis_list": [{"lemma": "jacket", "tag": "NC-S-N5", "sense_id_list": [{"sense_id": "7da1b54a0a"}, {"sense_id": "1b6bee2005"}, {"sense_id": "0669080478"}], "original_form": "jacket"}], "sense_list": [{"info": "sementity/class=class@fiction=nonfiction@id=ODENTITY_TOP@type=Top\tsemld_list=sumo:Entity\tsemtheme_list/id=ODTHEME_MEDIA@type=Top>Society>Media", "id": "0669080478", "form": "cover"}, {"info": "sementity/class=class@fiction=nonfiction@id=ODENTITY_CLOTHES@type=Top>Product>Textile>Clothes\tsemld_list=sumo:Clothing\tsemtheme_list/id=ODTHEME_FASHION@type=Top>Society>Fashion", "id": "1b6bee2005", "form": "jacket"}, {"info": "sementity/class=class@fiction=nonfiction@id=ODENTITY_CLOTHES@type=Top>Product>Textile>Clothes\tsemld_list=sumo:Clothing\tsemtheme_list/id=ODTHEME_FASHION@type=Top>Society>Fashion", "id": "7da1b54a0a", "form": "jacket"}], "id": "11"}], "separation": "1", "form": "my jacket", "quote_level": "0", "head": "11", "affected_by_negation": "no", "inip": "44", "analysis_list": [{"lemma": "jacket", "tag": "GN-S3---", "original_form": "my jacket"}], "type": "phrase", "id": "30"}], "separation": "1", "form": "for my jacket", "quote_level": "0", "head": "9", "affected_by_negation": "no", "inip": "40", "analysis_list": [{"lemma": "for", "tag": "GY------", "original_form": "for my jacket"}], "type": "phrase", "id": "32"}], "separation": "1", "form": "her sweater for my jacket", "quote_level": "0", "head": "8", "syntactic_tree_relation_list": [{"type": "isPossessor", "id": "26"}, {"type": "iof_isAnaphora", "id": "37"}], "affected_by_negation": "no", "inip": "28", "analysis_list": [{"lemma": "sweater", "tag": "GN-S3---", "original_form": "her sweater"}], "type": "phrase", "id": "29"}], "separation": "_", "form": "Grace was happy to trade me her sweater for my jacket", "quote_level": "0", "affected_by_negation": "no", "inip": "0", "analysis_list": [{"lemma": "*", "tag": "Z-----------", "original_form": "Grace was happy to trade me her sweater for my jacket"}], "type": "phrase", "id": "33"}, {"endp": "53", "style": {"isItalics": "no", "isUnderlined": "no", "isTitle": "no", "isBold": "no"}, "inip": "53", "form": ".", "quote_level": "0", "affected_by_negation": "no", "separation": "A", "analysis_list": [{"lemma": ".", "tag": "1D--", "original_form": "."}], "id": "12"}], "inip": "0", "quote_level": "0", "affected_by_negation": "no", "separation": "A", "type": "sentence", "id": "22"}, {"endp": "87", "style": {"isItalics": "no", "isUnderlined": "no", "isTitle": "no", "isBold": "no"}, "token_list": [{"endp": "86", "style": {"isItalics": "no", "isUnderlined": "no", "isTitle": "no", "isBold": "no"}, "token_list": [{"endp": "57", "style": {"isItalics": "no", "isUnderlined": "no", "isTitle": "no", "isBold": "no"}, "token_list": [{"endp": "57", "style": {"isItalics": "no", "isUnderlined": "no", "isTitle": "no", "isBold": "no"}, "inip": "55", "form": "She", "quote_level": "0", "affected_by_negation": "no", "separation": "1", "analysis_list": [{"lemma": "she", "tag": "PPFS3NN8", "sense_id_list": [{"sense_id": "PRONHUMAN"}], "original_form": "she"}], "sense_list": [{"info": "semhum=human", "id": "PRONHUMAN", "form": "she"}], "id": "13"}], "separation": "1", "form": "She", "quote_level": "0", "head": "13", "syntactic_tree_relation_list": [{"type": "isAnaphora", "id": "29"}, {"type": "isSubject", "id": "14"}], "affected_by_negation": "no", "inip": "55", "analysis_list": [{"lemma": "she", "tag": "GNFS3S--", "original_form": "She"}], "type": "phrase", "id": "37"}, {"endp": "64", "style": {"isItalics": "no", "isUnderlined": "no", "isTitle": "no", "isBold": "no"}, "inip": "59", "form": "thinks", "quote_level": "0", "syntactic_tree_relation_list": [{"type": "iof_isSubject", "id": "37"}, {"type": "iof_isDirectObject", "id": "39"}], "affected_by_negation": "no", "separation": "1", "analysis_list": [{"lemma": "think", "tag": "VI-S3PSA-N-N7", "original_form": "thinks"}], "id": "14"}, {"endp": "86", "style": {"isItalics": "no", "isUnderlined": "no", "isTitle": "no", "isBold": "no"}, "token_list": [{"endp": "67", "style": {"isItalics": "no", "isUnderlined": "no", "isTitle": "no", "isBold": "no"}, "token_list": [{"endp": "67", "style": {"isItalics": "no", "isUnderlined": "no", "isTitle": "no", "isBold": "no"}, "inip": "66", "form": "it", "quote_level": "1", "affected_by_negation": "no", "separation": "1", "analysis_list": [{"lemma": "it", "tag": "PP-S3NN8", "sense_id_list": [{"sense_id": "PRONNONHUMAN"}], "original_form": "it"}], "sense_list": [{"info": "semhum=nonhuman", "id": "PRONNONHUMAN", "form": "it"}], "id": "15"}], "separation": "1", "form": "it", "quote_level": "1", "head": "15", "syntactic_tree_relation_list": [{"type": "isSubject", "id": "16"}], "affected_by_negation": "no", "inip": "66", "analysis_list": [{"lemma": "it", "tag": "GN-S3S--", "original_form": "it"}], "type": "phrase", "id": "36"}, {"endp": "73", "style": {"isItalics": "no", "isUnderlined": "no", "isTitle": "no", "isBold": "no"}, "inip": "69", "form": "looks", "quote_level": "1", "syntactic_tree_relation_list": [{"type": "iof_isSubject", "id": "36"}], "affected_by_negation": "no", "separation": "1", "analysis_list": [{"lemma": "look", "tag": "VI-S3PSA-N-N6", "sense_id_list": [{"sense_id": "ODENTITY_BODY_MOTION"}, {"sense_id": "ODENTITY_COMMUNICATION_PROCESS"}, {"sense_id": "ODENTITY_INTENTIONAL_PSYCHOLOGICAL_PROCESS"}, {"sense_id": "ODENTITY_PURSUING"}, {"sense_id": "ODENTITY_BIOLOGICAL_PROCESS"}], "original_form": "looks"}], "sense_list": [{"info": "sementity/id=ODENTITY_BIOLOGICAL_PROCESS@type=Top>Process>InternalChange>BiologicalProcess\tsemld_list=sumo:Entity", "id": "ODENTITY_BIOLOGICAL_PROCESS", "form": "look"}, {"info": "sementity/id=ODENTITY_BODY_MOTION@type=Top>Process>Motion>BodyMotion\tsemld_list=sumo:Entity", "id": "ODENTITY_BODY_MOTION", "form": "look"}, {"info": "sementity/id=ODENTITY_COMMUNICATION_PROCESS@type=Top>Process>ContentBearingProcess>CommunicationProcess\tsemld_list=sumo:Entity", "id": "ODENTITY_COMMUNICATION_PROCESS", "form": "look"}, {"info": "sementity/id=ODENTITY_INTENTIONAL_PSYCHOLOGICAL_PROCESS@type=Top>Process>IntentionalProcess>IntentionalPsychologicalProcess\tsemld_list=sumo:IntentionalProcess", "id": "ODENTITY_INTENTIONAL_PSYCHOLOGICAL_PROCESS", "form": "look"}, {"info": "sementity/id=ODENTITY_PURSUING@type=Top>Process>IntentionalProcess>Pursuing\tsemld_list=sumo:IntentionalProcess", "id": "ODENTITY_PURSUING", "form": "look"}], "id": "16"}, {"endp": "86", "style": {"isItalics": "no", "isUnderlined": "no", "isTitle": "no", "isBold": "no"}, "token_list": [{"endp": "79", "style": {"isItalics": "no", "isUnderlined": "no", "isTitle": "no", "isBold": "no"}, "inip": "75", "form": "dowdy", "quote_level": "1", "affected_by_negation": "no", "separation": "1", "analysis_list": [{"lemma": "dowdy", "tag": "AP-N-", "original_form": "dowdy"}], "id": "17"}, {"endp": "86", "style": {"isItalics": "no", "isUnderlined": "no", "isTitle": "no", "isBold": "no"}, "token_list": [{"endp": "82", "style": {"isItalics": "no", "isUnderlined": "no", "isTitle": "no", "isBold": "no"}, "inip": "81", "form": "on", "quote_level": "1", "affected_by_negation": "no", "separation": "1", "analysis_list": [{"lemma": "on", "tag": "YN7", "original_form": "on"}], "id": "18"}, {"endp": "86", "style": {"isItalics": "no", "isUnderlined": "no", "isTitle": "no", "isBold": "no"}, "token_list": [{"endp": "86", "style": {"isItalics": "no", "isUnderlined": "no", "isTitle": "no", "isBold": "no"}, "inip": "84", "form": "her", "quote_level": "1", "affected_by_negation": "no", "separation": "1", "analysis_list": [{"lemma": "her", "tag": "PP-S3AN7", "sense_id_list": [{"sense_id": "PRONHUMAN"}], "original_form": "her"}], "sense_list": [{"info": "semhum=human", "id": "PRONHUMAN", "form": "her"}], "id": "19"}], "separation": "1", "form": "her", "quote_level": "1", "head": "19", "affected_by_negation": "no", "inip": "84", "analysis_list": [{"lemma": "her", "tag": "GN-S3---", "original_form": "her"}], "type": "phrase", "id": "35"}], "separation": "1", "form": "on her", "quote_level": "1", "head": "18", "affected_by_negation": "no", "inip": "81", "analysis_list": [{"lemma": "on", "tag": "GY------", "original_form": "on her"}], "type": "phrase", "id": "38"}], "separation": "1", "form": "dowdy on her", "quote_level": "1", "head": "17", "affected_by_negation": "no", "inip": "75", "analysis_list": [{"lemma": "dowdy", "tag": "GA------", "original_form": "dowdy"}], "type": "phrase", "id": "34"}], "separation": "1", "form": "it looks dowdy on her", "quote_level": "1", "syntactic_tree_relation_list": [{"type": "isDirectObject", "id": "14"}], "affected_by_negation": "no", "inip": "66", "analysis_list": [{"lemma": "*", "tag": "ZN---D------", "original_form": "it looks dowdy on her"}], "type": "phrase", "id": "39"}], "separation": "1", "form": "She thinks it looks dowdy on her", "quote_level": "0", "affected_by_negation": "no", "inip": "55", "analysis_list": [{"lemma": "*", "tag": "Z-----------", "original_form": "She thinks it looks dowdy on her"}], "type": "phrase", "id": "40"}, {"endp": "87", "style": {"isItalics": "no", "isUnderlined": "no", "isTitle": "no", "isBold": "no"}, "inip": "87", "form": ".", "quote_level": "1", "affected_by_negation": "no", "separation": "A", "analysis_list": [{"lemma": ".", "tag": "1D--", "original_form": "."}], "id": "20"}], "inip": "55", "quote_level": "0", "affected_by_negation": "no", "separation": "A", "type": "sentence", "id": "24"}]}