{"status": {"msg": "OK", "credits": "1", "remaining_credits": "39738", "code": "0"}, "token_list": [{"endp": "50", "style": {"isItalics": "no", "isUnderlined": "no", "isTitle": "no", "isBold": "no"}, "token_list": [{"endp": "49", "style": {"isItalics": "no", "isUnderlined": "no", "isTitle": "no", "isBold": "no"}, "token_list": [{"endp": "3", "style": {"isItalics": "no", "isUnderlined": "no", "isTitle": "no", "isBold": "no"}, "token_list": [{"endp": "3", "style": {"isItalics": "no", "isUnderlined": "no", "isTitle": "no", "isBold": "no"}, "inip": "0", "form": "John", "quote_level": "0", "affected_by_negation": "no", "separation": "_", "analysis_list": [{"lemma": "john", "tag": "NC-S-N-", "original_form": "john"}, {"lemma": "John", "tag": "NPUU-N-", "sense_id_list": [{"sense_id": "__5364979498223444230"}], "original_form": "John"}], "sense_list": [{"info": "sementity/class=instance@fiction=nonfiction@type=Top>Person@confidence=uncertain", "id": "__5364979498223444230", "form": "John"}], "id": "1"}], "separation": "_", "form": "John", "quote_level": "0", "head": "1", "syntactic_tree_relation_list": [{"type": "isSubject", "id": "2"}, {"type": "iof_isAnaphora", "id": "20"}, {"type": "iof_isAnaphora", "id": "21"}], "affected_by_negation": "no", "inip": "0", "analysis_list": [{"lemma": "John", "tag": "GN-S3S--", "original_form": "John"}, {"lemma": "john", "tag": "GN-S3S--", "original_form": "John"}, {"lemma": "John", "tag": "GN-P3S--", "original_form": "John"}, {"lemma": "john", "tag": "GN-P3S--", "original_form": "John"}, {"lemma": "John", "tag": "GNUU3S--", "original_form": "John"}], "type": "phrase", "id": "16"}, {"endp": "9", "style": {"isItalics": "no", "isUnderlined": "no", "isTitle": "no", "isBold": "no"}, "inip": "5", "form": "hired", "quote_level": "0", "syntactic_tree_relation_list": [{"type": "iof_isSubject", "id": "16"}, {"type": "iof_isDirectObject", "id": "20"}, {"type": "iof_isLocationComplement", "id": "22"}], "affected_by_negation": "no", "separation": "1", "analysis_list": [{"lemma": "hire", "tag": "VI-U3ASA-N-N2", "sense_id_list": [{"sense_id": "ODENTITY_TRANSACTION"}, {"sense_id": "ODENTITY_JOINING_AN_ORGANIZATION"}], "original_form": "hired"}], "sense_list": [{"info": "sementity/id=ODENTITY_JOINING_AN_ORGANIZATION@type=Top>Process>IntentionalProcess>OrganizationalProcess>JoiningAnOrganization\tsemld_list=sumo:IntentionalProcess", "id": "ODENTITY_JOINING_AN_ORGANIZATION", "form": "hire"}, {"info": "sementity/id=ODENTITY_TRANSACTION@type=Top>Process>DualObjectProcess>Transaction\tsemld_list=sumo:Entity", "id": "ODENTITY_TRANSACTION", "form": "hire"}], "id": "2"}, {"endp": "17", "style": {"isItalics": "no", "isUnderlined": "no", "isTitle": "no", "isBold": "no"}, "token_list": [{"endp": "17", "style": {"isItalics": "no", "isUnderlined": "no", "isTitle": "no", "isBold": "no"}, "inip": "11", "form": "himself", "quote_level": "0", "affected_by_negation": "no", "separation": "1", "analysis_list": [{"lemma": "himself", "tag": "PPMS3RN6", "sense_id_list": [{"sense_id": "PRONHUMAN"}], "original_form": "himself"}], "sense_list": [{"info": "semhum=human", "id": "PRONHUMAN", "form": "himself"}], "id": "3"}], "separation": "1", "form": "himself", "quote_level": "0", "head": "3", "syntactic_tree_relation_list": [{"type": "isAnaphora", "id": "16"}, {"type": "isDirectObject", "id": "2"}], "affected_by_negation": "no", "inip": "11", "analysis_list": [{"lemma": "himself", "tag": "GNMS3D--", "original_form": "himself"}], "type": "phrase", "id": "20"}, {"endp": "21", "style": {"isItalics": "no", "isUnderlined": "no", "isTitle": "no", "isBold": "no"}, "token_list": [{"endp": "21", "style": {"isItalics": "no", "isUnderlined": "no", "isTitle": "no", "isBold": "no"}, "inip": "19", "form": "out", "quote_level": "0", "affected_by_negation": "no", "separation": "1", "analysis_list": [{"lemma": "out", "tag": "ENLPN4", "original_form": "out"}], "id": "4"}], "separation": "1", "form": "out", "quote_level": "0", "head": "4", "syntactic_tree_relation_list": [{"type": "isLocationComplement", "id": "2"}], "affected_by_negation": "no", "inip": "19", "analysis_list": [{"lemma": "out", "tag": "GEL--L--", "original_form": "out"}], "type": "phrase", "id": "22"}, {"endp": "29", "style": {"isItalics": "no", "isUnderlined": "no", "isTitle": "no", "isBold": "no"}, "separation": "1", "form": "to Bill", "quote_level": "0", "head": "6", "affected_by_negation": "no", "inip": "23", "analysis_list": [{"lemma": "bill", "tag": "VF---OSA-N-N5", "sense_id_list": [{"sense_id": "ODENTITY_COMMUNICATION_PROCESS"}, {"sense_id": "ODENTITY_DISSEMINATING"}, {"sense_id": "ODENTITY_LINGUISTIC_COMMUNICATION"}, {"sense_id": "834166cf5a"}], "original_form": "to bill"}], "sense_list": [{"info": "sementity/class=class@fiction=nonfiction@id=ODENTITY_TOP@type=Top\tsemld_list=sumo:Entity\tsemtheme_list/id=ODTHEME_LAW@type=Top>SocialSciences>Law", "official_form": "Bill", "id": "834166cf5a", "form": "bill"}, {"info": "sementity/id=ODENTITY_COMMUNICATION_PROCESS@type=Top>Process>ContentBearingProcess>CommunicationProcess\tsemld_list=sumo:Entity", "id": "ODENTITY_COMMUNICATION_PROCESS", "form": "bill"}, {"info": "sementity/id=ODENTITY_DISSEMINATING@type=Top>Process>ContentBearingProcess>CommunicationProcess>Disseminating\tsemld_list=sumo:Entity", "id": "ODENTITY_DISSEMINATING", "form": "bill"}, {"info": "sementity/id=ODENTITY_LINGUISTIC_COMMUNICATION@type=Top>Process>ContentBearingProcess>CommunicationProcess>LinguisticCommunication\tsemld_list=sumo:Entity", "id": "ODENTITY_LINGUISTIC_COMMUNICATION", "form": "bill"}], "type": "multiword", "id": "17"}, {"endp": "37", "style": {"isItalics": "no", "isUnderlined": "no", "isTitle": "no", "isBold": "no"}, "separation": "1", "form": "to take", "quote_level": "0", "head": "8", "affected_by_negation": "no", "inip": "31", "analysis_list": [{"lemma": "take", "tag": "VF---OSA-N-N7", "sense_id_list": [{"sense_id": "ODENTITY_BODY_MOTION"}, {"sense_id": "ODENTITY_TRANSACTION"}, {"sense_id": "ODENTITY_CONTENT_DEVELOPMENT"}, {"sense_id": "ODENTITY_CONTEST"}, {"sense_id": "ODENTITY_CHANGE_OF_POSSESSION"}, {"sense_id": "ODENTITY_INTENTIONAL_PROCESS"}, {"sense_id": "ODENTITY_BIOLOGICAL_PROCESS"}, {"sense_id": "ODENTITY_INTENTIONAL_PSYCHOLOGICAL_PROCESS"}, {"sense_id": "ODENTITY_LEARNING"}, {"sense_id": "ODENTITY_MOTION"}, {"sense_id": "ODENTITY_SOCIAL_INTERACTION"}, {"sense_id": "ODENTITY_PROCESS"}, {"sense_id": "ODENTITY_TRANSFER"}, {"sense_id": "ODENTITY_SELECTING"}, {"sense_id": "ODENTITY_LINGUISTIC_COMMUNICATION"}, {"sense_id": "ODENTITY_TRANSPORTATION"}], "original_form": "to take"}], "sense_list": [{"info": "sementity/id=ODENTITY_BIOLOGICAL_PROCESS@type=Top>Process>InternalChange>BiologicalProcess\tsemld_list=sumo:Entity", "id": "ODENTITY_BIOLOGICAL_PROCESS", "form": "take"}, {"info": "sementity/id=ODENTITY_BODY_MOTION@type=Top>Process>Motion>BodyMotion\tsemld_list=sumo:Entity", "id": "ODENTITY_BODY_MOTION", "form": "take"}, {"info": "sementity/id=ODENTITY_CHANGE_OF_POSSESSION@type=Top>Process>IntentionalProcess>SocialInteraction>ChangeOfPossession\tsemld_list=sumo:IntentionalProcess", "id": "ODENTITY_CHANGE_OF_POSSESSION", "form": "take"}, {"info": "sementity/id=ODENTITY_CONTENT_DEVELOPMENT@type=Top>Process>IntentionalProcess>ContentDevelopment\tsemld_list=sumo:IntentionalProcess", "id": "ODENTITY_CONTENT_DEVELOPMENT", "form": "take"}, {"info": "sementity/id=ODENTITY_CONTEST@type=Top>Process>IntentionalProcess>SocialInteraction>Contest\tsemld_list=sumo:IntentionalProcess", "id": "ODENTITY_CONTEST", "form": "take"}, {"info": "sementity/id=ODENTITY_INTENTIONAL_PROCESS@type=Top>Process>IntentionalProcess\tsemld_list=sumo:IntentionalProcess", "id": "ODENTITY_INTENTIONAL_PROCESS", "form": "take"}, {"info": "sementity/id=ODENTITY_INTENTIONAL_PSYCHOLOGICAL_PROCESS@type=Top>Process>IntentionalProcess>IntentionalPsychologicalProcess\tsemld_list=sumo:IntentionalProcess", "id": "ODENTITY_INTENTIONAL_PSYCHOLOGICAL_PROCESS", "form": "take"}, {"info": "sementity/id=ODENTITY_LEARNING@type=Top>Process>IntentionalProcess>IntentionalPsychologicalProcess>Learning\tsemld_list=sumo:IntentionalProcess", "id": "ODENTITY_LEARNING", "form": "take"}, {"info": "sementity/id=ODENTITY_LINGUISTIC_COMMUNICATION@type=Top>Process>ContentBearingProcess>CommunicationProcess>LinguisticCommunication\tsemld_list=sumo:Entity", "id": "ODENTITY_LINGUISTIC_COMMUNICATION", "form": "take"}, {"info": "sementity/id=ODENTITY_MOTION@type=Top>Process>Motion\tsemld_list=sumo:Entity", "id": "ODENTITY_MOTION", "form": "take"}, {"info": "sementity/id=ODENTITY_PROCESS@type=Top>Process\tsemld_list=sumo:Entity", "id": "ODENTITY_PROCESS", "form": "take"}, {"info": "sementity/id=ODENTITY_SELECTING@type=Top>Process>IntentionalProcess>IntentionalPsychologicalProcess>Selecting\tsemld_list=sumo:IntentionalProcess", "id": "ODENTITY_SELECTING", "form": "take"}, {"info": "sementity/id=ODENTITY_SOCIAL_INTERACTION@type=Top>Process>IntentionalProcess>SocialInteraction\tsemld_list=sumo:IntentionalProcess", "id": "ODENTITY_SOCIAL_INTERACTION", "form": "take"}, {"info": "sementity/id=ODENTITY_TRANSACTION@type=Top>Process>DualObjectProcess>Transaction\tsemld_list=sumo:Entity", "id": "ODENTITY_TRANSACTION", "form": "take"}, {"info": "sementity/id=ODENTITY_TRANSFER@type=Top>Process>Motion>Translocation>Transfer\tsemld_list=sumo:Entity", "id": "ODENTITY_TRANSFER", "form": "take"}, {"info": "sementity/id=ODENTITY_TRANSPORTATION@type=Top>Process>Motion>Translocation>Transportation\tsemld_list=sumo:Entity", "id": "ODENTITY_TRANSPORTATION", "form": "take"}], "type": "multiword", "id": "18"}, {"endp": "42", "style": {"isItalics": "no", "isUnderlined": "no", "isTitle": "no", "isBold": "no"}, "inip": "39", "form": "care", "quote_level": "0", "syntactic_tree_relation_list": [{"type": "iof_isComplement", "id": "21"}], "affected_by_negation": "no", "separation": "1", "analysis_list": [{"lemma": "care", "tag": "VF---OSA-N-N5", "sense_id_list": [{"sense_id": "ODENTITY_INTENTIONAL_PSYCHOLOGICAL_PROCESS"}, {"sense_id": "ODENTITY_REPAIRING"}], "original_form": "care"}], "sense_list": [{"info": "sementity/id=ODENTITY_INTENTIONAL_PSYCHOLOGICAL_PROCESS@type=Top>Process>IntentionalProcess>IntentionalPsychologicalProcess\tsemld_list=sumo:IntentionalProcess", "id": "ODENTITY_INTENTIONAL_PSYCHOLOGICAL_PROCESS", "form": "care"}, {"info": "sementity/id=ODENTITY_REPAIRING@type=Top>Process>IntentionalProcess>Repairing\tsemld_list=sumo:IntentionalProcess", "id": "ODENTITY_REPAIRING", "form": "care"}], "id": "9"}, {"endp": "49", "style": {"isItalics": "no", "isUnderlined": "no", "isTitle": "no", "isBold": "no"}, "token_list": [{"endp": "45", "style": {"isItalics": "no", "isUnderlined": "no", "isTitle": "no", "isBold": "no"}, "inip": "44", "form": "of", "quote_level": "0", "affected_by_negation": "no", "separation": "1", "analysis_list": [{"lemma": "of", "tag": "YN9", "original_form": "of"}], "id": "10"}, {"endp": "49", "style": {"isItalics": "no", "isUnderlined": "no", "isTitle": "no", "isBold": "no"}, "token_list": [{"endp": "49", "style": {"isItalics": "no", "isUnderlined": "no", "isTitle": "no", "isBold": "no"}, "inip": "47", "form": "him", "quote_level": "0", "affected_by_negation": "no", "separation": "1", "analysis_list": [{"lemma": "him", "tag": "PP-S3AN7", "sense_id_list": [{"sense_id": "PRONHUMAN"}], "original_form": "him"}], "sense_list": [{"info": "semhum=human", "id": "PRONHUMAN", "form": "him"}], "id": "11"}], "separation": "1", "form": "him", "quote_level": "0", "head": "11", "affected_by_negation": "no", "inip": "47", "analysis_list": [{"lemma": "him", "tag": "GN-S3---", "original_form": "him"}], "type": "phrase", "id": "19"}], "separation": "1", "form": "of him", "quote_level": "0", "head": "10", "syntactic_tree_relation_list": [{"type": "isComplement", "id": "9"}, {"type": "isAnaphora", "id": "16"}], "affected_by_negation": "no", "inip": "44", "analysis_list": [{"lemma": "of", "tag": "GY---C--", "original_form": "of him"}], "type": "phrase", "id": "21"}], "separation": "_", "form": "John hired himself out to Bill to take care of him", "quote_level": "0", "affected_by_negation": "no", "inip": "0", "analysis_list": [{"lemma": "*", "tag": "Z-----------", "original_form": "John hired himself out to Bill to take care of him"}], "type": "phrase", "id": "23"}, {"endp": "50", "style": {"isItalics": "no", "isUnderlined": "no", "isTitle": "no", "isBold": "no"}, "inip": "50", "form": ".", "quote_level": "0", "affected_by_negation": "no", "separation": "A", "analysis_list": [{"lemma": ".", "tag": "1D--", "original_form": "."}], "id": "12"}], "inip": "0", "quote_level": "0", "affected_by_negation": "no", "separation": "A", "type": "sentence", "id": "14"}]}