{"status": {"msg": "OK", "credits": "1", "remaining_credits": "39736", "code": "0"}, "token_list": [{"endp": "52", "style": {"isItalics": "no", "isUnderlined": "no", "isTitle": "no", "isBold": "no"}, "token_list": [{"endp": "51", "style": {"isItalics": "no", "isUnderlined": "no", "isTitle": "no", "isBold": "no"}, "token_list": [{"endp": "3", "style": {"isItalics": "no", "isUnderlined": "no", "isTitle": "no", "isBold": "no"}, "token_list": [{"endp": "3", "style": {"isItalics": "no", "isUnderlined": "no", "isTitle": "no", "isBold": "no"}, "inip": "0", "form": "John", "quote_level": "0", "affected_by_negation": "no", "separation": "_", "analysis_list": [{"lemma": "john", "tag": "NC-S-N-", "original_form": "john"}, {"lemma": "John", "tag": "NPUU-N-", "sense_id_list": [{"sense_id": "__5364979498223444230"}], "original_form": "John"}], "sense_list": [{"info": "sementity/class=instance@fiction=nonfiction@type=Top>Person@confidence=uncertain", "id": "__5364979498223444230", "form": "John"}], "id": "1"}], "separation": "_", "form": "John", "quote_level": "0", "head": "1", "syntactic_tree_relation_list": [{"type": "isSubject", "id": "2"}], "affected_by_negation": "no", "inip": "0", "analysis_list": [{"lemma": "John", "tag": "GN-S3S--", "original_form": "John"}, {"lemma": "john", "tag": "GN-S3S--", "original_form": "John"}, {"lemma": "John", "tag": "GN-P3S--", "original_form": "John"}, {"lemma": "john", "tag": "GN-P3S--", "original_form": "John"}, {"lemma": "John", "tag": "GNUU3S--", "original_form": "John"}], "type": "phrase", "id": "17"}, {"endp": "11", "style": {"isItalics": "no", "isUnderlined": "no", "isTitle": "no", "isBold": "no"}, "inip": "5", "form": "ordered", "quote_level": "0", "syntactic_tree_relation_list": [{"type": "iof_isSubject", "id": "17"}, {"type": "iof_isDirectObject", "id": "18"}], "affected_by_negation": "no", "separation": "1", "analysis_list": [{"lemma": "order", "tag": "VI-U3ASA-N-N5", "sense_id_list": [{"sense_id": "ODENTITY_CLASSIFYING"}, {"sense_id": "ODENTITY_INTENTIONAL_PROCESS"}, {"sense_id": "ODENTITY_INTENTIONAL_PSYCHOLOGICAL_PROCESS"}, {"sense_id": "ODENTITY_JOINING_AN_ORGANIZATION"}, {"sense_id": "ODENTITY_LINGUISTIC_COMMUNICATION"}], "original_form": "ordered"}], "sense_list": [{"info": "sementity/id=ODENTITY_CLASSIFYING@type=Top>Process>IntentionalProcess>IntentionalPsychologicalProcess>Classifying\tsemld_list=sumo:IntentionalProcess", "id": "ODENTITY_CLASSIFYING", "form": "order"}, {"info": "sementity/id=ODENTITY_INTENTIONAL_PROCESS@type=Top>Process>IntentionalProcess\tsemld_list=sumo:IntentionalProcess", "id": "ODENTITY_INTENTIONAL_PROCESS", "form": "order"}, {"info": "sementity/id=ODENTITY_INTENTIONAL_PSYCHOLOGICAL_PROCESS@type=Top>Process>IntentionalProcess>IntentionalPsychologicalProcess\tsemld_list=sumo:IntentionalProcess", "id": "ODENTITY_INTENTIONAL_PSYCHOLOGICAL_PROCESS", "form": "order"}, {"info": "sementity/id=ODENTITY_JOINING_AN_ORGANIZATION@type=Top>Process>IntentionalProcess>OrganizationalProcess>JoiningAnOrganization\tsemld_list=sumo:IntentionalProcess", "id": "ODENTITY_JOINING_AN_ORGANIZATION", "form": "order"}, {"info": "sementity/id=ODENTITY_LINGUISTIC_COMMUNICATION@type=Top>Process>ContentBearingProcess>CommunicationProcess>LinguisticCommunication\tsemld_list=sumo:Entity", "id": "ODENTITY_LINGUISTIC_COMMUNICATION", "form": "order"}], "id": "2"}, {"endp": "25", "style": {"isItalics": "no", "isUnderlined": "no", "isTitle": "no", "isBold": "no"}, "token_list": [{"endp": "16", "style": {"isItalics": "no", "isUnderlined": "no", "isTitle": "no", "isBold": "no"}, "inip": "13", "form": "Bill", "quote_level": "0", "affected_by_negation": "no", "separation": "1", "analysis_list": [{"lemma": "Bill", "tag": "NPMS-N-", "sense_id_list": [{"sense_id": "004d9614c8"}], "original_form": "Bill"}], "sense_list": [{"info": "sementity/class=instance@fiction=nonfiction@id=ODENTITY_FIRST_NAME@type=Top>Person>FirstName\tsemld_list=sumo:FirstName", "id": "004d9614c8", "form": "Bill"}], "id": "3"}, {"endp": "25", "style": {"isItalics": "no", "isUnderlined": "no", "isTitle": "no", "isBold": "no"}, "token_list": [{"endp": "25", "style": {"isItalics": "no", "isUnderlined": "no", "isTitle": "no", "isBold": "no"}, "separation": "1", "form": "to leave", "quote_level": "0", "head": "5", "syntactic_tree_relation_list": [{"type": "iof_isComplement", "id": "23"}], "affected_by_negation": "no", "inip": "18", "analysis_list": [{"lemma": "leave", "tag": "VF---OSA-N-N4", "original_form": "to leave"}], "type": "multiword", "id": "19"}], "separation": "1", "form": "to leave", "quote_level": "0", "affected_by_negation": "no", "inip": "18", "analysis_list": [{"lemma": "*", "tag": "ZN-S3-FO----", "original_form": "to leave"}], "type": "phrase", "id": "24"}], "separation": "1", "form": "Bill to leave", "quote_level": "0", "head": "3", "syntactic_tree_relation_list": [{"type": "isDirectObject", "id": "2"}, {"type": "iof_isAnaphora", "id": "21"}], "affected_by_negation": "no", "inip": "13", "analysis_list": [{"lemma": "Bill", "tag": "GNMS3D--", "original_form": "Bill"}], "type": "phrase", "id": "18"}, {"endp": "26", "style": {"isItalics": "no", "isUnderlined": "no", "isTitle": "no", "isBold": "no"}, "inip": "26", "form": ",", "quote_level": "0", "affected_by_negation": "no", "separation": "A", "analysis_list": [{"lemma": ",", "tag": "1D--", "original_form": ","}], "id": "6"}, {"endp": "51", "style": {"isItalics": "no", "isUnderlined": "no", "isTitle": "no", "isBold": "no"}, "token_list": [{"endp": "29", "style": {"isItalics": "no", "isUnderlined": "no", "isTitle": "no", "isBold": "no"}, "inip": "28", "form": "so", "quote_level": "0", "affected_by_negation": "no", "separation": "1", "analysis_list": [{"lemma": "so", "tag": "CSLN7", "original_form": "so"}, {"lemma": "so", "tag": "CSFN7", "original_form": "so"}], "id": "7"}, {"endp": "43", "style": {"isItalics": "no", "isUnderlined": "no", "isTitle": "no", "isBold": "no"}, "token_list": [{"endp": "32", "style": {"isItalics": "no", "isUnderlined": "no", "isTitle": "no", "isBold": "no"}, "inip": "31", "form": "an", "quote_level": "0", "affected_by_negation": "no", "separation": "1", "analysis_list": [{"lemma": "an", "tag": "QD-SPN8", "original_form": "an"}], "id": "8"}, {"endp": "37", "style": {"isItalics": "no", "isUnderlined": "no", "isTitle": "no", "isBold": "no"}, "inip": "34", "form": "hour", "quote_level": "0", "affected_by_negation": "no", "separation": "1", "analysis_list": [{"lemma": "hour", "tag": "NC-S-N6", "sense_id_list": [{"sense_id": "f51cc6c9e3"}], "original_form": "hour"}], "sense_list": [{"info": "sementity/class=class@fiction=nonfiction@id=ODENTITY_PERIOD@type=Top>Timex>Period\tsemld_list=sumo:TimeInterval", "id": "f51cc6c9e3", "form": "hour"}], "id": "9"}, {"endp": "43", "style": {"isItalics": "no", "isUnderlined": "no", "isTitle": "no", "isBold": "no"}, "token_list": [{"endp": "43", "style": {"isItalics": "no", "isUnderlined": "no", "isTitle": "no", "isBold": "no"}, "inip": "39", "form": "later", "quote_level": "0", "affected_by_negation": "no", "separation": "1", "analysis_list": [{"lemma": "later", "tag": "ENTPN6", "original_form": "later"}], "id": "10"}], "separation": "1", "form": "later", "quote_level": "0", "head": "10", "affected_by_negation": "no", "inip": "39", "analysis_list": [{"lemma": "later", "tag": "GET--T--", "original_form": "later"}], "type": "phrase", "id": "22"}], "separation": "1", "form": "an hour later", "quote_level": "0", "head": "9", "syntactic_tree_relation_list": [{"type": "isTimeComplement", "id": "12"}], "affected_by_negation": "no", "inip": "31", "analysis_list": [{"lemma": "hour", "tag": "GN-S3T--", "original_form": "an hour"}], "type": "phrase", "id": "20"}, {"endp": "46", "style": {"isItalics": "no", "isUnderlined": "no", "isTitle": "no", "isBold": "no"}, "token_list": [{"endp": "46", "style": {"isItalics": "no", "isUnderlined": "no", "isTitle": "no", "isBold": "no"}, "inip": "45", "form": "he", "quote_level": "0", "affected_by_negation": "no", "separation": "1", "analysis_list": [{"lemma": "he", "tag": "PPMS3NN8", "sense_id_list": [{"sense_id": "PRONHUMAN"}], "original_form": "he"}], "sense_list": [{"info": "semhum=human", "id": "PRONHUMAN", "form": "he"}], "id": "11"}], "separation": "1", "form": "he", "quote_level": "0", "head": "11", "syntactic_tree_relation_list": [{"type": "isAnaphora", "id": "18"}, {"type": "isSubject", "id": "12"}], "affected_by_negation": "no", "inip": "45", "analysis_list": [{"lemma": "he", "tag": "GNMS3S--", "original_form": "he"}], "type": "phrase", "id": "21"}, {"endp": "51", "style": {"isItalics": "no", "isUnderlined": "no", "isTitle": "no", "isBold": "no"}, "inip": "48", "form": "left", "quote_level": "0", "syntactic_tree_relation_list": [{"type": "iof_isTimeComplement", "id": "20"}, {"type": "iof_isSubject", "id": "21"}], "affected_by_negation": "no", "separation": "1", "analysis_list": [{"lemma": "leave", "tag": "VI-UUASA-N-N4", "sense_id_list": [{"sense_id": "92b8b69fe0"}], "original_form": "left"}], "sense_list": [{"info": "sementity/class=class@fiction=nonfiction@id=ODENTITY_ADDRESS@type=Top>Location>Address\tsemld_list=sumo:PostalAddressText", "id": "92b8b69fe0", "form": "left"}], "id": "12"}], "separation": "1", "form": "so an hour later he left", "quote_level": "0", "syntactic_tree_relation_list": [{"type": "isComplement", "id": "19"}], "affected_by_negation": "no", "inip": "28", "analysis_list": [{"lemma": "*", "tag": "ZE---CIA----", "original_form": "so an hour later he left"}], "type": "phrase", "id": "23"}], "separation": "_", "form": "John ordered Bill to leave, so an hour later he left", "quote_level": "0", "affected_by_negation": "no", "inip": "0", "analysis_list": [{"lemma": "*", "tag": "Z-----------", "original_form": "John ordered Bill to leave, so an hour later he left"}], "type": "phrase", "id": "25"}, {"endp": "52", "style": {"isItalics": "no", "isUnderlined": "no", "isTitle": "no", "isBold": "no"}, "inip": "52", "form": ".", "quote_level": "0", "affected_by_negation": "no", "separation": "A", "analysis_list": [{"lemma": ".", "tag": "1D--", "original_form": "."}], "id": "13"}], "inip": "0", "quote_level": "0", "affected_by_negation": "no", "separation": "A", "type": "sentence", "id": "15"}]}