{"status": {"msg": "OK", "credits": "1", "remaining_credits": "39735", "code": "0"}, "token_list": [{"endp": "124", "style": {"isItalics": "no", "isUnderlined": "no", "isTitle": "no", "isBold": "no"}, "token_list": [{"endp": "123", "style": {"isItalics": "no", "isUnderlined": "no", "isTitle": "no", "isBold": "no"}, "token_list": [{"endp": "56", "style": {"isItalics": "no", "isUnderlined": "no", "isTitle": "no", "isBold": "no"}, "token_list": [{"endp": "10", "style": {"isItalics": "no", "isUnderlined": "no", "isTitle": "no", "isBold": "no"}, "token_list": [{"endp": "10", "style": {"isItalics": "no", "isUnderlined": "no", "isTitle": "no", "isBold": "no"}, "separation": "_", "form": "Sam Goodman", "quote_level": "0", "head": "1", "affected_by_negation": "no", "inip": "0", "analysis_list": [{"lemma": "Sam Goodman", "tag": "NPUU-N-", "sense_id_list": [{"sense_id": "__16203096800588870572"}], "original_form": "Sam Goodman"}], "sense_list": [{"info": "sementity/class=instance@type=Top>Person>FullName@confidence=unknown", "id": "__16203096800588870572", "form": "Sam Goodman"}], "type": "multiword", "id": "26"}], "separation": "_", "form": "Sam Goodman", "quote_level": "0", "head": "26", "affected_by_negation": "no", "inip": "0", "analysis_list": [{"lemma": "Sam Goodman", "tag": "GNUU3---", "original_form": "Sam Goodman"}], "type": "phrase", "id": "29"}, {"endp": "12", "style": {"isItalics": "no", "isUnderlined": "no", "isTitle": "no", "isBold": "no"}, "inip": "11", "form": "'s", "quote_level": "0", "affected_by_negation": "no", "separation": "A", "analysis_list": [{"lemma": "'s", "tag": "WN-", "original_form": "'s"}], "id": "25"}, {"endp": "56", "style": {"isItalics": "no", "isUnderlined": "no", "isTitle": "no", "isBold": "no"}, "token_list": [{"endp": "22", "style": {"isItalics": "no", "isUnderlined": "no", "isTitle": "no", "isBold": "no"}, "inip": "14", "form": "biography", "quote_level": "0", "affected_by_negation": "no", "separation": "1", "analysis_list": [{"lemma": "biography", "tag": "NC-S-N3", "sense_id_list": [{"sense_id": "d459be90ca"}], "original_form": "biography"}], "sense_list": [{"info": "sementity/class=class@fiction=nonfiction@id=ODENTITY_BOOK@type=Top>Product>CulturalProduct>Printing>Book\tsemld_list=sumo:Book", "id": "d459be90ca", "form": "biography"}], "id": "5"}, {"endp": "56", "style": {"isItalics": "no", "isUnderlined": "no", "isTitle": "no", "isBold": "no"}, "token_list": [{"endp": "25", "style": {"isItalics": "no", "isUnderlined": "no", "isTitle": "no", "isBold": "no"}, "inip": "24", "form": "of", "quote_level": "0", "affected_by_negation": "no", "separation": "1", "analysis_list": [{"lemma": "of", "tag": "YN9", "original_form": "of"}], "id": "6"}, {"endp": "56", "style": {"isItalics": "no", "isUnderlined": "no", "isTitle": "no", "isBold": "no"}, "token_list": [{"endp": "45", "style": {"isItalics": "no", "isUnderlined": "no", "isTitle": "no", "isBold": "no"}, "token_list": [{"endp": "29", "style": {"isItalics": "no", "isUnderlined": "no", "isTitle": "no", "isBold": "no"}, "inip": "27", "form": "the", "quote_level": "0", "affected_by_negation": "no", "separation": "1", "analysis_list": [{"lemma": "the", "tag": "TD-SN9", "original_form": "the"}], "id": "7"}, {"endp": "37", "style": {"isItalics": "no", "isUnderlined": "no", "isTitle": "no", "isBold": "no"}, "inip": "31", "form": "Spartan", "quote_level": "0", "affected_by_negation": "no", "separation": "1", "analysis_list": [{"lemma": "Spartan", "tag": "AP-N-", "sense_id_list": [{"sense_id": "7874193b44"}], "original_form": "Spartan"}, {"lemma": "Spartan", "tag": "AP-N-", "sense_id_list": [{"sense_id": "a4f6dd9f90"}], "original_form": "Spartan"}], "sense_list": [{"info": "sementity/class=class@fiction=nonfiction@id=ODENTITY_TOP@type=Top\tsemgeo_list/adm1=Laconia#id:aa6979799b@continent=Europe#id:0404ea4d6c@country=Greece#id:345a36ba24#ISO3166-1-a2:GR#ISO3166-1-a3:GRC\tsemld_list=sumo:Entity\tsemtheme_list/id=ODTHEME_HISTORY@type=Top>Humanities>History", "id": "7874193b44", "form": "Spartan"}, {"info": "sementity/class=class@fiction=nonfiction@id=ODENTITY_TOP@type=Top\tsemgeo_list/adm1=Laconia#id:aa6979799b@continent=Europe#id:0404ea4d6c@country=Greece#id:345a36ba24#ISO3166-1-a2:GR#ISO3166-1-a3:GRC\tsemld_list=sumo:Entity", "id": "a4f6dd9f90", "form": "Spartan"}], "id": "8"}, {"endp": "45", "style": {"isItalics": "no", "isUnderlined": "no", "isTitle": "no", "isBold": "no"}, "inip": "39", "form": "general", "quote_level": "0", "affected_by_negation": "no", "separation": "1", "analysis_list": [{"lemma": "general", "tag": "NC-S-N5", "original_form": "general"}], "id": "9"}], "separation": "1", "form": "the Spartan general", "quote_level": "0", "head": "9", "affected_by_negation": "no", "inip": "27", "analysis_list": [{"lemma": "general", "tag": "GN-S3---", "original_form": "the Spartan general"}], "type": "phrase", "id": "31"}, {"endp": "56", "style": {"isItalics": "no", "isUnderlined": "no", "isTitle": "no", "isBold": "no"}, "token_list": [{"endp": "56", "style": {"isItalics": "no", "isUnderlined": "no", "isTitle": "no", "isBold": "no"}, "inip": "47", "form": "Xenophanes", "quote_level": "0", "affected_by_negation": "no", "separation": "1", "analysis_list": [{"lemma": "Xenophanes", "tag": "NP-S-N-", "sense_id_list": [{"sense_id": "a57a35b346"}], "original_form": "Xenophanes"}], "sense_list": [{"info": "sementity/class=instance@fiction=nonfiction@id=ODENTITY_FULL_NAME@type=Top>Person>FullName\tsemld_list=sumo:Human", "id": "a57a35b346", "form": "Xenophanes"}], "id": "10"}], "separation": "1", "form": "Xenophanes", "quote_level": "0", "head": "10", "affected_by_negation": "no", "inip": "47", "analysis_list": [{"lemma": "Xenophanes", "tag": "GN-S3Y--", "original_form": "Xenophanes"}], "type": "phrase", "id": "32"}], "separation": "1", "form": "the Spartan general Xenophanes", "quote_level": "0", "head": "32", "affected_by_negation": "no", "inip": "27", "analysis_list": [{"lemma": "Xenophanes", "tag": "GN-S3---", "original_form": "the Spartan general Xenophanes"}], "type": "phrase", "id": "39"}], "separation": "1", "form": "of the Spartan general Xenophanes", "quote_level": "0", "head": "6", "affected_by_negation": "no", "inip": "24", "analysis_list": [{"lemma": "of", "tag": "GY------", "original_form": "of the Spartan general Xenophanes"}], "type": "phrase", "id": "40"}], "separation": "1", "form": "biography of the Spartan general Xenophanes", "quote_level": "0", "head": "5", "affected_by_negation": "no", "inip": "14", "analysis_list": [{"lemma": "biography", "tag": "GN-S3---", "original_form": "biography"}], "type": "phrase", "id": "30"}], "separation": "_", "form": "Sam Goodman's biography of the Spartan general Xenophanes", "quote_level": "0", "head": "30", "syntactic_tree_relation_list": [{"type": "isSubject", "id": "11"}, {"type": "isRestrictiveApposition", "id": "41"}, {"type": "iof_isRestrictiveApposition", "id": "41"}], "affected_by_negation": "no", "inip": "0", "analysis_list": [{"lemma": "biography", "tag": "GN-S3S--", "original_form": "Sam Goodman's biography of the Spartan general Xenophanes"}], "type": "phrase", "id": "41"}, {"endp": "64", "style": {"isItalics": "no", "isUnderlined": "no", "isTitle": "no", "isBold": "no"}, "inip": "58", "form": "conveys", "quote_level": "0", "syntactic_tree_relation_list": [{"type": "iof_isSubject", "id": "41"}, {"type": "iof_isDirectObject", "id": "33"}], "affected_by_negation": "no", "separation": "1", "analysis_list": [{"lemma": "convey", "tag": "VI-S3PSA-N-N4", "sense_id_list": [{"sense_id": "ODENTITY_CHANGE_OF_POSSESSION"}, {"sense_id": "ODENTITY_COMMUNICATION_PROCESS"}, {"sense_id": "ODENTITY_TRANSLOCATION"}, {"sense_id": "ODENTITY_RADIATING"}, {"sense_id": "ODENTITY_TRANSFER"}], "original_form": "conveys"}], "sense_list": [{"info": "sementity/id=ODENTITY_CHANGE_OF_POSSESSION@type=Top>Process>IntentionalProcess>SocialInteraction>ChangeOfPossession\tsemld_list=sumo:IntentionalProcess", "id": "ODENTITY_CHANGE_OF_POSSESSION", "form": "convey"}, {"info": "sementity/id=ODENTITY_COMMUNICATION_PROCESS@type=Top>Process>ContentBearingProcess>CommunicationProcess\tsemld_list=sumo:Entity", "id": "ODENTITY_COMMUNICATION_PROCESS", "form": "convey"}, {"info": "sementity/id=ODENTITY_RADIATING@type=Top>Process>Motion>Radiating\tsemld_list=sumo:Entity", "id": "ODENTITY_RADIATING", "form": "convey"}, {"info": "sementity/id=ODENTITY_TRANSFER@type=Top>Process>Motion>Translocation>Transfer\tsemld_list=sumo:Entity", "id": "ODENTITY_TRANSFER", "form": "convey"}, {"info": "sementity/id=ODENTITY_TRANSLOCATION@type=Top>Process>Motion>Translocation\tsemld_list=sumo:Entity", "id": "ODENTITY_TRANSLOCATION", "form": "convey"}], "id": "11"}, {"endp": "123", "style": {"isItalics": "no", "isUnderlined": "no", "isTitle": "no", "isBold": "no"}, "token_list": [{"endp": "66", "style": {"isItalics": "no", "isUnderlined": "no", "isTitle": "no", "isBold": "no"}, "inip": "66", "form": "a", "quote_level": "0", "affected_by_negation": "no", "separation": "1", "analysis_list": [{"lemma": "a", "tag": "QD-SPN9", "original_form": "a"}], "id": "12"}, {"endp": "72", "style": {"isItalics": "no", "isUnderlined": "no", "isTitle": "no", "isBold": "no"}, "inip": "68", "form": "vivid", "quote_level": "0", "affected_by_negation": "no", "separation": "1", "analysis_list": [{"lemma": "vivid", "tag": "AP-N3", "original_form": "vivid"}], "id": "13"}, {"endp": "78", "style": {"isItalics": "no", "isUnderlined": "no", "isTitle": "no", "isBold": "no"}, "inip": "74", "form": "sense", "quote_level": "0", "affected_by_negation": "no", "separation": "1", "analysis_list": [{"lemma": "sense", "tag": "NC-S-N4", "sense_id_list": [{"sense_id": "63189c9d3c"}], "original_form": "sense"}], "sense_list": [{"info": "sementity/class=class@fiction=nonfiction@id=ODENTITY_OTHER_ENTITY@type=Top>OtherEntity\tsemld_list=sumo:Entity\tsemtheme_list/id=ODTHEME_LINGUISTICS@type=Top>Humanities>Linguistics", "id": "63189c9d3c", "form": "meaning"}], "id": "14"}, {"endp": "98", "style": {"isItalics": "no", "isUnderlined": "no", "isTitle": "no", "isBold": "no"}, "token_list": [{"endp": "81", "style": {"isItalics": "no", "isUnderlined": "no", "isTitle": "no", "isBold": "no"}, "inip": "80", "form": "of", "quote_level": "0", "affected_by_negation": "no", "separation": "1", "analysis_list": [{"lemma": "of", "tag": "YN9", "original_form": "of"}], "id": "15"}, {"endp": "98", "style": {"isItalics": "no", "isUnderlined": "no", "isTitle": "no", "isBold": "no"}, "token_list": [{"endp": "85", "style": {"isItalics": "no", "isUnderlined": "no", "isTitle": "no", "isBold": "no"}, "inip": "83", "form": "the", "quote_level": "0", "affected_by_negation": "no", "separation": "1", "analysis_list": [{"lemma": "the", "tag": "TD-PN9", "original_form": "the"}], "id": "16"}, {"endp": "98", "style": {"isItalics": "no", "isUnderlined": "no", "isTitle": "no", "isBold": "no"}, "inip": "87", "form": "difficulties", "quote_level": "0", "affected_by_negation": "no", "separation": "1", "analysis_list": [{"lemma": "difficulty", "tag": "NC-P-N6", "original_form": "difficulties"}], "id": "17"}], "separation": "1", "form": "the difficulties", "quote_level": "0", "head": "17", "affected_by_negation": "no", "inip": "83", "analysis_list": [{"lemma": "difficulty", "tag": "GN-P3---", "original_form": "the difficulties"}], "type": "phrase", "id": "34"}], "separation": "1", "form": "of the difficulties", "quote_level": "0", "head": "15", "affected_by_negation": "no", "inip": "80", "analysis_list": [{"lemma": "of", "tag": "GY------", "original_form": "of the difficulties"}], "type": "phrase", "id": "38"}, {"endp": "123", "style": {"isItalics": "no", "isUnderlined": "no", "isTitle": "no", "isBold": "no"}, "token_list": [{"endp": "101", "style": {"isItalics": "no", "isUnderlined": "no", "isTitle": "no", "isBold": "no"}, "token_list": [{"endp": "101", "style": {"isItalics": "no", "isUnderlined": "no", "isTitle": "no", "isBold": "no"}, "inip": "100", "form": "he", "quote_level": "0", "affected_by_negation": "no", "separation": "1", "analysis_list": [{"lemma": "he", "tag": "PPMS3NN8", "sense_id_list": [{"sense_id": "PRONHUMAN"}], "original_form": "he"}], "sense_list": [{"info": "semhum=human", "id": "PRONHUMAN", "form": "he"}], "id": "18"}], "separation": "1", "form": "he", "quote_level": "0", "head": "18", "syntactic_tree_relation_list": [{"type": "isAnaphora", "id": "33"}], "affected_by_negation": "no", "inip": "100", "analysis_list": [{"lemma": "he", "tag": "GNMS3---", "original_form": "he"}], "type": "phrase", "id": "36"}, {"endp": "107", "style": {"isItalics": "no", "isUnderlined": "no", "isTitle": "no", "isBold": "no"}, "inip": "103", "form": "faced", "quote_level": "0", "syntactic_tree_relation_list": [{"type": "iof_isSubject", "id": "33"}, {"type": "iof_isComplement", "id": "37"}], "affected_by_negation": "no", "separation": "1", "analysis_list": [{"lemma": "face", "tag": "VI-UUASA-N-N6", "sense_id_list": [{"sense_id": "ODENTITY_COMBINING"}, {"sense_id": "ODENTITY_COMMUNICATION_PROCESS"}, {"sense_id": "ODENTITY_CONTEST"}, {"sense_id": "ODENTITY_TRANSLOCATION"}, {"sense_id": "ODENTITY_DIRECTION_CHANGE"}, {"sense_id": "ODENTITY_INTENTIONAL_PROCESS"}, {"sense_id": "ODENTITY_TRANSFER"}], "original_form": "faced"}], "sense_list": [{"info": "sementity/id=ODENTITY_COMBINING@type=Top>Process>DualObjectProcess>Combining\tsemld_list=sumo:Entity", "id": "ODENTITY_COMBINING", "form": "face"}, {"info": "sementity/id=ODENTITY_COMMUNICATION_PROCESS@type=Top>Process>ContentBearingProcess>CommunicationProcess\tsemld_list=sumo:Entity", "id": "ODENTITY_COMMUNICATION_PROCESS", "form": "face"}, {"info": "sementity/id=ODENTITY_CONTEST@type=Top>Process>IntentionalProcess>SocialInteraction>Contest\tsemld_list=sumo:IntentionalProcess", "id": "ODENTITY_CONTEST", "form": "face"}, {"info": "sementity/id=ODENTITY_DIRECTION_CHANGE@type=Top>Process>Motion>DirectionChange\tsemld_list=sumo:Entity", "id": "ODENTITY_DIRECTION_CHANGE", "form": "face"}, {"info": "sementity/id=ODENTITY_INTENTIONAL_PROCESS@type=Top>Process>IntentionalProcess\tsemld_list=sumo:IntentionalProcess", "id": "ODENTITY_INTENTIONAL_PROCESS", "form": "face"}, {"info": "sementity/id=ODENTITY_TRANSFER@type=Top>Process>Motion>Translocation>Transfer\tsemld_list=sumo:Entity", "id": "ODENTITY_TRANSFER", "form": "face"}, {"info": "sementity/id=ODENTITY_TRANSLOCATION@type=Top>Process>Motion>Translocation\tsemld_list=sumo:Entity", "id": "ODENTITY_TRANSLOCATION", "form": "face"}], "id": "19"}, {"endp": "123", "style": {"isItalics": "no", "isUnderlined": "no", "isTitle": "no", "isBold": "no"}, "token_list": [{"endp": "110", "style": {"isItalics": "no", "isUnderlined": "no", "isTitle": "no", "isBold": "no"}, "inip": "109", "form": "in", "quote_level": "0", "affected_by_negation": "no", "separation": "1", "analysis_list": [{"lemma": "in", "tag": "YN6", "original_form": "in"}], "id": "20"}, {"endp": "123", "style": {"isItalics": "no", "isUnderlined": "no", "isTitle": "no", "isBold": "no"}, "token_list": [{"endp": "114", "style": {"isItalics": "no", "isUnderlined": "no", "isTitle": "no", "isBold": "no"}, "inip": "112", "form": "his", "quote_level": "0", "affected_by_negation": "no", "separation": "1", "analysis_list": [{"lemma": "his", "tag": "SD-SMS3N5", "sense_id_list": [{"sense_id": "PRONHUMAN"}], "original_form": "his"}], "sense_list": [{"info": "semhum=human", "id": "PRONHUMAN", "form": "his"}], "id": "21"}, {"endp": "123", "style": {"isItalics": "no", "isUnderlined": "no", "isTitle": "no", "isBold": "no"}, "inip": "116", "form": "research", "quote_level": "0", "affected_by_negation": "no", "separation": "1", "analysis_list": [{"lemma": "research", "tag": "NC-S-N4", "sense_id_list": [{"sense_id": "98a5a66858"}], "original_form": "research"}], "sense_list": [{"info": "sementity/class=class@fiction=nonfiction@id=ODENTITY_TOP@type=Top\tsemld_list=sumo:Entity", "id": "98a5a66858", "form": "research"}], "id": "22"}], "separation": "1", "form": "his research", "quote_level": "0", "head": "22", "affected_by_negation": "no", "inip": "112", "analysis_list": [{"lemma": "research", "tag": "GN-S3---", "original_form": "his research"}], "type": "phrase", "id": "35"}], "separation": "1", "form": "in his research", "quote_level": "0", "head": "20", "syntactic_tree_relation_list": [{"type": "isComplement", "id": "19"}, {"type": "isPossessor", "id": "33"}], "affected_by_negation": "no", "inip": "109", "analysis_list": [{"lemma": "in", "tag": "GY---C--", "original_form": "in his research"}], "type": "phrase", "id": "37"}], "separation": "1", "form": "he faced in his research", "quote_level": "0", "affected_by_negation": "no", "inip": "100", "analysis_list": [{"lemma": "*", "tag": "ZA----IA----", "original_form": "he faced in his research"}], "type": "phrase", "id": "42"}], "separation": "1", "form": "a vivid sense of the difficulties he faced in his research", "quote_level": "0", "head": "14", "syntactic_tree_relation_list": [{"type": "isSubject", "id": "19"}, {"type": "isDirectObject", "id": "11"}, {"type": "iof_isAnaphora", "id": "36"}, {"type": "iof_isPossessor", "id": "37"}], "affected_by_negation": "no", "inip": "66", "analysis_list": [{"lemma": "sense", "tag": "GN-S3D--", "original_form": "a vivid sense"}], "type": "phrase", "id": "33"}], "separation": "_", "form": "Sam Goodman's biography of the Spartan general Xenophanes conveys a vivid sense of the difficulties he faced in his research", "quote_level": "0", "affected_by_negation": "no", "inip": "0", "analysis_list": [{"lemma": "*", "tag": "Z-----------", "original_form": "Sam Goodman's biography of the Spartan general Xenophanes conveys a vivid sense of the difficulties he faced in his research"}], "type": "phrase", "id": "43"}, {"endp": "124", "style": {"isItalics": "no", "isUnderlined": "no", "isTitle": "no", "isBold": "no"}, "inip": "124", "form": ".", "quote_level": "0", "affected_by_negation": "no", "separation": "A", "analysis_list": [{"lemma": ".", "tag": "1D--", "original_form": "."}], "id": "23"}], "inip": "0", "quote_level": "0", "affected_by_negation": "no", "separation": "A", "type": "sentence", "id": "27"}]}