{"status": {"msg": "OK", "credits": "1", "remaining_credits": "39732", "code": "0"}, "token_list": [{"endp": "96", "style": {"isItalics": "no", "isUnderlined": "no", "isTitle": "no", "isBold": "no"}, "token_list": [{"endp": "30", "style": {"isItalics": "no", "isUnderlined": "no", "isTitle": "no", "isBold": "no"}, "token_list": [{"endp": "12", "style": {"isItalics": "no", "isUnderlined": "no", "isTitle": "no", "isBold": "no"}, "token_list": [{"endp": "3", "style": {"isItalics": "no", "isUnderlined": "no", "isTitle": "no", "isBold": "no"}, "token_list": [{"endp": "3", "style": {"isItalics": "no", "isUnderlined": "no", "isTitle": "no", "isBold": "no"}, "inip": "0", "form": "Emma", "quote_level": "0", "affected_by_negation": "no", "separation": "_", "analysis_list": [{"lemma": "Emma", "tag": "NPFS-N-", "sense_id_list": [{"sense_id": "9481fcef4d"}], "original_form": "Emma"}], "sense_list": [{"info": "sementity/class=instance@fiction=nonfiction@id=ODENTITY_FIRST_NAME@type=Top>Person>FirstName\tsemld_list=sumo:FirstName", "id": "9481fcef4d", "form": "Emma"}], "id": "1"}], "separation": "_", "form": "Emma", "quote_level": "0", "head": "1", "affected_by_negation": "no", "inip": "0", "analysis_list": [{"lemma": "Emma", "tag": "GNFS3---", "original_form": "Emma"}], "type": "phrase", "id": "30"}, {"endp": "5", "style": {"isItalics": "no", "isUnderlined": "no", "isTitle": "no", "isBold": "no"}, "inip": "4", "form": "'s", "quote_level": "0", "affected_by_negation": "no", "separation": "A", "analysis_list": [{"lemma": "'s", "tag": "WN-", "original_form": "'s"}], "id": "24"}, {"endp": "12", "style": {"isItalics": "no", "isUnderlined": "no", "isTitle": "no", "isBold": "no"}, "token_list": [{"endp": "12", "style": {"isItalics": "no", "isUnderlined": "no", "isTitle": "no", "isBold": "no"}, "inip": "7", "form": "mother", "quote_level": "0", "affected_by_negation": "no", "separation": "1", "analysis_list": [{"lemma": "mother", "tag": "NC-S-N6", "sense_id_list": [{"sense_id": "d48105c513"}], "original_form": "mother"}], "sense_list": [{"info": "sementity/class=class@fiction=nonfiction@id=ODENTITY_PERSON@type=Top>Person\tsemld_list=sumo:Human", "id": "d48105c513", "form": "mother"}], "id": "4"}], "separation": "1", "form": "mother", "quote_level": "0", "head": "4", "affected_by_negation": "no", "inip": "7", "analysis_list": [{"lemma": "mother", "tag": "GN-S3---", "original_form": "mother"}], "type": "phrase", "id": "31"}], "separation": "_", "form": "Emma's mother", "quote_level": "0", "head": "31", "syntactic_tree_relation_list": [{"type": "isSubject", "id": "27"}, {"type": "iof_isPossessor", "id": "32"}], "affected_by_negation": "no", "inip": "0", "analysis_list": [{"lemma": "mother", "tag": "GN-S3S--", "original_form": "Emma's mother"}], "type": "phrase", "id": "39"}, {"endp": "21", "style": {"isItalics": "no", "isUnderlined": "no", "isTitle": "no", "isBold": "no"}, "separation": "1", "form": "had died", "quote_level": "0", "head": "5", "syntactic_tree_relation_list": [{"type": "iof_isSubject", "id": "39"}, {"type": "iof_isTimeComplement", "id": "38"}, {"type": "iof_isTimeComplement", "id": "37"}], "affected_by_negation": "no", "inip": "14", "analysis_list": [{"lemma": "die", "tag": "VI-S3APA-N-N9", "original_form": "had died"}], "type": "multiword", "id": "27"}, {"endp": "26", "style": {"isItalics": "no", "isUnderlined": "no", "isTitle": "no", "isBold": "no"}, "token_list": [{"endp": "26", "style": {"isItalics": "no", "isUnderlined": "no", "isTitle": "no", "isBold": "no"}, "inip": "23", "form": "long", "quote_level": "0", "affected_by_negation": "no", "separation": "1", "analysis_list": [{"lemma": "long", "tag": "ENTPN4", "original_form": "long"}], "id": "7"}], "separation": "1", "form": "long", "quote_level": "0", "head": "7", "syntactic_tree_relation_list": [{"type": "isTimeComplement", "id": "27"}], "affected_by_negation": "no", "inip": "23", "analysis_list": [{"lemma": "long", "tag": "GET--T--", "original_form": "long"}], "type": "phrase", "id": "38"}, {"endp": "30", "style": {"isItalics": "no", "isUnderlined": "no", "isTitle": "no", "isBold": "no"}, "token_list": [{"endp": "30", "style": {"isItalics": "no", "isUnderlined": "no", "isTitle": "no", "isBold": "no"}, "inip": "28", "form": "ago", "quote_level": "0", "affected_by_negation": "no", "separation": "1", "analysis_list": [{"lemma": "ago", "tag": "ENTPN6", "original_form": "ago"}], "id": "8"}], "separation": "1", "form": "ago", "quote_level": "0", "head": "8", "syntactic_tree_relation_list": [{"type": "isTimeComplement", "id": "27"}], "affected_by_negation": "no", "inip": "28", "analysis_list": [{"lemma": "ago", "tag": "GET--T--", "original_form": "ago"}], "type": "phrase", "id": "37"}], "separation": "_", "form": "Emma's mother had died long ago", "quote_level": "0", "affected_by_negation": "no", "inip": "0", "analysis_list": [{"lemma": "*", "tag": "ZC----------", "original_form": "Emma's mother had died long ago"}], "type": "phrase", "id": "40"}, {"endp": "31", "style": {"isItalics": "no", "isUnderlined": "no", "isTitle": "no", "isBold": "no"}, "inip": "31", "form": ",", "quote_level": "0", "affected_by_negation": "no", "separation": "A", "analysis_list": [{"lemma": ",", "tag": "1D--", "original_form": ","}], "id": "9"}, {"endp": "35", "style": {"isItalics": "no", "isUnderlined": "no", "isTitle": "no", "isBold": "no"}, "inip": "33", "form": "and", "quote_level": "0", "affected_by_negation": "no", "separation": "1", "analysis_list": [{"lemma": "and", "tag": "CCYN9", "original_form": "and"}], "id": "10"}, {"endp": "95", "style": {"isItalics": "no", "isUnderlined": "no", "isTitle": "no", "isBold": "no"}, "token_list": [{"endp": "45", "style": {"isItalics": "no", "isUnderlined": "no", "isTitle": "no", "isBold": "no"}, "token_list": [{"endp": "39", "style": {"isItalics": "no", "isUnderlined": "no", "isTitle": "no", "isBold": "no"}, "inip": "37", "form": "her", "quote_level": "0", "affected_by_negation": "no", "separation": "1", "analysis_list": [{"lemma": "her", "tag": "SD-SFS3N7", "sense_id_list": [{"sense_id": "PRONHUMAN"}], "original_form": "her"}], "sense_list": [{"info": "semhum=human", "id": "PRONHUMAN", "form": "her"}], "id": "11"}, {"endp": "45", "style": {"isItalics": "no", "isUnderlined": "no", "isTitle": "no", "isBold": "no"}, "inip": "41", "form": "place", "quote_level": "0", "affected_by_negation": "no", "separation": "1", "analysis_list": [{"lemma": "place", "tag": "NC-S-N6", "sense_id_list": [{"sense_id": "0f85642308"}, {"sense_id": "7d13c3cc97"}], "original_form": "place"}], "sense_list": [{"info": "sementity/class=class@fiction=nonfiction@id=ODENTITY_FACILITY@type=Top>Location>Facility\tsemld_list=sumo:FacilityPartOther", "id": "0f85642308", "form": "place"}, {"info": "sementity/class=class@fiction=nonfiction@id=ODENTITY_LOCATION@type=Top>Location\tsemld_list=sumo:Region", "id": "7d13c3cc97", "form": "place"}], "id": "12"}], "separation": "1", "form": "her place", "quote_level": "0", "head": "12", "syntactic_tree_relation_list": [{"type": "isPossessor", "id": "39"}, {"type": "isSubject", "id": "26"}], "affected_by_negation": "no", "inip": "37", "analysis_list": [{"lemma": "place", "tag": "GN-S3S--", "original_form": "her place"}], "type": "phrase", "id": "32"}, {"endp": "60", "style": {"isItalics": "no", "isUnderlined": "no", "isTitle": "no", "isBold": "no"}, "separation": "1", "form": "had been taken", "quote_level": "0", "head": "13", "syntactic_tree_relation_list": [{"type": "iof_isSubject", "id": "32"}, {"type": "iof_isAgentComplement", "id": "36"}], "affected_by_negation": "no", "inip": "47", "analysis_list": [{"lemma": "take", "tag": "VI-S3APP-N-N9", "original_form": "had been taken"}], "type": "multiword", "id": "26"}, {"endp": "95", "style": {"isItalics": "no", "isUnderlined": "no", "isTitle": "no", "isBold": "no"}, "token_list": [{"endp": "63", "style": {"isItalics": "no", "isUnderlined": "no", "isTitle": "no", "isBold": "no"}, "inip": "62", "form": "by", "quote_level": "0", "affected_by_negation": "no", "separation": "1", "analysis_list": [{"lemma": "by", "tag": "YN4", "original_form": "by"}], "id": "16"}, {"endp": "95", "style": {"isItalics": "no", "isUnderlined": "no", "isTitle": "no", "isBold": "no"}, "token_list": [{"endp": "66", "style": {"isItalics": "no", "isUnderlined": "no", "isTitle": "no", "isBold": "no"}, "inip": "65", "form": "an", "quote_level": "0", "affected_by_negation": "no", "separation": "1", "analysis_list": [{"lemma": "an", "tag": "QD-SPN8", "original_form": "an"}], "id": "17"}, {"endp": "76", "style": {"isItalics": "no", "isUnderlined": "no", "isTitle": "no", "isBold": "no"}, "inip": "68", "form": "excellent", "quote_level": "0", "affected_by_negation": "no", "separation": "1", "analysis_list": [{"lemma": "excellent", "tag": "AP-N5", "original_form": "excellent"}], "id": "18"}, {"endp": "82", "style": {"isItalics": "no", "isUnderlined": "no", "isTitle": "no", "isBold": "no"}, "inip": "78", "form": "woman", "quote_level": "0", "affected_by_negation": "no", "separation": "1", "analysis_list": [{"lemma": "woman", "tag": "NC-S-N7", "sense_id_list": [{"sense_id": "5eb64faa83"}], "original_form": "woman"}], "sense_list": [{"info": "sementity/class=class@fiction=nonfiction@id=ODENTITY_PERSON@type=Top>Person\tsemld_list=sumo:Human", "id": "5eb64faa83", "form": "woman"}], "id": "19"}, {"endp": "95", "style": {"isItalics": "no", "isUnderlined": "no", "isTitle": "no", "isBold": "no"}, "token_list": [{"endp": "85", "style": {"isItalics": "no", "isUnderlined": "no", "isTitle": "no", "isBold": "no"}, "inip": "84", "form": "as", "quote_level": "0", "affected_by_negation": "no", "separation": "1", "analysis_list": [{"lemma": "as", "tag": "YN7", "original_form": "as"}], "id": "20"}, {"endp": "95", "style": {"isItalics": "no", "isUnderlined": "no", "isTitle": "no", "isBold": "no"}, "token_list": [{"endp": "95", "style": {"isItalics": "no", "isUnderlined": "no", "isTitle": "no", "isBold": "no"}, "inip": "87", "form": "governess", "quote_level": "0", "affected_by_negation": "no", "separation": "1", "analysis_list": [{"lemma": "governess", "tag": "NC-S-N-", "sense_id_list": [{"sense_id": "514df951a7"}], "original_form": "governess"}, {"lemma": "governess", "tag": "NC-P-N-", "sense_id_list": [{"sense_id": "514df951a7"}], "original_form": "governess"}], "sense_list": [{"info": "sementity/class=class@fiction=nonfiction@id=ODENTITY_VOCATION@type=Top>OtherEntity>Vocation\tsemld_list=sumo:Position\tsemtheme_list/id=ODTHEME_EDUCATION@type=Top>Society>Education", "id": "514df951a7", "form": "governess"}], "id": "21"}], "separation": "1", "form": "governess", "quote_level": "0", "head": "21", "affected_by_negation": "no", "inip": "87", "analysis_list": [{"lemma": "governess", "tag": "GN-S3---", "original_form": "governess"}, {"lemma": "governess", "tag": "GN-P3---", "original_form": "governess"}], "type": "phrase", "id": "34"}], "separation": "1", "form": "as governess", "quote_level": "0", "head": "20", "affected_by_negation": "no", "inip": "84", "analysis_list": [{"lemma": "as", "tag": "GY------", "original_form": "as governess"}], "type": "phrase", "id": "35"}], "separation": "1", "form": "an excellent woman as governess", "quote_level": "0", "head": "19", "affected_by_negation": "no", "inip": "65", "analysis_list": [{"lemma": "woman", "tag": "GN-S3---", "original_form": "an excellent woman"}], "type": "phrase", "id": "33"}], "separation": "1", "form": "by an excellent woman as governess", "quote_level": "0", "head": "16", "syntactic_tree_relation_list": [{"type": "isAgentComplement", "id": "26"}], "affected_by_negation": "no", "inip": "62", "analysis_list": [{"lemma": "by", "tag": "GY---G--", "original_form": "by an excellent woman as governess"}], "type": "phrase", "id": "36"}], "separation": "1", "form": "her place had been taken by an excellent woman as governess", "quote_level": "0", "affected_by_negation": "no", "inip": "37", "analysis_list": [{"lemma": "*", "tag": "ZC----------", "original_form": "her place had been taken by an excellent woman as governess"}], "type": "phrase", "id": "41"}, {"endp": "96", "style": {"isItalics": "no", "isUnderlined": "no", "isTitle": "no", "isBold": "no"}, "inip": "96", "form": ".", "quote_level": "0", "affected_by_negation": "no", "separation": "A", "analysis_list": [{"lemma": ".", "tag": "1D--", "original_form": "."}], "id": "22"}], "inip": "0", "quote_level": "0", "affected_by_negation": "no", "separation": "A", "type": "sentence", "id": "28"}]}