{"status": {"msg": "OK", "credits": "1", "remaining_credits": "39730", "code": "0"}, "token_list": [{"endp": "51", "style": {"isItalics": "no", "isUnderlined": "no", "isTitle": "no", "isBold": "no"}, "token_list": [{"endp": "27", "style": {"isItalics": "no", "isUnderlined": "no", "isTitle": "no", "isBold": "no"}, "token_list": [{"endp": "3", "style": {"isItalics": "no", "isUnderlined": "no", "isTitle": "no", "isBold": "no"}, "token_list": [{"endp": "3", "style": {"isItalics": "no", "isUnderlined": "no", "isTitle": "no", "isBold": "no"}, "inip": "0", "form": "Jane", "quote_level": "0", "affected_by_negation": "no", "separation": "_", "analysis_list": [{"lemma": "Jane", "tag": "NPFS-N-", "sense_id_list": [{"sense_id": "dde8a27ec6"}], "original_form": "Jane"}], "sense_list": [{"info": "sementity/class=instance@fiction=nonfiction@id=ODENTITY_FIRST_NAME@type=Top>Person>FirstName\tsemld_list=sumo:FirstName", "id": "dde8a27ec6", "form": "Jane"}], "id": "1"}], "separation": "_", "form": "Jane", "quote_level": "0", "head": "1", "syntactic_tree_relation_list": [{"type": "isSubject", "id": "2"}, {"type": "iof_isAnaphora", "id": "23"}], "affected_by_negation": "no", "inip": "0", "analysis_list": [{"lemma": "Jane", "tag": "GNFS3S--", "original_form": "Jane"}], "type": "phrase", "id": "20"}, {"endp": "11", "style": {"isItalics": "no", "isUnderlined": "no", "isTitle": "no", "isBold": "no"}, "inip": "5", "form": "knocked", "quote_level": "0", "syntactic_tree_relation_list": [{"type": "iof_isSubject", "id": "20"}, {"type": "iof_isComplement", "id": "25"}], "affected_by_negation": "no", "separation": "1", "analysis_list": [{"lemma": "knock", "tag": "VI-S3ASA-N-N2", "sense_id_list": [{"sense_id": "ODENTITY_COMMUNICATION_PROCESS"}, {"sense_id": "ODENTITY_TRANSFER"}], "original_form": "knocked"}], "sense_list": [{"info": "sementity/id=ODENTITY_COMMUNICATION_PROCESS@type=Top>Process>ContentBearingProcess>CommunicationProcess\tsemld_list=sumo:Entity", "id": "ODENTITY_COMMUNICATION_PROCESS", "form": "knock"}, {"info": "sementity/id=ODENTITY_TRANSFER@type=Top>Process>Motion>Translocation>Transfer\tsemld_list=sumo:Entity", "id": "ODENTITY_TRANSFER", "form": "knock"}], "id": "2"}, {"endp": "27", "style": {"isItalics": "no", "isUnderlined": "no", "isTitle": "no", "isBold": "no"}, "token_list": [{"endp": "14", "style": {"isItalics": "no", "isUnderlined": "no", "isTitle": "no", "isBold": "no"}, "inip": "13", "form": "on", "quote_level": "0", "affected_by_negation": "no", "separation": "1", "analysis_list": [{"lemma": "on", "tag": "YN7", "original_form": "on"}], "id": "3"}, {"endp": "27", "style": {"isItalics": "no", "isUnderlined": "no", "isTitle": "no", "isBold": "no"}, "token_list": [{"endp": "20", "style": {"isItalics": "no", "isUnderlined": "no", "isTitle": "no", "isBold": "no"}, "token_list": [{"endp": "20", "style": {"isItalics": "no", "isUnderlined": "no", "isTitle": "no", "isBold": "no"}, "inip": "16", "form": "Susan", "quote_level": "0", "affected_by_negation": "no", "separation": "1", "analysis_list": [{"lemma": "Susan", "tag": "NPFS-N-", "sense_id_list": [{"sense_id": "f7c08a2cbb"}], "original_form": "Susan"}, {"lemma": "Susan", "tag": "NP-S-N-", "sense_id_list": [{"sense_id": "a63c714954"}], "original_form": "Susan"}], "sense_list": [{"info": "sementity/class=instance@fiction=nonfiction@id=ODENTITY_RIVER@type=Top>Location>GeographicalEntity>WaterForm>River\tsemld_list=sumo:River", "id": "a63c714954", "form": "Susan"}, {"info": "sementity/class=instance@fiction=nonfiction@id=ODENTITY_FIRST_NAME@type=Top>Person>FirstName\tsemld_list=sumo:FirstName", "id": "f7c08a2cbb", "form": "Susan"}], "id": "4"}], "separation": "1", "form": "Susan", "quote_level": "0", "head": "4", "affected_by_negation": "no", "inip": "16", "analysis_list": [{"lemma": "Susan", "tag": "GNFS3---", "original_form": "Susan"}, {"lemma": "Susan", "tag": "GN-S3---", "original_form": "Susan"}], "type": "phrase", "id": "21"}, {"endp": "22", "style": {"isItalics": "no", "isUnderlined": "no", "isTitle": "no", "isBold": "no"}, "inip": "21", "form": "'s", "quote_level": "0", "affected_by_negation": "no", "separation": "A", "analysis_list": [{"lemma": "'s", "tag": "WN-", "original_form": "'s"}], "id": "16"}, {"endp": "27", "style": {"isItalics": "no", "isUnderlined": "no", "isTitle": "no", "isBold": "no"}, "token_list": [{"endp": "27", "style": {"isItalics": "no", "isUnderlined": "no", "isTitle": "no", "isBold": "no"}, "inip": "24", "form": "door", "quote_level": "0", "affected_by_negation": "no", "separation": "1", "analysis_list": [{"lemma": "door", "tag": "NC-S-N6", "original_form": "door"}], "id": "7"}], "separation": "1", "form": "door", "quote_level": "0", "head": "7", "affected_by_negation": "no", "inip": "24", "analysis_list": [{"lemma": "door", "tag": "GN-S3---", "original_form": "door"}], "type": "phrase", "id": "22"}], "separation": "1", "form": "Susan's door", "quote_level": "0", "head": "22", "affected_by_negation": "no", "inip": "16", "analysis_list": [{"lemma": "door", "tag": "GN-S3---", "original_form": "Susan's door"}], "type": "phrase", "id": "24"}], "separation": "1", "form": "on Susan's door", "quote_level": "0", "head": "3", "syntactic_tree_relation_list": [{"type": "isComplement", "id": "2"}], "affected_by_negation": "no", "inip": "13", "analysis_list": [{"lemma": "on", "tag": "GY---C--", "original_form": "on Susan's door"}], "type": "phrase", "id": "25"}], "separation": "_", "form": "Jane knocked on Susan's door", "quote_level": "0", "affected_by_negation": "no", "inip": "0", "analysis_list": [{"lemma": "*", "tag": "ZC----------", "original_form": "Jane knocked on Susan's door"}], "type": "phrase", "id": "26"}, {"endp": "31", "style": {"isItalics": "no", "isUnderlined": "no", "isTitle": "no", "isBold": "no"}, "inip": "29", "form": "but", "quote_level": "0", "affected_by_negation": "no", "separation": "1", "analysis_list": [{"lemma": "but", "tag": "CCAN8", "original_form": "but"}], "id": "8"}, {"endp": "50", "style": {"isItalics": "no", "isUnderlined": "no", "isTitle": "no", "isBold": "no"}, "token_list": [{"endp": "35", "style": {"isItalics": "no", "isUnderlined": "no", "isTitle": "no", "isBold": "no"}, "token_list": [{"endp": "35", "style": {"isItalics": "no", "isUnderlined": "no", "isTitle": "no", "isBold": "no"}, "inip": "33", "form": "she", "quote_level": "0", "affected_by_negation": "no", "separation": "1", "analysis_list": [{"lemma": "she", "tag": "PPFS3NN8", "sense_id_list": [{"sense_id": "PRONHUMAN"}], "original_form": "she"}], "sense_list": [{"info": "semhum=human", "id": "PRONHUMAN", "form": "she"}], "id": "9"}], "separation": "1", "form": "she", "quote_level": "0", "head": "9", "syntactic_tree_relation_list": [{"type": "isAnaphora", "id": "20"}, {"type": "isSubject", "id": "17"}], "affected_by_negation": "no", "inip": "33", "analysis_list": [{"lemma": "she", "tag": "GNFS3S--", "original_form": "she"}], "type": "phrase", "id": "23"}, {"endp": "50", "style": {"isItalics": "no", "isUnderlined": "no", "isTitle": "no", "isBold": "no"}, "separation": "1", "form": "did not answer", "quote_level": "0", "head": "15", "syntactic_tree_relation_list": [{"type": "iof_isSubject", "id": "23"}], "affected_by_negation": "yes", "inip": "37", "analysis_list": [{"lemma": "answer", "tag": "VI-S3ASA-NNN8", "original_form": "did not answer"}], "type": "multiword", "id": "17"}], "separation": "1", "form": "she did not answer", "quote_level": "0", "affected_by_negation": "no", "inip": "33", "analysis_list": [{"lemma": "*", "tag": "ZC----------", "original_form": "she did not answer"}], "type": "phrase", "id": "27"}, {"endp": "51", "style": {"isItalics": "no", "isUnderlined": "no", "isTitle": "no", "isBold": "no"}, "inip": "51", "form": ".", "quote_level": "0", "affected_by_negation": "no", "separation": "A", "analysis_list": [{"lemma": ".", "tag": "1D--", "original_form": "."}], "id": "13"}], "inip": "0", "quote_level": "0", "affected_by_negation": "no", "separation": "A", "type": "sentence", "id": "18"}]}