{"status": {"msg": "OK", "credits": "1", "remaining_credits": "39729", "code": "0"}, "token_list": [{"endp": "69", "style": {"isItalics": "no", "isUnderlined": "no", "isTitle": "no", "isBold": "no"}, "token_list": [{"endp": "68", "style": {"isItalics": "no", "isUnderlined": "no", "isTitle": "no", "isBold": "no"}, "token_list": [{"endp": "2", "style": {"isItalics": "no", "isUnderlined": "no", "isTitle": "no", "isBold": "no"}, "token_list": [{"endp": "2", "style": {"isItalics": "no", "isUnderlined": "no", "isTitle": "no", "isBold": "no"}, "inip": "0", "form": "Joe", "quote_level": "0", "affected_by_negation": "no", "separation": "_", "analysis_list": [{"lemma": "Joe", "tag": "NPUS-N-", "sense_id_list": [{"sense_id": "f67cafb594"}], "original_form": "Joe"}], "sense_list": [{"info": "sementity/class=instance@fiction=nonfiction@id=ODENTITY_FIRST_NAME@type=Top>Person>FirstName\tsemld_list=sumo:FirstName", "id": "f67cafb594", "form": "Joe"}], "id": "1"}], "separation": "_", "form": "Joe", "quote_level": "0", "head": "1", "syntactic_tree_relation_list": [{"type": "isSubject", "id": "2"}, {"type": "iof_isAnaphora", "id": "22"}], "affected_by_negation": "no", "inip": "0", "analysis_list": [{"lemma": "Joe", "tag": "GNUS3S--", "original_form": "Joe"}], "type": "phrase", "id": "18"}, {"endp": "7", "style": {"isItalics": "no", "isUnderlined": "no", "isTitle": "no", "isBold": "no"}, "inip": "4", "form": "paid", "quote_level": "0", "syntactic_tree_relation_list": [{"type": "iof_isSubject", "id": "18"}, {"type": "iof_isDirectObject", "id": "19"}, {"type": "iof_isTimeComplement", "id": "24"}], "affected_by_negation": "no", "separation": "1", "analysis_list": [{"lemma": "pay", "tag": "VI-S3ASA-N-N5", "sense_id_list": [{"sense_id": "ODENTITY_TRANSACTION"}, {"sense_id": "ODENTITY_COMMUNICATION_PROCESS"}, {"sense_id": "ODENTITY_CHANGE_OF_POSSESSION"}, {"sense_id": "ODENTITY_INTENTIONAL_PROCESS"}, {"sense_id": "ODENTITY_INTENTIONAL_PSYCHOLOGICAL_PROCESS"}, {"sense_id": "ODENTITY_MEETING"}], "original_form": "paid"}], "sense_list": [{"info": "sementity/id=ODENTITY_CHANGE_OF_POSSESSION@type=Top>Process>IntentionalProcess>SocialInteraction>ChangeOfPossession\tsemld_list=sumo:IntentionalProcess", "id": "ODENTITY_CHANGE_OF_POSSESSION", "form": "pay"}, {"info": "sementity/id=ODENTITY_COMMUNICATION_PROCESS@type=Top>Process>ContentBearingProcess>CommunicationProcess\tsemld_list=sumo:Entity", "id": "ODENTITY_COMMUNICATION_PROCESS", "form": "pay"}, {"info": "sementity/id=ODENTITY_INTENTIONAL_PROCESS@type=Top>Process>IntentionalProcess\tsemld_list=sumo:IntentionalProcess", "id": "ODENTITY_INTENTIONAL_PROCESS", "form": "pay"}, {"info": "sementity/id=ODENTITY_INTENTIONAL_PSYCHOLOGICAL_PROCESS@type=Top>Process>IntentionalProcess>IntentionalPsychologicalProcess\tsemld_list=sumo:IntentionalProcess", "id": "ODENTITY_INTENTIONAL_PSYCHOLOGICAL_PROCESS", "form": "pay"}, {"info": "sementity/id=ODENTITY_MEETING@type=Top>Process>IntentionalProcess>SocialInteraction>Meeting\tsemld_list=sumo:IntentionalProcess", "id": "ODENTITY_MEETING", "form": "pay"}, {"info": "sementity/id=ODENTITY_TRANSACTION@type=Top>Process>DualObjectProcess>Transaction\tsemld_list=sumo:Entity", "id": "ODENTITY_TRANSACTION", "form": "pay"}], "id": "2"}, {"endp": "21", "style": {"isItalics": "no", "isUnderlined": "no", "isTitle": "no", "isBold": "no"}, "token_list": [{"endp": "11", "style": {"isItalics": "no", "isUnderlined": "no", "isTitle": "no", "isBold": "no"}, "inip": "9", "form": "the", "quote_level": "0", "affected_by_negation": "no", "separation": "1", "analysis_list": [{"lemma": "the", "tag": "TD-SN9", "original_form": "the"}], "id": "3"}, {"endp": "21", "style": {"isItalics": "no", "isUnderlined": "no", "isTitle": "no", "isBold": "no"}, "inip": "13", "form": "detective", "quote_level": "0", "affected_by_negation": "no", "separation": "1", "analysis_list": [{"lemma": "detective", "tag": "NC-S-N4", "original_form": "detective"}], "id": "4"}], "separation": "1", "form": "the detective", "quote_level": "0", "head": "4", "syntactic_tree_relation_list": [{"type": "isDirectObject", "id": "2"}], "affected_by_negation": "no", "inip": "9", "analysis_list": [{"lemma": "detective", "tag": "GN-S3D--", "original_form": "the detective"}], "type": "phrase", "id": "19"}, {"endp": "68", "style": {"isItalics": "no", "isUnderlined": "no", "isTitle": "no", "isBold": "no"}, "token_list": [{"endp": "27", "style": {"isItalics": "no", "isUnderlined": "no", "isTitle": "no", "isBold": "no"}, "inip": "23", "form": "after", "quote_level": "0", "affected_by_negation": "no", "separation": "1", "analysis_list": [{"lemma": "after", "tag": "CSCN6", "original_form": "after"}], "id": "5"}, {"endp": "30", "style": {"isItalics": "no", "isUnderlined": "no", "isTitle": "no", "isBold": "no"}, "token_list": [{"endp": "30", "style": {"isItalics": "no", "isUnderlined": "no", "isTitle": "no", "isBold": "no"}, "inip": "29", "form": "he", "quote_level": "0", "affected_by_negation": "no", "separation": "1", "analysis_list": [{"lemma": "he", "tag": "PPMS3NN8", "sense_id_list": [{"sense_id": "PRONHUMAN"}], "original_form": "he"}], "sense_list": [{"info": "semhum=human", "id": "PRONHUMAN", "form": "he"}], "id": "6"}], "separation": "1", "form": "he", "quote_level": "0", "head": "6", "syntactic_tree_relation_list": [{"type": "isAnaphora", "id": "18"}, {"type": "isSubject", "id": "7"}], "affected_by_negation": "no", "inip": "29", "analysis_list": [{"lemma": "he", "tag": "GNMS3S--", "original_form": "he"}], "type": "phrase", "id": "22"}, {"endp": "39", "style": {"isItalics": "no", "isUnderlined": "no", "isTitle": "no", "isBold": "no"}, "inip": "32", "form": "received", "quote_level": "0", "syntactic_tree_relation_list": [{"type": "iof_isSubject", "id": "22"}, {"type": "iof_isDirectObject", "id": "20"}], "affected_by_negation": "no", "separation": "1", "analysis_list": [{"lemma": "receive", "tag": "VI-UUASA-N-N6", "sense_id_list": [{"sense_id": "ODENTITY_COMMUNICATION_PROCESS"}, {"sense_id": "ODENTITY_WRITING"}, {"sense_id": "ODENTITY_BIOLOGICAL_PROCESS"}, {"sense_id": "ODENTITY_CHANGE_OF_POSSESSION"}, {"sense_id": "ODENTITY_INTENTIONAL_PROCESS"}, {"sense_id": "ODENTITY_INTENTIONAL_PSYCHOLOGICAL_PROCESS"}, {"sense_id": "ODENTITY_MEETING"}], "original_form": "received"}], "sense_list": [{"info": "sementity/id=ODENTITY_BIOLOGICAL_PROCESS@type=Top>Process>InternalChange>BiologicalProcess\tsemld_list=sumo:Entity", "id": "ODENTITY_BIOLOGICAL_PROCESS", "form": "receive"}, {"info": "sementity/id=ODENTITY_CHANGE_OF_POSSESSION@type=Top>Process>IntentionalProcess>SocialInteraction>ChangeOfPossession\tsemld_list=sumo:IntentionalProcess", "id": "ODENTITY_CHANGE_OF_POSSESSION", "form": "receive"}, {"info": "sementity/id=ODENTITY_COMMUNICATION_PROCESS@type=Top>Process>ContentBearingProcess>CommunicationProcess\tsemld_list=sumo:Entity", "id": "ODENTITY_COMMUNICATION_PROCESS", "form": "receive"}, {"info": "sementity/id=ODENTITY_INTENTIONAL_PROCESS@type=Top>Process>IntentionalProcess\tsemld_list=sumo:IntentionalProcess", "id": "ODENTITY_INTENTIONAL_PROCESS", "form": "receive"}, {"info": "sementity/id=ODENTITY_INTENTIONAL_PSYCHOLOGICAL_PROCESS@type=Top>Process>IntentionalProcess>IntentionalPsychologicalProcess\tsemld_list=sumo:IntentionalProcess", "id": "ODENTITY_INTENTIONAL_PSYCHOLOGICAL_PROCESS", "form": "receive"}, {"info": "sementity/id=ODENTITY_MEETING@type=Top>Process>IntentionalProcess>SocialInteraction>Meeting\tsemld_list=sumo:IntentionalProcess", "id": "ODENTITY_MEETING", "form": "receive"}, {"info": "sementity/id=ODENTITY_WRITING@type=Top>Process>IntentionalProcess>ContentDevelopment>Writing\tsemld_list=sumo:IntentionalProcess", "id": "ODENTITY_WRITING", "form": "receive"}], "id": "7"}, {"endp": "68", "style": {"isItalics": "no", "isUnderlined": "no", "isTitle": "no", "isBold": "no"}, "token_list": [{"endp": "43", "style": {"isItalics": "no", "isUnderlined": "no", "isTitle": "no", "isBold": "no"}, "inip": "41", "form": "the", "quote_level": "0", "affected_by_negation": "no", "separation": "1", "analysis_list": [{"lemma": "the", "tag": "TD-SN9", "original_form": "the"}], "id": "8"}, {"endp": "49", "style": {"isItalics": "no", "isUnderlined": "no", "isTitle": "no", "isBold": "no"}, "inip": "45", "form": "final", "quote_level": "0", "affected_by_negation": "no", "separation": "1", "analysis_list": [{"lemma": "final", "tag": "AP-N4", "original_form": "final"}], "id": "9"}, {"endp": "56", "style": {"isItalics": "no", "isUnderlined": "no", "isTitle": "no", "isBold": "no"}, "inip": "51", "form": "report", "quote_level": "0", "affected_by_negation": "no", "separation": "1", "analysis_list": [{"lemma": "report", "tag": "NC-S-N6", "sense_id_list": [{"sense_id": "9c84f17ae0"}], "original_form": "report"}], "sense_list": [{"info": "sementity/class=class@fiction=nonfiction@id=ODENTITY_PRINTING@type=Top>Product>CulturalProduct>Printing\tsemld_list=sumo:Printing", "id": "9c84f17ae0", "form": "report"}], "id": "10"}, {"endp": "68", "style": {"isItalics": "no", "isUnderlined": "no", "isTitle": "no", "isBold": "no"}, "token_list": [{"endp": "59", "style": {"isItalics": "no", "isUnderlined": "no", "isTitle": "no", "isBold": "no"}, "inip": "58", "form": "on", "quote_level": "0", "affected_by_negation": "no", "separation": "1", "analysis_list": [{"lemma": "on", "tag": "YN7", "original_form": "on"}], "id": "11"}, {"endp": "68", "style": {"isItalics": "no", "isUnderlined": "no", "isTitle": "no", "isBold": "no"}, "token_list": [{"endp": "63", "style": {"isItalics": "no", "isUnderlined": "no", "isTitle": "no", "isBold": "no"}, "inip": "61", "form": "the", "quote_level": "0", "affected_by_negation": "no", "separation": "1", "analysis_list": [{"lemma": "the", "tag": "TD-SN9", "original_form": "the"}], "id": "12"}, {"endp": "68", "style": {"isItalics": "no", "isUnderlined": "no", "isTitle": "no", "isBold": "no"}, "inip": "65", "form": "case", "quote_level": "0", "affected_by_negation": "no", "separation": "1", "analysis_list": [{"lemma": "case", "tag": "NC-S-N7", "original_form": "case"}], "id": "13"}], "separation": "1", "form": "the case", "quote_level": "0", "head": "13", "affected_by_negation": "no", "inip": "61", "analysis_list": [{"lemma": "case", "tag": "GN-S3---", "original_form": "the case"}], "type": "phrase", "id": "21"}], "separation": "1", "form": "on the case", "quote_level": "0", "head": "11", "affected_by_negation": "no", "inip": "58", "analysis_list": [{"lemma": "on", "tag": "GY------", "original_form": "on the case"}], "type": "phrase", "id": "23"}], "separation": "1", "form": "the final report on the case", "quote_level": "0", "head": "10", "syntactic_tree_relation_list": [{"type": "isDirectObject", "id": "7"}], "affected_by_negation": "no", "inip": "41", "analysis_list": [{"lemma": "report", "tag": "GN-S3D--", "original_form": "the final report"}], "type": "phrase", "id": "20"}], "separation": "1", "form": "after he received the final report on the case", "quote_level": "0", "syntactic_tree_relation_list": [{"type": "isTimeComplement", "id": "2"}], "affected_by_negation": "no", "inip": "23", "analysis_list": [{"lemma": "*", "tag": "ZE---TIA----", "original_form": "after he received the final report on the case"}], "type": "phrase", "id": "24"}], "separation": "_", "form": "Joe paid the detective after he received the final report on the case", "quote_level": "0", "affected_by_negation": "no", "inip": "0", "analysis_list": [{"lemma": "*", "tag": "Z-----------", "original_form": "Joe paid the detective after he received the final report on the case"}], "type": "phrase", "id": "25"}, {"endp": "69", "style": {"isItalics": "no", "isUnderlined": "no", "isTitle": "no", "isBold": "no"}, "inip": "69", "form": ".", "quote_level": "0", "affected_by_negation": "no", "separation": "A", "analysis_list": [{"lemma": ".", "tag": "1D--", "original_form": "."}], "id": "14"}], "inip": "0", "quote_level": "0", "affected_by_negation": "no", "separation": "A", "type": "sentence", "id": "16"}]}