{"status": {"msg": "OK", "credits": "1", "remaining_credits": "39727", "code": "0"}, "token_list": [{"endp": "93", "style": {"isItalics": "no", "isUnderlined": "no", "isTitle": "no", "isBold": "no"}, "token_list": [{"endp": "73", "style": {"isItalics": "no", "isUnderlined": "no", "isTitle": "no", "isBold": "no"}, "token_list": [{"endp": "3", "style": {"isItalics": "no", "isUnderlined": "no", "isTitle": "no", "isBold": "no"}, "token_list": [{"endp": "3", "style": {"isItalics": "no", "isUnderlined": "no", "isTitle": "no", "isBold": "no"}, "inip": "0", "form": "Beth", "quote_level": "0", "affected_by_negation": "no", "separation": "_", "analysis_list": [{"lemma": "Beth", "tag": "NPUU-N-", "sense_id_list": [{"sense_id": "__4201155331228966422"}], "original_form": "Beth"}], "sense_list": [{"info": "sementity/class=instance@fiction=nonfiction@type=Top>Person@confidence=uncertain", "id": "__4201155331228966422", "form": "Beth"}], "id": "1"}], "separation": "_", "form": "Beth", "quote_level": "0", "head": "1", "syntactic_tree_relation_list": [{"type": "isSubject", "id": "20"}, {"type": "isSubject", "id": "26"}, {"type": "isSubject", "id": "27"}, {"type": "iof_isAnaphora", "id": "35"}, {"type": "iof_isAnaphora", "id": "34"}], "affected_by_negation": "no", "inip": "0", "analysis_list": [{"lemma": "Beth", "tag": "GNUU3S--", "original_form": "Beth"}], "type": "phrase", "id": "30"}, {"endp": "14", "style": {"isItalics": "no", "isUnderlined": "no", "isTitle": "no", "isBold": "no"}, "separation": "1", "form": "didn't get", "quote_level": "0", "head": "25", "syntactic_tree_relation_list": [{"type": "iof_isSubject", "id": "30"}], "affected_by_negation": "yes", "inip": "5", "analysis_list": [{"lemma": "get", "tag": "VI-U3ASA-NNE8", "original_form": "didn't get"}], "type": "multiword", "id": "27"}, {"endp": "31", "style": {"isItalics": "no", "isUnderlined": "no", "isTitle": "no", "isBold": "no"}, "token_list": [{"endp": "20", "style": {"isItalics": "no", "isUnderlined": "no", "isTitle": "no", "isBold": "no"}, "inip": "16", "form": "angry", "quote_level": "0", "affected_by_negation": "yes", "separation": "1", "analysis_list": [{"lemma": "angry", "tag": "AP-N5", "original_form": "angry"}], "id": "6"}, {"endp": "31", "style": {"isItalics": "no", "isUnderlined": "no", "isTitle": "no", "isBold": "no"}, "token_list": [{"endp": "25", "style": {"isItalics": "no", "isUnderlined": "no", "isTitle": "no", "isBold": "no"}, "inip": "22", "form": "with", "quote_level": "0", "affected_by_negation": "no", "separation": "1", "analysis_list": [{"lemma": "with", "tag": "YN8", "original_form": "with"}], "id": "7"}, {"endp": "31", "style": {"isItalics": "no", "isUnderlined": "no", "isTitle": "no", "isBold": "no"}, "token_list": [{"endp": "31", "style": {"isItalics": "no", "isUnderlined": "no", "isTitle": "no", "isBold": "no"}, "inip": "27", "form": "Sally", "quote_level": "0", "affected_by_negation": "yes", "separation": "1", "analysis_list": [{"lemma": "Sally", "tag": "NPFS-N-", "sense_id_list": [{"sense_id": "d89dcad251"}], "original_form": "Sally"}], "sense_list": [{"info": "sementity/class=instance@fiction=nonfiction@id=ODENTITY_FIRST_NAME@type=Top>Person>FirstName\tsemld_list=sumo:FirstName", "id": "d89dcad251", "form": "Sally"}], "id": "8"}], "separation": "1", "form": "Sally", "quote_level": "0", "head": "8", "affected_by_negation": "no", "inip": "27", "analysis_list": [{"lemma": "Sally", "tag": "GNFS3---", "original_form": "Sally"}], "type": "phrase", "id": "32"}], "separation": "1", "form": "with Sally", "quote_level": "0", "head": "7", "affected_by_negation": "no", "inip": "22", "analysis_list": [{"lemma": "with", "tag": "GY------", "original_form": "with Sally"}], "type": "phrase", "id": "39"}], "separation": "1", "form": "angry with Sally", "quote_level": "0", "head": "6", "syntactic_tree_relation_list": [{"type": "iof_isNonRestrictiveApposition", "id": "41"}, {"type": "iof_isAnaphora", "id": "36"}], "affected_by_negation": "no", "inip": "16", "analysis_list": [{"lemma": "angry", "tag": "GA------", "original_form": "angry"}], "type": "phrase", "id": "31"}, {"endp": "32", "style": {"isItalics": "no", "isUnderlined": "no", "isTitle": "no", "isBold": "no"}, "inip": "32", "form": ",", "quote_level": "0", "affected_by_negation": "no", "separation": "A", "analysis_list": [{"lemma": ",", "tag": "1D--", "original_form": ","}], "id": "9"}, {"endp": "52", "style": {"isItalics": "no", "isUnderlined": "no", "isTitle": "no", "isBold": "no"}, "token_list": [{"endp": "36", "style": {"isItalics": "no", "isUnderlined": "no", "isTitle": "no", "isBold": "no"}, "token_list": [{"endp": "36", "style": {"isItalics": "no", "isUnderlined": "no", "isTitle": "no", "isBold": "no"}, "inip": "34", "form": "who", "quote_level": "0", "affected_by_negation": "no", "separation": "1", "analysis_list": [{"lemma": "who", "tag": "RP-SN7", "original_form": "who"}, {"lemma": "who", "tag": "RP-PN7", "original_form": "who"}], "id": "10"}], "separation": "1", "form": "who", "quote_level": "0", "head": "10", "syntactic_tree_relation_list": [{"type": "isAnaphora", "id": "31"}], "affected_by_negation": "no", "inip": "34", "analysis_list": [{"lemma": "who", "tag": "GN-S3---", "original_form": "who"}, {"lemma": "who", "tag": "GN-P3---", "original_form": "who"}], "type": "phrase", "id": "36"}, {"endp": "44", "style": {"isItalics": "no", "isUnderlined": "no", "isTitle": "no", "isBold": "no"}, "separation": "1", "form": "had cut", "quote_level": "0", "head": "11", "syntactic_tree_relation_list": [{"type": "iof_isSubject", "id": "30"}, {"type": "iof_isDirectObject", "id": "35"}, {"type": "iof_isLocationComplement", "id": "38"}, {"type": "iof_isComplement", "id": "40"}], "affected_by_negation": "no", "inip": "38", "analysis_list": [{"lemma": "cut", "tag": "VI-UUAPA-N-N9", "original_form": "had cut"}], "type": "multiword", "id": "26"}, {"endp": "48", "style": {"isItalics": "no", "isUnderlined": "no", "isTitle": "no", "isBold": "no"}, "token_list": [{"endp": "48", "style": {"isItalics": "no", "isUnderlined": "no", "isTitle": "no", "isBold": "no"}, "inip": "46", "form": "her", "quote_level": "0", "affected_by_negation": "no", "separation": "1", "analysis_list": [{"lemma": "her", "tag": "PP-S3AN7", "sense_id_list": [{"sense_id": "PRONHUMAN"}], "original_form": "her"}], "sense_list": [{"info": "semhum=human", "id": "PRONHUMAN", "form": "her"}], "id": "13"}], "separation": "1", "form": "her", "quote_level": "0", "head": "13", "syntactic_tree_relation_list": [{"type": "isAnaphora", "id": "30"}, {"type": "isDirectObject", "id": "26"}], "affected_by_negation": "no", "inip": "46", "analysis_list": [{"lemma": "her", "tag": "GN-S3D--", "original_form": "her"}], "type": "phrase", "id": "35"}, {"endp": "52", "style": {"isItalics": "no", "isUnderlined": "no", "isTitle": "no", "isBold": "no"}, "token_list": [{"endp": "52", "style": {"isItalics": "no", "isUnderlined": "no", "isTitle": "no", "isBold": "no"}, "inip": "50", "form": "off", "quote_level": "0", "affected_by_negation": "no", "separation": "1", "analysis_list": [{"lemma": "off", "tag": "ENLPN6", "original_form": "off"}], "id": "14"}], "separation": "1", "form": "off", "quote_level": "0", "head": "14", "syntactic_tree_relation_list": [{"type": "isLocationComplement", "id": "26"}], "affected_by_negation": "no", "inip": "50", "analysis_list": [{"lemma": "off", "tag": "GEL--L--", "original_form": "off"}], "type": "phrase", "id": "38"}], "separation": "1", "form": "who had cut her off", "quote_level": "0", "syntactic_tree_relation_list": [{"type": "isNonRestrictiveApposition", "id": "31"}], "affected_by_negation": "no", "inip": "34", "analysis_list": [{"lemma": "*", "tag": "ZA---X------", "original_form": "who had cut her off"}], "type": "phrase", "id": "41"}, {"endp": "53", "style": {"isItalics": "no", "isUnderlined": "no", "isTitle": "no", "isBold": "no"}, "inip": "53", "form": ",", "quote_level": "0", "affected_by_negation": "no", "separation": "A", "analysis_list": [{"lemma": ",", "tag": "1D--", "original_form": ","}], "id": "15"}, {"endp": "73", "style": {"isItalics": "no", "isUnderlined": "no", "isTitle": "no", "isBold": "no"}, "token_list": [{"endp": "61", "style": {"isItalics": "no", "isUnderlined": "no", "isTitle": "no", "isBold": "no"}, "inip": "55", "form": "because", "quote_level": "0", "affected_by_negation": "no", "separation": "1", "analysis_list": [{"lemma": "because", "tag": "CSPN7", "original_form": "because"}], "id": "16"}, {"endp": "65", "style": {"isItalics": "no", "isUnderlined": "no", "isTitle": "no", "isBold": "no"}, "token_list": [{"endp": "65", "style": {"isItalics": "no", "isUnderlined": "no", "isTitle": "no", "isBold": "no"}, "inip": "63", "form": "she", "quote_level": "0", "affected_by_negation": "no", "separation": "1", "analysis_list": [{"lemma": "she", "tag": "PPFS3NN8", "sense_id_list": [{"sense_id": "PRONHUMAN"}], "original_form": "she"}], "sense_list": [{"info": "semhum=human", "id": "PRONHUMAN", "form": "she"}], "id": "17"}], "separation": "1", "form": "she", "quote_level": "0", "head": "17", "syntactic_tree_relation_list": [{"type": "isAnaphora", "id": "30"}, {"type": "isSubject", "id": "18"}], "affected_by_negation": "no", "inip": "63", "analysis_list": [{"lemma": "she", "tag": "GNFS3S--", "original_form": "she"}], "type": "phrase", "id": "34"}, {"endp": "73", "style": {"isItalics": "no", "isUnderlined": "no", "isTitle": "no", "isBold": "no"}, "inip": "67", "form": "stopped", "quote_level": "0", "syntactic_tree_relation_list": [{"type": "iof_isSubject", "id": "34"}], "affected_by_negation": "no", "separation": "1", "analysis_list": [{"lemma": "stop", "tag": "VI-UUASA-N-N4", "sense_id_list": [{"sense_id": "ODENTITY_INTENTIONAL_PROCESS"}, {"sense_id": "ODENTITY_KEEPING"}, {"sense_id": "ODENTITY_PROCESS"}], "original_form": "stopped"}], "sense_list": [{"info": "sementity/id=ODENTITY_INTENTIONAL_PROCESS@type=Top>Process>IntentionalProcess\tsemld_list=sumo:IntentionalProcess", "id": "ODENTITY_INTENTIONAL_PROCESS", "form": "stop"}, {"info": "sementity/id=ODENTITY_KEEPING@type=Top>Process>IntentionalProcess>Keeping\tsemld_list=sumo:Keeping", "id": "ODENTITY_KEEPING", "form": "stop"}, {"info": "sementity/id=ODENTITY_PROCESS@type=Top>Process\tsemld_list=sumo:Entity", "id": "ODENTITY_PROCESS", "form": "stop"}], "id": "18"}], "separation": "1", "form": "because she stopped", "quote_level": "0", "syntactic_tree_relation_list": [{"type": "isComplement", "id": "26"}], "affected_by_negation": "no", "inip": "55", "analysis_list": [{"lemma": "*", "tag": "ZE---CIA----", "original_form": "because she stopped"}], "type": "phrase", "id": "40"}], "separation": "_", "form": "Beth didn't get angry with Sally, who had cut her off, because she stopped", "quote_level": "0", "affected_by_negation": "no", "inip": "0", "analysis_list": [{"lemma": "*", "tag": "ZC----------", "original_form": "Beth didn't get angry with Sally, who had cut her off, because she stopped"}], "type": "phrase", "id": "42"}, {"endp": "77", "style": {"isItalics": "no", "isUnderlined": "no", "isTitle": "no", "isBold": "no"}, "inip": "75", "form": "and", "quote_level": "0", "affected_by_negation": "no", "separation": "1", "analysis_list": [{"lemma": "and", "tag": "CCYN9", "original_form": "and"}], "id": "19"}, {"endp": "92", "style": {"isItalics": "no", "isUnderlined": "no", "isTitle": "no", "isBold": "no"}, "token_list": [{"endp": "85", "style": {"isItalics": "no", "isUnderlined": "no", "isTitle": "no", "isBold": "no"}, "inip": "79", "form": "counted", "quote_level": "0", "syntactic_tree_relation_list": [{"type": "iof_isSubject", "id": "30"}, {"type": "iof_isComplement", "id": "37"}], "affected_by_negation": "no", "separation": "1", "analysis_list": [{"lemma": "count", "tag": "VP---ASA-N-N4", "sense_id_list": [{"sense_id": "ODENTITY_CALCULATING"}, {"sense_id": "ODENTITY_INTENTIONAL_PSYCHOLOGICAL_PROCESS"}], "original_form": "counted"}, {"lemma": "count", "tag": "VI-UUASA-N-N4", "sense_id_list": [{"sense_id": "ODENTITY_CALCULATING"}, {"sense_id": "ODENTITY_INTENTIONAL_PSYCHOLOGICAL_PROCESS"}], "original_form": "counted"}], "sense_list": [{"info": "sementity/id=ODENTITY_CALCULATING@type=Top>Process>IntentionalProcess>IntentionalPsychologicalProcess>Calculating\tsemld_list=sumo:IntentionalProcess", "id": "ODENTITY_CALCULATING", "form": "count"}, {"info": "sementity/id=ODENTITY_INTENTIONAL_PSYCHOLOGICAL_PROCESS@type=Top>Process>IntentionalProcess>IntentionalPsychologicalProcess\tsemld_list=sumo:IntentionalProcess", "id": "ODENTITY_INTENTIONAL_PSYCHOLOGICAL_PROCESS", "form": "count"}], "id": "20"}, {"endp": "92", "style": {"isItalics": "no", "isUnderlined": "no", "isTitle": "no", "isBold": "no"}, "token_list": [{"endp": "88", "style": {"isItalics": "no", "isUnderlined": "no", "isTitle": "no", "isBold": "no"}, "inip": "87", "form": "to", "quote_level": "0", "affected_by_negation": "no", "separation": "1", "analysis_list": [{"lemma": "to", "tag": "YN6", "original_form": "to"}], "id": "21"}, {"endp": "92", "style": {"isItalics": "no", "isUnderlined": "no", "isTitle": "no", "isBold": "no"}, "token_list": [{"endp": "92", "style": {"isItalics": "no", "isUnderlined": "no", "isTitle": "no", "isBold": "no"}, "separation": "1", "form": "ten", "quote_level": "0", "affected_by_negation": "no", "inip": "90", "analysis_list": [{"lemma": "ten", "tag": "MP-PCN-", "original_form": "ten"}], "id": "22", "normalized_form": "numeric@10"}], "separation": "1", "form": "ten", "quote_level": "0", "head": "22", "affected_by_negation": "no", "inip": "90", "analysis_list": [{"lemma": "ten", "tag": "GN-P3---", "original_form": "ten"}], "type": "phrase", "id": "33"}], "separation": "1", "form": "to ten", "quote_level": "0", "head": "21", "syntactic_tree_relation_list": [{"type": "isComplement", "id": "20"}], "affected_by_negation": "no", "inip": "87", "analysis_list": [{"lemma": "to", "tag": "GY---C--", "original_form": "to ten"}], "type": "phrase", "id": "37"}], "separation": "1", "form": "counted to ten", "quote_level": "0", "affected_by_negation": "no", "inip": "79", "analysis_list": [{"lemma": "*", "tag": "ZC----------", "original_form": "counted to ten"}], "type": "phrase", "id": "43"}, {"endp": "93", "style": {"isItalics": "no", "isUnderlined": "no", "isTitle": "no", "isBold": "no"}, "inip": "93", "form": ".", "quote_level": "0", "affected_by_negation": "no", "separation": "A", "analysis_list": [{"lemma": ".", "tag": "1D--", "original_form": "."}], "id": "23"}], "inip": "0", "quote_level": "0", "affected_by_negation": "no", "separation": "A", "type": "sentence", "id": "28"}]}