{"status": {"msg": "OK", "credits": "1", "remaining_credits": "39724", "code": "0"}, "token_list": [{"endp": "60", "style": {"isItalics": "no", "isUnderlined": "no", "isTitle": "no", "isBold": "no"}, "token_list": [{"endp": "22", "style": {"isItalics": "no", "isUnderlined": "no", "isTitle": "no", "isBold": "no"}, "token_list": [{"endp": "2", "style": {"isItalics": "no", "isUnderlined": "no", "isTitle": "no", "isBold": "no"}, "token_list": [{"endp": "2", "style": {"isItalics": "no", "isUnderlined": "no", "isTitle": "no", "isBold": "no"}, "inip": "0", "form": "Jim", "quote_level": "0", "affected_by_negation": "no", "separation": "_", "analysis_list": [{"lemma": "Jim", "tag": "NPMS-N-", "sense_id_list": [{"sense_id": "a322d7a57a"}], "original_form": "Jim"}], "sense_list": [{"info": "sementity/class=instance@fiction=nonfiction@id=ODENTITY_FIRST_NAME@type=Top>Person>FirstName\tsemld_list=sumo:FirstName", "id": "a322d7a57a", "form": "Jim"}], "id": "1"}], "separation": "_", "form": "Jim", "quote_level": "0", "head": "1", "syntactic_tree_relation_list": [{"type": "isSubject", "id": "6"}, {"type": "iof_isPossessor", "id": "19"}], "affected_by_negation": "no", "inip": "0", "analysis_list": [{"lemma": "Jim", "tag": "GNMS3---", "original_form": "Jim"}], "type": "phrase", "id": "16"}, {"endp": "11", "style": {"isItalics": "no", "isUnderlined": "no", "isTitle": "no", "isBold": "no"}, "token_list": [{"endp": "11", "style": {"isItalics": "no", "isUnderlined": "no", "isTitle": "no", "isBold": "no"}, "inip": "4", "form": "signaled", "quote_level": "0", "affected_by_negation": "no", "separation": "1", "analysis_list": [{"lemma": "signaled", "tag": "AP-N-", "check_info": {"form_list": [{"form": "signalled"}], "tag": "aR-1-"}, "variety_dictionary": "en-GB", "original_form": "signaled"}], "id": "2"}], "separation": "1", "form": "signaled", "quote_level": "0", "head": "2", "affected_by_negation": "no", "inip": "4", "analysis_list": [{"lemma": "signaled", "tag": "GA------", "original_form": "signaled"}], "type": "phrase", "id": "17"}, {"endp": "22", "style": {"isItalics": "no", "isUnderlined": "no", "isTitle": "no", "isBold": "no"}, "token_list": [{"endp": "15", "style": {"isItalics": "no", "isUnderlined": "no", "isTitle": "no", "isBold": "no"}, "inip": "13", "form": "the", "quote_level": "0", "affected_by_negation": "no", "separation": "1", "analysis_list": [{"lemma": "the", "tag": "TD-SN9", "original_form": "the"}], "id": "3"}, {"endp": "22", "style": {"isItalics": "no", "isUnderlined": "no", "isTitle": "no", "isBold": "no"}, "inip": "17", "form": "barman", "quote_level": "0", "affected_by_negation": "no", "separation": "1", "analysis_list": [{"lemma": "barman", "tag": "NC-S-N-", "sense_id_list": [{"sense_id": "bf083da11f"}], "original_form": "barman"}], "sense_list": [{"info": "sementity/class=class@fiction=nonfiction@id=ODENTITY_VOCATION@type=Top>OtherEntity>Vocation\tsemld_list=sumo:Position", "id": "bf083da11f", "form": "barman"}], "id": "4"}], "separation": "1", "form": "the barman", "quote_level": "0", "head": "4", "affected_by_negation": "no", "inip": "13", "analysis_list": [{"lemma": "barman", "tag": "GN-S3---", "original_form": "the barman"}], "type": "phrase", "id": "18"}], "separation": "_", "form": "Jim signaled the barman", "quote_level": "0", "affected_by_negation": "no", "inip": "0", "analysis_list": [{"lemma": "*", "tag": "Z-----------", "original_form": "Jim signaled the barman"}], "type": "phrase", "id": "21"}, {"endp": "26", "style": {"isItalics": "no", "isUnderlined": "no", "isTitle": "no", "isBold": "no"}, "inip": "24", "form": "and", "quote_level": "0", "affected_by_negation": "no", "separation": "1", "analysis_list": [{"lemma": "and", "tag": "CCYN9", "original_form": "and"}], "id": "5"}, {"endp": "59", "style": {"isItalics": "no", "isUnderlined": "no", "isTitle": "no", "isBold": "no"}, "token_list": [{"endp": "35", "style": {"isItalics": "no", "isUnderlined": "no", "isTitle": "no", "isBold": "no"}, "inip": "28", "form": "gestured", "quote_level": "0", "syntactic_tree_relation_list": [{"type": "iof_isSubject", "id": "16"}, {"type": "iof_isMannerComplement", "id": "20"}], "affected_by_negation": "no", "separation": "1", "analysis_list": [{"lemma": "gesture", "tag": "VP---ASA-N-N4", "sense_id_list": [{"sense_id": "ODENTITY_BODY_MOTION"}], "original_form": "gestured"}, {"lemma": "gesture", "tag": "VI-UUASA-N-N4", "sense_id_list": [{"sense_id": "ODENTITY_BODY_MOTION"}], "original_form": "gestured"}], "sense_list": [{"info": "sementity/id=ODENTITY_BODY_MOTION@type=Top>Process>Motion>BodyMotion\tsemld_list=sumo:Entity", "id": "ODENTITY_BODY_MOTION", "form": "gesture"}], "id": "6"}, {"endp": "42", "style": {"isItalics": "no", "isUnderlined": "no", "isTitle": "no", "isBold": "no"}, "token_list": [{"endp": "42", "style": {"isItalics": "no", "isUnderlined": "no", "isTitle": "no", "isBold": "no"}, "inip": "37", "form": "toward", "quote_level": "0", "affected_by_negation": "no", "separation": "1", "analysis_list": [{"lemma": "toward", "tag": "ENMPN3", "original_form": "toward"}], "id": "7"}], "separation": "1", "form": "toward", "quote_level": "0", "head": "7", "syntactic_tree_relation_list": [{"type": "isMannerComplement", "id": "6"}], "affected_by_negation": "no", "inip": "37", "analysis_list": [{"lemma": "toward", "tag": "GEM--M--", "original_form": "toward"}], "type": "phrase", "id": "20"}, {"endp": "59", "style": {"isItalics": "no", "isUnderlined": "no", "isTitle": "no", "isBold": "no"}, "token_list": [{"endp": "46", "style": {"isItalics": "no", "isUnderlined": "no", "isTitle": "no", "isBold": "no"}, "inip": "44", "form": "his", "quote_level": "0", "affected_by_negation": "no", "separation": "1", "analysis_list": [{"lemma": "his", "tag": "SD-SMS3N5", "sense_id_list": [{"sense_id": "PRONHUMAN"}], "original_form": "his"}], "sense_list": [{"info": "semhum=human", "id": "PRONHUMAN", "form": "his"}], "id": "8"}, {"endp": "55", "style": {"isItalics": "no", "isUnderlined": "no", "isTitle": "no", "isBold": "no"}, "inip": "48", "form": "bathroom", "quote_level": "0", "affected_by_negation": "no", "separation": "1", "analysis_list": [{"lemma": "bathroom", "tag": "NC-S-N4", "sense_id_list": [{"sense_id": "9515017581"}], "original_form": "bathroom"}], "sense_list": [{"info": "sementity/class=class@fiction=nonfiction@id=ODENTITY_FACILITY@type=Top>Location>Facility\tsemld_list=sumo:FacilityPartOther", "id": "9515017581", "form": "bathroom"}], "id": "9"}, {"endp": "59", "style": {"isItalics": "no", "isUnderlined": "no", "isTitle": "no", "isBold": "no"}, "inip": "57", "form": "key", "quote_level": "0", "affected_by_negation": "no", "separation": "1", "analysis_list": [{"lemma": "key", "tag": "NC-S-N5", "sense_id_list": [{"sense_id": "d9ff511af0"}, {"sense_id": "eba021b67d"}], "original_form": "key"}], "sense_list": [{"info": "sementity/class=class@fiction=nonfiction@id=ODENTITY_ISLE@type=Top>Location>GeographicalEntity>LandForm>Isle\tsemld_list=sumo:Island", "id": "d9ff511af0", "form": "key"}, {"info": "sementity/class=class@fiction=nonfiction@id=ODENTITY_TOP@type=Top\tsemld_list=sumo:Entity\tsemtheme_list/id=ODTHEME_MUSIC@type=Top>Arts>Music", "id": "eba021b67d", "form": "key"}], "id": "10"}], "separation": "1", "form": "his bathroom key", "quote_level": "0", "head": "10", "syntactic_tree_relation_list": [{"type": "isPossessor", "id": "16"}], "affected_by_negation": "no", "inip": "44", "analysis_list": [{"lemma": "key", "tag": "GN-S3---", "original_form": "his bathroom key"}], "type": "phrase", "id": "19"}], "separation": "1", "form": "gestured toward his bathroom key", "quote_level": "0", "affected_by_negation": "no", "inip": "28", "analysis_list": [{"lemma": "*", "tag": "Z-----------", "original_form": "gestured toward his bathroom key"}], "type": "phrase", "id": "22"}, {"endp": "60", "style": {"isItalics": "no", "isUnderlined": "no", "isTitle": "no", "isBold": "no"}, "inip": "60", "form": ".", "quote_level": "0", "affected_by_negation": "no", "separation": "A", "analysis_list": [{"lemma": ".", "tag": "1D--", "original_form": "."}], "id": "11"}], "inip": "0", "quote_level": "0", "affected_by_negation": "no", "separation": "A", "type": "sentence", "id": "13"}]}