{"status": {"msg": "OK", "credits": "1", "remaining_credits": "39922", "code": "0"}, "token_list": [{"endp": "75", "style": {"isItalics": "no", "isUnderlined": "no", "isTitle": "no", "isBold": "no"}, "token_list": [{"endp": "75", "style": {"isItalics": "no", "isUnderlined": "no", "isTitle": "no", "isBold": "no"}, "token_list": [{"endp": "3", "style": {"isItalics": "no", "isUnderlined": "no", "isTitle": "no", "isBold": "no"}, "token_list": [{"endp": "3", "style": {"isItalics": "no", "isUnderlined": "no", "isTitle": "no", "isBold": "no"}, "inip": "0", "form": "John", "quote_level": "0", "affected_by_negation": "no", "separation": "_", "analysis_list": [{"lemma": "john", "tag": "NC-S-N-", "original_form": "john"}, {"lemma": "John", "tag": "NPUU-N-", "sense_id_list": [{"sense_id": "__5364979498223444230"}], "original_form": "John"}], "sense_list": [{"info": "sementity/class=instance@fiction=nonfiction@type=Top>Person@confidence=uncertain", "id": "__5364979498223444230", "form": "John"}], "id": "1"}], "separation": "_", "form": "John", "quote_level": "0", "head": "1", "syntactic_tree_relation_list": [{"type": "isSubject", "id": "22"}, {"type": "iof_isAnaphora", "id": "32"}, {"type": "iof_isAnaphora", "id": "30"}], "affected_by_negation": "no", "inip": "0", "analysis_list": [{"lemma": "John", "tag": "GN-S3S--", "original_form": "John"}, {"lemma": "john", "tag": "GN-S3S--", "original_form": "John"}, {"lemma": "John", "tag": "GN-P3S--", "original_form": "John"}, {"lemma": "john", "tag": "GN-P3S--", "original_form": "John"}, {"lemma": "John", "tag": "GNUU3S--", "original_form": "John"}], "type": "phrase", "id": "26"}, {"endp": "16", "style": {"isItalics": "no", "isUnderlined": "no", "isTitle": "no", "isBold": "no"}, "separation": "1", "form": "couldn't see", "quote_level": "0", "head": "21", "syntactic_tree_relation_list": [{"type": "iof_isSubject", "id": "26"}, {"type": "iof_isComplement", "id": "32"}, {"type": "iof_isComplement", "id": "34"}], "affected_by_negation": "yes", "inip": "5", "analysis_list": [{"lemma": "see", "tag": "VW-U3OSA-NNE7", "original_form": "couldn't see"}], "type": "multiword", "id": "22"}, {"endp": "37", "style": {"isItalics": "no", "isUnderlined": "no", "isTitle": "no", "isBold": "no"}, "token_list": [{"endp": "20", "style": {"isItalics": "no", "isUnderlined": "no", "isTitle": "no", "isBold": "no"}, "inip": "18", "form": "the", "quote_level": "0", "affected_by_negation": "no", "separation": "1", "analysis_list": [{"lemma": "the", "tag": "TD-SN9", "original_form": "the"}], "id": "6"}, {"endp": "26", "style": {"isItalics": "no", "isUnderlined": "no", "isTitle": "no", "isBold": "no"}, "inip": "22", "form": "stage", "quote_level": "0", "affected_by_negation": "no", "separation": "1", "analysis_list": [{"lemma": "stage", "tag": "NC-S-N6", "sense_id_list": [{"sense_id": "0f888d3ee6"}, {"sense_id": "4ed2d13f88"}], "original_form": "stage"}], "sense_list": [{"info": "sementity/class=class@fiction=nonfiction@id=ODENTITY_FACILITY@type=Top>Location>Facility\tsemld_list=sumo:FacilityPartOther", "id": "0f888d3ee6", "form": "scenario"}, {"info": "sementity/class=class@fiction=nonfiction@id=ODENTITY_PERIOD@type=Top>Timex>Period\tsemld_list=sumo:TimeInterval", "id": "4ed2d13f88", "form": "stage"}], "id": "7"}, {"endp": "37", "style": {"isItalics": "no", "isUnderlined": "no", "isTitle": "no", "isBold": "no"}, "token_list": [{"endp": "31", "style": {"isItalics": "no", "isUnderlined": "no", "isTitle": "no", "isBold": "no"}, "inip": "28", "form": "with", "quote_level": "0", "affected_by_negation": "no", "separation": "1", "analysis_list": [{"lemma": "with", "tag": "YN8", "original_form": "with"}], "id": "8"}, {"endp": "37", "style": {"isItalics": "no", "isUnderlined": "no", "isTitle": "no", "isBold": "no"}, "token_list": [{"endp": "37", "style": {"isItalics": "no", "isUnderlined": "no", "isTitle": "no", "isBold": "no"}, "inip": "33", "form": "Billy", "quote_level": "0", "affected_by_negation": "no", "separation": "1", "analysis_list": [{"lemma": "Billy", "tag": "NPUU-N-", "sense_id_list": [{"sense_id": "__13597802666342400154"}], "original_form": "Billy"}], "sense_list": [{"info": "sementity/class=instance@fiction=nonfiction@type=Top>Person@confidence=uncertain", "id": "__13597802666342400154", "form": "Billy"}], "id": "9"}], "separation": "1", "form": "Billy", "quote_level": "0", "head": "9", "affected_by_negation": "no", "inip": "33", "analysis_list": [{"lemma": "Billy", "tag": "GNUU3---", "original_form": "Billy"}], "type": "phrase", "id": "28"}], "separation": "1", "form": "with Billy", "quote_level": "0", "head": "8", "affected_by_negation": "no", "inip": "28", "analysis_list": [{"lemma": "with", "tag": "GY------", "original_form": "with Billy"}], "type": "phrase", "id": "33"}], "separation": "1", "form": "the stage with Billy", "quote_level": "0", "head": "7", "affected_by_negation": "no", "inip": "18", "analysis_list": [{"lemma": "stage", "tag": "GN-S3---", "original_form": "the stage"}], "type": "phrase", "id": "27"}, {"endp": "53", "style": {"isItalics": "no", "isUnderlined": "no", "isTitle": "no", "isBold": "no"}, "token_list": [{"endp": "49", "style": {"isItalics": "no", "isUnderlined": "no", "isTitle": "no", "isBold": "no"}, "inip": "39", "form": "in front of", "quote_level": "0", "affected_by_negation": "no", "separation": "1", "analysis_list": [{"lemma": "in front of", "tag": "YN-", "original_form": "in front of"}], "id": "20"}, {"endp": "53", "style": {"isItalics": "no", "isUnderlined": "no", "isTitle": "no", "isBold": "no"}, "token_list": [{"endp": "53", "style": {"isItalics": "no", "isUnderlined": "no", "isTitle": "no", "isBold": "no"}, "inip": "51", "form": "him", "quote_level": "0", "affected_by_negation": "no", "separation": "1", "analysis_list": [{"lemma": "him", "tag": "PP-S3AN7", "sense_id_list": [{"sense_id": "PRONHUMAN"}], "original_form": "him"}], "sense_list": [{"info": "semhum=human", "id": "PRONHUMAN", "form": "him"}], "id": "13"}], "separation": "1", "form": "him", "quote_level": "0", "head": "13", "affected_by_negation": "no", "inip": "51", "analysis_list": [{"lemma": "him", "tag": "GN-S3---", "original_form": "him"}], "type": "phrase", "id": "31"}], "separation": "1", "form": "in front of him", "quote_level": "0", "head": "20", "syntactic_tree_relation_list": [{"type": "isComplement", "id": "22"}, {"type": "isAnaphora", "id": "26"}], "affected_by_negation": "no", "inip": "39", "analysis_list": [{"lemma": "in front of", "tag": "GY---C--", "original_form": "in front of him"}], "type": "phrase", "id": "32"}, {"endp": "75", "style": {"isItalics": "no", "isUnderlined": "no", "isTitle": "no", "isBold": "no"}, "token_list": [{"endp": "61", "style": {"isItalics": "no", "isUnderlined": "no", "isTitle": "no", "isBold": "no"}, "inip": "55", "form": "because", "quote_level": "0", "affected_by_negation": "no", "separation": "1", "analysis_list": [{"lemma": "because", "tag": "CSPN7", "original_form": "because"}], "id": "14"}, {"endp": "64", "style": {"isItalics": "no", "isUnderlined": "no", "isTitle": "no", "isBold": "no"}, "token_list": [{"endp": "64", "style": {"isItalics": "no", "isUnderlined": "no", "isTitle": "no", "isBold": "no"}, "inip": "63", "form": "he", "quote_level": "0", "affected_by_negation": "no", "separation": "1", "analysis_list": [{"lemma": "he", "tag": "PPMS3NN8", "sense_id_list": [{"sense_id": "PRONHUMAN"}], "original_form": "he"}], "sense_list": [{"info": "semhum=human", "id": "PRONHUMAN", "form": "he"}], "id": "15"}], "separation": "1", "form": "he", "quote_level": "0", "head": "15", "syntactic_tree_relation_list": [{"type": "isAnaphora", "id": "26"}, {"type": "isSubject", "id": "16"}], "affected_by_negation": "no", "inip": "63", "analysis_list": [{"lemma": "he", "tag": "GNMS3S--", "original_form": "he"}], "type": "phrase", "id": "30"}, {"endp": "67", "style": {"isItalics": "no", "isUnderlined": "no", "isTitle": "no", "isBold": "no"}, "inip": "66", "form": "is", "quote_level": "0", "syntactic_tree_relation_list": [{"type": "iof_isSubject", "id": "30"}, {"type": "iof_isAttribute", "id": "29"}], "affected_by_negation": "no", "separation": "1", "analysis_list": [{"lemma": "be", "tag": "VI-S3PSA-N-N9", "original_form": "is"}], "id": "16"}, {"endp": "75", "style": {"isItalics": "no", "isUnderlined": "no", "isTitle": "no", "isBold": "no"}, "token_list": [{"endp": "70", "style": {"isItalics": "no", "isUnderlined": "no", "isTitle": "no", "isBold": "no"}, "inip": "69", "form": "so", "quote_level": "0", "affected_by_negation": "no", "separation": "1", "analysis_list": [{"lemma": "so", "tag": "ENMPN7", "original_form": "so"}, {"lemma": "so", "tag": "ENQPN7", "original_form": "so"}, {"lemma": "so", "tag": "CSLN7", "original_form": "so"}, {"lemma": "so", "tag": "CSFN7", "original_form": "so"}], "id": "17"}, {"endp": "75", "style": {"isItalics": "no", "isUnderlined": "no", "isTitle": "no", "isBold": "no"}, "inip": "72", "form": "tall", "quote_level": "0", "affected_by_negation": "no", "separation": "1", "analysis_list": [{"lemma": "tall", "tag": "AP-N5", "original_form": "tall"}], "id": "18"}], "separation": "1", "form": "so tall", "quote_level": "0", "head": "18", "syntactic_tree_relation_list": [{"type": "isAttribute", "id": "16"}], "affected_by_negation": "no", "inip": "69", "analysis_list": [{"lemma": "tall", "tag": "GA---A--", "original_form": "so tall"}], "type": "phrase", "id": "29"}], "separation": "1", "form": "because he is so tall", "quote_level": "0", "syntactic_tree_relation_list": [{"type": "isComplement", "id": "22"}], "affected_by_negation": "no", "inip": "55", "analysis_list": [{"lemma": "*", "tag": "ZE---CIP----", "original_form": "because he is so tall"}], "type": "phrase", "id": "34"}], "separation": "_", "form": "John couldn't see the stage with Billy in front of him because he is so tall", "quote_level": "0", "affected_by_negation": "no", "inip": "0", "analysis_list": [{"lemma": "*", "tag": "Z-----------", "original_form": "John couldn't see the stage with Billy in front of him because he is so tall"}], "type": "phrase", "id": "35"}], "inip": "0", "quote_level": "0", "affected_by_negation": "no", "separation": "A", "type": "sentence", "id": "23"}]}