{"status": {"msg": "OK", "credits": "1", "remaining_credits": "39722", "code": "0"}, "token_list": [{"endp": "82", "style": {"isItalics": "no", "isUnderlined": "no", "isTitle": "no", "isBold": "no"}, "token_list": [{"endp": "82", "style": {"isItalics": "no", "isUnderlined": "no", "isTitle": "no", "isBold": "no"}, "token_list": [{"endp": "2", "style": {"isItalics": "no", "isUnderlined": "no", "isTitle": "no", "isBold": "no"}, "token_list": [{"endp": "2", "style": {"isItalics": "no", "isUnderlined": "no", "isTitle": "no", "isBold": "no"}, "inip": "0", "form": "Dan", "quote_level": "0", "affected_by_negation": "no", "separation": "_", "analysis_list": [{"lemma": "Dan", "tag": "NPMS-N-", "sense_id_list": [{"sense_id": "80d62241a4"}], "original_form": "Dan"}], "sense_list": [{"info": "sementity/class=instance@fiction=nonfiction@id=ODENTITY_FIRST_NAME@type=Top>Person>FirstName\tsemld_list=sumo:FirstName", "id": "80d62241a4", "form": "Dan"}], "id": "1"}], "separation": "_", "form": "Dan", "quote_level": "0", "head": "1", "syntactic_tree_relation_list": [{"type": "isSubject", "id": "17"}, {"type": "isSubject", "id": "8"}, {"type": "isSubject", "id": "2"}, {"type": "iof_isPossessor", "id": "27"}], "affected_by_negation": "no", "inip": "0", "analysis_list": [{"lemma": "Dan", "tag": "GNMS3S--", "original_form": "Dan"}], "type": "phrase", "id": "22"}, {"endp": "7", "style": {"isItalics": "no", "isUnderlined": "no", "isTitle": "no", "isBold": "no"}, "inip": "4", "form": "took", "quote_level": "0", "syntactic_tree_relation_list": [{"type": "iof_isSubject", "id": "22"}, {"type": "iof_isDirectObject", "id": "23"}, {"type": "iof_isTimeComplement", "id": "29"}], "affected_by_negation": "no", "separation": "1", "analysis_list": [{"lemma": "take", "tag": "VI-S3ASA-N-N7", "sense_id_list": [{"sense_id": "ODENTITY_BODY_MOTION"}, {"sense_id": "ODENTITY_TRANSACTION"}, {"sense_id": "ODENTITY_CONTENT_DEVELOPMENT"}, {"sense_id": "ODENTITY_CONTEST"}, {"sense_id": "ODENTITY_CHANGE_OF_POSSESSION"}, {"sense_id": "ODENTITY_INTENTIONAL_PROCESS"}, {"sense_id": "ODENTITY_BIOLOGICAL_PROCESS"}, {"sense_id": "ODENTITY_INTENTIONAL_PSYCHOLOGICAL_PROCESS"}, {"sense_id": "ODENTITY_LEARNING"}, {"sense_id": "ODENTITY_MOTION"}, {"sense_id": "ODENTITY_SOCIAL_INTERACTION"}, {"sense_id": "ODENTITY_PROCESS"}, {"sense_id": "ODENTITY_TRANSFER"}, {"sense_id": "ODENTITY_SELECTING"}, {"sense_id": "ODENTITY_LINGUISTIC_COMMUNICATION"}, {"sense_id": "ODENTITY_TRANSPORTATION"}], "original_form": "took"}], "sense_list": [{"info": "sementity/id=ODENTITY_BIOLOGICAL_PROCESS@type=Top>Process>InternalChange>BiologicalProcess\tsemld_list=sumo:Entity", "id": "ODENTITY_BIOLOGICAL_PROCESS", "form": "take"}, {"info": "sementity/id=ODENTITY_BODY_MOTION@type=Top>Process>Motion>BodyMotion\tsemld_list=sumo:Entity", "id": "ODENTITY_BODY_MOTION", "form": "take"}, {"info": "sementity/id=ODENTITY_CHANGE_OF_POSSESSION@type=Top>Process>IntentionalProcess>SocialInteraction>ChangeOfPossession\tsemld_list=sumo:IntentionalProcess", "id": "ODENTITY_CHANGE_OF_POSSESSION", "form": "take"}, {"info": "sementity/id=ODENTITY_CONTENT_DEVELOPMENT@type=Top>Process>IntentionalProcess>ContentDevelopment\tsemld_list=sumo:IntentionalProcess", "id": "ODENTITY_CONTENT_DEVELOPMENT", "form": "take"}, {"info": "sementity/id=ODENTITY_CONTEST@type=Top>Process>IntentionalProcess>SocialInteraction>Contest\tsemld_list=sumo:IntentionalProcess", "id": "ODENTITY_CONTEST", "form": "take"}, {"info": "sementity/id=ODENTITY_INTENTIONAL_PROCESS@type=Top>Process>IntentionalProcess\tsemld_list=sumo:IntentionalProcess", "id": "ODENTITY_INTENTIONAL_PROCESS", "form": "take"}, {"info": "sementity/id=ODENTITY_INTENTIONAL_PSYCHOLOGICAL_PROCESS@type=Top>Process>IntentionalProcess>IntentionalPsychologicalProcess\tsemld_list=sumo:IntentionalProcess", "id": "ODENTITY_INTENTIONAL_PSYCHOLOGICAL_PROCESS", "form": "take"}, {"info": "sementity/id=ODENTITY_LEARNING@type=Top>Process>IntentionalProcess>IntentionalPsychologicalProcess>Learning\tsemld_list=sumo:IntentionalProcess", "id": "ODENTITY_LEARNING", "form": "take"}, {"info": "sementity/id=ODENTITY_LINGUISTIC_COMMUNICATION@type=Top>Process>ContentBearingProcess>CommunicationProcess>LinguisticCommunication\tsemld_list=sumo:Entity", "id": "ODENTITY_LINGUISTIC_COMMUNICATION", "form": "take"}, {"info": "sementity/id=ODENTITY_MOTION@type=Top>Process>Motion\tsemld_list=sumo:Entity", "id": "ODENTITY_MOTION", "form": "take"}, {"info": "sementity/id=ODENTITY_PROCESS@type=Top>Process\tsemld_list=sumo:Entity", "id": "ODENTITY_PROCESS", "form": "take"}, {"info": "sementity/id=ODENTITY_SELECTING@type=Top>Process>IntentionalProcess>IntentionalPsychologicalProcess>Selecting\tsemld_list=sumo:IntentionalProcess", "id": "ODENTITY_SELECTING", "form": "take"}, {"info": "sementity/id=ODENTITY_SOCIAL_INTERACTION@type=Top>Process>IntentionalProcess>SocialInteraction\tsemld_list=sumo:IntentionalProcess", "id": "ODENTITY_SOCIAL_INTERACTION", "form": "take"}, {"info": "sementity/id=ODENTITY_TRANSACTION@type=Top>Process>DualObjectProcess>Transaction\tsemld_list=sumo:Entity", "id": "ODENTITY_TRANSACTION", "form": "take"}, {"info": "sementity/id=ODENTITY_TRANSFER@type=Top>Process>Motion>Translocation>Transfer\tsemld_list=sumo:Entity", "id": "ODENTITY_TRANSFER", "form": "take"}, {"info": "sementity/id=ODENTITY_TRANSPORTATION@type=Top>Process>Motion>Translocation>Transportation\tsemld_list=sumo:Entity", "id": "ODENTITY_TRANSPORTATION", "form": "take"}], "id": "2"}, {"endp": "21", "style": {"isItalics": "no", "isUnderlined": "no", "isTitle": "no", "isBold": "no"}, "token_list": [{"endp": "11", "style": {"isItalics": "no", "isUnderlined": "no", "isTitle": "no", "isBold": "no"}, "inip": "9", "form": "the", "quote_level": "0", "affected_by_negation": "no", "separation": "1", "analysis_list": [{"lemma": "the", "tag": "TD-SN9", "original_form": "the"}], "id": "3"}, {"endp": "16", "style": {"isItalics": "no", "isUnderlined": "no", "isTitle": "no", "isBold": "no"}, "inip": "13", "form": "rear", "quote_level": "0", "affected_by_negation": "no", "separation": "1", "analysis_list": [{"lemma": "rear", "tag": "AP-N2", "original_form": "rear"}], "id": "4"}, {"endp": "21", "style": {"isItalics": "no", "isUnderlined": "no", "isTitle": "no", "isBold": "no"}, "inip": "18", "form": "seat", "quote_level": "0", "affected_by_negation": "no", "separation": "1", "analysis_list": [{"lemma": "seat", "tag": "NC-S-N4", "original_form": "seat"}], "id": "5"}], "separation": "1", "form": "the rear seat", "quote_level": "0", "head": "5", "syntactic_tree_relation_list": [{"type": "isDirectObject", "id": "2"}], "affected_by_negation": "no", "inip": "9", "analysis_list": [{"lemma": "seat", "tag": "GN-S3D--", "original_form": "the rear seat"}], "type": "phrase", "id": "23"}, {"endp": "82", "style": {"isItalics": "no", "isUnderlined": "no", "isTitle": "no", "isBold": "no"}, "token_list": [{"endp": "27", "style": {"isItalics": "no", "isUnderlined": "no", "isTitle": "no", "isBold": "no"}, "inip": "23", "form": "while", "quote_level": "0", "affected_by_negation": "no", "separation": "1", "analysis_list": [{"lemma": "while", "tag": "CSCN5", "original_form": "while"}, {"lemma": "while", "tag": "CSIN5", "original_form": "while"}], "id": "6"}, {"endp": "32", "style": {"isItalics": "no", "isUnderlined": "no", "isTitle": "no", "isBold": "no"}, "token_list": [{"endp": "32", "style": {"isItalics": "no", "isUnderlined": "no", "isTitle": "no", "isBold": "no"}, "inip": "29", "form": "Bill", "quote_level": "0", "affected_by_negation": "no", "separation": "1", "analysis_list": [{"lemma": "Bill", "tag": "NPMS-N-", "sense_id_list": [{"sense_id": "004d9614c8"}], "original_form": "Bill"}], "sense_list": [{"info": "sementity/class=instance@fiction=nonfiction@id=ODENTITY_FIRST_NAME@type=Top>Person>FirstName\tsemld_list=sumo:FirstName", "id": "004d9614c8", "form": "Bill"}], "id": "7"}], "separation": "1", "form": "Bill", "quote_level": "0", "head": "7", "affected_by_negation": "no", "inip": "29", "analysis_list": [{"lemma": "Bill", "tag": "GNMS3---", "original_form": "Bill"}], "type": "phrase", "id": "24"}, {"endp": "40", "style": {"isItalics": "no", "isUnderlined": "no", "isTitle": "no", "isBold": "no"}, "inip": "34", "form": "claimed", "quote_level": "0", "syntactic_tree_relation_list": [{"type": "iof_isSubject", "id": "22"}, {"type": "iof_isComplement", "id": "28"}], "affected_by_negation": "no", "separation": "1", "analysis_list": [{"lemma": "claim", "tag": "VP---ASA-N-N5", "sense_id_list": [{"sense_id": "ODENTITY_LINGUISTIC_COMMUNICATION"}, {"sense_id": "ODENTITY_CONTEST"}, {"sense_id": "ODENTITY_PROCESS"}], "original_form": "claimed"}, {"lemma": "claim", "tag": "VI-UUASA-N-N5", "sense_id_list": [{"sense_id": "ODENTITY_LINGUISTIC_COMMUNICATION"}, {"sense_id": "ODENTITY_CONTEST"}, {"sense_id": "ODENTITY_PROCESS"}], "original_form": "claimed"}], "sense_list": [{"info": "sementity/id=ODENTITY_CONTEST@type=Top>Process>IntentionalProcess>SocialInteraction>Contest\tsemld_list=sumo:IntentionalProcess", "id": "ODENTITY_CONTEST", "form": "claim"}, {"info": "sementity/id=ODENTITY_LINGUISTIC_COMMUNICATION@type=Top>Process>ContentBearingProcess>CommunicationProcess>LinguisticCommunication\tsemld_list=sumo:Entity", "id": "ODENTITY_LINGUISTIC_COMMUNICATION", "form": "claim"}, {"info": "sementity/id=ODENTITY_PROCESS@type=Top>Process\tsemld_list=sumo:Entity", "id": "ODENTITY_PROCESS", "form": "claim"}], "id": "8"}, {"endp": "50", "style": {"isItalics": "no", "isUnderlined": "no", "isTitle": "no", "isBold": "no"}, "token_list": [{"endp": "44", "style": {"isItalics": "no", "isUnderlined": "no", "isTitle": "no", "isBold": "no"}, "inip": "42", "form": "the", "quote_level": "0", "affected_by_negation": "no", "separation": "1", "analysis_list": [{"lemma": "the", "tag": "TD-SN9", "original_form": "the"}], "id": "9"}, {"endp": "50", "style": {"isItalics": "no", "isUnderlined": "no", "isTitle": "no", "isBold": "no"}, "inip": "46", "form": "front", "quote_level": "0", "affected_by_negation": "no", "separation": "1", "analysis_list": [{"lemma": "front", "tag": "NC-S-N5", "sense_id_list": [{"sense_id": "a976cb8757"}, {"sense_id": "d142754296"}], "original_form": "front"}], "sense_list": [{"info": "sementity/class=class@fiction=nonfiction@id=ODENTITY_TOP@type=Top\tsemld_list=sumo:Entity\tsemtheme_list/id=ODTHEME_MILITARY@type=Top>Society>Militar", "id": "a976cb8757", "form": "front"}, {"info": "sementity/class=class@fiction=nonfiction@id=ODENTITY_LOCATION@type=Top>Location\tsemld_list=sumo:Region", "id": "d142754296", "form": "front"}], "id": "10"}], "separation": "1", "form": "the front", "quote_level": "0", "head": "10", "affected_by_negation": "no", "inip": "42", "analysis_list": [{"lemma": "front", "tag": "GN-S3---", "original_form": "the front"}], "type": "phrase", "id": "25"}, {"endp": "82", "style": {"isItalics": "no", "isUnderlined": "no", "isTitle": "no", "isBold": "no"}, "token_list": [{"endp": "58", "style": {"isItalics": "no", "isUnderlined": "no", "isTitle": "no", "isBold": "no"}, "inip": "52", "form": "because", "quote_level": "0", "affected_by_negation": "no", "separation": "1", "analysis_list": [{"lemma": "because", "tag": "CSPN7", "original_form": "because"}], "id": "11"}, {"endp": "62", "style": {"isItalics": "no", "isUnderlined": "no", "isTitle": "no", "isBold": "no"}, "token_list": [{"endp": "62", "style": {"isItalics": "no", "isUnderlined": "no", "isTitle": "no", "isBold": "no"}, "inip": "60", "form": "his", "quote_level": "0", "affected_by_negation": "no", "separation": "1", "analysis_list": [{"lemma": "his", "tag": "SP-SMS3N5", "sense_id_list": [{"sense_id": "PRONHUMAN"}], "original_form": "his"}, {"lemma": "his", "tag": "SP-PMS3N5", "sense_id_list": [{"sense_id": "PRONHUMAN"}], "original_form": "his"}], "sense_list": [{"info": "semhum=human", "id": "PRONHUMAN", "form": "his"}], "id": "12"}], "separation": "1", "form": "his", "quote_level": "0", "head": "12", "syntactic_tree_relation_list": [{"type": "isPossessor", "id": "22"}], "affected_by_negation": "no", "inip": "60", "analysis_list": [{"lemma": "his", "tag": "GN-S3---", "original_form": "his"}, {"lemma": "his", "tag": "GN-P3---", "original_form": "his"}], "type": "phrase", "id": "27"}, {"endp": "64", "style": {"isItalics": "no", "isUnderlined": "no", "isTitle": "no", "isBold": "no"}, "inip": "64", "form": "'", "quote_level": "0", "affected_by_negation": "no", "separation": "1", "analysis_list": [{"lemma": "'", "tag": "1B--", "original_form": "'"}], "id": "13"}, {"endp": "68", "style": {"isItalics": "no", "isUnderlined": "no", "isTitle": "no", "isBold": "no"}, "inip": "65", "form": "Dibs", "quote_level": "0", "affected_by_negation": "no", "separation": "A", "id": "14"}, {"endp": "69", "style": {"isItalics": "no", "isUnderlined": "no", "isTitle": "no", "isBold": "no"}, "inip": "69", "form": "!", "quote_level": "0", "affected_by_negation": "no", "separation": "A", "analysis_list": [{"lemma": "!", "tag": "1D--", "original_form": "!"}], "id": "15"}, {"endp": "70", "style": {"isItalics": "no", "isUnderlined": "no", "isTitle": "no", "isBold": "no"}, "inip": "70", "form": "'", "quote_level": "0", "affected_by_negation": "no", "separation": "A", "analysis_list": [{"lemma": "'", "tag": "1B--", "original_form": "'"}], "id": "16"}, {"endp": "74", "style": {"isItalics": "no", "isUnderlined": "no", "isTitle": "no", "isBold": "no"}, "inip": "72", "form": "was", "quote_level": "0", "syntactic_tree_relation_list": [{"type": "iof_isSubject", "id": "22"}, {"type": "iof_isAttribute", "id": "26"}], "affected_by_negation": "no", "separation": "1", "analysis_list": [{"lemma": "be", "tag": "VI-S1ASA-N-N9", "original_form": "was"}, {"lemma": "be", "tag": "VI-S3ASA-N-N9", "original_form": "was"}], "id": "17"}, {"endp": "82", "style": {"isItalics": "no", "isUnderlined": "no", "isTitle": "no", "isBold": "no"}, "token_list": [{"endp": "82", "style": {"isItalics": "no", "isUnderlined": "no", "isTitle": "no", "isBold": "no"}, "inip": "76", "form": "quicker", "quote_level": "0", "affected_by_negation": "no", "separation": "1", "analysis_list": [{"lemma": "quick", "tag": "AC-N3", "original_form": "quicker"}], "id": "18"}], "separation": "1", "form": "quicker", "quote_level": "0", "head": "18", "syntactic_tree_relation_list": [{"type": "isAttribute", "id": "17"}], "affected_by_negation": "no", "inip": "76", "analysis_list": [{"lemma": "quick", "tag": "GA---A--", "original_form": "quicker"}], "type": "phrase", "id": "26"}], "separation": "1", "form": "because his 'Dibs!' was quicker", "quote_level": "0", "syntactic_tree_relation_list": [{"type": "isComplement", "id": "8"}], "affected_by_negation": "no", "inip": "52", "analysis_list": [{"lemma": "*", "tag": "ZE---CIA----", "original_form": "because his 'Dibs!' was quicker"}], "type": "phrase", "id": "28"}], "separation": "1", "form": "while Bill claimed the front because his 'Dibs!' was quicker", "quote_level": "0", "syntactic_tree_relation_list": [{"type": "isTimeComplement", "id": "2"}], "affected_by_negation": "no", "inip": "23", "analysis_list": [{"lemma": "*", "tag": "ZE---TIA----", "original_form": "while Bill claimed the front because his 'Dibs!' was quicker"}, {"lemma": "*", "tag": "ZE---TA-----", "original_form": "while Bill claimed the front because his 'Dibs!' was quicker"}], "type": "phrase", "id": "29"}], "separation": "_", "form": "Dan took the rear seat while Bill claimed the front because his 'Dibs!' was quicker", "quote_level": "0", "affected_by_negation": "no", "inip": "0", "analysis_list": [{"lemma": "*", "tag": "Z-----------", "original_form": "Dan took the rear seat while Bill claimed the front because his 'Dibs!' was quicker"}], "type": "phrase", "id": "30"}], "inip": "0", "quote_level": "0", "affected_by_negation": "no", "separation": "A", "type": "sentence", "id": "20"}]}