{"status": {"msg": "OK", "credits": "1", "remaining_credits": "39721", "code": "0"}, "token_list": [{"endp": "48", "style": {"isItalics": "no", "isUnderlined": "no", "isTitle": "no", "isBold": "no"}, "token_list": [{"endp": "47", "style": {"isItalics": "no", "isUnderlined": "no", "isTitle": "no", "isBold": "no"}, "token_list": [{"endp": "2", "style": {"isItalics": "no", "isUnderlined": "no", "isTitle": "no", "isBold": "no"}, "token_list": [{"endp": "2", "style": {"isItalics": "no", "isUnderlined": "no", "isTitle": "no", "isBold": "no"}, "inip": "0", "form": "Tom", "quote_level": "0", "affected_by_negation": "no", "separation": "_", "analysis_list": [{"lemma": "Tom", "tag": "NPMS-N-", "sense_id_list": [{"sense_id": "0205a84069"}], "original_form": "Tom"}, {"lemma": "tom", "tag": "NC-S-N-", "original_form": "tom"}], "sense_list": [{"info": "sementity/class=instance@fiction=nonfiction@id=ODENTITY_FIRST_NAME@type=Top>Person>FirstName\tsemld_list=sumo:FirstName", "id": "0205a84069", "form": "Tom"}], "id": "1"}], "separation": "_", "form": "Tom", "quote_level": "0", "head": "1", "syntactic_tree_relation_list": [{"type": "isSubject", "id": "2"}, {"type": "iof_isAnaphora", "id": "21"}, {"type": "iof_isPossessor", "id": "20"}], "affected_by_negation": "no", "inip": "0", "analysis_list": [{"lemma": "Tom", "tag": "GNMS3S--", "original_form": "Tom"}, {"lemma": "tom", "tag": "GNMS3S--", "original_form": "Tom"}, {"lemma": "Tom", "tag": "GN-S3S--", "original_form": "Tom"}, {"lemma": "tom", "tag": "GN-S3S--", "original_form": "Tom"}], "type": "phrase", "id": "17"}, {"endp": "7", "style": {"isItalics": "no", "isUnderlined": "no", "isTitle": "no", "isBold": "no"}, "inip": "4", "form": "said", "quote_level": "0", "syntactic_tree_relation_list": [{"type": "iof_isSubject", "id": "17"}, {"type": "iof_isComplement", "id": "22"}, {"type": "iof_isComplement", "id": "23"}], "affected_by_negation": "no", "separation": "1", "analysis_list": [{"lemma": "say", "tag": "VI-S3ASA-N-N8", "sense_id_list": [{"sense_id": "ODENTITY_COMMUNICATION_PROCESS"}, {"sense_id": "ODENTITY_LINGUISTIC_COMMUNICATION"}, {"sense_id": "ODENTITY_PROCESS"}], "original_form": "said"}], "sense_list": [{"info": "sementity/id=ODENTITY_COMMUNICATION_PROCESS@type=Top>Process>ContentBearingProcess>CommunicationProcess\tsemld_list=sumo:Entity", "id": "ODENTITY_COMMUNICATION_PROCESS", "form": "say"}, {"info": "sementity/id=ODENTITY_LINGUISTIC_COMMUNICATION@type=Top>Process>ContentBearingProcess>CommunicationProcess>LinguisticCommunication\tsemld_list=sumo:Entity", "id": "ODENTITY_LINGUISTIC_COMMUNICATION", "form": "say"}, {"info": "sementity/id=ODENTITY_PROCESS@type=Top>Process\tsemld_list=sumo:Entity", "id": "ODENTITY_PROCESS", "form": "say"}], "id": "2"}, {"endp": "9", "style": {"isItalics": "no", "isUnderlined": "no", "isTitle": "no", "isBold": "no"}, "inip": "9", "form": "'", "quote_level": "0", "affected_by_negation": "no", "separation": "1", "analysis_list": [{"lemma": "'", "tag": "1B--", "original_form": "'"}], "id": "3"}, {"endp": "14", "style": {"isItalics": "no", "isUnderlined": "no", "isTitle": "no", "isBold": "no"}, "token_list": [{"endp": "14", "style": {"isItalics": "no", "isUnderlined": "no", "isTitle": "no", "isBold": "no"}, "inip": "10", "form": "Check", "quote_level": "0", "affected_by_negation": "no", "separation": "A", "analysis_list": [{"lemma": "check", "tag": "NC-S-N4", "sense_id_list": [{"sense_id": "4c70f51bb3"}], "original_form": "check"}], "sense_list": [{"info": "sementity/class=class@fiction=nonfiction@id=ODENTITY_PRINTING@type=Top>Product>CulturalProduct>Printing\tsemld_list=sumo:Printing\tsemtheme_list/id=ODTHEME_ECONOMY@type=Top>SocialSciences>Economy", "id": "4c70f51bb3", "form": "check"}], "id": "4"}], "separation": "A", "form": "Check", "quote_level": "0", "head": "4", "affected_by_negation": "no", "inip": "10", "analysis_list": [{"lemma": "check", "tag": "GN-S3---", "original_form": "Check"}], "type": "phrase", "id": "18"}, {"endp": "15", "style": {"isItalics": "no", "isUnderlined": "no", "isTitle": "no", "isBold": "no"}, "inip": "15", "form": "'", "quote_level": "0", "affected_by_negation": "no", "separation": "A", "analysis_list": [{"lemma": "'", "tag": "1B--", "original_form": "'"}], "id": "5"}, {"endp": "24", "style": {"isItalics": "no", "isUnderlined": "no", "isTitle": "no", "isBold": "no"}, "token_list": [{"endp": "18", "style": {"isItalics": "no", "isUnderlined": "no", "isTitle": "no", "isBold": "no"}, "inip": "17", "form": "to", "quote_level": "0", "affected_by_negation": "no", "separation": "1", "analysis_list": [{"lemma": "to", "tag": "YN6", "original_form": "to"}], "id": "6"}, {"endp": "24", "style": {"isItalics": "no", "isUnderlined": "no", "isTitle": "no", "isBold": "no"}, "token_list": [{"endp": "24", "style": {"isItalics": "no", "isUnderlined": "no", "isTitle": "no", "isBold": "no"}, "inip": "20", "form": "Ralph", "quote_level": "0", "affected_by_negation": "no", "separation": "1", "analysis_list": [{"lemma": "Ralph", "tag": "NPMS-N-", "sense_id_list": [{"sense_id": "4010f7fda4"}], "original_form": "Ralph"}], "sense_list": [{"info": "sementity/class=instance@fiction=nonfiction@id=ODENTITY_FIRST_NAME@type=Top>Person>FirstName\tsemld_list=sumo:FirstName", "id": "4010f7fda4", "form": "Ralph"}], "id": "7"}], "separation": "1", "form": "Ralph", "quote_level": "0", "head": "7", "affected_by_negation": "no", "inip": "20", "analysis_list": [{"lemma": "Ralph", "tag": "GNMS3---", "original_form": "Ralph"}], "type": "phrase", "id": "19"}], "separation": "1", "form": "to Ralph", "quote_level": "0", "head": "6", "syntactic_tree_relation_list": [{"type": "isComplement", "id": "2"}], "affected_by_negation": "no", "inip": "17", "analysis_list": [{"lemma": "to", "tag": "GY---C--", "original_form": "to Ralph"}], "type": "phrase", "id": "22"}, {"endp": "47", "style": {"isItalics": "no", "isUnderlined": "no", "isTitle": "no", "isBold": "no"}, "token_list": [{"endp": "27", "style": {"isItalics": "no", "isUnderlined": "no", "isTitle": "no", "isBold": "no"}, "inip": "26", "form": "as", "quote_level": "0", "affected_by_negation": "no", "separation": "1", "analysis_list": [{"lemma": "as", "tag": "CSCN7", "original_form": "as"}, {"lemma": "as", "tag": "CSPN7", "original_form": "as"}, {"lemma": "as", "tag": "CSIN7", "original_form": "as"}], "id": "8"}, {"endp": "30", "style": {"isItalics": "no", "isUnderlined": "no", "isTitle": "no", "isBold": "no"}, "token_list": [{"endp": "30", "style": {"isItalics": "no", "isUnderlined": "no", "isTitle": "no", "isBold": "no"}, "inip": "29", "form": "he", "quote_level": "0", "affected_by_negation": "no", "separation": "1", "analysis_list": [{"lemma": "he", "tag": "PPMS3NN8", "sense_id_list": [{"sense_id": "PRONHUMAN"}], "original_form": "he"}], "sense_list": [{"info": "semhum=human", "id": "PRONHUMAN", "form": "he"}], "id": "9"}], "separation": "1", "form": "he", "quote_level": "0", "head": "9", "syntactic_tree_relation_list": [{"type": "isAnaphora", "id": "17"}, {"type": "isSubject", "id": "10"}], "affected_by_negation": "no", "inip": "29", "analysis_list": [{"lemma": "he", "tag": "GNMS3S--", "original_form": "he"}], "type": "phrase", "id": "21"}, {"endp": "36", "style": {"isItalics": "no", "isUnderlined": "no", "isTitle": "no", "isBold": "no"}, "inip": "32", "form": "moved", "quote_level": "0", "syntactic_tree_relation_list": [{"type": "iof_isSubject", "id": "21"}, {"type": "iof_isDirectObject", "id": "20"}], "affected_by_negation": "no", "separation": "1", "analysis_list": [{"lemma": "move", "tag": "VI-UUASA-N-N5", "sense_id_list": [{"sense_id": "ODENTITY_BODY_MOTION"}, {"sense_id": "ODENTITY_COMMUNICATION_PROCESS"}, {"sense_id": "ODENTITY_CONTENT_DEVELOPMENT"}, {"sense_id": "ODENTITY_GAME"}, {"sense_id": "ODENTITY_INTENTIONAL_PROCESS"}, {"sense_id": "ODENTITY_INTENTIONAL_PSYCHOLOGICAL_PROCESS"}, {"sense_id": "ODENTITY_MOTION"}, {"sense_id": "ODENTITY_ORGANIZATIONAL_PROCESS"}, {"sense_id": "ODENTITY_PROCESS"}, {"sense_id": "ODENTITY_TRANSACTION"}, {"sense_id": "ODENTITY_SOCIAL_INTERACTION"}, {"sense_id": "ODENTITY_TRANSFER"}], "original_form": "moved"}], "sense_list": [{"info": "sementity/id=ODENTITY_BODY_MOTION@type=Top>Process>Motion>BodyMotion\tsemld_list=sumo:Entity", "id": "ODENTITY_BODY_MOTION", "form": "move"}, {"info": "sementity/id=ODENTITY_COMMUNICATION_PROCESS@type=Top>Process>ContentBearingProcess>CommunicationProcess\tsemld_list=sumo:Entity", "id": "ODENTITY_COMMUNICATION_PROCESS", "form": "move"}, {"info": "sementity/id=ODENTITY_CONTENT_DEVELOPMENT@type=Top>Process>IntentionalProcess>ContentDevelopment\tsemld_list=sumo:IntentionalProcess", "id": "ODENTITY_CONTENT_DEVELOPMENT", "form": "move"}, {"info": "sementity/id=ODENTITY_GAME@type=Top>Product>CulturalProduct>Game\tsemld_list=sumo:CulturalProduct", "id": "ODENTITY_GAME", "form": "move"}, {"info": "sementity/id=ODENTITY_INTENTIONAL_PROCESS@type=Top>Process>IntentionalProcess\tsemld_list=sumo:IntentionalProcess", "id": "ODENTITY_INTENTIONAL_PROCESS", "form": "move"}, {"info": "sementity/id=ODENTITY_INTENTIONAL_PSYCHOLOGICAL_PROCESS@type=Top>Process>IntentionalProcess>IntentionalPsychologicalProcess\tsemld_list=sumo:IntentionalProcess", "id": "ODENTITY_INTENTIONAL_PSYCHOLOGICAL_PROCESS", "form": "move"}, {"info": "sementity/id=ODENTITY_MOTION@type=Top>Process>Motion\tsemld_list=sumo:Entity", "id": "ODENTITY_MOTION", "form": "move"}, {"info": "sementity/id=ODENTITY_ORGANIZATIONAL_PROCESS@type=Top>Process>IntentionalProcess>OrganizationalProcess\tsemld_list=sumo:IntentionalProcess", "id": "ODENTITY_ORGANIZATIONAL_PROCESS", "form": "move"}, {"info": "sementity/id=ODENTITY_PROCESS@type=Top>Process\tsemld_list=sumo:Entity", "id": "ODENTITY_PROCESS", "form": "move"}, {"info": "sementity/id=ODENTITY_SOCIAL_INTERACTION@type=Top>Process>IntentionalProcess>SocialInteraction\tsemld_list=sumo:IntentionalProcess", "id": "ODENTITY_SOCIAL_INTERACTION", "form": "move"}, {"info": "sementity/id=ODENTITY_TRANSACTION@type=Top>Process>DualObjectProcess>Transaction\tsemld_list=sumo:Entity", "id": "ODENTITY_TRANSACTION", "form": "move"}, {"info": "sementity/id=ODENTITY_TRANSFER@type=Top>Process>Motion>Translocation>Transfer\tsemld_list=sumo:Entity", "id": "ODENTITY_TRANSFER", "form": "move"}], "id": "10"}, {"endp": "47", "style": {"isItalics": "no", "isUnderlined": "no", "isTitle": "no", "isBold": "no"}, "token_list": [{"endp": "40", "style": {"isItalics": "no", "isUnderlined": "no", "isTitle": "no", "isBold": "no"}, "inip": "38", "form": "his", "quote_level": "0", "affected_by_negation": "no", "separation": "1", "analysis_list": [{"lemma": "his", "tag": "SD-SMS3N5", "sense_id_list": [{"sense_id": "PRONHUMAN"}], "original_form": "his"}], "sense_list": [{"info": "semhum=human", "id": "PRONHUMAN", "form": "his"}], "id": "11"}, {"endp": "47", "style": {"isItalics": "no", "isUnderlined": "no", "isTitle": "no", "isBold": "no"}, "inip": "42", "form": "bishop", "quote_level": "0", "affected_by_negation": "no", "separation": "1", "analysis_list": [{"lemma": "bishop", "tag": "NC-S-N5", "sense_id_list": [{"sense_id": "a28938c5e4"}], "original_form": "bishop"}], "sense_list": [{"info": "sementity/class=class@fiction=nonfiction@id=ODENTITY_TITLE@type=Top>OtherEntity>Title\tsemld_list=sumo:Title\tsemtheme_list/id=ODTHEME_RELIGION@type=Top>Society>Religion", "id": "a28938c5e4", "form": "bishop"}], "id": "12"}], "separation": "1", "form": "his bishop", "quote_level": "0", "head": "12", "syntactic_tree_relation_list": [{"type": "isPossessor", "id": "17"}, {"type": "isDirectObject", "id": "10"}], "affected_by_negation": "no", "inip": "38", "analysis_list": [{"lemma": "bishop", "tag": "GN-S3D--", "original_form": "his bishop"}], "type": "phrase", "id": "20"}], "separation": "1", "form": "as he moved his bishop", "quote_level": "0", "syntactic_tree_relation_list": [{"type": "isComplement", "id": "2"}], "affected_by_negation": "no", "inip": "26", "analysis_list": [{"lemma": "*", "tag": "ZE---CIA----", "original_form": "as he moved his bishop"}], "type": "phrase", "id": "23"}], "separation": "_", "form": "Tom said 'Check' to Ralph as he moved his bishop", "quote_level": "0", "affected_by_negation": "no", "inip": "0", "analysis_list": [{"lemma": "*", "tag": "Z-----------", "original_form": "Tom said 'Check' to Ralph as he moved his bishop"}], "type": "phrase", "id": "24"}, {"endp": "48", "style": {"isItalics": "no", "isUnderlined": "no", "isTitle": "no", "isBold": "no"}, "inip": "48", "form": ".", "quote_level": "0", "affected_by_negation": "no", "separation": "A", "analysis_list": [{"lemma": ".", "tag": "1D--", "original_form": "."}], "id": "13"}], "inip": "0", "quote_level": "0", "affected_by_negation": "no", "separation": "A", "type": "sentence", "id": "15"}]}