{"status": {"msg": "OK", "credits": "1", "remaining_credits": "39718", "code": "0"}, "token_list": [{"endp": "78", "style": {"isItalics": "no", "isUnderlined": "no", "isTitle": "no", "isBold": "no"}, "token_list": [{"endp": "77", "style": {"isItalics": "no", "isUnderlined": "no", "isTitle": "no", "isBold": "no"}, "token_list": [{"endp": "8", "style": {"isItalics": "no", "isUnderlined": "no", "isTitle": "no", "isBold": "no"}, "token_list": [{"endp": "1", "style": {"isItalics": "no", "isUnderlined": "no", "isTitle": "no", "isBold": "no"}, "inip": "0", "form": "As", "quote_level": "0", "affected_by_negation": "no", "separation": "_", "analysis_list": [{"lemma": "as", "tag": "YN7", "original_form": "as"}], "id": "1"}, {"endp": "8", "style": {"isItalics": "no", "isUnderlined": "no", "isTitle": "no", "isBold": "no"}, "token_list": [{"endp": "8", "style": {"isItalics": "no", "isUnderlined": "no", "isTitle": "no", "isBold": "no"}, "inip": "3", "form": "Andrea", "quote_level": "0", "affected_by_negation": "no", "separation": "1", "analysis_list": [{"lemma": "Andrea", "tag": "NPFS-N-", "sense_id_list": [{"sense_id": "c8300e5ee1"}], "original_form": "Andrea"}], "sense_list": [{"info": "sementity/class=instance@fiction=nonfiction@id=ODENTITY_FIRST_NAME@type=Top>Person>FirstName\tsemld_list=sumo:FirstName", "id": "c8300e5ee1", "form": "Andrea"}], "id": "2"}], "separation": "1", "form": "Andrea", "quote_level": "0", "head": "2", "affected_by_negation": "no", "inip": "3", "analysis_list": [{"lemma": "Andrea", "tag": "GNFS3---", "original_form": "Andrea"}], "type": "phrase", "id": "24"}], "separation": "_", "form": "As Andrea", "quote_level": "0", "head": "1", "syntactic_tree_relation_list": [{"type": "isComplement", "id": "7"}, {"type": "isSubject", "id": "7"}], "affected_by_negation": "no", "inip": "0", "analysis_list": [{"lemma": "as", "tag": "GY---C--", "original_form": "As Andrea"}], "type": "phrase", "id": "31"}, {"endp": "27", "style": {"isItalics": "no", "isUnderlined": "no", "isTitle": "no", "isBold": "no"}, "token_list": [{"endp": "11", "style": {"isItalics": "no", "isUnderlined": "no", "isTitle": "no", "isBold": "no"}, "inip": "10", "form": "in", "quote_level": "0", "affected_by_negation": "no", "separation": "1", "analysis_list": [{"lemma": "in", "tag": "YN6", "original_form": "in"}], "id": "3"}, {"endp": "27", "style": {"isItalics": "no", "isUnderlined": "no", "isTitle": "no", "isBold": "no"}, "token_list": [{"endp": "15", "style": {"isItalics": "no", "isUnderlined": "no", "isTitle": "no", "isBold": "no"}, "inip": "13", "form": "the", "quote_level": "0", "affected_by_negation": "no", "separation": "1", "analysis_list": [{"lemma": "the", "tag": "TD-SN9", "original_form": "the"}], "id": "4"}, {"endp": "20", "style": {"isItalics": "no", "isUnderlined": "no", "isTitle": "no", "isBold": "no"}, "inip": "17", "form": "crop", "quote_level": "0", "affected_by_negation": "no", "separation": "1", "analysis_list": [{"lemma": "crop", "tag": "NC-S-N2", "sense_id_list": [{"sense_id": "d9f79e4de3"}, {"sense_id": "4b1d2a6aea"}], "original_form": "crop"}], "sense_list": [{"info": "sementity/class=class@fiction=nonfiction@id=ODENTITY_FOOD@type=Top>Product>Food\tsemld_list=sumo:PreparedFood\tsemtheme_list/id=ODTHEME_AGRICULTURE@type=Top>Technology>Agriculture", "id": "4b1d2a6aea", "form": "crop"}, {"info": "sementity/class=class@fiction=nonfiction@id=ODENTITY_BODY_PART@type=Top>LivingThing>BodyPart\tsemld_list=sumo:Organism\tsemtheme_list/id=ODTHEME_ZOOLOGY@type=Top>NaturalSciences>Zoology", "id": "d9f79e4de3", "form": "crop"}], "id": "5"}, {"endp": "27", "style": {"isItalics": "no", "isUnderlined": "no", "isTitle": "no", "isBold": "no"}, "inip": "22", "form": "duster", "quote_level": "0", "affected_by_negation": "no", "separation": "1", "analysis_list": [{"lemma": "duster", "tag": "NC-S-N-", "sense_id_list": [{"sense_id": "ac3a65a59b"}], "original_form": "duster"}], "sense_list": [{"info": "sementity/class=class@fiction=nonfiction@id=ODENTITY_PRODUCT@type=Top>Product\tsemld_list=sumo:Artifact", "id": "ac3a65a59b", "form": "duster"}], "id": "6"}], "separation": "1", "form": "the crop duster", "quote_level": "0", "head": "6", "affected_by_negation": "no", "inip": "13", "analysis_list": [{"lemma": "duster", "tag": "GN-S3---", "original_form": "the crop duster"}], "type": "phrase", "id": "25"}], "separation": "1", "form": "in the crop duster", "quote_level": "0", "head": "3", "syntactic_tree_relation_list": [{"type": "isComplement", "id": "7"}], "affected_by_negation": "no", "inip": "10", "analysis_list": [{"lemma": "in", "tag": "GY---C--", "original_form": "in the crop duster"}], "type": "phrase", "id": "30"}, {"endp": "34", "style": {"isItalics": "no", "isUnderlined": "no", "isTitle": "no", "isBold": "no"}, "inip": "29", "form": "passed", "quote_level": "0", "syntactic_tree_relation_list": [{"type": "iof_isComplement", "id": "31"}, {"type": "iof_isSubject", "id": "31"}, {"type": "iof_isComplement", "id": "30"}, {"type": "iof_isComplement", "id": "29"}], "affected_by_negation": "no", "separation": "1", "analysis_list": [{"lemma": "pass", "tag": "VP---ASA-N-N4", "sense_id_list": [{"sense_id": "ODENTITY_BODY_MOTION"}, {"sense_id": "ODENTITY_CHANGE_OF_POSSESSION"}, {"sense_id": "ODENTITY_COMMUNICATION_PROCESS"}, {"sense_id": "ODENTITY_BIOLOGICAL_PROCESS"}, {"sense_id": "ODENTITY_DECREASING"}, {"sense_id": "ODENTITY_TRANSFER"}, {"sense_id": "ODENTITY_MOTION"}, {"sense_id": "ODENTITY_PROCESS"}, {"sense_id": "ODENTITY_INTENTIONAL_PROCESS"}, {"sense_id": "ODENTITY_LINGUISTIC_COMMUNICATION"}], "original_form": "passed"}, {"lemma": "pass", "tag": "VI-UUASA-N-N4", "sense_id_list": [{"sense_id": "ODENTITY_BODY_MOTION"}, {"sense_id": "ODENTITY_CHANGE_OF_POSSESSION"}, {"sense_id": "ODENTITY_COMMUNICATION_PROCESS"}, {"sense_id": "ODENTITY_BIOLOGICAL_PROCESS"}, {"sense_id": "ODENTITY_DECREASING"}, {"sense_id": "ODENTITY_TRANSFER"}, {"sense_id": "ODENTITY_MOTION"}, {"sense_id": "ODENTITY_PROCESS"}, {"sense_id": "ODENTITY_INTENTIONAL_PROCESS"}, {"sense_id": "ODENTITY_LINGUISTIC_COMMUNICATION"}], "original_form": "passed"}], "sense_list": [{"info": "sementity/id=ODENTITY_BIOLOGICAL_PROCESS@type=Top>Process>InternalChange>BiologicalProcess\tsemld_list=sumo:Entity", "id": "ODENTITY_BIOLOGICAL_PROCESS", "form": "pass"}, {"info": "sementity/id=ODENTITY_BODY_MOTION@type=Top>Process>Motion>BodyMotion\tsemld_list=sumo:Entity", "id": "ODENTITY_BODY_MOTION", "form": "pass"}, {"info": "sementity/id=ODENTITY_CHANGE_OF_POSSESSION@type=Top>Process>IntentionalProcess>SocialInteraction>ChangeOfPossession\tsemld_list=sumo:IntentionalProcess", "id": "ODENTITY_CHANGE_OF_POSSESSION", "form": "pass"}, {"info": "sementity/id=ODENTITY_COMMUNICATION_PROCESS@type=Top>Process>ContentBearingProcess>CommunicationProcess\tsemld_list=sumo:Entity", "id": "ODENTITY_COMMUNICATION_PROCESS", "form": "pass"}, {"info": "sementity/id=ODENTITY_DECREASING@type=Top>Process>InternalChange>QuantityChange>Decreasing\tsemld_list=sumo:Entity", "id": "ODENTITY_DECREASING", "form": "pass"}, {"info": "sementity/id=ODENTITY_INTENTIONAL_PROCESS@type=Top>Process>IntentionalProcess\tsemld_list=sumo:IntentionalProcess", "id": "ODENTITY_INTENTIONAL_PROCESS", "form": "pass"}, {"info": "sementity/id=ODENTITY_LINGUISTIC_COMMUNICATION@type=Top>Process>ContentBearingProcess>CommunicationProcess>LinguisticCommunication\tsemld_list=sumo:Entity", "id": "ODENTITY_LINGUISTIC_COMMUNICATION", "form": "pass"}, {"info": "sementity/id=ODENTITY_MOTION@type=Top>Process>Motion\tsemld_list=sumo:Entity", "id": "ODENTITY_MOTION", "form": "pass"}, {"info": "sementity/id=ODENTITY_PROCESS@type=Top>Process\tsemld_list=sumo:Entity", "id": "ODENTITY_PROCESS", "form": "pass"}, {"info": "sementity/id=ODENTITY_TRANSFER@type=Top>Process>Motion>Translocation>Transfer\tsemld_list=sumo:Entity", "id": "ODENTITY_TRANSFER", "form": "pass"}], "id": "7"}, {"endp": "45", "style": {"isItalics": "no", "isUnderlined": "no", "isTitle": "no", "isBold": "no"}, "token_list": [{"endp": "39", "style": {"isItalics": "no", "isUnderlined": "no", "isTitle": "no", "isBold": "no"}, "inip": "36", "form": "over", "quote_level": "0", "affected_by_negation": "no", "separation": "1", "analysis_list": [{"lemma": "over", "tag": "YN4", "original_form": "over"}], "id": "8"}, {"endp": "45", "style": {"isItalics": "no", "isUnderlined": "no", "isTitle": "no", "isBold": "no"}, "token_list": [{"endp": "45", "style": {"isItalics": "no", "isUnderlined": "no", "isTitle": "no", "isBold": "no"}, "inip": "41", "form": "Susan", "quote_level": "0", "affected_by_negation": "no", "separation": "1", "analysis_list": [{"lemma": "Susan", "tag": "NPFS-N-", "sense_id_list": [{"sense_id": "f7c08a2cbb"}], "original_form": "Susan"}, {"lemma": "Susan", "tag": "NP-S-N-", "sense_id_list": [{"sense_id": "a63c714954"}], "original_form": "Susan"}], "sense_list": [{"info": "sementity/class=instance@fiction=nonfiction@id=ODENTITY_RIVER@type=Top>Location>GeographicalEntity>WaterForm>River\tsemld_list=sumo:River", "id": "a63c714954", "form": "Susan"}, {"info": "sementity/class=instance@fiction=nonfiction@id=ODENTITY_FIRST_NAME@type=Top>Person>FirstName\tsemld_list=sumo:FirstName", "id": "f7c08a2cbb", "form": "Susan"}], "id": "9"}], "separation": "1", "form": "Susan", "quote_level": "0", "head": "9", "affected_by_negation": "no", "inip": "41", "analysis_list": [{"lemma": "Susan", "tag": "GNFS3---", "original_form": "Susan"}, {"lemma": "Susan", "tag": "GN-S3---", "original_form": "Susan"}], "type": "phrase", "id": "26"}], "separation": "1", "form": "over Susan", "quote_level": "0", "head": "8", "syntactic_tree_relation_list": [{"type": "isComplement", "id": "7"}, {"type": "iof_isAnaphora", "id": "28"}], "affected_by_negation": "no", "inip": "36", "analysis_list": [{"lemma": "over", "tag": "GY---C--", "original_form": "over Susan"}], "type": "phrase", "id": "29"}, {"endp": "46", "style": {"isItalics": "no", "isUnderlined": "no", "isTitle": "no", "isBold": "no"}, "inip": "46", "form": ",", "quote_level": "0", "affected_by_negation": "no", "separation": "A", "analysis_list": [{"lemma": ",", "tag": "1D--", "original_form": ","}], "id": "10"}, {"endp": "50", "style": {"isItalics": "no", "isUnderlined": "no", "isTitle": "no", "isBold": "no"}, "token_list": [{"endp": "50", "style": {"isItalics": "no", "isUnderlined": "no", "isTitle": "no", "isBold": "no"}, "inip": "48", "form": "she", "quote_level": "0", "affected_by_negation": "no", "separation": "1", "analysis_list": [{"lemma": "she", "tag": "PPFS3NN8", "sense_id_list": [{"sense_id": "PRONHUMAN"}], "original_form": "she"}], "sense_list": [{"info": "semhum=human", "id": "PRONHUMAN", "form": "she"}], "id": "11"}], "separation": "1", "form": "she", "quote_level": "0", "head": "11", "syntactic_tree_relation_list": [{"type": "isAnaphora", "id": "29"}, {"type": "isSubject", "id": "19"}], "affected_by_negation": "no", "inip": "48", "analysis_list": [{"lemma": "she", "tag": "GNFS3S--", "original_form": "she"}], "type": "phrase", "id": "28"}, {"endp": "60", "style": {"isItalics": "no", "isUnderlined": "no", "isTitle": "no", "isBold": "no"}, "separation": "1", "form": "could see", "quote_level": "0", "head": "12", "syntactic_tree_relation_list": [{"type": "iof_isSubject", "id": "28"}, {"type": "iof_isDirectObject", "id": "27"}], "affected_by_negation": "no", "inip": "52", "analysis_list": [{"lemma": "see", "tag": "VW-S3OSA-N-N7", "original_form": "could see"}], "type": "multiword", "id": "19"}, {"endp": "77", "style": {"isItalics": "no", "isUnderlined": "no", "isTitle": "no", "isBold": "no"}, "token_list": [{"endp": "64", "style": {"isItalics": "no", "isUnderlined": "no", "isTitle": "no", "isBold": "no"}, "inip": "62", "form": "the", "quote_level": "0", "affected_by_negation": "no", "separation": "1", "analysis_list": [{"lemma": "the", "tag": "TD-SN9", "original_form": "the"}], "id": "14"}, {"endp": "72", "style": {"isItalics": "no", "isUnderlined": "no", "isTitle": "no", "isBold": "no"}, "inip": "66", "form": "landing", "quote_level": "0", "affected_by_negation": "no", "separation": "1", "analysis_list": [{"lemma": "landing", "tag": "NC-S-N4", "sense_id_list": [{"sense_id": "0f8ca3834a"}, {"sense_id": "cc35f3f0e5"}, {"sense_id": "ae8c063ad0"}], "original_form": "landing"}], "sense_list": [{"info": "sementity/class=class@fiction=nonfiction@id=ODENTITY_EVENT@type=Top>Event\tsemld_list=sumo:Meeting", "id": "0f8ca3834a", "form": "landing"}, {"info": "sementity/class=class@fiction=nonfiction@id=ODENTITY_LOCATION@type=Top>Location\tsemld_list=sumo:Region", "id": "ae8c063ad0", "form": "landing"}, {"info": "sementity/class=class@fiction=nonfiction@id=ODENTITY_FACILITY_PART@type=Top>Location>Facility>FacilityPart\tsemld_list=sumo:FacilityPartOther", "id": "cc35f3f0e5", "form": "landing"}], "id": "15"}, {"endp": "77", "style": {"isItalics": "no", "isUnderlined": "no", "isTitle": "no", "isBold": "no"}, "inip": "74", "form": "gear", "quote_level": "0", "affected_by_negation": "no", "separation": "1", "analysis_list": [{"lemma": "gear", "tag": "NC-S-N4", "original_form": "gear"}], "id": "16"}], "separation": "1", "form": "the landing gear", "quote_level": "0", "head": "16", "syntactic_tree_relation_list": [{"type": "isDirectObject", "id": "19"}], "affected_by_negation": "no", "inip": "62", "analysis_list": [{"lemma": "gear", "tag": "GN-S3D--", "original_form": "the landing gear"}], "type": "phrase", "id": "27"}], "separation": "_", "form": "As Andrea in the crop duster passed over Susan, she could see the landing gear", "quote_level": "0", "affected_by_negation": "no", "inip": "0", "analysis_list": [{"lemma": "*", "tag": "Z-----------", "original_form": "As Andrea in the crop duster passed over Susan, she could see the landing gear"}], "type": "phrase", "id": "32"}, {"endp": "78", "style": {"isItalics": "no", "isUnderlined": "no", "isTitle": "no", "isBold": "no"}, "inip": "78", "form": ".", "quote_level": "0", "affected_by_negation": "no", "separation": "A", "analysis_list": [{"lemma": ".", "tag": "1D--", "original_form": "."}], "id": "17"}], "inip": "0", "quote_level": "0", "affected_by_negation": "no", "separation": "A", "type": "sentence", "id": "20"}]}