{"status": {"msg": "OK", "credits": "1", "remaining_credits": "39716", "code": "0"}, "token_list": [{"endp": "58", "style": {"isItalics": "no", "isUnderlined": "no", "isTitle": "no", "isBold": "no"}, "token_list": [{"endp": "57", "style": {"isItalics": "no", "isUnderlined": "no", "isTitle": "no", "isBold": "no"}, "token_list": [{"endp": "2", "style": {"isItalics": "no", "isUnderlined": "no", "isTitle": "no", "isBold": "no"}, "token_list": [{"endp": "2", "style": {"isItalics": "no", "isUnderlined": "no", "isTitle": "no", "isBold": "no"}, "inip": "0", "form": "Tom", "quote_level": "0", "affected_by_negation": "no", "separation": "_", "analysis_list": [{"lemma": "Tom", "tag": "NPMS-N-", "sense_id_list": [{"sense_id": "0205a84069"}], "original_form": "Tom"}, {"lemma": "tom", "tag": "NC-S-N-", "original_form": "tom"}], "sense_list": [{"info": "sementity/class=instance@fiction=nonfiction@id=ODENTITY_FIRST_NAME@type=Top>Person>FirstName\tsemld_list=sumo:FirstName", "id": "0205a84069", "form": "Tom"}], "id": "1"}], "separation": "_", "form": "Tom", "quote_level": "0", "head": "1", "syntactic_tree_relation_list": [{"type": "isSubject", "id": "2"}], "affected_by_negation": "no", "inip": "0", "analysis_list": [{"lemma": "Tom", "tag": "GNMS3S--", "original_form": "Tom"}, {"lemma": "tom", "tag": "GNMS3S--", "original_form": "Tom"}, {"lemma": "Tom", "tag": "GN-S3S--", "original_form": "Tom"}, {"lemma": "tom", "tag": "GN-S3S--", "original_form": "Tom"}], "type": "phrase", "id": "22"}, {"endp": "7", "style": {"isItalics": "no", "isUnderlined": "no", "isTitle": "no", "isBold": "no"}, "inip": "4", "form": "gave", "quote_level": "0", "syntactic_tree_relation_list": [{"type": "iof_isSubject", "id": "22"}, {"type": "iof_isDirectObject", "id": "23"}, {"type": "iof_isDirectObject", "id": "24"}], "affected_by_negation": "no", "separation": "1", "analysis_list": [{"lemma": "give", "tag": "VI-S3ASA-N-N7", "original_form": "gave"}], "id": "2"}, {"endp": "13", "style": {"isItalics": "no", "isUnderlined": "no", "isTitle": "no", "isBold": "no"}, "token_list": [{"endp": "13", "style": {"isItalics": "no", "isUnderlined": "no", "isTitle": "no", "isBold": "no"}, "inip": "9", "form": "Ralph", "quote_level": "0", "affected_by_negation": "no", "separation": "1", "analysis_list": [{"lemma": "Ralph", "tag": "NPMS-N-", "sense_id_list": [{"sense_id": "4010f7fda4"}], "original_form": "Ralph"}], "sense_list": [{"info": "sementity/class=instance@fiction=nonfiction@id=ODENTITY_FIRST_NAME@type=Top>Person>FirstName\tsemld_list=sumo:FirstName", "id": "4010f7fda4", "form": "Ralph"}], "id": "3"}], "separation": "1", "form": "Ralph", "quote_level": "0", "head": "3", "syntactic_tree_relation_list": [{"type": "isSubject", "id": "19"}, {"type": "isDirectObject", "id": "2"}, {"type": "iof_isAnaphora", "id": "26"}], "affected_by_negation": "no", "inip": "9", "analysis_list": [{"lemma": "Ralph", "tag": "GNMS3D--", "original_form": "Ralph"}], "type": "phrase", "id": "23"}, {"endp": "57", "style": {"isItalics": "no", "isUnderlined": "no", "isTitle": "no", "isBold": "no"}, "token_list": [{"endp": "15", "style": {"isItalics": "no", "isUnderlined": "no", "isTitle": "no", "isBold": "no"}, "inip": "15", "form": "a", "quote_level": "0", "affected_by_negation": "no", "separation": "1", "analysis_list": [{"lemma": "a", "tag": "QD-SPN9", "original_form": "a"}], "id": "4"}, {"endp": "20", "style": {"isItalics": "no", "isUnderlined": "no", "isTitle": "no", "isBold": "no"}, "inip": "17", "form": "lift", "quote_level": "0", "affected_by_negation": "no", "separation": "1", "analysis_list": [{"lemma": "lift", "tag": "NC-S-N4", "sense_id_list": [{"sense_id": "0f23f128b7"}], "original_form": "lift"}], "sense_list": [{"info": "sementity/class=class@fiction=nonfiction@id=ODENTITY_FACILITY@type=Top>Location>Facility\tsemld_list=sumo:FacilityPartOther", "id": "0f23f128b7", "form": "elevator"}], "id": "5"}, {"endp": "57", "style": {"isItalics": "no", "isUnderlined": "no", "isTitle": "no", "isBold": "no"}, "token_list": [{"endp": "30", "style": {"isItalics": "no", "isUnderlined": "no", "isTitle": "no", "isBold": "no"}, "separation": "1", "form": "to school", "quote_level": "0", "head": "7", "syntactic_tree_relation_list": [{"type": "iof_isComplement", "id": "27"}], "affected_by_negation": "no", "inip": "22", "analysis_list": [{"lemma": "school", "tag": "VF---OSA-N-N6", "original_form": "to school"}], "type": "multiword", "id": "25"}, {"endp": "57", "style": {"isItalics": "no", "isUnderlined": "no", "isTitle": "no", "isBold": "no"}, "token_list": [{"endp": "33", "style": {"isItalics": "no", "isUnderlined": "no", "isTitle": "no", "isBold": "no"}, "inip": "32", "form": "so", "quote_level": "0", "affected_by_negation": "no", "separation": "1", "analysis_list": [{"lemma": "so", "tag": "CSLN7", "original_form": "so"}, {"lemma": "so", "tag": "CSFN7", "original_form": "so"}], "id": "8"}, {"endp": "36", "style": {"isItalics": "no", "isUnderlined": "no", "isTitle": "no", "isBold": "no"}, "token_list": [{"endp": "36", "style": {"isItalics": "no", "isUnderlined": "no", "isTitle": "no", "isBold": "no"}, "inip": "35", "form": "he", "quote_level": "0", "affected_by_negation": "no", "separation": "1", "analysis_list": [{"lemma": "he", "tag": "PPMS3NN8", "sense_id_list": [{"sense_id": "PRONHUMAN"}], "original_form": "he"}], "sense_list": [{"info": "semhum=human", "id": "PRONHUMAN", "form": "he"}], "id": "9"}], "separation": "1", "form": "he", "quote_level": "0", "head": "9", "syntactic_tree_relation_list": [{"type": "isAnaphora", "id": "23"}], "affected_by_negation": "no", "inip": "35", "analysis_list": [{"lemma": "he", "tag": "GNMS3---", "original_form": "he"}], "type": "phrase", "id": "26"}, {"endp": "44", "style": {"isItalics": "no", "isUnderlined": "no", "isTitle": "no", "isBold": "no"}, "inip": "38", "form": "would't", "quote_level": "0", "affected_by_negation": "no", "separation": "1", "analysis_list": [{"lemma": "would't", "tag": "K--", "check_info": {"tag": "6"}, "original_form": "would't"}], "id": "18"}, {"endp": "57", "style": {"isItalics": "no", "isUnderlined": "no", "isTitle": "no", "isBold": "no"}, "separation": "1", "form": "have to walk", "quote_level": "0", "head": "13", "syntactic_tree_relation_list": [{"type": "iof_isSubject", "id": "23"}], "affected_by_negation": "no", "inip": "46", "analysis_list": [{"lemma": "have to walk", "tag": "VF---OSA-N-N9", "original_form": "have to walk"}, {"lemma": "have to walk", "tag": "VI-P3PSA-N-N9", "original_form": "have to walk"}, {"lemma": "have to walk", "tag": "VI-U2PSA-N-N9", "original_form": "have to walk"}, {"lemma": "have to walk", "tag": "VI-U1PSA-N-N9", "original_form": "have to walk"}], "type": "multiword", "id": "19"}], "separation": "1", "form": "so he would't have to walk", "quote_level": "0", "syntactic_tree_relation_list": [{"type": "isComplement", "id": "25"}], "affected_by_negation": "no", "inip": "32", "analysis_list": [{"lemma": "*", "tag": "ZE---CFO----", "original_form": "so he would't have to walk"}, {"lemma": "*", "tag": "ZE---CP-----", "original_form": "so he would't have to walk"}, {"lemma": "*", "tag": "ZE---CO-----", "original_form": "so he would't have to walk"}, {"lemma": "*", "tag": "ZE---CP-----", "original_form": "so he would't have to walk"}], "type": "phrase", "id": "27"}], "separation": "1", "form": "to school so he would't have to walk", "quote_level": "0", "affected_by_negation": "no", "inip": "22", "analysis_list": [{"lemma": "*", "tag": "ZN-S3-FO----", "original_form": "to school so he would't have to walk"}], "type": "phrase", "id": "28"}], "separation": "1", "form": "a lift to school so he would't have to walk", "quote_level": "0", "head": "5", "syntactic_tree_relation_list": [{"type": "isDirectObject", "id": "2"}], "affected_by_negation": "no", "inip": "15", "analysis_list": [{"lemma": "lift", "tag": "GN-S3D--", "original_form": "a lift"}], "type": "phrase", "id": "24"}], "separation": "_", "form": "Tom gave Ralph a lift to school so he would't have to walk", "quote_level": "0", "affected_by_negation": "no", "inip": "0", "analysis_list": [{"lemma": "*", "tag": "Z-----------", "original_form": "Tom gave Ralph a lift to school so he would't have to walk"}], "type": "phrase", "id": "29"}, {"endp": "58", "style": {"isItalics": "no", "isUnderlined": "no", "isTitle": "no", "isBold": "no"}, "inip": "58", "form": ".", "quote_level": "0", "affected_by_negation": "no", "separation": "A", "analysis_list": [{"lemma": ".", "tag": "1D--", "original_form": "."}], "id": "16"}], "inip": "0", "quote_level": "0", "affected_by_negation": "no", "separation": "A", "type": "sentence", "id": "20"}]}