{"status": {"msg": "OK", "credits": "1", "remaining_credits": "39921", "code": "0"}, "token_list": [{"endp": "73", "style": {"isItalics": "no", "isUnderlined": "no", "isTitle": "no", "isBold": "no"}, "token_list": [{"endp": "73", "style": {"isItalics": "no", "isUnderlined": "no", "isTitle": "no", "isBold": "no"}, "token_list": [{"endp": "2", "style": {"isItalics": "no", "isUnderlined": "no", "isTitle": "no", "isBold": "no"}, "token_list": [{"endp": "2", "style": {"isItalics": "no", "isUnderlined": "no", "isTitle": "no", "isBold": "no"}, "inip": "0", "form": "Tom", "quote_level": "0", "affected_by_negation": "no", "separation": "_", "analysis_list": [{"lemma": "Tom", "tag": "NPMS-N-", "sense_id_list": [{"sense_id": "0205a84069"}], "original_form": "Tom"}, {"lemma": "tom", "tag": "NC-S-N-", "original_form": "tom"}], "sense_list": [{"info": "sementity/class=instance@fiction=nonfiction@id=ODENTITY_FIRST_NAME@type=Top>Person>FirstName\tsemld_list=sumo:FirstName", "id": "0205a84069", "form": "Tom"}], "id": "1"}], "separation": "_", "form": "Tom", "quote_level": "0", "head": "1", "syntactic_tree_relation_list": [{"type": "isSubject", "id": "2"}, {"type": "iof_isPossessor", "id": "21"}, {"type": "iof_isAnaphora", "id": "25"}], "affected_by_negation": "no", "inip": "0", "analysis_list": [{"lemma": "Tom", "tag": "GNMS3S--", "original_form": "Tom"}, {"lemma": "tom", "tag": "GNMS3S--", "original_form": "Tom"}, {"lemma": "Tom", "tag": "GN-S3S--", "original_form": "Tom"}, {"lemma": "tom", "tag": "GN-S3S--", "original_form": "Tom"}], "type": "phrase", "id": "20"}, {"endp": "8", "style": {"isItalics": "no", "isUnderlined": "no", "isTitle": "no", "isBold": "no"}, "inip": "4", "form": "threw", "quote_level": "0", "syntactic_tree_relation_list": [{"type": "iof_isSubject", "id": "20"}, {"type": "iof_isDirectObject", "id": "21"}, {"type": "iof_isTimeComplement", "id": "28"}], "affected_by_negation": "no", "separation": "1", "analysis_list": [{"lemma": "throw", "tag": "VI-S3ASA-N-N5", "sense_id_list": [{"sense_id": "ODENTITY_COMMUNICATION_PROCESS"}, {"sense_id": "ODENTITY_TRANSFER"}, {"sense_id": "ODENTITY_INTENTIONAL_PROCESS"}, {"sense_id": "ODENTITY_INTENTIONAL_PSYCHOLOGICAL_PROCESS"}, {"sense_id": "ODENTITY_MAKING"}, {"sense_id": "ODENTITY_PROCESS"}, {"sense_id": "ODENTITY_TRANSLOCATION"}, {"sense_id": "ODENTITY_SOCIAL_INTERACTION"}], "original_form": "threw"}], "sense_list": [{"info": "sementity/id=ODENTITY_COMMUNICATION_PROCESS@type=Top>Process>ContentBearingProcess>CommunicationProcess\tsemld_list=sumo:Entity", "id": "ODENTITY_COMMUNICATION_PROCESS", "form": "throw"}, {"info": "sementity/id=ODENTITY_INTENTIONAL_PROCESS@type=Top>Process>IntentionalProcess\tsemld_list=sumo:IntentionalProcess", "id": "ODENTITY_INTENTIONAL_PROCESS", "form": "throw"}, {"info": "sementity/id=ODENTITY_INTENTIONAL_PSYCHOLOGICAL_PROCESS@type=Top>Process>IntentionalProcess>IntentionalPsychologicalProcess\tsemld_list=sumo:IntentionalProcess", "id": "ODENTITY_INTENTIONAL_PSYCHOLOGICAL_PROCESS", "form": "throw"}, {"info": "sementity/id=ODENTITY_MAKING@type=Top>Process>IntentionalProcess>Making\tsemld_list=sumo:IntentionalProcess", "id": "ODENTITY_MAKING", "form": "throw"}, {"info": "sementity/id=ODENTITY_PROCESS@type=Top>Process\tsemld_list=sumo:Entity", "id": "ODENTITY_PROCESS", "form": "throw"}, {"info": "sementity/id=ODENTITY_SOCIAL_INTERACTION@type=Top>Process>IntentionalProcess>SocialInteraction\tsemld_list=sumo:IntentionalProcess", "id": "ODENTITY_SOCIAL_INTERACTION", "form": "throw"}, {"info": "sementity/id=ODENTITY_TRANSFER@type=Top>Process>Motion>Translocation>Transfer\tsemld_list=sumo:Entity", "id": "ODENTITY_TRANSFER", "form": "throw"}, {"info": "sementity/id=ODENTITY_TRANSLOCATION@type=Top>Process>Motion>Translocation\tsemld_list=sumo:Entity", "id": "ODENTITY_TRANSLOCATION", "form": "throw"}], "id": "2"}, {"endp": "34", "style": {"isItalics": "no", "isUnderlined": "no", "isTitle": "no", "isBold": "no"}, "token_list": [{"endp": "12", "style": {"isItalics": "no", "isUnderlined": "no", "isTitle": "no", "isBold": "no"}, "inip": "10", "form": "his", "quote_level": "0", "affected_by_negation": "no", "separation": "1", "analysis_list": [{"lemma": "his", "tag": "SD-SMS3N5", "sense_id_list": [{"sense_id": "PRONHUMAN"}], "original_form": "his"}, {"lemma": "his", "tag": "SD-PMS3N5", "sense_id_list": [{"sense_id": "PRONHUMAN"}], "original_form": "his"}], "sense_list": [{"info": "semhum=human", "id": "PRONHUMAN", "form": "his"}], "id": "3"}, {"endp": "22", "style": {"isItalics": "no", "isUnderlined": "no", "isTitle": "no", "isBold": "no"}, "inip": "14", "form": "schoolbag", "quote_level": "0", "affected_by_negation": "no", "separation": "1", "analysis_list": [{"lemma": "schoolbag", "tag": "NCUU-N-", "original_form": "schoolbag"}], "id": "4"}, {"endp": "34", "style": {"isItalics": "no", "isUnderlined": "no", "isTitle": "no", "isBold": "no"}, "token_list": [{"endp": "30", "style": {"isItalics": "no", "isUnderlined": "no", "isTitle": "no", "isBold": "no"}, "inip": "24", "form": "down to", "quote_level": "0", "affected_by_negation": "no", "separation": "1", "analysis_list": [{"lemma": "down to", "tag": "YN-", "original_form": "down to"}], "id": "17"}, {"endp": "34", "style": {"isItalics": "no", "isUnderlined": "no", "isTitle": "no", "isBold": "no"}, "token_list": [{"endp": "34", "style": {"isItalics": "no", "isUnderlined": "no", "isTitle": "no", "isBold": "no"}, "inip": "32", "form": "Ray", "quote_level": "0", "affected_by_negation": "no", "separation": "1", "analysis_list": [{"lemma": "Ray", "tag": "NPUU-N-", "sense_id_list": [{"sense_id": "__9175552645838616830"}], "original_form": "Ray"}], "sense_list": [{"info": "sementity/class=instance@fiction=nonfiction@type=Top>Person@confidence=uncertain", "id": "__9175552645838616830", "form": "Ray"}], "id": "7"}], "separation": "1", "form": "Ray", "quote_level": "0", "head": "7", "affected_by_negation": "no", "inip": "32", "analysis_list": [{"lemma": "Ray", "tag": "GNUU3---", "original_form": "Ray"}], "type": "phrase", "id": "22"}], "separation": "1", "form": "down to Ray", "quote_level": "0", "head": "17", "affected_by_negation": "no", "inip": "24", "analysis_list": [{"lemma": "down to", "tag": "GY------", "original_form": "down to Ray"}], "type": "phrase", "id": "27"}], "separation": "1", "form": "his schoolbag down to Ray", "quote_level": "0", "head": "4", "syntactic_tree_relation_list": [{"type": "isPossessor", "id": "20"}, {"type": "isDirectObject", "id": "2"}], "affected_by_negation": "no", "inip": "10", "analysis_list": [{"lemma": "schoolbag", "tag": "GNUU3D--", "original_form": "his schoolbag"}], "type": "phrase", "id": "21"}, {"endp": "73", "style": {"isItalics": "no", "isUnderlined": "no", "isTitle": "no", "isBold": "no"}, "token_list": [{"endp": "40", "style": {"isItalics": "no", "isUnderlined": "no", "isTitle": "no", "isBold": "no"}, "inip": "36", "form": "after", "quote_level": "0", "affected_by_negation": "no", "separation": "1", "analysis_list": [{"lemma": "after", "tag": "CSCN6", "original_form": "after"}], "id": "8"}, {"endp": "43", "style": {"isItalics": "no", "isUnderlined": "no", "isTitle": "no", "isBold": "no"}, "token_list": [{"endp": "43", "style": {"isItalics": "no", "isUnderlined": "no", "isTitle": "no", "isBold": "no"}, "inip": "42", "form": "he", "quote_level": "0", "affected_by_negation": "no", "separation": "1", "analysis_list": [{"lemma": "he", "tag": "PPMS3NN8", "sense_id_list": [{"sense_id": "PRONHUMAN"}], "original_form": "he"}], "sense_list": [{"info": "semhum=human", "id": "PRONHUMAN", "form": "he"}], "id": "9"}], "separation": "1", "form": "he", "quote_level": "0", "head": "9", "syntactic_tree_relation_list": [{"type": "isAnaphora", "id": "20"}, {"type": "isSubject", "id": "10"}], "affected_by_negation": "no", "inip": "42", "analysis_list": [{"lemma": "he", "tag": "GNMS3S--", "original_form": "he"}], "type": "phrase", "id": "25"}, {"endp": "51", "style": {"isItalics": "no", "isUnderlined": "no", "isTitle": "no", "isBold": "no"}, "inip": "45", "form": "reached", "quote_level": "0", "syntactic_tree_relation_list": [{"type": "iof_isSubject", "id": "25"}, {"type": "iof_isDirectObject", "id": "23"}], "affected_by_negation": "no", "separation": "1", "analysis_list": [{"lemma": "reach", "tag": "VI-UUASA-N-N4", "sense_id_list": [{"sense_id": "ODENTITY_COMMUNICATION_PROCESS"}, {"sense_id": "ODENTITY_TRANSLOCATION"}, {"sense_id": "ODENTITY_CHANGE_OF_POSSESSION"}, {"sense_id": "ODENTITY_INTENTIONAL_PROCESS"}, {"sense_id": "ODENTITY_MOTION"}, {"sense_id": "ODENTITY_PROCESS"}], "original_form": "reached"}], "sense_list": [{"info": "sementity/id=ODENTITY_CHANGE_OF_POSSESSION@type=Top>Process>IntentionalProcess>SocialInteraction>ChangeOfPossession\tsemld_list=sumo:IntentionalProcess", "id": "ODENTITY_CHANGE_OF_POSSESSION", "form": "reach"}, {"info": "sementity/id=ODENTITY_COMMUNICATION_PROCESS@type=Top>Process>ContentBearingProcess>CommunicationProcess\tsemld_list=sumo:Entity", "id": "ODENTITY_COMMUNICATION_PROCESS", "form": "reach"}, {"info": "sementity/id=ODENTITY_INTENTIONAL_PROCESS@type=Top>Process>IntentionalProcess\tsemld_list=sumo:IntentionalProcess", "id": "ODENTITY_INTENTIONAL_PROCESS", "form": "reach"}, {"info": "sementity/id=ODENTITY_MOTION@type=Top>Process>Motion\tsemld_list=sumo:Entity", "id": "ODENTITY_MOTION", "form": "reach"}, {"info": "sementity/id=ODENTITY_PROCESS@type=Top>Process\tsemld_list=sumo:Entity", "id": "ODENTITY_PROCESS", "form": "reach"}, {"info": "sementity/id=ODENTITY_TRANSLOCATION@type=Top>Process>Motion>Translocation\tsemld_list=sumo:Entity", "id": "ODENTITY_TRANSLOCATION", "form": "reach"}], "id": "10"}, {"endp": "73", "style": {"isItalics": "no", "isUnderlined": "no", "isTitle": "no", "isBold": "no"}, "token_list": [{"endp": "55", "style": {"isItalics": "no", "isUnderlined": "no", "isTitle": "no", "isBold": "no"}, "inip": "53", "form": "the", "quote_level": "0", "affected_by_negation": "no", "separation": "1", "analysis_list": [{"lemma": "the", "tag": "TD-SN9", "original_form": "the"}], "id": "11"}, {"endp": "59", "style": {"isItalics": "no", "isUnderlined": "no", "isTitle": "no", "isBold": "no"}, "inip": "57", "form": "top", "quote_level": "0", "affected_by_negation": "no", "separation": "1", "analysis_list": [{"lemma": "top", "tag": "NC-S-N4", "original_form": "top"}], "id": "12"}, {"endp": "73", "style": {"isItalics": "no", "isUnderlined": "no", "isTitle": "no", "isBold": "no"}, "token_list": [{"endp": "62", "style": {"isItalics": "no", "isUnderlined": "no", "isTitle": "no", "isBold": "no"}, "inip": "61", "form": "of", "quote_level": "0", "affected_by_negation": "no", "separation": "1", "analysis_list": [{"lemma": "of", "tag": "YN9", "original_form": "of"}], "id": "13"}, {"endp": "73", "style": {"isItalics": "no", "isUnderlined": "no", "isTitle": "no", "isBold": "no"}, "token_list": [{"endp": "66", "style": {"isItalics": "no", "isUnderlined": "no", "isTitle": "no", "isBold": "no"}, "inip": "64", "form": "the", "quote_level": "0", "affected_by_negation": "no", "separation": "1", "analysis_list": [{"lemma": "the", "tag": "TD-PN9", "original_form": "the"}], "id": "14"}, {"endp": "73", "style": {"isItalics": "no", "isUnderlined": "no", "isTitle": "no", "isBold": "no"}, "inip": "68", "form": "stairs", "quote_level": "0", "affected_by_negation": "no", "separation": "1", "analysis_list": [{"lemma": "stairs", "tag": "NC-P-N-", "sense_id_list": [{"sense_id": "e4372231b1"}], "original_form": "stairs"}, {"lemma": "stair", "tag": "NC-P-N5", "original_form": "stairs"}], "sense_list": [{"info": "sementity/class=class@fiction=nonfiction@id=ODENTITY_PRODUCT@type=Top>Product\tsemld_list=sumo:Artifact", "id": "e4372231b1", "form": "stairs"}], "id": "15"}], "separation": "1", "form": "the stairs", "quote_level": "0", "head": "15", "affected_by_negation": "no", "inip": "64", "analysis_list": [{"lemma": "stair", "tag": "GN-P3---", "original_form": "the stairs"}, {"lemma": "stairs", "tag": "GN-P3---", "original_form": "the stairs"}], "type": "phrase", "id": "24"}], "separation": "1", "form": "of the stairs", "quote_level": "0", "head": "13", "affected_by_negation": "no", "inip": "61", "analysis_list": [{"lemma": "of", "tag": "GY------", "original_form": "of the stairs"}], "type": "phrase", "id": "26"}], "separation": "1", "form": "the top of the stairs", "quote_level": "0", "head": "12", "syntactic_tree_relation_list": [{"type": "isDirectObject", "id": "10"}], "affected_by_negation": "no", "inip": "53", "analysis_list": [{"lemma": "top", "tag": "GN-S3D--", "original_form": "the top"}], "type": "phrase", "id": "23"}], "separation": "1", "form": "after he reached the top of the stairs", "quote_level": "0", "syntactic_tree_relation_list": [{"type": "isTimeComplement", "id": "2"}], "affected_by_negation": "no", "inip": "36", "analysis_list": [{"lemma": "*", "tag": "ZE---TIA----", "original_form": "after he reached the top of the stairs"}], "type": "phrase", "id": "28"}], "separation": "_", "form": "Tom threw his schoolbag down to Ray after he reached the top of the stairs", "quote_level": "0", "affected_by_negation": "no", "inip": "0", "analysis_list": [{"lemma": "*", "tag": "Z-----------", "original_form": "Tom threw his schoolbag down to Ray after he reached the top of the stairs"}], "type": "phrase", "id": "29"}], "inip": "0", "quote_level": "0", "affected_by_negation": "no", "separation": "A", "type": "sentence", "id": "18"}]}