{"status": {"msg": "OK", "credits": "1", "remaining_credits": "39711", "code": "0"}, "token_list": [{"endp": "41", "style": {"isItalics": "no", "isUnderlined": "no", "isTitle": "no", "isBold": "no"}, "token_list": [{"endp": "40", "style": {"isItalics": "no", "isUnderlined": "no", "isTitle": "no", "isBold": "no"}, "token_list": [{"endp": "6", "style": {"isItalics": "no", "isUnderlined": "no", "isTitle": "no", "isBold": "no"}, "token_list": [{"endp": "2", "style": {"isItalics": "no", "isUnderlined": "no", "isTitle": "no", "isBold": "no"}, "inip": "0", "form": "The", "quote_level": "0", "affected_by_negation": "no", "separation": "_", "analysis_list": [{"lemma": "the", "tag": "TD-SN9", "original_form": "the"}], "id": "1"}, {"endp": "6", "style": {"isItalics": "no", "isUnderlined": "no", "isTitle": "no", "isBold": "no"}, "inip": "4", "form": "man", "quote_level": "0", "affected_by_negation": "no", "separation": "1", "analysis_list": [{"lemma": "man", "tag": "NC-S-N7", "sense_id_list": [{"sense_id": "20a218cbdf"}, {"sense_id": "19771675a5"}], "original_form": "man"}], "sense_list": [{"info": "sementity/class=class@fiction=nonfiction@id=ODENTITY_PERSON@type=Top>Person\tsemld_list=sumo:Human", "id": "19771675a5", "form": "man"}, {"info": "sementity/class=class@fiction=nonfiction@id=ODENTITY_PERSON@type=Top>Person\tsemld_list=sumo:Human", "id": "20a218cbdf", "form": "man"}], "id": "2"}], "separation": "_", "form": "The man", "quote_level": "0", "head": "2", "syntactic_tree_relation_list": [{"type": "isSubject", "id": "3"}], "affected_by_negation": "no", "inip": "0", "analysis_list": [{"lemma": "man", "tag": "GN-S3S--", "original_form": "The man"}], "type": "phrase", "id": "13"}, {"endp": "13", "style": {"isItalics": "no", "isUnderlined": "no", "isTitle": "no", "isBold": "no"}, "inip": "8", "form": "lifted", "quote_level": "0", "syntactic_tree_relation_list": [{"type": "iof_isSubject", "id": "13"}, {"type": "iof_isDirectObject", "id": "14"}], "affected_by_negation": "no", "separation": "1", "analysis_list": [{"lemma": "lift", "tag": "VI-S3ASA-N-N4", "sense_id_list": [{"sense_id": "ODENTITY_COMMUNICATION_PROCESS"}, {"sense_id": "ODENTITY_DECREASING"}, {"sense_id": "ODENTITY_TRANSACTION"}, {"sense_id": "ODENTITY_CHANGE_OF_POSSESSION"}, {"sense_id": "ODENTITY_INTENTIONAL_PROCESS"}, {"sense_id": "ODENTITY_INCREASING"}, {"sense_id": "ODENTITY_MOTION"}, {"sense_id": "ODENTITY_PROCESS"}, {"sense_id": "ODENTITY_TRANSFER"}, {"sense_id": "ODENTITY_LINGUISTIC_COMMUNICATION"}, {"sense_id": "ODENTITY_REPAIRING"}, {"sense_id": "ODENTITY_TRANSPORTATION"}], "original_form": "lifted"}], "sense_list": [{"info": "sementity/id=ODENTITY_CHANGE_OF_POSSESSION@type=Top>Process>IntentionalProcess>SocialInteraction>ChangeOfPossession\tsemld_list=sumo:IntentionalProcess", "id": "ODENTITY_CHANGE_OF_POSSESSION", "form": "lift"}, {"info": "sementity/id=ODENTITY_COMMUNICATION_PROCESS@type=Top>Process>ContentBearingProcess>CommunicationProcess\tsemld_list=sumo:Entity", "id": "ODENTITY_COMMUNICATION_PROCESS", "form": "lift"}, {"info": "sementity/id=ODENTITY_DECREASING@type=Top>Process>InternalChange>QuantityChange>Decreasing\tsemld_list=sumo:Entity", "id": "ODENTITY_DECREASING", "form": "lift"}, {"info": "sementity/id=ODENTITY_INCREASING@type=Top>Process>InternalChange>QuantityChange>Increasing\tsemld_list=sumo:Entity", "id": "ODENTITY_INCREASING", "form": "lift"}, {"info": "sementity/id=ODENTITY_INTENTIONAL_PROCESS@type=Top>Process>IntentionalProcess\tsemld_list=sumo:IntentionalProcess", "id": "ODENTITY_INTENTIONAL_PROCESS", "form": "lift"}, {"info": "sementity/id=ODENTITY_LINGUISTIC_COMMUNICATION@type=Top>Process>ContentBearingProcess>CommunicationProcess>LinguisticCommunication\tsemld_list=sumo:Entity", "id": "ODENTITY_LINGUISTIC_COMMUNICATION", "form": "lift"}, {"info": "sementity/id=ODENTITY_MOTION@type=Top>Process>Motion\tsemld_list=sumo:Entity", "id": "ODENTITY_MOTION", "form": "lift"}, {"info": "sementity/id=ODENTITY_PROCESS@type=Top>Process\tsemld_list=sumo:Entity", "id": "ODENTITY_PROCESS", "form": "lift"}, {"info": "sementity/id=ODENTITY_REPAIRING@type=Top>Process>IntentionalProcess>Repairing\tsemld_list=sumo:IntentionalProcess", "id": "ODENTITY_REPAIRING", "form": "lift"}, {"info": "sementity/id=ODENTITY_TRANSACTION@type=Top>Process>DualObjectProcess>Transaction\tsemld_list=sumo:Entity", "id": "ODENTITY_TRANSACTION", "form": "lift"}, {"info": "sementity/id=ODENTITY_TRANSFER@type=Top>Process>Motion>Translocation>Transfer\tsemld_list=sumo:Entity", "id": "ODENTITY_TRANSFER", "form": "lift"}, {"info": "sementity/id=ODENTITY_TRANSPORTATION@type=Top>Process>Motion>Translocation>Transportation\tsemld_list=sumo:Entity", "id": "ODENTITY_TRANSPORTATION", "form": "lift"}], "id": "3"}, {"endp": "40", "style": {"isItalics": "no", "isUnderlined": "no", "isTitle": "no", "isBold": "no"}, "token_list": [{"endp": "17", "style": {"isItalics": "no", "isUnderlined": "no", "isTitle": "no", "isBold": "no"}, "inip": "15", "form": "the", "quote_level": "0", "affected_by_negation": "no", "separation": "1", "analysis_list": [{"lemma": "the", "tag": "TD-SN9", "original_form": "the"}], "id": "4"}, {"endp": "21", "style": {"isItalics": "no", "isUnderlined": "no", "isTitle": "no", "isBold": "no"}, "inip": "19", "form": "boy", "quote_level": "0", "affected_by_negation": "no", "separation": "1", "analysis_list": [{"lemma": "boy", "tag": "NC-S-N6", "sense_id_list": [{"sense_id": "498e19c6d9"}], "original_form": "boy"}], "sense_list": [{"info": "sementity/class=class@fiction=nonfiction@id=ODENTITY_PERSON@type=Top>Person\tsemld_list=sumo:Human", "id": "498e19c6d9", "form": "boy"}], "id": "5"}, {"endp": "40", "style": {"isItalics": "no", "isUnderlined": "no", "isTitle": "no", "isBold": "no"}, "token_list": [{"endp": "26", "style": {"isItalics": "no", "isUnderlined": "no", "isTitle": "no", "isBold": "no"}, "inip": "23", "form": "onto", "quote_level": "0", "affected_by_negation": "no", "separation": "1", "analysis_list": [{"lemma": "onto", "tag": "YN5", "original_form": "onto"}], "id": "6"}, {"endp": "40", "style": {"isItalics": "no", "isUnderlined": "no", "isTitle": "no", "isBold": "no"}, "token_list": [{"endp": "30", "style": {"isItalics": "no", "isUnderlined": "no", "isTitle": "no", "isBold": "no"}, "inip": "28", "form": "his", "quote_level": "0", "affected_by_negation": "no", "separation": "1", "analysis_list": [{"lemma": "his", "tag": "SD-PMS3N5", "sense_id_list": [{"sense_id": "PRONHUMAN"}], "original_form": "his"}], "sense_list": [{"info": "semhum=human", "id": "PRONHUMAN", "form": "his"}], "id": "7"}, {"endp": "40", "style": {"isItalics": "no", "isUnderlined": "no", "isTitle": "no", "isBold": "no"}, "inip": "32", "form": "shoulders", "quote_level": "0", "affected_by_negation": "no", "separation": "1", "analysis_list": [{"lemma": "shoulder", "tag": "NC-P-N5", "sense_id_list": [{"sense_id": "37c6624322"}, {"sense_id": "3566ed5ca6"}, {"sense_id": "a2fa6e26c1"}], "original_form": "shoulders"}], "sense_list": [{"info": "sementity/class=class@fiction=nonfiction@id=ODENTITY_LOCATION@type=Top>Location\tsemld_list=sumo:Region\tsemtheme_list/id=ODTHEME_MILITARY@type=Top>Society>Militar", "id": "3566ed5ca6", "form": "berm"}, {"info": "sementity/class=class@fiction=nonfiction@id=ODENTITY_LINE@type=Top>Location>Facility>Line\tsemld_list=sumo:Transitway", "id": "37c6624322", "form": "berm"}, {"info": "sementity/class=class@fiction=nonfiction@id=ODENTITY_BODY_PART@type=Top>LivingThing>BodyPart\tsemld_list=sumo:Organism\tsemtheme_list/id=ODTHEME_ZOOLOGY@type=Top>NaturalSciences>Zoology", "id": "a2fa6e26c1", "form": "shoulder"}], "id": "8"}], "separation": "1", "form": "his shoulders", "quote_level": "0", "head": "8", "affected_by_negation": "no", "inip": "28", "analysis_list": [{"lemma": "shoulder", "tag": "GN-P3---", "original_form": "his shoulders"}], "type": "phrase", "id": "15"}], "separation": "1", "form": "onto his shoulders", "quote_level": "0", "head": "6", "affected_by_negation": "no", "inip": "23", "analysis_list": [{"lemma": "onto", "tag": "GY------", "original_form": "onto his shoulders"}], "type": "phrase", "id": "16"}], "separation": "1", "form": "the boy onto his shoulders", "quote_level": "0", "head": "5", "syntactic_tree_relation_list": [{"type": "isDirectObject", "id": "3"}, {"type": "isPossessor", "id": "14"}, {"type": "iof_isPossessor", "id": "14"}], "affected_by_negation": "no", "inip": "15", "analysis_list": [{"lemma": "boy", "tag": "GN-S3D--", "original_form": "the boy"}], "type": "phrase", "id": "14"}], "separation": "_", "form": "The man lifted the boy onto his shoulders", "quote_level": "0", "affected_by_negation": "no", "inip": "0", "analysis_list": [{"lemma": "*", "tag": "Z-----------", "original_form": "The man lifted the boy onto his shoulders"}], "type": "phrase", "id": "17"}, {"endp": "41", "style": {"isItalics": "no", "isUnderlined": "no", "isTitle": "no", "isBold": "no"}, "inip": "41", "form": ".", "quote_level": "0", "affected_by_negation": "no", "separation": "A", "analysis_list": [{"lemma": ".", "tag": "1D--", "original_form": "."}], "id": "9"}], "inip": "0", "quote_level": "0", "affected_by_negation": "no", "separation": "A", "type": "sentence", "id": "11"}]}