{"status": {"msg": "OK", "credits": "1", "remaining_credits": "39708", "code": "0"}, "token_list": [{"endp": "46", "style": {"isItalics": "no", "isUnderlined": "no", "isTitle": "no", "isBold": "no"}, "token_list": [{"endp": "15", "style": {"isItalics": "no", "isUnderlined": "no", "isTitle": "no", "isBold": "no"}, "token_list": [{"endp": "6", "style": {"isItalics": "no", "isUnderlined": "no", "isTitle": "no", "isBold": "no"}, "inip": "0", "form": "Patting", "quote_level": "0", "syntactic_tree_relation_list": [{"type": "iof_isDirectObject", "id": "15"}], "affected_by_negation": "no", "separation": "_", "analysis_list": [{"lemma": "pat", "tag": "VP---PSA-N-N2", "sense_id_list": [{"sense_id": "ODENTITY_TRANSFER"}], "original_form": "patting"}], "sense_list": [{"info": "sementity/id=ODENTITY_TRANSFER@type=Top>Process>Motion>Translocation>Transfer\tsemld_list=sumo:Entity", "id": "ODENTITY_TRANSFER", "form": "pat"}], "id": "1"}, {"endp": "15", "style": {"isItalics": "no", "isUnderlined": "no", "isTitle": "no", "isBold": "no"}, "token_list": [{"endp": "10", "style": {"isItalics": "no", "isUnderlined": "no", "isTitle": "no", "isBold": "no"}, "inip": "8", "form": "her", "quote_level": "0", "affected_by_negation": "no", "separation": "1", "analysis_list": [{"lemma": "her", "tag": "SD-SFS3N7", "sense_id_list": [{"sense_id": "PRONHUMAN"}], "original_form": "her"}], "sense_list": [{"info": "semhum=human", "id": "PRONHUMAN", "form": "her"}], "id": "2"}, {"endp": "15", "style": {"isItalics": "no", "isUnderlined": "no", "isTitle": "no", "isBold": "no"}, "inip": "12", "form": "back", "quote_level": "0", "affected_by_negation": "no", "separation": "1", "analysis_list": [{"lemma": "back", "tag": "NC-S-N4", "sense_id_list": [{"sense_id": "c485bdade4"}], "original_form": "back"}], "sense_list": [{"info": "sementity/class=class@fiction=nonfiction@id=ODENTITY_BODY_PART@type=Top>LivingThing>BodyPart\tsemld_list=sumo:Organism\tsemtheme_list/id=ODTHEME_ANATOMY@type=Top>LifeSciences>Anatomy", "id": "c485bdade4", "form": "back"}], "id": "3"}], "separation": "1", "form": "her back", "quote_level": "0", "head": "3", "syntactic_tree_relation_list": [{"type": "isDirectObject", "id": "1"}], "affected_by_negation": "no", "inip": "8", "analysis_list": [{"lemma": "back", "tag": "GN-S3D--", "original_form": "her back"}], "type": "phrase", "id": "15"}], "separation": "_", "form": "Patting her back", "quote_level": "0", "affected_by_negation": "no", "inip": "0", "analysis_list": [{"lemma": "*", "tag": "ZN-S3SPP----", "original_form": "Patting her back"}], "type": "phrase", "id": "19"}, {"endp": "16", "style": {"isItalics": "no", "isUnderlined": "no", "isTitle": "no", "isBold": "no"}, "inip": "16", "form": ",", "quote_level": "0", "affected_by_negation": "no", "separation": "A", "analysis_list": [{"lemma": ",", "tag": "1D--", "original_form": ","}], "id": "4"}, {"endp": "45", "style": {"isItalics": "no", "isUnderlined": "no", "isTitle": "no", "isBold": "no"}, "token_list": [{"endp": "26", "style": {"isItalics": "no", "isUnderlined": "no", "isTitle": "no", "isBold": "no"}, "token_list": [{"endp": "20", "style": {"isItalics": "no", "isUnderlined": "no", "isTitle": "no", "isBold": "no"}, "inip": "18", "form": "the", "quote_level": "0", "affected_by_negation": "no", "separation": "1", "analysis_list": [{"lemma": "the", "tag": "TD-SN9", "original_form": "the"}], "id": "5"}, {"endp": "26", "style": {"isItalics": "no", "isUnderlined": "no", "isTitle": "no", "isBold": "no"}, "inip": "22", "form": "woman", "quote_level": "0", "affected_by_negation": "no", "separation": "1", "analysis_list": [{"lemma": "woman", "tag": "NC-S-N7", "sense_id_list": [{"sense_id": "5eb64faa83"}], "original_form": "woman"}], "sense_list": [{"info": "sementity/class=class@fiction=nonfiction@id=ODENTITY_PERSON@type=Top>Person\tsemld_list=sumo:Human", "id": "5eb64faa83", "form": "woman"}], "id": "6"}], "separation": "1", "form": "the woman", "quote_level": "0", "head": "6", "syntactic_tree_relation_list": [{"type": "isSubject", "id": "7"}], "affected_by_negation": "no", "inip": "18", "analysis_list": [{"lemma": "woman", "tag": "GN-S3---", "original_form": "the woman"}], "type": "phrase", "id": "16"}, {"endp": "33", "style": {"isItalics": "no", "isUnderlined": "no", "isTitle": "no", "isBold": "no"}, "inip": "28", "form": "smiled", "quote_level": "0", "syntactic_tree_relation_list": [{"type": "iof_isSubject", "id": "16"}, {"type": "iof_isComplement", "id": "18"}], "affected_by_negation": "no", "separation": "1", "analysis_list": [{"lemma": "smile", "tag": "VP---ASA-N-N5", "sense_id_list": [{"sense_id": "ODENTITY_BODY_MOTION"}, {"sense_id": "ODENTITY_COMMUNICATION_PROCESS"}], "original_form": "smiled"}, {"lemma": "smile", "tag": "VI-UUASA-N-N5", "sense_id_list": [{"sense_id": "ODENTITY_BODY_MOTION"}, {"sense_id": "ODENTITY_COMMUNICATION_PROCESS"}], "original_form": "smiled"}], "sense_list": [{"info": "sementity/id=ODENTITY_BODY_MOTION@type=Top>Process>Motion>BodyMotion\tsemld_list=sumo:Entity", "id": "ODENTITY_BODY_MOTION", "form": "smile"}, {"info": "sementity/id=ODENTITY_COMMUNICATION_PROCESS@type=Top>Process>ContentBearingProcess>CommunicationProcess\tsemld_list=sumo:Entity", "id": "ODENTITY_COMMUNICATION_PROCESS", "form": "smile"}], "id": "7"}, {"endp": "45", "style": {"isItalics": "no", "isUnderlined": "no", "isTitle": "no", "isBold": "no"}, "token_list": [{"endp": "36", "style": {"isItalics": "no", "isUnderlined": "no", "isTitle": "no", "isBold": "no"}, "inip": "35", "form": "at", "quote_level": "0", "affected_by_negation": "no", "separation": "1", "analysis_list": [{"lemma": "at", "tag": "YN8", "original_form": "at"}], "id": "8"}, {"endp": "45", "style": {"isItalics": "no", "isUnderlined": "no", "isTitle": "no", "isBold": "no"}, "token_list": [{"endp": "40", "style": {"isItalics": "no", "isUnderlined": "no", "isTitle": "no", "isBold": "no"}, "inip": "38", "form": "the", "quote_level": "0", "affected_by_negation": "no", "separation": "1", "analysis_list": [{"lemma": "the", "tag": "TD-SN9", "original_form": "the"}], "id": "9"}, {"endp": "45", "style": {"isItalics": "no", "isUnderlined": "no", "isTitle": "no", "isBold": "no"}, "inip": "42", "form": "girl", "quote_level": "0", "affected_by_negation": "no", "separation": "1", "analysis_list": [{"lemma": "girl", "tag": "NC-S-N6", "original_form": "girl"}], "id": "10"}], "separation": "1", "form": "the girl", "quote_level": "0", "head": "10", "affected_by_negation": "no", "inip": "38", "analysis_list": [{"lemma": "girl", "tag": "GN-S3---", "original_form": "the girl"}], "type": "phrase", "id": "17"}], "separation": "1", "form": "at the girl", "quote_level": "0", "head": "8", "syntactic_tree_relation_list": [{"type": "isComplement", "id": "7"}], "affected_by_negation": "no", "inip": "35", "analysis_list": [{"lemma": "at", "tag": "GY---C--", "original_form": "at the girl"}], "type": "phrase", "id": "18"}], "separation": "1", "form": "the woman smiled at the girl", "quote_level": "0", "affected_by_negation": "no", "inip": "18", "analysis_list": [{"lemma": "*", "tag": "Z-----------", "original_form": "the woman smiled at the girl"}], "type": "phrase", "id": "20"}, {"endp": "46", "style": {"isItalics": "no", "isUnderlined": "no", "isTitle": "no", "isBold": "no"}, "inip": "46", "form": ".", "quote_level": "0", "affected_by_negation": "no", "separation": "A", "analysis_list": [{"lemma": ".", "tag": "1D--", "original_form": "."}], "id": "11"}], "inip": "0", "quote_level": "0", "affected_by_negation": "no", "separation": "A", "type": "sentence", "id": "13"}]}