{"status": {"msg": "OK", "credits": "1", "remaining_credits": "39707", "code": "0"}, "token_list": [{"endp": "48", "style": {"isItalics": "no", "isUnderlined": "no", "isTitle": "no", "isBold": "no"}, "token_list": [{"endp": "47", "style": {"isItalics": "no", "isUnderlined": "no", "isTitle": "no", "isBold": "no"}, "token_list": [{"endp": "4", "style": {"isItalics": "no", "isUnderlined": "no", "isTitle": "no", "isBold": "no"}, "token_list": [{"endp": "4", "style": {"isItalics": "no", "isUnderlined": "no", "isTitle": "no", "isBold": "no"}, "inip": "0", "form": "Billy", "quote_level": "0", "affected_by_negation": "no", "separation": "_", "analysis_list": [{"lemma": "Billy", "tag": "NPUU-N-", "sense_id_list": [{"sense_id": "__13597802666342400154"}], "original_form": "Billy"}], "sense_list": [{"info": "sementity/class=instance@fiction=nonfiction@type=Top>Person@confidence=uncertain", "id": "__13597802666342400154", "form": "Billy"}], "id": "1"}], "separation": "_", "form": "Billy", "quote_level": "0", "head": "1", "syntactic_tree_relation_list": [{"type": "isSubject", "id": "14"}, {"type": "isSubject", "id": "2"}, {"type": "iof_isPossessor", "id": "19"}], "affected_by_negation": "no", "inip": "0", "analysis_list": [{"lemma": "Billy", "tag": "GNUU3S--", "original_form": "Billy"}], "type": "phrase", "id": "17"}, {"endp": "10", "style": {"isItalics": "no", "isUnderlined": "no", "isTitle": "no", "isBold": "no"}, "inip": "6", "form": "cried", "quote_level": "0", "syntactic_tree_relation_list": [{"type": "iof_isSubject", "id": "17"}, {"type": "iof_isComplement", "id": "20"}], "affected_by_negation": "no", "separation": "1", "analysis_list": [{"lemma": "cry", "tag": "VI-U3ASA-N-N4", "sense_id_list": [{"sense_id": "ODENTITY_COMMUNICATION_PROCESS"}, {"sense_id": "ODENTITY_DISSEMINATING"}, {"sense_id": "ODENTITY_BIOLOGICAL_PROCESS"}, {"sense_id": "ODENTITY_RADIATING"}], "original_form": "cried"}], "sense_list": [{"info": "sementity/id=ODENTITY_BIOLOGICAL_PROCESS@type=Top>Process>InternalChange>BiologicalProcess\tsemld_list=sumo:Entity", "id": "ODENTITY_BIOLOGICAL_PROCESS", "form": "cry"}, {"info": "sementity/id=ODENTITY_COMMUNICATION_PROCESS@type=Top>Process>ContentBearingProcess>CommunicationProcess\tsemld_list=sumo:Entity", "id": "ODENTITY_COMMUNICATION_PROCESS", "form": "cry"}, {"info": "sementity/id=ODENTITY_DISSEMINATING@type=Top>Process>ContentBearingProcess>CommunicationProcess>Disseminating\tsemld_list=sumo:Entity", "id": "ODENTITY_DISSEMINATING", "form": "cry"}, {"info": "sementity/id=ODENTITY_RADIATING@type=Top>Process>Motion>Radiating\tsemld_list=sumo:Entity", "id": "ODENTITY_RADIATING", "form": "cry"}], "id": "2"}, {"endp": "47", "style": {"isItalics": "no", "isUnderlined": "no", "isTitle": "no", "isBold": "no"}, "token_list": [{"endp": "18", "style": {"isItalics": "no", "isUnderlined": "no", "isTitle": "no", "isBold": "no"}, "inip": "12", "form": "because", "quote_level": "0", "affected_by_negation": "no", "separation": "1", "analysis_list": [{"lemma": "because", "tag": "CSPN7", "original_form": "because"}], "id": "3"}, {"endp": "23", "style": {"isItalics": "no", "isUnderlined": "no", "isTitle": "no", "isBold": "no"}, "token_list": [{"endp": "23", "style": {"isItalics": "no", "isUnderlined": "no", "isTitle": "no", "isBold": "no"}, "inip": "20", "form": "Toby", "quote_level": "0", "affected_by_negation": "no", "separation": "1", "analysis_list": [{"lemma": "Toby", "tag": "NPMS-N-", "sense_id_list": [{"sense_id": "75c5e4640b"}], "original_form": "Toby"}], "sense_list": [{"info": "sementity/class=instance@fiction=nonfiction@id=ODENTITY_FIRST_NAME@type=Top>Person>FirstName\tsemld_list=sumo:FirstName", "id": "75c5e4640b", "form": "Toby"}], "id": "4"}], "separation": "1", "form": "Toby", "quote_level": "0", "head": "4", "affected_by_negation": "no", "inip": "20", "analysis_list": [{"lemma": "Toby", "tag": "GNMS3---", "original_form": "Toby"}], "type": "phrase", "id": "18"}, {"endp": "39", "style": {"isItalics": "no", "isUnderlined": "no", "isTitle": "no", "isBold": "no"}, "separation": "1", "form": "wouldn't accept", "quote_level": "0", "head": "13", "syntactic_tree_relation_list": [{"type": "iof_isSubject", "id": "17"}, {"type": "iof_isDirectObject", "id": "19"}], "affected_by_negation": "yes", "inip": "25", "analysis_list": [{"lemma": "accept", "tag": "VI-UUCSA-NNE8", "original_form": "wouldn't accept"}], "type": "multiword", "id": "14"}, {"endp": "47", "style": {"isItalics": "no", "isUnderlined": "no", "isTitle": "no", "isBold": "no"}, "token_list": [{"endp": "43", "style": {"isItalics": "no", "isUnderlined": "no", "isTitle": "no", "isBold": "no"}, "inip": "41", "form": "his", "quote_level": "0", "affected_by_negation": "no", "separation": "1", "analysis_list": [{"lemma": "his", "tag": "SD-SMS3N5", "sense_id_list": [{"sense_id": "PRONHUMAN"}], "original_form": "his"}], "sense_list": [{"info": "semhum=human", "id": "PRONHUMAN", "form": "his"}], "id": "9"}, {"endp": "47", "style": {"isItalics": "no", "isUnderlined": "no", "isTitle": "no", "isBold": "no"}, "inip": "45", "form": "toy", "quote_level": "0", "affected_by_negation": "no", "separation": "1", "analysis_list": [{"lemma": "toy", "tag": "NC-S-N4", "sense_id_list": [{"sense_id": "24d4751a59"}], "original_form": "toy"}], "sense_list": [{"info": "sementity/class=class@fiction=nonfiction@id=ODENTITY_TOP@type=Top\tsemld_list=sumo:Entity", "id": "24d4751a59", "form": "toy"}], "id": "10"}], "separation": "1", "form": "his toy", "quote_level": "0", "head": "10", "syntactic_tree_relation_list": [{"type": "isPossessor", "id": "17"}, {"type": "isDirectObject", "id": "14"}], "affected_by_negation": "no", "inip": "41", "analysis_list": [{"lemma": "toy", "tag": "GN-S3D--", "original_form": "his toy"}], "type": "phrase", "id": "19"}], "separation": "1", "form": "because Toby wouldn't accept his toy", "quote_level": "0", "syntactic_tree_relation_list": [{"type": "isComplement", "id": "2"}], "affected_by_negation": "no", "inip": "12", "analysis_list": [{"lemma": "*", "tag": "ZE---CIC----", "original_form": "because Toby wouldn't accept his toy"}], "type": "phrase", "id": "20"}], "separation": "_", "form": "Billy cried because Toby wouldn't accept his toy", "quote_level": "0", "affected_by_negation": "no", "inip": "0", "analysis_list": [{"lemma": "*", "tag": "Z-----------", "original_form": "Billy cried because Toby wouldn't accept his toy"}], "type": "phrase", "id": "21"}, {"endp": "48", "style": {"isItalics": "no", "isUnderlined": "no", "isTitle": "no", "isBold": "no"}, "inip": "48", "form": ".", "quote_level": "0", "affected_by_negation": "no", "separation": "A", "analysis_list": [{"lemma": ".", "tag": "1D--", "original_form": "."}], "id": "11"}], "inip": "0", "quote_level": "0", "affected_by_negation": "no", "separation": "A", "type": "sentence", "id": "15"}]}