{"status": {"msg": "OK", "credits": "1", "remaining_credits": "39705", "code": "0"}, "token_list": [{"endp": "41", "style": {"isItalics": "no", "isUnderlined": "no", "isTitle": "no", "isBold": "no"}, "token_list": [{"endp": "40", "style": {"isItalics": "no", "isUnderlined": "no", "isTitle": "no", "isBold": "no"}, "token_list": [{"endp": "3", "style": {"isItalics": "no", "isUnderlined": "no", "isTitle": "no", "isBold": "no"}, "token_list": [{"endp": "3", "style": {"isItalics": "no", "isUnderlined": "no", "isTitle": "no", "isBold": "no"}, "inip": "0", "form": "Lily", "quote_level": "0", "affected_by_negation": "no", "separation": "_", "analysis_list": [{"lemma": "Lily", "tag": "NPFS-N-", "sense_id_list": [{"sense_id": "443dbacda9"}], "original_form": "Lily"}, {"lemma": "Lily", "tag": "NPFS-N-", "sense_id_list": [{"sense_id": "745a257f77"}], "original_form": "Lily"}, {"lemma": "Lily", "tag": "NP-S-N-", "sense_id_list": [{"sense_id": "51d9811d76"}], "original_form": "Lily"}, {"lemma": "lily", "tag": "NC-S-N-", "original_form": "lily"}], "sense_list": [{"info": "sementity/class=instance@fiction=nonfiction@id=ODENTITY_FIRST_NAME@type=Top>Person>FirstName\tsemld_list=sumo:FirstName", "id": "443dbacda9", "form": "Lily"}, {"info": "sementity/class=instance@fiction=nonfiction@id=ODENTITY_GEO_POLITICAL_ENTITY@type=Top>Location>GeoPoliticalEntity\tsemld_list=sumo:GeopoliticalArea", "id": "51d9811d76", "form": "Lily"}, {"info": "sementity/class=instance@fiction=nonfiction@id=ODENTITY_FIRST_NAME@type=Top>Person>FirstName\tsemld_list=sumo:FirstName", "id": "745a257f77", "form": "Lily"}], "id": "1"}], "separation": "_", "form": "Lily", "quote_level": "0", "head": "1", "syntactic_tree_relation_list": [{"type": "isSubject", "id": "2"}, {"type": "iof_isPossessor", "id": "15"}], "affected_by_negation": "no", "inip": "0", "analysis_list": [{"lemma": "Lily", "tag": "GNFS3S--", "original_form": "Lily"}, {"lemma": "lily", "tag": "GNFS3S--", "original_form": "Lily"}, {"lemma": "Lily", "tag": "GN-S3S--", "original_form": "Lily"}, {"lemma": "lily", "tag": "GN-S3S--", "original_form": "Lily"}], "type": "phrase", "id": "13"}, {"endp": "9", "style": {"isItalics": "no", "isUnderlined": "no", "isTitle": "no", "isBold": "no"}, "inip": "5", "form": "spoke", "quote_level": "0", "syntactic_tree_relation_list": [{"type": "iof_isSubject", "id": "13"}, {"type": "iof_isComplement", "id": "16"}], "affected_by_negation": "no", "separation": "1", "analysis_list": [{"lemma": "speak", "tag": "VI-S3ASA-N-N6", "original_form": "spoke"}], "id": "2"}, {"endp": "40", "style": {"isItalics": "no", "isUnderlined": "no", "isTitle": "no", "isBold": "no"}, "token_list": [{"endp": "12", "style": {"isItalics": "no", "isUnderlined": "no", "isTitle": "no", "isBold": "no"}, "inip": "11", "form": "to", "quote_level": "0", "affected_by_negation": "no", "separation": "1", "analysis_list": [{"lemma": "to", "tag": "YN6", "original_form": "to"}], "id": "3"}, {"endp": "18", "style": {"isItalics": "no", "isUnderlined": "no", "isTitle": "no", "isBold": "no"}, "token_list": [{"endp": "18", "style": {"isItalics": "no", "isUnderlined": "no", "isTitle": "no", "isBold": "no"}, "inip": "14", "form": "Donna", "quote_level": "0", "affected_by_negation": "no", "separation": "1", "analysis_list": [{"lemma": "Donna", "tag": "NPFS-N-", "sense_id_list": [{"sense_id": "92f839803d"}], "original_form": "Donna"}], "sense_list": [{"info": "sementity/class=instance@fiction=nonfiction@id=ODENTITY_FIRST_NAME@type=Top>Person>FirstName\tsemld_list=sumo:FirstName", "id": "92f839803d", "form": "Donna"}], "id": "4"}], "separation": "1", "form": "Donna", "quote_level": "0", "head": "4", "affected_by_negation": "no", "inip": "14", "analysis_list": [{"lemma": "Donna", "tag": "GNFS3---", "original_form": "Donna"}], "type": "phrase", "id": "14"}, {"endp": "19", "style": {"isItalics": "no", "isUnderlined": "no", "isTitle": "no", "isBold": "no"}, "inip": "19", "form": ",", "quote_level": "0", "affected_by_negation": "no", "separation": "A", "analysis_list": [{"lemma": ",", "tag": "1D--", "original_form": ","}], "id": "5"}, {"endp": "40", "style": {"isItalics": "no", "isUnderlined": "no", "isTitle": "no", "isBold": "no"}, "token_list": [{"endp": "28", "style": {"isItalics": "no", "isUnderlined": "no", "isTitle": "no", "isBold": "no"}, "inip": "21", "form": "breaking", "quote_level": "0", "syntactic_tree_relation_list": [{"type": "iof_isDirectObject", "id": "15"}], "affected_by_negation": "no", "separation": "1", "analysis_list": [{"lemma": "break", "tag": "VP---PSA-N-N5", "original_form": "breaking"}], "id": "6"}, {"endp": "40", "style": {"isItalics": "no", "isUnderlined": "no", "isTitle": "no", "isBold": "no"}, "token_list": [{"endp": "32", "style": {"isItalics": "no", "isUnderlined": "no", "isTitle": "no", "isBold": "no"}, "inip": "30", "form": "her", "quote_level": "0", "affected_by_negation": "no", "separation": "1", "analysis_list": [{"lemma": "her", "tag": "SD-SFS3N7", "sense_id_list": [{"sense_id": "PRONHUMAN"}], "original_form": "her"}], "sense_list": [{"info": "semhum=human", "id": "PRONHUMAN", "form": "her"}], "id": "7"}, {"endp": "40", "style": {"isItalics": "no", "isUnderlined": "no", "isTitle": "no", "isBold": "no"}, "inip": "34", "form": "silence", "quote_level": "0", "affected_by_negation": "no", "separation": "1", "analysis_list": [{"lemma": "silence", "tag": "NC-S-N5", "original_form": "silence"}], "id": "8"}], "separation": "1", "form": "her silence", "quote_level": "0", "head": "8", "syntactic_tree_relation_list": [{"type": "isPossessor", "id": "13"}, {"type": "isDirectObject", "id": "6"}], "affected_by_negation": "no", "inip": "30", "analysis_list": [{"lemma": "silence", "tag": "GN-S3D--", "original_form": "her silence"}], "type": "phrase", "id": "15"}], "separation": "1", "form": "breaking her silence", "quote_level": "0", "affected_by_negation": "no", "inip": "21", "analysis_list": [{"lemma": "*", "tag": "ZA---XPP----", "original_form": "breaking her silence"}], "type": "phrase", "id": "17"}], "separation": "1", "form": "to Donna, breaking her silence", "quote_level": "0", "head": "3", "syntactic_tree_relation_list": [{"type": "isComplement", "id": "2"}, {"type": "isNonRestrictiveApposition", "id": "16"}, {"type": "iof_isNonRestrictiveApposition", "id": "16"}], "affected_by_negation": "no", "inip": "11", "analysis_list": [{"lemma": "to", "tag": "GY---C--", "original_form": "to Donna"}], "type": "phrase", "id": "16"}], "separation": "_", "form": "Lily spoke to Donna, breaking her silence", "quote_level": "0", "affected_by_negation": "no", "inip": "0", "analysis_list": [{"lemma": "*", "tag": "Z-----------", "original_form": "Lily spoke to Donna, breaking her silence"}], "type": "phrase", "id": "18"}, {"endp": "41", "style": {"isItalics": "no", "isUnderlined": "no", "isTitle": "no", "isBold": "no"}, "inip": "41", "form": ".", "quote_level": "0", "affected_by_negation": "no", "separation": "A", "analysis_list": [{"lemma": ".", "tag": "1D--", "original_form": "."}], "id": "9"}], "inip": "0", "quote_level": "0", "affected_by_negation": "no", "separation": "A", "type": "sentence", "id": "11"}]}