{"status": {"msg": "OK", "credits": "1", "remaining_credits": "39703", "code": "0"}, "token_list": [{"endp": "86", "style": {"isItalics": "no", "isUnderlined": "no", "isTitle": "no", "isBold": "no"}, "token_list": [{"endp": "31", "style": {"isItalics": "no", "isUnderlined": "no", "isTitle": "no", "isBold": "no"}, "token_list": [{"endp": "3", "style": {"isItalics": "no", "isUnderlined": "no", "isTitle": "no", "isBold": "no"}, "inip": "0", "form": "When", "quote_level": "0", "affected_by_negation": "no", "separation": "_", "analysis_list": [{"lemma": "when", "tag": "CSCN7", "original_form": "when"}], "id": "1"}, {"endp": "9", "style": {"isItalics": "no", "isUnderlined": "no", "isTitle": "no", "isBold": "no"}, "token_list": [{"endp": "9", "style": {"isItalics": "no", "isUnderlined": "no", "isTitle": "no", "isBold": "no"}, "inip": "5", "form": "Tommy", "quote_level": "0", "affected_by_negation": "no", "separation": "1", "analysis_list": [{"lemma": "Tommy", "tag": "NPMS-N-", "sense_id_list": [{"sense_id": "976ce42362"}], "original_form": "Tommy"}], "sense_list": [{"info": "sementity/class=instance@fiction=nonfiction@id=ODENTITY_FIRST_NAME@type=Top>Person>FirstName\tsemld_list=sumo:FirstName", "id": "976ce42362", "form": "Tommy"}], "id": "2"}], "separation": "1", "form": "Tommy", "quote_level": "0", "head": "2", "syntactic_tree_relation_list": [{"type": "isSubject", "id": "3"}, {"type": "iof_isPossessor", "id": "24"}], "affected_by_negation": "no", "inip": "5", "analysis_list": [{"lemma": "Tommy", "tag": "GNMS3---", "original_form": "Tommy"}], "type": "phrase", "id": "23"}, {"endp": "17", "style": {"isItalics": "no", "isUnderlined": "no", "isTitle": "no", "isBold": "no"}, "inip": "11", "form": "dropped", "quote_level": "0", "syntactic_tree_relation_list": [{"type": "iof_isSubject", "id": "23"}, {"type": "iof_isDirectObject", "id": "24"}], "affected_by_negation": "no", "separation": "1", "analysis_list": [{"lemma": "drop", "tag": "VP---ASA-N-N4", "sense_id_list": [{"sense_id": "ODENTITY_BIOLOGICAL_PROCESS"}, {"sense_id": "ODENTITY_BODY_MOTION"}, {"sense_id": "ODENTITY_TRANSACTION"}, {"sense_id": "ODENTITY_COMMUNICATION_PROCESS"}, {"sense_id": "ODENTITY_CONTENT_DEVELOPMENT"}, {"sense_id": "ODENTITY_DECREASING"}, {"sense_id": "ODENTITY_INTENTIONAL_PROCESS"}, {"sense_id": "ODENTITY_MOTION"}, {"sense_id": "ODENTITY_PROCESS"}, {"sense_id": "ODENTITY_TRANSLOCATION"}, {"sense_id": "ODENTITY_RADIATING"}, {"sense_id": "ODENTITY_TRANSFER"}, {"sense_id": "ODENTITY_SOCIAL_INTERACTION"}, {"sense_id": "ODENTITY_GAMING"}], "original_form": "dropped"}, {"lemma": "drop", "tag": "VI-UUASA-N-N4", "sense_id_list": [{"sense_id": "ODENTITY_BIOLOGICAL_PROCESS"}, {"sense_id": "ODENTITY_BODY_MOTION"}, {"sense_id": "ODENTITY_TRANSACTION"}, {"sense_id": "ODENTITY_COMMUNICATION_PROCESS"}, {"sense_id": "ODENTITY_CONTENT_DEVELOPMENT"}, {"sense_id": "ODENTITY_DECREASING"}, {"sense_id": "ODENTITY_INTENTIONAL_PROCESS"}, {"sense_id": "ODENTITY_MOTION"}, {"sense_id": "ODENTITY_PROCESS"}, {"sense_id": "ODENTITY_TRANSLOCATION"}, {"sense_id": "ODENTITY_RADIATING"}, {"sense_id": "ODENTITY_TRANSFER"}, {"sense_id": "ODENTITY_SOCIAL_INTERACTION"}, {"sense_id": "ODENTITY_GAMING"}], "original_form": "dropped"}], "sense_list": [{"info": "sementity/id=ODENTITY_BIOLOGICAL_PROCESS@type=Top>Process>InternalChange>BiologicalProcess\tsemld_list=sumo:Entity", "id": "ODENTITY_BIOLOGICAL_PROCESS", "form": "drop"}, {"info": "sementity/id=ODENTITY_BODY_MOTION@type=Top>Process>Motion>BodyMotion\tsemld_list=sumo:Entity", "id": "ODENTITY_BODY_MOTION", "form": "drop"}, {"info": "sementity/id=ODENTITY_COMMUNICATION_PROCESS@type=Top>Process>ContentBearingProcess>CommunicationProcess\tsemld_list=sumo:Entity", "id": "ODENTITY_COMMUNICATION_PROCESS", "form": "drop"}, {"info": "sementity/id=ODENTITY_CONTENT_DEVELOPMENT@type=Top>Process>IntentionalProcess>ContentDevelopment\tsemld_list=sumo:IntentionalProcess", "id": "ODENTITY_CONTENT_DEVELOPMENT", "form": "drop"}, {"info": "sementity/id=ODENTITY_DECREASING@type=Top>Process>InternalChange>QuantityChange>Decreasing\tsemld_list=sumo:Entity", "id": "ODENTITY_DECREASING", "form": "drop"}, {"info": "sementity/id=ODENTITY_GAMING@type=Top>Process>IntentionalProcess>RecreationOrExercise>Gaming\tsemld_list=sumo:IntentionalProcess", "id": "ODENTITY_GAMING", "form": "drop"}, {"info": "sementity/id=ODENTITY_INTENTIONAL_PROCESS@type=Top>Process>IntentionalProcess\tsemld_list=sumo:IntentionalProcess", "id": "ODENTITY_INTENTIONAL_PROCESS", "form": "drop"}, {"info": "sementity/id=ODENTITY_MOTION@type=Top>Process>Motion\tsemld_list=sumo:Entity", "id": "ODENTITY_MOTION", "form": "drop"}, {"info": "sementity/id=ODENTITY_PROCESS@type=Top>Process\tsemld_list=sumo:Entity", "id": "ODENTITY_PROCESS", "form": "drop"}, {"info": "sementity/id=ODENTITY_RADIATING@type=Top>Process>Motion>Radiating\tsemld_list=sumo:Entity", "id": "ODENTITY_RADIATING", "form": "drop"}, {"info": "sementity/id=ODENTITY_SOCIAL_INTERACTION@type=Top>Process>IntentionalProcess>SocialInteraction\tsemld_list=sumo:IntentionalProcess", "id": "ODENTITY_SOCIAL_INTERACTION", "form": "drop"}, {"info": "sementity/id=ODENTITY_TRANSACTION@type=Top>Process>DualObjectProcess>Transaction\tsemld_list=sumo:Entity", "id": "ODENTITY_TRANSACTION", "form": "drop"}, {"info": "sementity/id=ODENTITY_TRANSFER@type=Top>Process>Motion>Translocation>Transfer\tsemld_list=sumo:Entity", "id": "ODENTITY_TRANSFER", "form": "drop"}, {"info": "sementity/id=ODENTITY_TRANSLOCATION@type=Top>Process>Motion>Translocation\tsemld_list=sumo:Entity", "id": "ODENTITY_TRANSLOCATION", "form": "drop"}], "id": "3"}, {"endp": "31", "style": {"isItalics": "no", "isUnderlined": "no", "isTitle": "no", "isBold": "no"}, "token_list": [{"endp": "21", "style": {"isItalics": "no", "isUnderlined": "no", "isTitle": "no", "isBold": "no"}, "inip": "19", "form": "his", "quote_level": "0", "affected_by_negation": "no", "separation": "1", "analysis_list": [{"lemma": "his", "tag": "SD-SMS3N5", "sense_id_list": [{"sense_id": "PRONHUMAN"}], "original_form": "his"}], "sense_list": [{"info": "semhum=human", "id": "PRONHUMAN", "form": "his"}], "id": "4"}, {"endp": "31", "style": {"isItalics": "no", "isUnderlined": "no", "isTitle": "no", "isBold": "no"}, "inip": "23", "form": "ice cream", "quote_level": "0", "affected_by_negation": "no", "separation": "1", "analysis_list": [{"lemma": "ice cream", "tag": "NC-S-N-", "sense_id_list": [{"sense_id": "ee2873eed6"}], "original_form": "ice cream"}], "sense_list": [{"info": "sementity/class=class@fiction=nonfiction@id=ODENTITY_COOKED_PLATE@type=Top>Product>Food>CookedPlate\tsemld_list=sumo:PreparedFood\tsemtheme_list/id=ODTHEME_GASTRONOMY@type=Top>Society>Gastronomy", "id": "ee2873eed6", "form": "ice cream"}], "id": "20"}], "separation": "1", "form": "his ice cream", "quote_level": "0", "head": "20", "syntactic_tree_relation_list": [{"type": "isPossessor", "id": "23"}, {"type": "isDirectObject", "id": "3"}], "affected_by_negation": "no", "inip": "19", "analysis_list": [{"lemma": "ice cream", "tag": "GN-S3D--", "original_form": "his ice cream"}], "type": "phrase", "id": "24"}], "separation": "_", "form": "When Tommy dropped his ice cream", "quote_level": "0", "syntactic_tree_relation_list": [{"type": "isTimeComplement", "id": "9"}], "affected_by_negation": "no", "inip": "0", "analysis_list": [{"lemma": "*", "tag": "ZE---TIA----", "original_form": "When Tommy dropped his ice cream"}, {"lemma": "*", "tag": "ZE---TA-----", "original_form": "When Tommy dropped his ice cream"}], "type": "phrase", "id": "30"}, {"endp": "32", "style": {"isItalics": "no", "isUnderlined": "no", "isTitle": "no", "isBold": "no"}, "inip": "32", "form": ",", "quote_level": "0", "affected_by_negation": "no", "separation": "A", "analysis_list": [{"lemma": ",", "tag": "1D--", "original_form": ","}], "id": "7"}, {"endp": "85", "style": {"isItalics": "no", "isUnderlined": "no", "isTitle": "no", "isBold": "no"}, "token_list": [{"endp": "38", "style": {"isItalics": "no", "isUnderlined": "no", "isTitle": "no", "isBold": "no"}, "token_list": [{"endp": "38", "style": {"isItalics": "no", "isUnderlined": "no", "isTitle": "no", "isBold": "no"}, "inip": "34", "form": "Timmy", "quote_level": "0", "affected_by_negation": "no", "separation": "1", "analysis_list": [{"lemma": "Timmy", "tag": "NPMS-N-", "sense_id_list": [{"sense_id": "768db78941"}], "original_form": "Timmy"}], "sense_list": [{"info": "sementity/class=instance@fiction=nonfiction@id=ODENTITY_FIRST_NAME@type=Top>Person>FirstName\tsemld_list=sumo:FirstName", "id": "768db78941", "form": "Timmy"}], "id": "8"}], "separation": "1", "form": "Timmy", "quote_level": "0", "head": "8", "syntactic_tree_relation_list": [{"type": "isSubject", "id": "13"}, {"type": "isSubject", "id": "9"}, {"type": "iof_isAnaphora", "id": "28"}], "affected_by_negation": "no", "inip": "34", "analysis_list": [{"lemma": "Timmy", "tag": "GNMS3---", "original_form": "Timmy"}], "type": "phrase", "id": "25"}, {"endp": "46", "style": {"isItalics": "no", "isUnderlined": "no", "isTitle": "no", "isBold": "no"}, "inip": "40", "form": "giggled", "quote_level": "0", "syntactic_tree_relation_list": [{"type": "iof_isTimeComplement", "id": "30"}, {"type": "iof_isSubject", "id": "25"}, {"type": "iof_isComplement", "id": "29"}], "affected_by_negation": "no", "separation": "1", "analysis_list": [{"lemma": "giggle", "tag": "VP---ASA-N-N-", "sense_id_list": [{"sense_id": "ODENTITY_EXPRESSING"}], "original_form": "giggled"}, {"lemma": "giggle", "tag": "VI-UUASA-N-N-", "sense_id_list": [{"sense_id": "ODENTITY_EXPRESSING"}], "original_form": "giggled"}], "sense_list": [{"info": "sementity/id=ODENTITY_EXPRESSING@type=Top>Process>ContentBearingProcess>CommunicationProcess>Expressing\tsemld_list=sumo:Entity", "id": "ODENTITY_EXPRESSING", "form": "giggle"}], "id": "9"}, {"endp": "47", "style": {"isItalics": "no", "isUnderlined": "no", "isTitle": "no", "isBold": "no"}, "inip": "47", "form": ",", "quote_level": "0", "affected_by_negation": "no", "separation": "A", "analysis_list": [{"lemma": ",", "tag": "1D--", "original_form": ","}], "id": "10"}, {"endp": "85", "style": {"isItalics": "no", "isUnderlined": "no", "isTitle": "no", "isBold": "no"}, "token_list": [{"endp": "50", "style": {"isItalics": "no", "isUnderlined": "no", "isTitle": "no", "isBold": "no"}, "inip": "49", "form": "so", "quote_level": "0", "affected_by_negation": "no", "separation": "1", "analysis_list": [{"lemma": "so", "tag": "CSLN7", "original_form": "so"}, {"lemma": "so", "tag": "CSFN7", "original_form": "so"}], "id": "11"}, {"endp": "57", "style": {"isItalics": "no", "isUnderlined": "no", "isTitle": "no", "isBold": "no"}, "token_list": [{"endp": "57", "style": {"isItalics": "no", "isUnderlined": "no", "isTitle": "no", "isBold": "no"}, "inip": "52", "form": "father", "quote_level": "0", "affected_by_negation": "no", "separation": "1", "analysis_list": [{"lemma": "father", "tag": "NC-S-N6", "sense_id_list": [{"sense_id": "ffda6eca1c"}], "original_form": "father"}], "sense_list": [{"info": "sementity/class=class@fiction=nonfiction@id=ODENTITY_PERSON@type=Top>Person\tsemld_list=sumo:Human", "id": "ffda6eca1c", "form": "father"}], "id": "12"}], "separation": "1", "form": "father", "quote_level": "0", "head": "12", "affected_by_negation": "no", "inip": "52", "analysis_list": [{"lemma": "father", "tag": "GN-S3---", "original_form": "father"}], "type": "phrase", "id": "26"}, {"endp": "62", "style": {"isItalics": "no", "isUnderlined": "no", "isTitle": "no", "isBold": "no"}, "inip": "59", "form": "gave", "quote_level": "0", "syntactic_tree_relation_list": [{"type": "iof_isSubject", "id": "25"}, {"type": "iof_isDirectObject", "id": "28"}, {"type": "iof_isDirectObject", "id": "27"}], "affected_by_negation": "no", "separation": "1", "analysis_list": [{"lemma": "give", "tag": "VI-UUASA-N-N7", "original_form": "gave"}], "id": "13"}, {"endp": "66", "style": {"isItalics": "no", "isUnderlined": "no", "isTitle": "no", "isBold": "no"}, "token_list": [{"endp": "66", "style": {"isItalics": "no", "isUnderlined": "no", "isTitle": "no", "isBold": "no"}, "inip": "64", "form": "him", "quote_level": "0", "affected_by_negation": "no", "separation": "1", "analysis_list": [{"lemma": "him", "tag": "PP-S3AN7", "sense_id_list": [{"sense_id": "PRONHUMAN"}], "original_form": "him"}], "sense_list": [{"info": "semhum=human", "id": "PRONHUMAN", "form": "him"}], "id": "14"}], "separation": "1", "form": "him", "quote_level": "0", "head": "14", "syntactic_tree_relation_list": [{"type": "isAnaphora", "id": "25"}, {"type": "isDirectObject", "id": "13"}], "affected_by_negation": "no", "inip": "64", "analysis_list": [{"lemma": "him", "tag": "GN-S3D--", "original_form": "him"}], "type": "phrase", "id": "28"}, {"endp": "85", "style": {"isItalics": "no", "isUnderlined": "no", "isTitle": "no", "isBold": "no"}, "token_list": [{"endp": "68", "style": {"isItalics": "no", "isUnderlined": "no", "isTitle": "no", "isBold": "no"}, "inip": "68", "form": "a", "quote_level": "0", "affected_by_negation": "no", "separation": "1", "analysis_list": [{"lemma": "a", "tag": "QD-SPN9", "original_form": "a"}], "id": "15"}, {"endp": "80", "style": {"isItalics": "no", "isUnderlined": "no", "isTitle": "no", "isBold": "no"}, "inip": "70", "form": "sympathetic", "quote_level": "0", "affected_by_negation": "no", "separation": "1", "analysis_list": [{"lemma": "sympathetic", "tag": "AP-N4", "original_form": "sympathetic"}], "id": "16"}, {"endp": "85", "style": {"isItalics": "no", "isUnderlined": "no", "isTitle": "no", "isBold": "no"}, "inip": "82", "form": "look", "quote_level": "0", "affected_by_negation": "no", "separation": "1", "analysis_list": [{"lemma": "look", "tag": "NC-S-N6", "original_form": "look"}], "id": "17"}], "separation": "1", "form": "a sympathetic look", "quote_level": "0", "head": "17", "syntactic_tree_relation_list": [{"type": "isDirectObject", "id": "13"}], "affected_by_negation": "no", "inip": "68", "analysis_list": [{"lemma": "look", "tag": "GN-S3D--", "original_form": "a sympathetic look"}], "type": "phrase", "id": "27"}], "separation": "1", "form": "so father gave him a sympathetic look", "quote_level": "0", "syntactic_tree_relation_list": [{"type": "isComplement", "id": "9"}], "affected_by_negation": "no", "inip": "49", "analysis_list": [{"lemma": "*", "tag": "ZE---CIA----", "original_form": "so father gave him a sympathetic look"}], "type": "phrase", "id": "29"}], "separation": "1", "form": "Timmy giggled, so father gave him a sympathetic look", "quote_level": "0", "affected_by_negation": "no", "inip": "34", "analysis_list": [{"lemma": "*", "tag": "Z-----------", "original_form": "Timmy giggled, so father gave him a sympathetic look"}], "type": "phrase", "id": "31"}, {"endp": "86", "style": {"isItalics": "no", "isUnderlined": "no", "isTitle": "no", "isBold": "no"}, "inip": "86", "form": ".", "quote_level": "0", "affected_by_negation": "no", "separation": "A", "analysis_list": [{"lemma": ".", "tag": "1D--", "original_form": "."}], "id": "18"}], "inip": "0", "quote_level": "0", "affected_by_negation": "no", "separation": "A", "type": "sentence", "id": "21"}]}