{"status": {"msg": "OK", "credits": "1", "remaining_credits": "39701", "code": "0"}, "token_list": [{"endp": "64", "style": {"isItalics": "no", "isUnderlined": "no", "isTitle": "no", "isBold": "no"}, "token_list": [{"endp": "63", "style": {"isItalics": "no", "isUnderlined": "no", "isTitle": "no", "isBold": "no"}, "token_list": [{"endp": "7", "style": {"isItalics": "no", "isUnderlined": "no", "isTitle": "no", "isBold": "no"}, "token_list": [{"endp": "1", "style": {"isItalics": "no", "isUnderlined": "no", "isTitle": "no", "isBold": "no"}, "inip": "0", "form": "As", "quote_level": "0", "affected_by_negation": "no", "separation": "_", "analysis_list": [{"lemma": "as", "tag": "YN7", "original_form": "as"}], "id": "1"}, {"endp": "7", "style": {"isItalics": "no", "isUnderlined": "no", "isTitle": "no", "isBold": "no"}, "token_list": [{"endp": "7", "style": {"isItalics": "no", "isUnderlined": "no", "isTitle": "no", "isBold": "no"}, "inip": "3", "form": "Ollie", "quote_level": "0", "affected_by_negation": "no", "separation": "1", "analysis_list": [{"lemma": "Ollie", "tag": "NPMS-N-", "sense_id_list": [{"sense_id": "6b0ba1f873"}], "original_form": "Ollie"}, {"lemma": "Ollie", "tag": "NP-S-N-", "sense_id_list": [{"sense_id": "31124d0829"}], "original_form": "Ollie"}], "sense_list": [{"info": "sementity/class=instance@fiction=nonfiction@id=ODENTITY_GEO_POLITICAL_ENTITY@type=Top>Location>GeoPoliticalEntity\tsemld_list=sumo:GeopoliticalArea", "id": "31124d0829", "form": "Ollie"}, {"info": "sementity/class=instance@fiction=nonfiction@id=ODENTITY_FIRST_NAME@type=Top>Person>FirstName\tsemld_list=sumo:FirstName", "id": "6b0ba1f873", "form": "Ollie"}], "id": "2"}], "separation": "1", "form": "Ollie", "quote_level": "0", "head": "2", "affected_by_negation": "no", "inip": "3", "analysis_list": [{"lemma": "Ollie", "tag": "GNMS3---", "original_form": "Ollie"}, {"lemma": "Ollie", "tag": "GN-S3---", "original_form": "Ollie"}], "type": "phrase", "id": "18"}], "separation": "_", "form": "As Ollie", "quote_level": "0", "head": "1", "syntactic_tree_relation_list": [{"type": "isComplement", "id": "3"}, {"type": "isSubject", "id": "3"}], "affected_by_negation": "no", "inip": "0", "analysis_list": [{"lemma": "as", "tag": "GY---C--", "original_form": "As Ollie"}], "type": "phrase", "id": "22"}, {"endp": "15", "style": {"isItalics": "no", "isUnderlined": "no", "isTitle": "no", "isBold": "no"}, "inip": "9", "form": "carried", "quote_level": "0", "syntactic_tree_relation_list": [{"type": "iof_isComplement", "id": "22"}, {"type": "iof_isSubject", "id": "22"}, {"type": "iof_isDirectObject", "id": "19"}], "affected_by_negation": "no", "separation": "1", "analysis_list": [{"lemma": "carry", "tag": "VP---ASA-N-N6", "sense_id_list": [{"sense_id": "ODENTITY_BODY_MOTION"}, {"sense_id": "ODENTITY_COMMUNICATION_PROCESS"}, {"sense_id": "ODENTITY_CONTEST"}, {"sense_id": "ODENTITY_BIOLOGICAL_PROCESS"}, {"sense_id": "ODENTITY_TRANSACTION"}, {"sense_id": "ODENTITY_TRANSFER"}, {"sense_id": "ODENTITY_INTENTIONAL_PROCESS"}, {"sense_id": "ODENTITY_KEEPING"}, {"sense_id": "ODENTITY_MOTION"}, {"sense_id": "ODENTITY_RADIATING"}, {"sense_id": "ODENTITY_PROCESS"}, {"sense_id": "ODENTITY_PUBLICATION"}, {"sense_id": "ODENTITY_LINGUISTIC_COMMUNICATION"}, {"sense_id": "ODENTITY_TRANSPORTATION"}, {"sense_id": "ODENTITY_CHANGE_OF_POSSESSION"}], "original_form": "carried"}, {"lemma": "carry", "tag": "VI-UUASA-N-N6", "sense_id_list": [{"sense_id": "ODENTITY_BODY_MOTION"}, {"sense_id": "ODENTITY_COMMUNICATION_PROCESS"}, {"sense_id": "ODENTITY_CONTEST"}, {"sense_id": "ODENTITY_BIOLOGICAL_PROCESS"}, {"sense_id": "ODENTITY_TRANSACTION"}, {"sense_id": "ODENTITY_TRANSFER"}, {"sense_id": "ODENTITY_INTENTIONAL_PROCESS"}, {"sense_id": "ODENTITY_KEEPING"}, {"sense_id": "ODENTITY_MOTION"}, {"sense_id": "ODENTITY_RADIATING"}, {"sense_id": "ODENTITY_PROCESS"}, {"sense_id": "ODENTITY_PUBLICATION"}, {"sense_id": "ODENTITY_LINGUISTIC_COMMUNICATION"}, {"sense_id": "ODENTITY_TRANSPORTATION"}, {"sense_id": "ODENTITY_CHANGE_OF_POSSESSION"}], "original_form": "carried"}], "sense_list": [{"info": "sementity/id=ODENTITY_BIOLOGICAL_PROCESS@type=Top>Process>InternalChange>BiologicalProcess\tsemld_list=sumo:Entity", "id": "ODENTITY_BIOLOGICAL_PROCESS", "form": "carry"}, {"info": "sementity/id=ODENTITY_BODY_MOTION@type=Top>Process>Motion>BodyMotion\tsemld_list=sumo:Entity", "id": "ODENTITY_BODY_MOTION", "form": "carry"}, {"info": "sementity/id=ODENTITY_CHANGE_OF_POSSESSION@type=Top>Process>IntentionalProcess>SocialInteraction>ChangeOfPossession\tsemld_list=sumo:IntentionalProcess", "id": "ODENTITY_CHANGE_OF_POSSESSION", "form": "carry"}, {"info": "sementity/id=ODENTITY_COMMUNICATION_PROCESS@type=Top>Process>ContentBearingProcess>CommunicationProcess\tsemld_list=sumo:Entity", "id": "ODENTITY_COMMUNICATION_PROCESS", "form": "carry"}, {"info": "sementity/id=ODENTITY_CONTEST@type=Top>Process>IntentionalProcess>SocialInteraction>Contest\tsemld_list=sumo:IntentionalProcess", "id": "ODENTITY_CONTEST", "form": "carry"}, {"info": "sementity/id=ODENTITY_INTENTIONAL_PROCESS@type=Top>Process>IntentionalProcess\tsemld_list=sumo:IntentionalProcess", "id": "ODENTITY_INTENTIONAL_PROCESS", "form": "carry"}, {"info": "sementity/id=ODENTITY_KEEPING@type=Top>Process>IntentionalProcess>Keeping\tsemld_list=sumo:Keeping", "id": "ODENTITY_KEEPING", "form": "carry"}, {"info": "sementity/id=ODENTITY_LINGUISTIC_COMMUNICATION@type=Top>Process>ContentBearingProcess>CommunicationProcess>LinguisticCommunication\tsemld_list=sumo:Entity", "id": "ODENTITY_LINGUISTIC_COMMUNICATION", "form": "carry"}, {"info": "sementity/id=ODENTITY_MOTION@type=Top>Process>Motion\tsemld_list=sumo:Entity", "id": "ODENTITY_MOTION", "form": "carry"}, {"info": "sementity/id=ODENTITY_PROCESS@type=Top>Process\tsemld_list=sumo:Entity", "id": "ODENTITY_PROCESS", "form": "carry"}, {"info": "sementity/id=ODENTITY_PUBLICATION@type=Top>Process>IntentionalProcess>ContentDevelopment>Publication\tsemld_list=sumo:IntentionalProcess", "id": "ODENTITY_PUBLICATION", "form": "carry"}, {"info": "sementity/id=ODENTITY_RADIATING@type=Top>Process>Motion>Radiating\tsemld_list=sumo:Entity", "id": "ODENTITY_RADIATING", "form": "carry"}, {"info": "sementity/id=ODENTITY_TRANSACTION@type=Top>Process>DualObjectProcess>Transaction\tsemld_list=sumo:Entity", "id": "ODENTITY_TRANSACTION", "form": "carry"}, {"info": "sementity/id=ODENTITY_TRANSFER@type=Top>Process>Motion>Translocation>Transfer\tsemld_list=sumo:Entity", "id": "ODENTITY_TRANSFER", "form": "carry"}, {"info": "sementity/id=ODENTITY_TRANSPORTATION@type=Top>Process>Motion>Translocation>Transportation\tsemld_list=sumo:Entity", "id": "ODENTITY_TRANSPORTATION", "form": "carry"}], "id": "3"}, {"endp": "21", "style": {"isItalics": "no", "isUnderlined": "no", "isTitle": "no", "isBold": "no"}, "token_list": [{"endp": "21", "style": {"isItalics": "no", "isUnderlined": "no", "isTitle": "no", "isBold": "no"}, "inip": "17", "form": "Tommy", "quote_level": "0", "affected_by_negation": "no", "separation": "1", "analysis_list": [{"lemma": "Tommy", "tag": "NPMS-N-", "sense_id_list": [{"sense_id": "976ce42362"}], "original_form": "Tommy"}], "sense_list": [{"info": "sementity/class=instance@fiction=nonfiction@id=ODENTITY_FIRST_NAME@type=Top>Person>FirstName\tsemld_list=sumo:FirstName", "id": "976ce42362", "form": "Tommy"}], "id": "4"}], "separation": "1", "form": "Tommy", "quote_level": "0", "head": "4", "syntactic_tree_relation_list": [{"type": "isSubject", "id": "9"}, {"type": "isSubject", "id": "5"}, {"type": "isDirectObject", "id": "3"}, {"type": "iof_isPossessor", "id": "21"}], "affected_by_negation": "no", "inip": "17", "analysis_list": [{"lemma": "Tommy", "tag": "GNMS3D--", "original_form": "Tommy"}], "type": "phrase", "id": "19"}, {"endp": "24", "style": {"isItalics": "no", "isUnderlined": "no", "isTitle": "no", "isBold": "no"}, "inip": "23", "form": "up", "quote_level": "0", "syntactic_tree_relation_list": [{"type": "iof_isSubject", "id": "19"}, {"type": "iof_isDirectObject", "id": "20"}], "affected_by_negation": "no", "separation": "1", "analysis_list": [{"lemma": "up", "tag": "VI-P3PSA-N-N6", "original_form": "up"}, {"lemma": "up", "tag": "VI-U1PSA-N-N6", "original_form": "up"}, {"lemma": "up", "tag": "VI-U2PSA-N-N6", "original_form": "up"}], "id": "5"}, {"endp": "41", "style": {"isItalics": "no", "isUnderlined": "no", "isTitle": "no", "isBold": "no"}, "token_list": [{"endp": "28", "style": {"isItalics": "no", "isUnderlined": "no", "isTitle": "no", "isBold": "no"}, "inip": "26", "form": "the", "quote_level": "0", "affected_by_negation": "no", "separation": "1", "analysis_list": [{"lemma": "the", "tag": "TD-SN9", "original_form": "the"}], "id": "6"}, {"endp": "33", "style": {"isItalics": "no", "isUnderlined": "no", "isTitle": "no", "isBold": "no"}, "inip": "30", "form": "long", "quote_level": "0", "affected_by_negation": "no", "separation": "1", "analysis_list": [{"lemma": "long", "tag": "AP-N4", "original_form": "long"}], "id": "7"}, {"endp": "41", "style": {"isItalics": "no", "isUnderlined": "no", "isTitle": "no", "isBold": "no"}, "inip": "35", "form": "winding", "quote_level": "0", "affected_by_negation": "no", "separation": "1", "analysis_list": [{"lemma": "winding", "tag": "NC-S-N-", "sense_id_list": [{"sense_id": "0351683a74"}], "original_form": "winding"}], "sense_list": [{"info": "sementity/class=class@fiction=nonfiction@id=ODENTITY_PRODUCT@type=Top>Product\tsemld_list=sumo:Artifact\tsemtheme_list/id=ODTHEME_ELECTRICITY@type=Top>Technology>Electricity", "id": "0351683a74", "form": "winding"}], "id": "8"}], "separation": "1", "form": "the long winding", "quote_level": "0", "head": "8", "syntactic_tree_relation_list": [{"type": "isDirectObject", "id": "5"}], "affected_by_negation": "no", "inip": "26", "analysis_list": [{"lemma": "winding", "tag": "GN-S3D--", "original_form": "the long winding"}], "type": "phrase", "id": "20"}, {"endp": "47", "style": {"isItalics": "no", "isUnderlined": "no", "isTitle": "no", "isBold": "no"}, "inip": "43", "form": "steps", "quote_level": "0", "syntactic_tree_relation_list": [{"type": "iof_isSubject", "id": "19"}], "affected_by_negation": "no", "separation": "1", "analysis_list": [{"lemma": "step", "tag": "VI-S3PSA-N-N5", "sense_id_list": [{"sense_id": "ODENTITY_COMMUNICATION_PROCESS"}, {"sense_id": "ODENTITY_CALCULATING"}, {"sense_id": "ODENTITY_MOTION"}, {"sense_id": "ODENTITY_PROCESS"}, {"sense_id": "ODENTITY_TRANSLOCATION"}, {"sense_id": "ODENTITY_AMBULATING"}], "original_form": "steps"}], "sense_list": [{"info": "sementity/id=ODENTITY_AMBULATING@type=Top>Process>Motion>Translocation>Ambulating\tsemld_list=sumo:Entity", "id": "ODENTITY_AMBULATING", "form": "step"}, {"info": "sementity/id=ODENTITY_CALCULATING@type=Top>Process>IntentionalProcess>IntentionalPsychologicalProcess>Calculating\tsemld_list=sumo:IntentionalProcess", "id": "ODENTITY_CALCULATING", "form": "step"}, {"info": "sementity/id=ODENTITY_COMMUNICATION_PROCESS@type=Top>Process>ContentBearingProcess>CommunicationProcess\tsemld_list=sumo:Entity", "id": "ODENTITY_COMMUNICATION_PROCESS", "form": "step"}, {"info": "sementity/id=ODENTITY_MOTION@type=Top>Process>Motion\tsemld_list=sumo:Entity", "id": "ODENTITY_MOTION", "form": "step"}, {"info": "sementity/id=ODENTITY_PROCESS@type=Top>Process\tsemld_list=sumo:Entity", "id": "ODENTITY_PROCESS", "form": "step"}, {"info": "sementity/id=ODENTITY_TRANSLOCATION@type=Top>Process>Motion>Translocation\tsemld_list=sumo:Entity", "id": "ODENTITY_TRANSLOCATION", "form": "step"}], "id": "9"}, {"endp": "48", "style": {"isItalics": "no", "isUnderlined": "no", "isTitle": "no", "isBold": "no"}, "inip": "48", "form": ",", "quote_level": "0", "affected_by_negation": "no", "separation": "A", "analysis_list": [{"lemma": ",", "tag": "1D--", "original_form": ","}], "id": "10"}, {"endp": "57", "style": {"isItalics": "no", "isUnderlined": "no", "isTitle": "no", "isBold": "no"}, "token_list": [{"endp": "52", "style": {"isItalics": "no", "isUnderlined": "no", "isTitle": "no", "isBold": "no"}, "inip": "50", "form": "his", "quote_level": "0", "affected_by_negation": "no", "separation": "1", "analysis_list": [{"lemma": "his", "tag": "SD-PMS3N5", "sense_id_list": [{"sense_id": "PRONHUMAN"}], "original_form": "his"}], "sense_list": [{"info": "semhum=human", "id": "PRONHUMAN", "form": "his"}], "id": "11"}, {"endp": "57", "style": {"isItalics": "no", "isUnderlined": "no", "isTitle": "no", "isBold": "no"}, "inip": "54", "form": "legs", "quote_level": "0", "affected_by_negation": "no", "separation": "1", "analysis_list": [{"lemma": "leg", "tag": "NC-P-N5", "sense_id_list": [{"sense_id": "dbb4d2fd7c"}, {"sense_id": "7d3c998fb5"}], "original_form": "legs"}], "sense_list": [{"info": "sementity/class=class@fiction=nonfiction@id=ODENTITY_BODY_PART@type=Top>LivingThing>BodyPart\tsemld_list=sumo:Organism\tsemtheme_list/id=ODTHEME_ANATOMY@type=Top>LifeSciences>Anatomy", "id": "7d3c998fb5", "form": "leg"}, {"info": "sementity/class=class@fiction=nonfiction@id=ODENTITY_TOP@type=Top\tsemld_list=sumo:Entity\tsemtheme_list/id=ODTHEME_GEOMETRY@type=Top>BasicSciences>Geometry", "id": "dbb4d2fd7c", "form": "leg"}], "id": "12"}], "separation": "1", "form": "his legs", "quote_level": "0", "head": "12", "syntactic_tree_relation_list": [{"type": "isPossessor", "id": "19"}, {"type": "isSubject", "id": "13"}], "affected_by_negation": "no", "inip": "50", "analysis_list": [{"lemma": "leg", "tag": "GN-P3S--", "original_form": "his legs"}], "type": "phrase", "id": "21"}, {"endp": "63", "style": {"isItalics": "no", "isUnderlined": "no", "isTitle": "no", "isBold": "no"}, "inip": "59", "form": "ached", "quote_level": "0", "syntactic_tree_relation_list": [{"type": "iof_isSubject", "id": "21"}], "affected_by_negation": "no", "separation": "1", "analysis_list": [{"lemma": "ache", "tag": "VI-P3ASA-N-N-", "sense_id_list": [{"sense_id": "ODENTITY_INTENTIONAL_PSYCHOLOGICAL_PROCESS"}, {"sense_id": "ODENTITY_BIOLOGICAL_PROCESS"}], "original_form": "ached"}], "sense_list": [{"info": "sementity/id=ODENTITY_BIOLOGICAL_PROCESS@type=Top>Process>InternalChange>BiologicalProcess\tsemld_list=sumo:Entity", "id": "ODENTITY_BIOLOGICAL_PROCESS", "form": "ache"}, {"info": "sementity/id=ODENTITY_INTENTIONAL_PSYCHOLOGICAL_PROCESS@type=Top>Process>IntentionalProcess>IntentionalPsychologicalProcess\tsemld_list=sumo:IntentionalProcess", "id": "ODENTITY_INTENTIONAL_PSYCHOLOGICAL_PROCESS", "form": "ache"}], "id": "13"}], "separation": "_", "form": "As Ollie carried Tommy up the long winding steps, his legs ached", "quote_level": "0", "affected_by_negation": "no", "inip": "0", "analysis_list": [{"lemma": "*", "tag": "Z-----------", "original_form": "As Ollie carried Tommy up the long winding steps, his legs ached"}], "type": "phrase", "id": "23"}, {"endp": "64", "style": {"isItalics": "no", "isUnderlined": "no", "isTitle": "no", "isBold": "no"}, "inip": "64", "form": ".", "quote_level": "0", "affected_by_negation": "no", "separation": "A", "analysis_list": [{"lemma": ".", "tag": "1D--", "original_form": "."}], "id": "14"}], "inip": "0", "quote_level": "0", "affected_by_negation": "no", "separation": "A", "type": "sentence", "id": "16"}]}