{"status": {"msg": "OK", "credits": "1", "remaining_credits": "39699", "code": "0"}, "token_list": [{"endp": "46", "style": {"isItalics": "no", "isUnderlined": "no", "isTitle": "no", "isBold": "no"}, "token_list": [{"endp": "46", "style": {"isItalics": "no", "isUnderlined": "no", "isTitle": "no", "isBold": "no"}, "token_list": [{"endp": "9", "style": {"isItalics": "no", "isUnderlined": "no", "isTitle": "no", "isBold": "no"}, "token_list": [{"endp": "2", "style": {"isItalics": "no", "isUnderlined": "no", "isTitle": "no", "isBold": "no"}, "inip": "0", "form": "The", "quote_level": "0", "affected_by_negation": "no", "separation": "_", "analysis_list": [{"lemma": "the", "tag": "TD-SN9", "original_form": "the"}], "id": "1"}, {"endp": "9", "style": {"isItalics": "no", "isUnderlined": "no", "isTitle": "no", "isBold": "no"}, "inip": "4", "form": "father", "quote_level": "0", "affected_by_negation": "no", "separation": "1", "analysis_list": [{"lemma": "father", "tag": "NC-S-N6", "sense_id_list": [{"sense_id": "ffda6eca1c"}], "original_form": "father"}], "sense_list": [{"info": "sementity/class=class@fiction=nonfiction@id=ODENTITY_PERSON@type=Top>Person\tsemld_list=sumo:Human", "id": "ffda6eca1c", "form": "father"}], "id": "2"}], "separation": "_", "form": "The father", "quote_level": "0", "head": "2", "syntactic_tree_relation_list": [{"type": "isSubject", "id": "3"}], "affected_by_negation": "no", "inip": "0", "analysis_list": [{"lemma": "father", "tag": "GN-S3S--", "original_form": "The father"}], "type": "phrase", "id": "13"}, {"endp": "17", "style": {"isItalics": "no", "isUnderlined": "no", "isTitle": "no", "isBold": "no"}, "inip": "11", "form": "carried", "quote_level": "0", "syntactic_tree_relation_list": [{"type": "iof_isSubject", "id": "13"}, {"type": "iof_isDirectObject", "id": "14"}, {"type": "iof_isComplement", "id": "16"}], "affected_by_negation": "no", "separation": "1", "analysis_list": [{"lemma": "carry", "tag": "VI-S3ASA-N-N6", "sense_id_list": [{"sense_id": "ODENTITY_BODY_MOTION"}, {"sense_id": "ODENTITY_COMMUNICATION_PROCESS"}, {"sense_id": "ODENTITY_CONTEST"}, {"sense_id": "ODENTITY_BIOLOGICAL_PROCESS"}, {"sense_id": "ODENTITY_TRANSACTION"}, {"sense_id": "ODENTITY_TRANSFER"}, {"sense_id": "ODENTITY_INTENTIONAL_PROCESS"}, {"sense_id": "ODENTITY_KEEPING"}, {"sense_id": "ODENTITY_MOTION"}, {"sense_id": "ODENTITY_RADIATING"}, {"sense_id": "ODENTITY_PROCESS"}, {"sense_id": "ODENTITY_PUBLICATION"}, {"sense_id": "ODENTITY_LINGUISTIC_COMMUNICATION"}, {"sense_id": "ODENTITY_TRANSPORTATION"}, {"sense_id": "ODENTITY_CHANGE_OF_POSSESSION"}], "original_form": "carried"}], "sense_list": [{"info": "sementity/id=ODENTITY_BIOLOGICAL_PROCESS@type=Top>Process>InternalChange>BiologicalProcess\tsemld_list=sumo:Entity", "id": "ODENTITY_BIOLOGICAL_PROCESS", "form": "carry"}, {"info": "sementity/id=ODENTITY_BODY_MOTION@type=Top>Process>Motion>BodyMotion\tsemld_list=sumo:Entity", "id": "ODENTITY_BODY_MOTION", "form": "carry"}, {"info": "sementity/id=ODENTITY_CHANGE_OF_POSSESSION@type=Top>Process>IntentionalProcess>SocialInteraction>ChangeOfPossession\tsemld_list=sumo:IntentionalProcess", "id": "ODENTITY_CHANGE_OF_POSSESSION", "form": "carry"}, {"info": "sementity/id=ODENTITY_COMMUNICATION_PROCESS@type=Top>Process>ContentBearingProcess>CommunicationProcess\tsemld_list=sumo:Entity", "id": "ODENTITY_COMMUNICATION_PROCESS", "form": "carry"}, {"info": "sementity/id=ODENTITY_CONTEST@type=Top>Process>IntentionalProcess>SocialInteraction>Contest\tsemld_list=sumo:IntentionalProcess", "id": "ODENTITY_CONTEST", "form": "carry"}, {"info": "sementity/id=ODENTITY_INTENTIONAL_PROCESS@type=Top>Process>IntentionalProcess\tsemld_list=sumo:IntentionalProcess", "id": "ODENTITY_INTENTIONAL_PROCESS", "form": "carry"}, {"info": "sementity/id=ODENTITY_KEEPING@type=Top>Process>IntentionalProcess>Keeping\tsemld_list=sumo:Keeping", "id": "ODENTITY_KEEPING", "form": "carry"}, {"info": "sementity/id=ODENTITY_LINGUISTIC_COMMUNICATION@type=Top>Process>ContentBearingProcess>CommunicationProcess>LinguisticCommunication\tsemld_list=sumo:Entity", "id": "ODENTITY_LINGUISTIC_COMMUNICATION", "form": "carry"}, {"info": "sementity/id=ODENTITY_MOTION@type=Top>Process>Motion\tsemld_list=sumo:Entity", "id": "ODENTITY_MOTION", "form": "carry"}, {"info": "sementity/id=ODENTITY_PROCESS@type=Top>Process\tsemld_list=sumo:Entity", "id": "ODENTITY_PROCESS", "form": "carry"}, {"info": "sementity/id=ODENTITY_PUBLICATION@type=Top>Process>IntentionalProcess>ContentDevelopment>Publication\tsemld_list=sumo:IntentionalProcess", "id": "ODENTITY_PUBLICATION", "form": "carry"}, {"info": "sementity/id=ODENTITY_RADIATING@type=Top>Process>Motion>Radiating\tsemld_list=sumo:Entity", "id": "ODENTITY_RADIATING", "form": "carry"}, {"info": "sementity/id=ODENTITY_TRANSACTION@type=Top>Process>DualObjectProcess>Transaction\tsemld_list=sumo:Entity", "id": "ODENTITY_TRANSACTION", "form": "carry"}, {"info": "sementity/id=ODENTITY_TRANSFER@type=Top>Process>Motion>Translocation>Transfer\tsemld_list=sumo:Entity", "id": "ODENTITY_TRANSFER", "form": "carry"}, {"info": "sementity/id=ODENTITY_TRANSPORTATION@type=Top>Process>Motion>Translocation>Transportation\tsemld_list=sumo:Entity", "id": "ODENTITY_TRANSPORTATION", "form": "carry"}], "id": "3"}, {"endp": "34", "style": {"isItalics": "no", "isUnderlined": "no", "isTitle": "no", "isBold": "no"}, "token_list": [{"endp": "21", "style": {"isItalics": "no", "isUnderlined": "no", "isTitle": "no", "isBold": "no"}, "inip": "19", "form": "the", "quote_level": "0", "affected_by_negation": "no", "separation": "1", "analysis_list": [{"lemma": "the", "tag": "TD-SN9", "original_form": "the"}], "id": "4"}, {"endp": "30", "style": {"isItalics": "no", "isUnderlined": "no", "isTitle": "no", "isBold": "no"}, "inip": "23", "form": "sleeping", "quote_level": "0", "affected_by_negation": "no", "separation": "1", "analysis_list": [{"lemma": "sleeping", "tag": "AP-N3", "original_form": "sleeping"}], "id": "5"}, {"endp": "34", "style": {"isItalics": "no", "isUnderlined": "no", "isTitle": "no", "isBold": "no"}, "inip": "32", "form": "boy", "quote_level": "0", "affected_by_negation": "no", "separation": "1", "analysis_list": [{"lemma": "boy", "tag": "NC-S-N6", "sense_id_list": [{"sense_id": "498e19c6d9"}], "original_form": "boy"}], "sense_list": [{"info": "sementity/class=class@fiction=nonfiction@id=ODENTITY_PERSON@type=Top>Person\tsemld_list=sumo:Human", "id": "498e19c6d9", "form": "boy"}], "id": "6"}], "separation": "1", "form": "the sleeping boy", "quote_level": "0", "head": "6", "syntactic_tree_relation_list": [{"type": "isDirectObject", "id": "3"}, {"type": "iof_isPossessor", "id": "16"}], "affected_by_negation": "no", "inip": "19", "analysis_list": [{"lemma": "boy", "tag": "GN-S3D--", "original_form": "the sleeping boy"}], "type": "phrase", "id": "14"}, {"endp": "46", "style": {"isItalics": "no", "isUnderlined": "no", "isTitle": "no", "isBold": "no"}, "token_list": [{"endp": "37", "style": {"isItalics": "no", "isUnderlined": "no", "isTitle": "no", "isBold": "no"}, "inip": "36", "form": "in", "quote_level": "0", "affected_by_negation": "no", "separation": "1", "analysis_list": [{"lemma": "in", "tag": "YN6", "original_form": "in"}], "id": "7"}, {"endp": "46", "style": {"isItalics": "no", "isUnderlined": "no", "isTitle": "no", "isBold": "no"}, "token_list": [{"endp": "41", "style": {"isItalics": "no", "isUnderlined": "no", "isTitle": "no", "isBold": "no"}, "inip": "39", "form": "his", "quote_level": "0", "affected_by_negation": "no", "separation": "1", "analysis_list": [{"lemma": "his", "tag": "SD-PMS3N5", "sense_id_list": [{"sense_id": "PRONHUMAN"}], "original_form": "his"}], "sense_list": [{"info": "semhum=human", "id": "PRONHUMAN", "form": "his"}], "id": "8"}, {"endp": "46", "style": {"isItalics": "no", "isUnderlined": "no", "isTitle": "no", "isBold": "no"}, "inip": "43", "form": "arms", "quote_level": "0", "affected_by_negation": "no", "separation": "1", "analysis_list": [{"lemma": "arm", "tag": "NC-P-N4", "sense_id_list": [{"sense_id": "24cdb52d12"}], "original_form": "arms"}], "sense_list": [{"info": "sementity/class=class@fiction=nonfiction@id=ODENTITY_BODY_PART@type=Top>LivingThing>BodyPart\tsemld_list=sumo:Organism\tsemtheme_list/id=ODTHEME_ANATOMY@type=Top>LifeSciences>Anatomy", "id": "24cdb52d12", "form": "arm"}], "id": "9"}], "separation": "1", "form": "his arms", "quote_level": "0", "head": "9", "affected_by_negation": "no", "inip": "39", "analysis_list": [{"lemma": "arm", "tag": "GN-P3---", "original_form": "his arms"}], "type": "phrase", "id": "15"}], "separation": "1", "form": "in his arms", "quote_level": "0", "head": "7", "syntactic_tree_relation_list": [{"type": "isComplement", "id": "3"}, {"type": "isPossessor", "id": "14"}], "affected_by_negation": "no", "inip": "36", "analysis_list": [{"lemma": "in", "tag": "GY---C--", "original_form": "in his arms"}], "type": "phrase", "id": "16"}], "separation": "_", "form": "The father carried the sleeping boy in his arms", "quote_level": "0", "affected_by_negation": "no", "inip": "0", "analysis_list": [{"lemma": "*", "tag": "Z-----------", "original_form": "The father carried the sleeping boy in his arms"}], "type": "phrase", "id": "17"}], "inip": "0", "quote_level": "0", "affected_by_negation": "no", "separation": "A", "type": "sentence", "id": "11"}]}