{"status": {"msg": "OK", "credits": "1", "remaining_credits": "39695", "code": "0"}, "token_list": [{"endp": "73", "style": {"isItalics": "no", "isUnderlined": "no", "isTitle": "no", "isBold": "no"}, "token_list": [{"endp": "22", "style": {"isItalics": "no", "isUnderlined": "no", "isTitle": "no", "isBold": "no"}, "token_list": [{"endp": "12", "style": {"isItalics": "no", "isUnderlined": "no", "isTitle": "no", "isBold": "no"}, "token_list": [{"endp": "2", "style": {"isItalics": "no", "isUnderlined": "no", "isTitle": "no", "isBold": "no"}, "token_list": [{"endp": "2", "style": {"isItalics": "no", "isUnderlined": "no", "isTitle": "no", "isBold": "no"}, "inip": "0", "form": "Pam", "quote_level": "0", "affected_by_negation": "no", "separation": "_", "analysis_list": [{"lemma": "Pam", "tag": "NPFS-N-", "sense_id_list": [{"sense_id": "79e2eb01d8"}], "original_form": "Pam"}], "sense_list": [{"info": "sementity/class=instance@fiction=nonfiction@id=ODENTITY_FIRST_NAME@type=Top>Person>FirstName\tsemld_list=sumo:FirstName", "id": "79e2eb01d8", "form": "Pam"}], "id": "1"}], "separation": "_", "form": "Pam", "quote_level": "0", "head": "1", "affected_by_negation": "no", "inip": "0", "analysis_list": [{"lemma": "Pam", "tag": "GNFS3---", "original_form": "Pam"}], "type": "phrase", "id": "30"}, {"endp": "4", "style": {"isItalics": "no", "isUnderlined": "no", "isTitle": "no", "isBold": "no"}, "inip": "3", "form": "'s", "quote_level": "0", "affected_by_negation": "no", "separation": "A", "analysis_list": [{"lemma": "'s", "tag": "WN-", "original_form": "'s"}], "id": "25"}, {"endp": "12", "style": {"isItalics": "no", "isUnderlined": "no", "isTitle": "no", "isBold": "no"}, "token_list": [{"endp": "12", "style": {"isItalics": "no", "isUnderlined": "no", "isTitle": "no", "isBold": "no"}, "inip": "6", "form": "parents", "quote_level": "0", "affected_by_negation": "no", "separation": "1", "analysis_list": [{"lemma": "parent", "tag": "NC-P-N6", "original_form": "parents"}], "id": "4"}], "separation": "1", "form": "parents", "quote_level": "0", "head": "4", "affected_by_negation": "no", "inip": "6", "analysis_list": [{"lemma": "parent", "tag": "GN-P3---", "original_form": "parents"}], "type": "phrase", "id": "31"}], "separation": "_", "form": "Pam's parents", "quote_level": "0", "head": "31", "syntactic_tree_relation_list": [{"type": "isSubject", "id": "5"}], "affected_by_negation": "no", "inip": "0", "analysis_list": [{"lemma": "parent", "tag": "GN-P3S--", "original_form": "Pam's parents"}], "type": "phrase", "id": "38"}, {"endp": "17", "style": {"isItalics": "no", "isUnderlined": "no", "isTitle": "no", "isBold": "no"}, "inip": "14", "form": "came", "quote_level": "0", "syntactic_tree_relation_list": [{"type": "iof_isSubject", "id": "38"}, {"type": "iof_isDirectObject", "id": "32"}], "affected_by_negation": "no", "separation": "1", "analysis_list": [{"lemma": "come", "tag": "VI-P3ASA-N-N7", "sense_id_list": [{"sense_id": "ODENTITY_BODY_MOTION"}, {"sense_id": "ODENTITY_CLASSIFYING"}, {"sense_id": "ODENTITY_COMMUNICATION_PROCESS"}, {"sense_id": "ODENTITY_TRANSLOCATION"}, {"sense_id": "ODENTITY_INTENTIONAL_PROCESS"}, {"sense_id": "ODENTITY_INTENTIONAL_PSYCHOLOGICAL_PROCESS"}, {"sense_id": "ODENTITY_MOTION"}, {"sense_id": "ODENTITY_BIOLOGICAL_PROCESS"}, {"sense_id": "ODENTITY_PROCESS"}], "original_form": "came"}], "sense_list": [{"info": "sementity/id=ODENTITY_BIOLOGICAL_PROCESS@type=Top>Process>InternalChange>BiologicalProcess\tsemld_list=sumo:Entity", "id": "ODENTITY_BIOLOGICAL_PROCESS", "form": "come"}, {"info": "sementity/id=ODENTITY_BODY_MOTION@type=Top>Process>Motion>BodyMotion\tsemld_list=sumo:Entity", "id": "ODENTITY_BODY_MOTION", "form": "come"}, {"info": "sementity/id=ODENTITY_CLASSIFYING@type=Top>Process>IntentionalProcess>IntentionalPsychologicalProcess>Classifying\tsemld_list=sumo:IntentionalProcess", "id": "ODENTITY_CLASSIFYING", "form": "come"}, {"info": "sementity/id=ODENTITY_COMMUNICATION_PROCESS@type=Top>Process>ContentBearingProcess>CommunicationProcess\tsemld_list=sumo:Entity", "id": "ODENTITY_COMMUNICATION_PROCESS", "form": "come"}, {"info": "sementity/id=ODENTITY_INTENTIONAL_PROCESS@type=Top>Process>IntentionalProcess\tsemld_list=sumo:IntentionalProcess", "id": "ODENTITY_INTENTIONAL_PROCESS", "form": "come"}, {"info": "sementity/id=ODENTITY_INTENTIONAL_PSYCHOLOGICAL_PROCESS@type=Top>Process>IntentionalProcess>IntentionalPsychologicalProcess\tsemld_list=sumo:IntentionalProcess", "id": "ODENTITY_INTENTIONAL_PSYCHOLOGICAL_PROCESS", "form": "come"}, {"info": "sementity/id=ODENTITY_MOTION@type=Top>Process>Motion\tsemld_list=sumo:Entity", "id": "ODENTITY_MOTION", "form": "come"}, {"info": "sementity/id=ODENTITY_PROCESS@type=Top>Process\tsemld_list=sumo:Entity", "id": "ODENTITY_PROCESS", "form": "come"}, {"info": "sementity/id=ODENTITY_TRANSLOCATION@type=Top>Process>Motion>Translocation\tsemld_list=sumo:Entity", "id": "ODENTITY_TRANSLOCATION", "form": "come"}], "id": "5"}, {"endp": "22", "style": {"isItalics": "no", "isUnderlined": "no", "isTitle": "no", "isBold": "no"}, "token_list": [{"endp": "22", "style": {"isItalics": "no", "isUnderlined": "no", "isTitle": "no", "isBold": "no"}, "inip": "19", "form": "home", "quote_level": "0", "affected_by_negation": "no", "separation": "1", "analysis_list": [{"lemma": "home", "tag": "NC-S-N6", "sense_id_list": [{"sense_id": "144b5c0ed4"}], "original_form": "home"}], "sense_list": [{"info": "sementity/class=class@fiction=nonfiction@id=ODENTITY_FACILITY@type=Top>Location>Facility\tsemld_list=sumo:FacilityPartOther", "id": "144b5c0ed4", "form": "home"}], "id": "6"}], "separation": "1", "form": "home", "quote_level": "0", "head": "6", "syntactic_tree_relation_list": [{"type": "isSubject", "id": "8"}, {"type": "isDirectObject", "id": "5"}, {"type": "iof_isAnaphora", "id": "36"}, {"type": "iof_isPossessor", "id": "33"}], "affected_by_negation": "no", "inip": "19", "analysis_list": [{"lemma": "home", "tag": "GN-S3D--", "original_form": "home"}], "type": "phrase", "id": "32"}], "separation": "_", "form": "Pam's parents came home", "quote_level": "0", "affected_by_negation": "no", "inip": "0", "analysis_list": [{"lemma": "*", "tag": "ZC----------", "original_form": "Pam's parents came home"}], "type": "phrase", "id": "40"}, {"endp": "26", "style": {"isItalics": "no", "isUnderlined": "no", "isTitle": "no", "isBold": "no"}, "inip": "24", "form": "and", "quote_level": "0", "affected_by_negation": "no", "separation": "1", "analysis_list": [{"lemma": "and", "tag": "CCYN9", "original_form": "and"}], "id": "7"}, {"endp": "66", "style": {"isItalics": "no", "isUnderlined": "no", "isTitle": "no", "isBold": "no"}, "token_list": [{"endp": "32", "style": {"isItalics": "no", "isUnderlined": "no", "isTitle": "no", "isBold": "no"}, "inip": "28", "form": "found", "quote_level": "0", "syntactic_tree_relation_list": [{"type": "iof_isSubject", "id": "32"}], "affected_by_negation": "no", "separation": "1", "analysis_list": [{"lemma": "find", "tag": "VP---ASA-N-N7", "sense_id_list": [{"sense_id": "ODENTITY_CHANGE_OF_POSSESSION"}, {"sense_id": "ODENTITY_INTENTIONAL_PSYCHOLOGICAL_PROCESS"}, {"sense_id": "ODENTITY_INVESTIGATING"}, {"sense_id": "ODENTITY_LEARNING"}, {"sense_id": "ODENTITY_MOTION"}, {"sense_id": "ODENTITY_BIOLOGICAL_PROCESS"}, {"sense_id": "ODENTITY_LINGUISTIC_COMMUNICATION"}], "original_form": "found"}, {"lemma": "found", "tag": "VI-P3PSA-N-N4", "sense_id_list": [{"sense_id": "ODENTITY_LINGUISTIC_COMMUNICATION"}, {"sense_id": "ODENTITY_INTENTIONAL_PROCESS"}, {"sense_id": "ODENTITY_REASONING"}], "original_form": "found"}, {"lemma": "found", "tag": "VI-U1PSA-N-N4", "sense_id_list": [{"sense_id": "ODENTITY_LINGUISTIC_COMMUNICATION"}, {"sense_id": "ODENTITY_INTENTIONAL_PROCESS"}, {"sense_id": "ODENTITY_REASONING"}], "original_form": "found"}, {"lemma": "found", "tag": "VI-U2PSA-N-N4", "sense_id_list": [{"sense_id": "ODENTITY_LINGUISTIC_COMMUNICATION"}, {"sense_id": "ODENTITY_INTENTIONAL_PROCESS"}, {"sense_id": "ODENTITY_REASONING"}], "original_form": "found"}, {"lemma": "find", "tag": "VI-UUASA-N-N7", "sense_id_list": [{"sense_id": "ODENTITY_CHANGE_OF_POSSESSION"}, {"sense_id": "ODENTITY_INTENTIONAL_PSYCHOLOGICAL_PROCESS"}, {"sense_id": "ODENTITY_INVESTIGATING"}, {"sense_id": "ODENTITY_LEARNING"}, {"sense_id": "ODENTITY_MOTION"}, {"sense_id": "ODENTITY_BIOLOGICAL_PROCESS"}, {"sense_id": "ODENTITY_LINGUISTIC_COMMUNICATION"}], "original_form": "found"}], "sense_list": [{"info": "sementity/id=ODENTITY_BIOLOGICAL_PROCESS@type=Top>Process>InternalChange>BiologicalProcess\tsemld_list=sumo:Entity", "id": "ODENTITY_BIOLOGICAL_PROCESS", "form": "find"}, {"info": "sementity/id=ODENTITY_CHANGE_OF_POSSESSION@type=Top>Process>IntentionalProcess>SocialInteraction>ChangeOfPossession\tsemld_list=sumo:IntentionalProcess", "id": "ODENTITY_CHANGE_OF_POSSESSION", "form": "find"}, {"info": "sementity/id=ODENTITY_INTENTIONAL_PROCESS@type=Top>Process>IntentionalProcess\tsemld_list=sumo:IntentionalProcess", "id": "ODENTITY_INTENTIONAL_PROCESS", "form": "found"}, {"info": "sementity/id=ODENTITY_INTENTIONAL_PSYCHOLOGICAL_PROCESS@type=Top>Process>IntentionalProcess>IntentionalPsychologicalProcess\tsemld_list=sumo:IntentionalProcess", "id": "ODENTITY_INTENTIONAL_PSYCHOLOGICAL_PROCESS", "form": "find"}, {"info": "sementity/id=ODENTITY_INVESTIGATING@type=Top>Process>IntentionalProcess>IntentionalPsychologicalProcess>Investigating\tsemld_list=sumo:IntentionalProcess", "id": "ODENTITY_INVESTIGATING", "form": "find"}, {"info": "sementity/id=ODENTITY_LEARNING@type=Top>Process>IntentionalProcess>IntentionalPsychologicalProcess>Learning\tsemld_list=sumo:IntentionalProcess", "id": "ODENTITY_LEARNING", "form": "find"}, {"info": "sementity/id=ODENTITY_LINGUISTIC_COMMUNICATION@type=Top>Process>ContentBearingProcess>CommunicationProcess>LinguisticCommunication\tsemld_list=sumo:Entity", "id": "ODENTITY_LINGUISTIC_COMMUNICATION", "form": "find"}, {"info": "sementity/id=ODENTITY_MOTION@type=Top>Process>Motion\tsemld_list=sumo:Entity", "id": "ODENTITY_MOTION", "form": "find"}, {"info": "sementity/id=ODENTITY_REASONING@type=Top>Process>IntentionalProcess>IntentionalPsychologicalProcess>Reasoning\tsemld_list=sumo:IntentionalProcess", "id": "ODENTITY_REASONING", "form": "found"}], "id": "8"}, {"endp": "36", "style": {"isItalics": "no", "isUnderlined": "no", "isTitle": "no", "isBold": "no"}, "token_list": [{"endp": "36", "style": {"isItalics": "no", "isUnderlined": "no", "isTitle": "no", "isBold": "no"}, "inip": "34", "form": "her", "quote_level": "0", "affected_by_negation": "no", "separation": "1", "analysis_list": [{"lemma": "her", "tag": "PP-S3AN7", "sense_id_list": [{"sense_id": "PRONHUMAN"}], "original_form": "her"}], "sense_list": [{"info": "semhum=human", "id": "PRONHUMAN", "form": "her"}], "id": "9"}], "separation": "1", "form": "her", "quote_level": "0", "head": "9", "syntactic_tree_relation_list": [{"type": "isAnaphora", "id": "32"}], "affected_by_negation": "no", "inip": "34", "analysis_list": [{"lemma": "her", "tag": "GN-S3---", "original_form": "her"}], "type": "phrase", "id": "36"}, {"endp": "66", "style": {"isItalics": "no", "isUnderlined": "no", "isTitle": "no", "isBold": "no"}, "token_list": [{"endp": "43", "style": {"isItalics": "no", "isUnderlined": "no", "isTitle": "no", "isBold": "no"}, "inip": "38", "form": "having", "quote_level": "0", "syntactic_tree_relation_list": [{"type": "iof_isDirectObject", "id": "33"}], "affected_by_negation": "no", "separation": "1", "analysis_list": [{"lemma": "have", "tag": "VP---PSA-N-N9", "original_form": "having"}], "id": "10"}, {"endp": "66", "style": {"isItalics": "no", "isUnderlined": "no", "isTitle": "no", "isBold": "no"}, "token_list": [{"endp": "47", "style": {"isItalics": "no", "isUnderlined": "no", "isTitle": "no", "isBold": "no"}, "inip": "45", "form": "sex", "quote_level": "0", "affected_by_negation": "no", "separation": "1", "analysis_list": [{"lemma": "sex", "tag": "NC-S-N5", "sense_id_list": [{"sense_id": "2b6fb2a4d4"}], "original_form": "sex"}], "sense_list": [{"info": "sementity/class=class@fiction=nonfiction@id=ODENTITY_TOP@type=Top\tsemld_list=sumo:Entity", "id": "2b6fb2a4d4", "form": "sex"}], "id": "11"}, {"endp": "66", "style": {"isItalics": "no", "isUnderlined": "no", "isTitle": "no", "isBold": "no"}, "token_list": [{"endp": "52", "style": {"isItalics": "no", "isUnderlined": "no", "isTitle": "no", "isBold": "no"}, "inip": "49", "form": "with", "quote_level": "0", "affected_by_negation": "no", "separation": "1", "analysis_list": [{"lemma": "with", "tag": "YN8", "original_form": "with"}], "id": "12"}, {"endp": "66", "style": {"isItalics": "no", "isUnderlined": "no", "isTitle": "no", "isBold": "no"}, "token_list": [{"endp": "56", "style": {"isItalics": "no", "isUnderlined": "no", "isTitle": "no", "isBold": "no"}, "inip": "54", "form": "her", "quote_level": "0", "affected_by_negation": "no", "separation": "1", "analysis_list": [{"lemma": "her", "tag": "SD-SFS3N7", "sense_id_list": [{"sense_id": "PRONHUMAN"}], "original_form": "her"}], "sense_list": [{"info": "semhum=human", "id": "PRONHUMAN", "form": "her"}], "id": "13"}, {"endp": "66", "style": {"isItalics": "no", "isUnderlined": "no", "isTitle": "no", "isBold": "no"}, "inip": "58", "form": "boyfriend", "quote_level": "0", "affected_by_negation": "no", "separation": "1", "analysis_list": [{"lemma": "boyfriend", "tag": "NC-S-N3", "sense_id_list": [{"sense_id": "b7cff2627d"}], "original_form": "boyfriend"}], "sense_list": [{"info": "sementity/class=class@fiction=nonfiction@id=ODENTITY_PERSON@type=Top>Person\tsemld_list=sumo:Human", "id": "b7cff2627d", "form": "boyfriend"}], "id": "14"}], "separation": "1", "form": "her boyfriend", "quote_level": "0", "head": "14", "affected_by_negation": "no", "inip": "54", "analysis_list": [{"lemma": "boyfriend", "tag": "GN-S3---", "original_form": "her boyfriend"}], "type": "phrase", "id": "34"}], "separation": "1", "form": "with her boyfriend", "quote_level": "0", "head": "12", "affected_by_negation": "no", "inip": "49", "analysis_list": [{"lemma": "with", "tag": "GY------", "original_form": "with her boyfriend"}], "type": "phrase", "id": "37"}], "separation": "1", "form": "sex with her boyfriend", "quote_level": "0", "head": "11", "syntactic_tree_relation_list": [{"type": "isDirectObject", "id": "10"}, {"type": "isPossessor", "id": "32"}], "affected_by_negation": "no", "inip": "45", "analysis_list": [{"lemma": "sex", "tag": "GN-S3D--", "original_form": "sex"}], "type": "phrase", "id": "33"}], "separation": "1", "form": "having sex with her boyfriend", "quote_level": "0", "affected_by_negation": "no", "inip": "38", "analysis_list": [{"lemma": "*", "tag": "ZN-S3-PP----", "original_form": "having sex with her boyfriend"}], "type": "phrase", "id": "39"}], "separation": "1", "form": "found her having sex with her boyfriend", "quote_level": "0", "affected_by_negation": "no", "inip": "28", "analysis_list": [{"lemma": "*", "tag": "ZC----------", "original_form": "found her having sex with her boyfriend"}], "type": "phrase", "id": "41"}, {"endp": "67", "style": {"isItalics": "no", "isUnderlined": "no", "isTitle": "no", "isBold": "no"}, "inip": "67", "form": ",", "quote_level": "0", "affected_by_negation": "no", "separation": "A", "analysis_list": [{"lemma": ",", "tag": "1D--", "original_form": ","}], "id": "15"}, {"endp": "72", "style": {"isItalics": "no", "isUnderlined": "no", "isTitle": "no", "isBold": "no"}, "token_list": [{"endp": "72", "style": {"isItalics": "no", "isUnderlined": "no", "isTitle": "no", "isBold": "no"}, "token_list": [{"endp": "72", "style": {"isItalics": "no", "isUnderlined": "no", "isTitle": "no", "isBold": "no"}, "inip": "69", "form": "Paul", "quote_level": "0", "affected_by_negation": "no", "separation": "1", "analysis_list": [{"lemma": "Paul", "tag": "NPUU-N-", "sense_id_list": [{"sense_id": "__9550648342474512805"}], "original_form": "Paul"}], "sense_list": [{"info": "sementity/class=instance@fiction=nonfiction@type=Top>Person@confidence=uncertain", "id": "__9550648342474512805", "form": "Paul"}], "id": "16"}], "separation": "1", "form": "Paul", "quote_level": "0", "head": "16", "syntactic_tree_relation_list": [{"type": "iof_isAnaphora", "id": "45"}, {"type": "iof_isAnaphora", "id": "44"}], "affected_by_negation": "no", "inip": "69", "analysis_list": [{"lemma": "Paul", "tag": "GNUU3---", "original_form": "Paul"}], "type": "phrase", "id": "35"}], "separation": "1", "form": "Paul", "quote_level": "0", "affected_by_negation": "no", "inip": "69", "analysis_list": [{"lemma": "*", "tag": "Z-----------", "original_form": "Paul"}], "type": "phrase", "id": "42"}, {"endp": "73", "style": {"isItalics": "no", "isUnderlined": "no", "isTitle": "no", "isBold": "no"}, "inip": "73", "form": ".", "quote_level": "0", "affected_by_negation": "no", "separation": "A", "analysis_list": [{"lemma": ".", "tag": "1D--", "original_form": "."}], "id": "17"}], "inip": "0", "quote_level": "0", "affected_by_negation": "no", "separation": "A", "type": "sentence", "id": "26"}, {"endp": "101", "style": {"isItalics": "no", "isUnderlined": "no", "isTitle": "no", "isBold": "no"}, "token_list": [{"endp": "100", "style": {"isItalics": "no", "isUnderlined": "no", "isTitle": "no", "isBold": "no"}, "token_list": [{"endp": "78", "style": {"isItalics": "no", "isUnderlined": "no", "isTitle": "no", "isBold": "no"}, "token_list": [{"endp": "78", "style": {"isItalics": "no", "isUnderlined": "no", "isTitle": "no", "isBold": "no"}, "inip": "75", "form": "They", "quote_level": "0", "affected_by_negation": "no", "separation": "1", "analysis_list": [{"lemma": "they", "tag": "PP-P3NN8", "sense_id_list": [{"sense_id": "PRONBOTH"}], "original_form": "they"}], "sense_list": [{"info": "semhum=both", "id": "PRONBOTH", "form": "they"}], "id": "18"}], "separation": "1", "form": "They", "quote_level": "0", "head": "18", "syntactic_tree_relation_list": [{"type": "isAnaphora", "id": "35"}, {"type": "isSubject", "id": "19"}], "affected_by_negation": "no", "inip": "75", "analysis_list": [{"lemma": "they", "tag": "GN-P3S--", "original_form": "They"}], "type": "phrase", "id": "45"}, {"endp": "83", "style": {"isItalics": "no", "isUnderlined": "no", "isTitle": "no", "isBold": "no"}, "inip": "80", "form": "were", "quote_level": "0", "syntactic_tree_relation_list": [{"type": "iof_isSubject", "id": "45"}, {"type": "iof_isAttribute", "id": "43"}, {"type": "iof_isComplement", "id": "46"}], "affected_by_negation": "no", "separation": "1", "analysis_list": [{"lemma": "be", "tag": "VI-P3ASA-N-N9", "original_form": "were"}], "id": "19"}, {"endp": "91", "style": {"isItalics": "no", "isUnderlined": "no", "isTitle": "no", "isBold": "no"}, "token_list": [{"endp": "91", "style": {"isItalics": "no", "isUnderlined": "no", "isTitle": "no", "isBold": "no"}, "inip": "85", "form": "furious", "quote_level": "0", "affected_by_negation": "no", "separation": "1", "analysis_list": [{"lemma": "furious", "tag": "AP-N3", "original_form": "furious"}], "id": "20"}], "separation": "1", "form": "furious", "quote_level": "0", "head": "20", "syntactic_tree_relation_list": [{"type": "isAttribute", "id": "19"}], "affected_by_negation": "no", "inip": "85", "analysis_list": [{"lemma": "furious", "tag": "GA---A--", "original_form": "furious"}], "type": "phrase", "id": "43"}, {"endp": "97", "style": {"isItalics": "no", "isUnderlined": "no", "isTitle": "no", "isBold": "no"}, "token_list": [{"endp": "97", "style": {"isItalics": "no", "isUnderlined": "no", "isTitle": "no", "isBold": "no"}, "inip": "93", "form": "about", "quote_level": "0", "affected_by_negation": "no", "separation": "1", "analysis_list": [{"lemma": "about", "tag": "ENOPN6", "original_form": "about"}], "id": "21"}], "separation": "1", "form": "about", "quote_level": "0", "head": "21", "syntactic_tree_relation_list": [{"type": "isComplement", "id": "19"}], "affected_by_negation": "no", "inip": "93", "analysis_list": [{"lemma": "about", "tag": "GEO--C--", "original_form": "about"}], "type": "phrase", "id": "46"}, {"endp": "100", "style": {"isItalics": "no", "isUnderlined": "no", "isTitle": "no", "isBold": "no"}, "token_list": [{"endp": "100", "style": {"isItalics": "no", "isUnderlined": "no", "isTitle": "no", "isBold": "no"}, "inip": "99", "form": "it", "quote_level": "0", "affected_by_negation": "no", "separation": "1", "analysis_list": [{"lemma": "it", "tag": "PP-S3NN8", "sense_id_list": [{"sense_id": "PRONNONHUMAN"}], "original_form": "it"}, {"lemma": "it", "tag": "PP-S3AN8", "sense_id_list": [{"sense_id": "PRONNONHUMAN"}], "original_form": "it"}], "sense_list": [{"info": "semhum=nonhuman", "id": "PRONNONHUMAN", "form": "it"}], "id": "22"}], "separation": "1", "form": "it", "quote_level": "0", "head": "22", "syntactic_tree_relation_list": [{"type": "isAnaphora", "id": "35"}], "affected_by_negation": "no", "inip": "99", "analysis_list": [{"lemma": "it", "tag": "GN-S3---", "original_form": "it"}], "type": "phrase", "id": "44"}], "separation": "1", "form": "They were furious about it", "quote_level": "0", "affected_by_negation": "no", "inip": "75", "analysis_list": [{"lemma": "*", "tag": "Z-----------", "original_form": "They were furious about it"}], "type": "phrase", "id": "47"}, {"endp": "101", "style": {"isItalics": "no", "isUnderlined": "no", "isTitle": "no", "isBold": "no"}, "inip": "101", "form": ".", "quote_level": "0", "affected_by_negation": "no", "separation": "A", "analysis_list": [{"lemma": ".", "tag": "1D--", "original_form": "."}], "id": "23"}], "inip": "75", "quote_level": "0", "affected_by_negation": "no", "separation": "A", "type": "sentence", "id": "28"}]}