{"status": {"msg": "OK", "credits": "1", "remaining_credits": "39919", "code": "0"}, "token_list": [{"endp": "90", "style": {"isItalics": "no", "isUnderlined": "no", "isTitle": "no", "isBold": "no"}, "token_list": [{"endp": "40", "style": {"isItalics": "no", "isUnderlined": "no", "isTitle": "no", "isBold": "no"}, "token_list": [{"endp": "7", "style": {"isItalics": "no", "isUnderlined": "no", "isTitle": "no", "isBold": "no"}, "inip": "0", "form": "Although", "quote_level": "0", "affected_by_negation": "no", "separation": "_", "analysis_list": [{"lemma": "although", "tag": "CSVN6", "original_form": "although"}], "id": "1"}, {"endp": "12", "style": {"isItalics": "no", "isUnderlined": "no", "isTitle": "no", "isBold": "no"}, "token_list": [{"endp": "12", "style": {"isItalics": "no", "isUnderlined": "no", "isTitle": "no", "isBold": "no"}, "inip": "9", "form": "they", "quote_level": "0", "affected_by_negation": "no", "separation": "1", "analysis_list": [{"lemma": "they", "tag": "PP-P3NN8", "sense_id_list": [{"sense_id": "PRONBOTH"}], "original_form": "they"}], "sense_list": [{"info": "semhum=both", "id": "PRONBOTH", "form": "they"}], "id": "2"}], "separation": "1", "form": "they", "quote_level": "0", "head": "2", "syntactic_tree_relation_list": [{"type": "isSubject", "id": "3"}], "affected_by_negation": "no", "inip": "9", "analysis_list": [{"lemma": "they", "tag": "GN-P3S--", "original_form": "they"}], "type": "phrase", "id": "30"}, {"endp": "16", "style": {"isItalics": "no", "isUnderlined": "no", "isTitle": "no", "isBold": "no"}, "inip": "14", "form": "ran", "quote_level": "0", "syntactic_tree_relation_list": [{"type": "iof_isSubject", "id": "30"}, {"type": "iof_isComplement", "id": "31"}], "affected_by_negation": "no", "separation": "1", "analysis_list": [{"lemma": "run", "tag": "VI-UUASA-N-N5", "original_form": "ran"}], "id": "3"}, {"endp": "40", "style": {"isItalics": "no", "isUnderlined": "no", "isTitle": "no", "isBold": "no"}, "token_list": [{"endp": "25", "style": {"isItalics": "no", "isUnderlined": "no", "isTitle": "no", "isBold": "no"}, "inip": "18", "form": "at about", "quote_level": "0", "affected_by_negation": "no", "separation": "1", "analysis_list": [{"lemma": "at about", "tag": "YN-", "original_form": "at about"}], "id": "22"}, {"endp": "40", "style": {"isItalics": "no", "isUnderlined": "no", "isTitle": "no", "isBold": "no"}, "token_list": [{"endp": "29", "style": {"isItalics": "no", "isUnderlined": "no", "isTitle": "no", "isBold": "no"}, "inip": "27", "form": "the", "quote_level": "0", "affected_by_negation": "no", "separation": "1", "analysis_list": [{"lemma": "the", "tag": "TD-SN9", "original_form": "the"}], "id": "6"}, {"endp": "34", "style": {"isItalics": "no", "isUnderlined": "no", "isTitle": "no", "isBold": "no"}, "inip": "31", "form": "same", "quote_level": "0", "affected_by_negation": "no", "separation": "1", "analysis_list": [{"lemma": "same", "tag": "AP-N7", "original_form": "same"}], "id": "7"}, {"endp": "40", "style": {"isItalics": "no", "isUnderlined": "no", "isTitle": "no", "isBold": "no"}, "inip": "36", "form": "speed", "quote_level": "0", "affected_by_negation": "no", "separation": "1", "analysis_list": [{"lemma": "speed", "tag": "NC-S-N4", "sense_id_list": [{"sense_id": "e50498110e"}], "original_form": "speed"}], "sense_list": [{"info": "sementity/class=class@fiction=nonfiction@id=ODENTITY_SPEED_UNIT@type=Top>Unit>SpeedUnit\tsemld_list=sumo:UnitOfSpeed", "id": "e50498110e", "form": "speed"}], "id": "8"}], "separation": "1", "form": "the same speed", "quote_level": "0", "head": "8", "affected_by_negation": "no", "inip": "27", "analysis_list": [{"lemma": "speed", "tag": "GN-S3---", "original_form": "the same speed"}], "type": "phrase", "id": "25"}], "separation": "1", "form": "at about the same speed", "quote_level": "0", "head": "22", "syntactic_tree_relation_list": [{"type": "isComplement", "id": "3"}], "affected_by_negation": "no", "inip": "18", "analysis_list": [{"lemma": "at about", "tag": "GY---C--", "original_form": "at about the same speed"}], "type": "phrase", "id": "31"}], "separation": "_", "form": "Although they ran at about the same speed", "quote_level": "0", "syntactic_tree_relation_list": [{"type": "isComplement", "id": "11"}], "affected_by_negation": "no", "inip": "0", "analysis_list": [{"lemma": "*", "tag": "ZE---CIA----", "original_form": "Although they ran at about the same speed"}], "type": "phrase", "id": "33"}, {"endp": "41", "style": {"isItalics": "no", "isUnderlined": "no", "isTitle": "no", "isBold": "no"}, "inip": "41", "form": ",", "quote_level": "0", "affected_by_negation": "no", "separation": "A", "analysis_list": [{"lemma": ",", "tag": "1D--", "original_form": ","}], "id": "9"}, {"endp": "90", "style": {"isItalics": "no", "isUnderlined": "no", "isTitle": "no", "isBold": "no"}, "token_list": [{"endp": "45", "style": {"isItalics": "no", "isUnderlined": "no", "isTitle": "no", "isBold": "no"}, "token_list": [{"endp": "45", "style": {"isItalics": "no", "isUnderlined": "no", "isTitle": "no", "isBold": "no"}, "inip": "43", "form": "Sue", "quote_level": "0", "affected_by_negation": "no", "separation": "1", "analysis_list": [{"lemma": "Sue", "tag": "NPUU-N-", "sense_id_list": [{"sense_id": "de7abb8581"}], "original_form": "Sue"}], "sense_list": [{"info": "sementity/class=instance@fiction=nonfiction@id=ODENTITY_LAST_NAME@type=Top>Person>LastName\tsemld_list=sumo:LastName", "id": "de7abb8581", "form": "Sue"}], "id": "10"}], "separation": "1", "form": "Sue", "quote_level": "0", "head": "10", "syntactic_tree_relation_list": [{"type": "isSubject", "id": "11"}], "affected_by_negation": "no", "inip": "43", "analysis_list": [{"lemma": "Sue", "tag": "GNUU3---", "original_form": "Sue"}], "type": "phrase", "id": "26"}, {"endp": "50", "style": {"isItalics": "no", "isUnderlined": "no", "isTitle": "no", "isBold": "no"}, "inip": "47", "form": "beat", "quote_level": "0", "syntactic_tree_relation_list": [{"type": "iof_isComplement", "id": "33"}, {"type": "iof_isSubject", "id": "26"}, {"type": "iof_isDirectObject", "id": "27"}, {"type": "iof_isComplement", "id": "32"}], "affected_by_negation": "no", "separation": "1", "analysis_list": [{"lemma": "beat", "tag": "VI-P3PSA-N-N4", "original_form": "beat"}, {"lemma": "beat", "tag": "VI-U1PSA-N-N4", "original_form": "beat"}, {"lemma": "beat", "tag": "VI-U2PSA-N-N4", "original_form": "beat"}, {"lemma": "beat", "tag": "VI-UUASA-N-N4", "original_form": "beat"}], "id": "11"}, {"endp": "56", "style": {"isItalics": "no", "isUnderlined": "no", "isTitle": "no", "isBold": "no"}, "token_list": [{"endp": "56", "style": {"isItalics": "no", "isUnderlined": "no", "isTitle": "no", "isBold": "no"}, "inip": "52", "form": "Sally", "quote_level": "0", "affected_by_negation": "no", "separation": "1", "analysis_list": [{"lemma": "Sally", "tag": "NPFS-N-", "sense_id_list": [{"sense_id": "d89dcad251"}], "original_form": "Sally"}], "sense_list": [{"info": "sementity/class=instance@fiction=nonfiction@id=ODENTITY_FIRST_NAME@type=Top>Person>FirstName\tsemld_list=sumo:FirstName", "id": "d89dcad251", "form": "Sally"}], "id": "12"}], "separation": "1", "form": "Sally", "quote_level": "0", "head": "12", "syntactic_tree_relation_list": [{"type": "isDirectObject", "id": "11"}, {"type": "iof_isAnaphora", "id": "29"}], "affected_by_negation": "no", "inip": "52", "analysis_list": [{"lemma": "Sally", "tag": "GNFS3D--", "original_form": "Sally"}], "type": "phrase", "id": "27"}, {"endp": "90", "style": {"isItalics": "no", "isUnderlined": "no", "isTitle": "no", "isBold": "no"}, "token_list": [{"endp": "64", "style": {"isItalics": "no", "isUnderlined": "no", "isTitle": "no", "isBold": "no"}, "inip": "58", "form": "because", "quote_level": "0", "affected_by_negation": "no", "separation": "1", "analysis_list": [{"lemma": "because", "tag": "CSPN7", "original_form": "because"}], "id": "13"}, {"endp": "68", "style": {"isItalics": "no", "isUnderlined": "no", "isTitle": "no", "isBold": "no"}, "token_list": [{"endp": "68", "style": {"isItalics": "no", "isUnderlined": "no", "isTitle": "no", "isBold": "no"}, "inip": "66", "form": "she", "quote_level": "0", "affected_by_negation": "no", "separation": "1", "analysis_list": [{"lemma": "she", "tag": "PPFS3NN8", "sense_id_list": [{"sense_id": "PRONHUMAN"}], "original_form": "she"}], "sense_list": [{"info": "semhum=human", "id": "PRONHUMAN", "form": "she"}], "id": "14"}], "separation": "1", "form": "she", "quote_level": "0", "head": "14", "syntactic_tree_relation_list": [{"type": "isAnaphora", "id": "27"}, {"type": "isSubject", "id": "15"}], "affected_by_negation": "no", "inip": "66", "analysis_list": [{"lemma": "she", "tag": "GNFS3S--", "original_form": "she"}], "type": "phrase", "id": "29"}, {"endp": "72", "style": {"isItalics": "no", "isUnderlined": "no", "isTitle": "no", "isBold": "no"}, "inip": "70", "form": "had", "quote_level": "0", "syntactic_tree_relation_list": [{"type": "iof_isSubject", "id": "29"}, {"type": "iof_isDirectObject", "id": "28"}], "affected_by_negation": "no", "separation": "1", "analysis_list": [{"lemma": "have", "tag": "VI-S1ASA-N-N9", "original_form": "had"}, {"lemma": "have", "tag": "VI-S2ASA-N-N9", "original_form": "had"}, {"lemma": "have", "tag": "VI-S3ASA-N-N9", "original_form": "had"}, {"lemma": "have", "tag": "VI-P1ASA-N-N9", "original_form": "had"}, {"lemma": "have", "tag": "VI-P2ASA-N-N9", "original_form": "had"}, {"lemma": "have", "tag": "VI-P3ASA-N-N9", "original_form": "had"}], "id": "15"}, {"endp": "90", "style": {"isItalics": "no", "isUnderlined": "no", "isTitle": "no", "isBold": "no"}, "token_list": [{"endp": "79", "style": {"isItalics": "no", "isUnderlined": "no", "isTitle": "no", "isBold": "no"}, "inip": "74", "form": "such a", "quote_level": "0", "affected_by_negation": "no", "separation": "1", "analysis_list": [{"lemma": "such a", "tag": "DD-SN-", "original_form": "such a"}], "id": "21"}, {"endp": "84", "style": {"isItalics": "no", "isUnderlined": "no", "isTitle": "no", "isBold": "no"}, "inip": "81", "form": "good", "quote_level": "0", "affected_by_negation": "no", "separation": "1", "analysis_list": [{"lemma": "good", "tag": "AP-N5", "original_form": "good"}], "id": "18"}, {"endp": "90", "style": {"isItalics": "no", "isUnderlined": "no", "isTitle": "no", "isBold": "no"}, "inip": "86", "form": "start", "quote_level": "0", "affected_by_negation": "no", "separation": "1", "analysis_list": [{"lemma": "start", "tag": "NC-S-N5", "sense_id_list": [{"sense_id": "d3125963b9"}], "original_form": "start"}], "sense_list": [{"info": "sementity/class=class@fiction=nonfiction@id=ODENTITY_PROCESS@type=Top>Process\tsemld_list=sumo:Entity", "id": "d3125963b9", "form": "start"}], "id": "19"}], "separation": "1", "form": "such a good start", "quote_level": "0", "head": "19", "syntactic_tree_relation_list": [{"type": "isDirectObject", "id": "15"}], "affected_by_negation": "no", "inip": "74", "analysis_list": [{"lemma": "start", "tag": "GN-S3D--", "original_form": "such a good start"}], "type": "phrase", "id": "28"}], "separation": "1", "form": "because she had such a good start", "quote_level": "0", "syntactic_tree_relation_list": [{"type": "isComplement", "id": "11"}], "affected_by_negation": "no", "inip": "58", "analysis_list": [{"lemma": "*", "tag": "ZE---CIA----", "original_form": "because she had such a good start"}], "type": "phrase", "id": "32"}], "separation": "1", "form": "Sue beat Sally because she had such a good start", "quote_level": "0", "affected_by_negation": "no", "inip": "43", "analysis_list": [{"lemma": "*", "tag": "Z-----------", "original_form": "Sue beat Sally because she had such a good start"}], "type": "phrase", "id": "34"}], "inip": "0", "quote_level": "0", "affected_by_negation": "no", "separation": "A", "type": "sentence", "id": "23"}]}