{"status": {"msg": "OK", "credits": "1", "remaining_credits": "39693", "code": "0"}, "token_list": [{"endp": "95", "style": {"isItalics": "no", "isUnderlined": "no", "isTitle": "no", "isBold": "no"}, "token_list": [{"endp": "43", "style": {"isItalics": "no", "isUnderlined": "no", "isTitle": "no", "isBold": "no"}, "token_list": [{"endp": "8", "style": {"isItalics": "no", "isUnderlined": "no", "isTitle": "no", "isBold": "no"}, "token_list": [{"endp": "8", "style": {"isItalics": "no", "isUnderlined": "no", "isTitle": "no", "isBold": "no"}, "separation": "_", "form": "Dr. Adams", "quote_level": "0", "head": "3", "affected_by_negation": "no", "inip": "0", "analysis_list": [{"lemma": "Adams", "tag": "NPUS-N-", "sense_id_list": [{"sense_id": "126c9c38c2"}], "original_form": "Dr. Adams"}], "sense_list": [{"info": "sementity/class=instance@fiction=nonfiction@id=ODENTITY_LAST_NAME@type=Top>Person>LastName\tsemld_list=sumo:LastName", "id": "126c9c38c2", "form": "Adams"}], "type": "multiword", "id": "20"}], "separation": "_", "form": "Dr. Adams", "quote_level": "0", "head": "20", "syntactic_tree_relation_list": [{"type": "isSubject", "id": "4"}], "affected_by_negation": "no", "inip": "0", "analysis_list": [{"lemma": "Adams", "tag": "GNUS3S--", "original_form": "Dr. Adams"}], "type": "phrase", "id": "25"}, {"endp": "17", "style": {"isItalics": "no", "isUnderlined": "no", "isTitle": "no", "isBold": "no"}, "inip": "10", "form": "informed", "quote_level": "0", "syntactic_tree_relation_list": [{"type": "iof_isSubject", "id": "25"}], "affected_by_negation": "no", "separation": "1", "analysis_list": [{"lemma": "inform", "tag": "VI-S3ASA-N-N5", "sense_id_list": [{"sense_id": "ODENTITY_COMMUNICATION_PROCESS"}, {"sense_id": "ODENTITY_PROCESS"}], "original_form": "informed"}], "sense_list": [{"info": "sementity/id=ODENTITY_COMMUNICATION_PROCESS@type=Top>Process>ContentBearingProcess>CommunicationProcess\tsemld_list=sumo:Entity", "id": "ODENTITY_COMMUNICATION_PROCESS", "form": "inform"}, {"info": "sementity/id=ODENTITY_PROCESS@type=Top>Process\tsemld_list=sumo:Entity", "id": "ODENTITY_PROCESS", "form": "inform"}], "id": "4"}, {"endp": "22", "style": {"isItalics": "no", "isUnderlined": "no", "isTitle": "no", "isBold": "no"}, "token_list": [{"endp": "22", "style": {"isItalics": "no", "isUnderlined": "no", "isTitle": "no", "isBold": "no"}, "inip": "19", "form": "Kate", "quote_level": "0", "affected_by_negation": "no", "separation": "1", "analysis_list": [{"lemma": "Kate", "tag": "NPFS-N-", "sense_id_list": [{"sense_id": "04bd3fdb78"}], "original_form": "Kate"}], "sense_list": [{"info": "sementity/class=instance@fiction=nonfiction@id=ODENTITY_FIRST_NAME@type=Top>Person>FirstName\tsemld_list=sumo:FirstName", "id": "04bd3fdb78", "form": "Kate"}], "id": "5"}], "separation": "1", "form": "Kate", "quote_level": "0", "head": "5", "syntactic_tree_relation_list": [{"type": "isSubject", "id": "27"}, {"type": "iof_isDirectObject", "id": "31"}, {"type": "iof_isAnaphora", "id": "6"}, {"type": "iof_isAnaphora", "id": "29"}], "affected_by_negation": "no", "inip": "19", "analysis_list": [{"lemma": "Kate", "tag": "GNFS3---", "original_form": "Kate"}], "type": "phrase", "id": "26"}, {"endp": "43", "style": {"isItalics": "no", "isUnderlined": "no", "isTitle": "no", "isBold": "no"}, "token_list": [{"endp": "27", "style": {"isItalics": "no", "isUnderlined": "no", "isTitle": "no", "isBold": "no"}, "inip": "24", "form": "that", "quote_level": "0", "syntactic_tree_relation_list": [{"type": "isAnaphora", "id": "26"}], "affected_by_negation": "no", "separation": "1", "analysis_list": [{"lemma": "that", "tag": "RP-SN5", "original_form": "that"}, {"lemma": "that", "tag": "RP-PN5", "original_form": "that"}, {"lemma": "that", "tag": "DP-SN5", "original_form": "that"}], "id": "6"}, {"endp": "31", "style": {"isItalics": "no", "isUnderlined": "no", "isTitle": "no", "isBold": "no"}, "token_list": [{"endp": "31", "style": {"isItalics": "no", "isUnderlined": "no", "isTitle": "no", "isBold": "no"}, "inip": "29", "form": "she", "quote_level": "0", "affected_by_negation": "no", "separation": "1", "analysis_list": [{"lemma": "she", "tag": "PPFS3NN8", "sense_id_list": [{"sense_id": "PRONHUMAN"}], "original_form": "she"}], "sense_list": [{"info": "semhum=human", "id": "PRONHUMAN", "form": "she"}], "id": "7"}], "separation": "1", "form": "she", "quote_level": "0", "head": "7", "syntactic_tree_relation_list": [{"type": "isAnaphora", "id": "26"}, {"type": "isSubject", "id": "21"}], "affected_by_negation": "no", "inip": "29", "analysis_list": [{"lemma": "she", "tag": "GNFS3S--", "original_form": "she"}], "type": "phrase", "id": "29"}, {"endp": "43", "style": {"isItalics": "no", "isUnderlined": "no", "isTitle": "no", "isBold": "no"}, "separation": "1", "form": "had retired", "quote_level": "0", "head": "8", "syntactic_tree_relation_list": [{"type": "iof_isSubject", "id": "29"}], "affected_by_negation": "no", "inip": "33", "analysis_list": [{"lemma": "retire", "tag": "VI-UUAPA-N-N9", "original_form": "had retired"}], "type": "multiword", "id": "21"}], "separation": "1", "form": "that she had retired", "quote_level": "0", "syntactic_tree_relation_list": [{"type": "isDirectObject", "id": "26"}], "affected_by_negation": "no", "inip": "24", "analysis_list": [{"lemma": "*", "tag": "ZN---DIA----", "original_form": "that she had retired"}], "type": "phrase", "id": "31"}], "separation": "_", "form": "Dr. Adams informed Kate that she had retired", "quote_level": "0", "affected_by_negation": "no", "inip": "0", "analysis_list": [{"lemma": "*", "tag": "Z-----------", "original_form": "Dr. Adams informed Kate that she had retired"}], "type": "phrase", "id": "32"}, {"endp": "47", "style": {"isItalics": "no", "isUnderlined": "no", "isTitle": "no", "isBold": "no"}, "inip": "45", "form": "and", "quote_level": "0", "affected_by_negation": "no", "separation": "1", "analysis_list": [{"lemma": "and", "tag": "CCYN9", "original_form": "and"}], "id": "10"}, {"endp": "94", "style": {"isItalics": "no", "isUnderlined": "no", "isTitle": "no", "isBold": "no"}, "token_list": [{"endp": "94", "style": {"isItalics": "no", "isUnderlined": "no", "isTitle": "no", "isBold": "no"}, "token_list": [{"endp": "57", "style": {"isItalics": "no", "isUnderlined": "no", "isTitle": "no", "isBold": "no"}, "inip": "49", "form": "presented", "quote_level": "0", "affected_by_negation": "no", "separation": "1", "analysis_list": [{"lemma": "present", "tag": "VP---ASA-N-N5", "sense_id_list": [{"sense_id": "ODENTITY_BODY_MOTION"}, {"sense_id": "ODENTITY_COMMUNICATION_PROCESS"}, {"sense_id": "ODENTITY_CONTENT_DEVELOPMENT"}, {"sense_id": "ODENTITY_DISSEMINATING"}, {"sense_id": "ODENTITY_CHANGE_OF_POSSESSION"}, {"sense_id": "ODENTITY_SOCIAL_INTERACTION"}, {"sense_id": "ODENTITY_LINGUISTIC_COMMUNICATION"}], "original_form": "presented"}, {"lemma": "present", "tag": "VI-UUASA-N-N5", "sense_id_list": [{"sense_id": "ODENTITY_BODY_MOTION"}, {"sense_id": "ODENTITY_COMMUNICATION_PROCESS"}, {"sense_id": "ODENTITY_CONTENT_DEVELOPMENT"}, {"sense_id": "ODENTITY_DISSEMINATING"}, {"sense_id": "ODENTITY_CHANGE_OF_POSSESSION"}, {"sense_id": "ODENTITY_SOCIAL_INTERACTION"}, {"sense_id": "ODENTITY_LINGUISTIC_COMMUNICATION"}], "original_form": "presented"}], "sense_list": [{"info": "sementity/id=ODENTITY_BODY_MOTION@type=Top>Process>Motion>BodyMotion\tsemld_list=sumo:Entity", "id": "ODENTITY_BODY_MOTION", "form": "present"}, {"info": "sementity/id=ODENTITY_CHANGE_OF_POSSESSION@type=Top>Process>IntentionalProcess>SocialInteraction>ChangeOfPossession\tsemld_list=sumo:IntentionalProcess", "id": "ODENTITY_CHANGE_OF_POSSESSION", "form": "present"}, {"info": "sementity/id=ODENTITY_COMMUNICATION_PROCESS@type=Top>Process>ContentBearingProcess>CommunicationProcess\tsemld_list=sumo:Entity", "id": "ODENTITY_COMMUNICATION_PROCESS", "form": "present"}, {"info": "sementity/id=ODENTITY_CONTENT_DEVELOPMENT@type=Top>Process>IntentionalProcess>ContentDevelopment\tsemld_list=sumo:IntentionalProcess", "id": "ODENTITY_CONTENT_DEVELOPMENT", "form": "present"}, {"info": "sementity/id=ODENTITY_DISSEMINATING@type=Top>Process>ContentBearingProcess>CommunicationProcess>Disseminating\tsemld_list=sumo:Entity", "id": "ODENTITY_DISSEMINATING", "form": "present"}, {"info": "sementity/id=ODENTITY_LINGUISTIC_COMMUNICATION@type=Top>Process>ContentBearingProcess>CommunicationProcess>LinguisticCommunication\tsemld_list=sumo:Entity", "id": "ODENTITY_LINGUISTIC_COMMUNICATION", "form": "present"}, {"info": "sementity/id=ODENTITY_SOCIAL_INTERACTION@type=Top>Process>IntentionalProcess>SocialInteraction\tsemld_list=sumo:IntentionalProcess", "id": "ODENTITY_SOCIAL_INTERACTION", "form": "present"}], "id": "11"}, {"endp": "65", "style": {"isItalics": "no", "isUnderlined": "no", "isTitle": "no", "isBold": "no"}, "inip": "59", "form": "several", "quote_level": "0", "affected_by_negation": "no", "separation": "1", "analysis_list": [{"lemma": "several", "tag": "QD-PPN6", "original_form": "several"}, {"lemma": "several", "tag": "QP-PPN6", "original_form": "several"}, {"lemma": "several", "tag": "AP-N6", "original_form": "several"}, {"lemma": "several", "tag": "QP-PPN6", "sense_id_list": [{"sense_id": "PRONBOTH"}], "original_form": "several"}], "sense_list": [{"info": "semhum=both", "id": "PRONBOTH", "form": "several"}], "id": "12"}, {"endp": "73", "style": {"isItalics": "no", "isUnderlined": "no", "isTitle": "no", "isBold": "no"}, "inip": "67", "form": "options", "quote_level": "0", "affected_by_negation": "no", "separation": "1", "analysis_list": [{"lemma": "option", "tag": "NC-P-N5", "original_form": "options"}], "id": "13"}, {"endp": "94", "style": {"isItalics": "no", "isUnderlined": "no", "isTitle": "no", "isBold": "no"}, "token_list": [{"endp": "77", "style": {"isItalics": "no", "isUnderlined": "no", "isTitle": "no", "isBold": "no"}, "inip": "75", "form": "for", "quote_level": "0", "affected_by_negation": "no", "separation": "1", "analysis_list": [{"lemma": "for", "tag": "YN5", "original_form": "for"}], "id": "14"}, {"endp": "94", "style": {"isItalics": "no", "isUnderlined": "no", "isTitle": "no", "isBold": "no"}, "token_list": [{"endp": "84", "style": {"isItalics": "no", "isUnderlined": "no", "isTitle": "no", "isBold": "no"}, "inip": "79", "form": "future", "quote_level": "0", "affected_by_negation": "no", "separation": "1", "analysis_list": [{"lemma": "future", "tag": "NC-S-N5", "sense_id_list": [{"sense_id": "740216c489"}], "original_form": "future"}], "sense_list": [{"info": "sementity/class=class@fiction=nonfiction@id=ODENTITY_PERSON@type=Top>Person\tsemld_list=sumo:Human", "id": "740216c489", "form": "future"}], "id": "15"}, {"endp": "94", "style": {"isItalics": "no", "isUnderlined": "no", "isTitle": "no", "isBold": "no"}, "inip": "86", "form": "treatment", "quote_level": "0", "affected_by_negation": "no", "separation": "1", "analysis_list": [{"lemma": "treatment", "tag": "NC-S-N6", "sense_id_list": [{"sense_id": "e8ab3c8fc6"}, {"sense_id": "b031b29261"}], "original_form": "treatment"}], "sense_list": [{"info": "sementity/class=class@fiction=nonfiction@id=ODENTITY_TOP@type=Top\tsemld_list=sumo:Entity", "id": "b031b29261", "form": "treatment"}, {"info": "sementity/class=class@fiction=nonfiction@id=ODENTITY_TOP@type=Top\tsemld_list=sumo:Entity\tsemtheme_list/id=ODTHEME_MEDICINE@type=Top>LifeSciences>Medicine", "id": "e8ab3c8fc6", "form": "medication"}], "id": "16"}], "separation": "1", "form": "future treatment", "quote_level": "0", "head": "16", "affected_by_negation": "no", "inip": "79", "analysis_list": [{"lemma": "treatment", "tag": "GN-S3---", "original_form": "future treatment"}], "type": "phrase", "id": "28"}], "separation": "1", "form": "for future treatment", "quote_level": "0", "head": "14", "affected_by_negation": "no", "inip": "75", "analysis_list": [{"lemma": "for", "tag": "GY------", "original_form": "for future treatment"}], "type": "phrase", "id": "30"}], "separation": "1", "form": "presented several options for future treatment", "quote_level": "0", "head": "13", "syntactic_tree_relation_list": [{"type": "iof_isSubject", "id": "26"}], "affected_by_negation": "no", "inip": "49", "analysis_list": [{"lemma": "option", "tag": "GN-P3---", "original_form": "presented several options"}], "type": "phrase", "id": "27"}], "separation": "1", "form": "presented several options for future treatment", "quote_level": "0", "affected_by_negation": "no", "inip": "49", "analysis_list": [{"lemma": "*", "tag": "Z-----------", "original_form": "presented several options for future treatment"}], "type": "phrase", "id": "33"}, {"endp": "95", "style": {"isItalics": "no", "isUnderlined": "no", "isTitle": "no", "isBold": "no"}, "inip": "95", "form": ".", "quote_level": "0", "affected_by_negation": "no", "separation": "A", "analysis_list": [{"lemma": ".", "tag": "1D--", "original_form": "."}], "id": "17"}], "inip": "0", "quote_level": "0", "affected_by_negation": "no", "separation": "A", "type": "sentence", "id": "22"}]}