{"status": {"msg": "OK", "credits": "1", "remaining_credits": "39691", "code": "0"}, "token_list": [{"endp": "54", "style": {"isItalics": "no", "isUnderlined": "no", "isTitle": "no", "isBold": "no"}, "token_list": [{"endp": "53", "style": {"isItalics": "no", "isUnderlined": "no", "isTitle": "no", "isBold": "no"}, "token_list": [{"endp": "2", "style": {"isItalics": "no", "isUnderlined": "no", "isTitle": "no", "isBold": "no"}, "token_list": [{"endp": "2", "style": {"isItalics": "no", "isUnderlined": "no", "isTitle": "no", "isBold": "no"}, "inip": "0", "form": "Dan", "quote_level": "0", "affected_by_negation": "no", "separation": "_", "analysis_list": [{"lemma": "Dan", "tag": "NPMS-N-", "sense_id_list": [{"sense_id": "80d62241a4"}], "original_form": "Dan"}], "sense_list": [{"info": "sementity/class=instance@fiction=nonfiction@id=ODENTITY_FIRST_NAME@type=Top>Person>FirstName\tsemld_list=sumo:FirstName", "id": "80d62241a4", "form": "Dan"}], "id": "1"}], "separation": "_", "form": "Dan", "quote_level": "0", "head": "1", "syntactic_tree_relation_list": [{"type": "isSubject", "id": "19"}], "affected_by_negation": "no", "inip": "0", "analysis_list": [{"lemma": "Dan", "tag": "GNMS3S--", "original_form": "Dan"}], "type": "phrase", "id": "24"}, {"endp": "14", "style": {"isItalics": "no", "isUnderlined": "no", "isTitle": "no", "isBold": "no"}, "separation": "1", "form": "had to stop", "quote_level": "0", "head": "2", "syntactic_tree_relation_list": [{"type": "iof_isSubject", "id": "24"}, {"type": "iof_isDirectObject", "id": "25"}], "affected_by_negation": "no", "inip": "4", "analysis_list": [{"lemma": "had to stop", "tag": "VI-S3ASA-N-N9", "original_form": "had to stop"}], "type": "multiword", "id": "19"}, {"endp": "53", "style": {"isItalics": "no", "isUnderlined": "no", "isTitle": "no", "isBold": "no"}, "token_list": [{"endp": "19", "style": {"isItalics": "no", "isUnderlined": "no", "isTitle": "no", "isBold": "no"}, "inip": "16", "form": "Bill", "quote_level": "0", "affected_by_negation": "no", "separation": "1", "analysis_list": [{"lemma": "Bill", "tag": "NPMS-N-", "sense_id_list": [{"sense_id": "004d9614c8"}], "original_form": "Bill"}], "sense_list": [{"info": "sementity/class=instance@fiction=nonfiction@id=ODENTITY_FIRST_NAME@type=Top>Person>FirstName\tsemld_list=sumo:FirstName", "id": "004d9614c8", "form": "Bill"}], "id": "5"}, {"endp": "53", "style": {"isItalics": "no", "isUnderlined": "no", "isTitle": "no", "isBold": "no"}, "token_list": [{"endp": "24", "style": {"isItalics": "no", "isUnderlined": "no", "isTitle": "no", "isBold": "no"}, "inip": "21", "form": "from", "quote_level": "0", "affected_by_negation": "no", "separation": "1", "analysis_list": [{"lemma": "from", "tag": "YN8", "original_form": "from"}], "id": "6"}, {"endp": "53", "style": {"isItalics": "no", "isUnderlined": "no", "isTitle": "no", "isBold": "no"}, "token_list": [{"endp": "31", "style": {"isItalics": "no", "isUnderlined": "no", "isTitle": "no", "isBold": "no"}, "inip": "26", "form": "toying", "quote_level": "0", "syntactic_tree_relation_list": [{"type": "iof_isComplement", "id": "27"}], "affected_by_negation": "no", "separation": "1", "analysis_list": [{"lemma": "toy", "tag": "VP---PSA-N-N4", "sense_id_list": [{"sense_id": "ODENTITY_GAME"}, {"sense_id": "ODENTITY_INTENTIONAL_PROCESS"}], "original_form": "toying"}], "sense_list": [{"info": "sementity/id=ODENTITY_GAME@type=Top>Product>CulturalProduct>Game\tsemld_list=sumo:CulturalProduct", "id": "ODENTITY_GAME", "form": "toy"}, {"info": "sementity/id=ODENTITY_INTENTIONAL_PROCESS@type=Top>Process>IntentionalProcess\tsemld_list=sumo:IntentionalProcess", "id": "ODENTITY_INTENTIONAL_PROCESS", "form": "toy"}], "id": "7"}, {"endp": "53", "style": {"isItalics": "no", "isUnderlined": "no", "isTitle": "no", "isBold": "no"}, "token_list": [{"endp": "36", "style": {"isItalics": "no", "isUnderlined": "no", "isTitle": "no", "isBold": "no"}, "inip": "33", "form": "with", "quote_level": "0", "affected_by_negation": "no", "separation": "1", "analysis_list": [{"lemma": "with", "tag": "YN8", "original_form": "with"}], "id": "8"}, {"endp": "53", "style": {"isItalics": "no", "isUnderlined": "no", "isTitle": "no", "isBold": "no"}, "token_list": [{"endp": "40", "style": {"isItalics": "no", "isUnderlined": "no", "isTitle": "no", "isBold": "no"}, "inip": "38", "form": "the", "quote_level": "0", "affected_by_negation": "no", "separation": "1", "analysis_list": [{"lemma": "the", "tag": "TD-SN9", "original_form": "the"}], "id": "9"}, {"endp": "48", "style": {"isItalics": "no", "isUnderlined": "no", "isTitle": "no", "isBold": "no"}, "inip": "42", "form": "injured", "quote_level": "0", "affected_by_negation": "no", "separation": "1", "analysis_list": [{"lemma": "injured", "tag": "AP-N3", "sense_id_list": [{"sense_id": "eb0325f7ab"}], "original_form": "injured"}], "sense_list": [{"info": "sementity/class=class@fiction=nonfiction@id=ODENTITY_PERSON@type=Top>Person\tsemld_list=sumo:Human", "id": "eb0325f7ab", "form": "injured"}], "id": "10"}, {"endp": "53", "style": {"isItalics": "no", "isUnderlined": "no", "isTitle": "no", "isBold": "no"}, "inip": "50", "form": "bird", "quote_level": "0", "affected_by_negation": "no", "separation": "1", "analysis_list": [{"lemma": "bird", "tag": "NC-S-N5", "sense_id_list": [{"sense_id": "a021ace210"}], "original_form": "bird"}], "sense_list": [{"info": "sementity/class=class@fiction=nonfiction@id=ODENTITY_BIRD@type=Top>LivingThing>Animal>Vertebrate>Bird\tsemld_list=sumo:Bird\tsemtheme_list/id=ODTHEME_ZOOLOGY@type=Top>NaturalSciences>Zoology", "id": "a021ace210", "form": "bird"}], "id": "11"}], "separation": "1", "form": "the injured bird", "quote_level": "0", "head": "11", "affected_by_negation": "no", "inip": "38", "analysis_list": [{"lemma": "bird", "tag": "GN-S3---", "original_form": "the injured bird"}], "type": "phrase", "id": "26"}], "separation": "1", "form": "with the injured bird", "quote_level": "0", "head": "8", "syntactic_tree_relation_list": [{"type": "isComplement", "id": "7"}], "affected_by_negation": "no", "inip": "33", "analysis_list": [{"lemma": "with", "tag": "GY---C--", "original_form": "with the injured bird"}], "type": "phrase", "id": "27"}], "separation": "1", "form": "toying with the injured bird", "quote_level": "0", "affected_by_negation": "no", "inip": "26", "analysis_list": [{"lemma": "*", "tag": "ZN-S3-PP----", "original_form": "toying with the injured bird"}], "type": "phrase", "id": "28"}], "separation": "1", "form": "from toying with the injured bird", "quote_level": "0", "head": "6", "affected_by_negation": "no", "inip": "21", "analysis_list": [{"lemma": "from", "tag": "GY------", "original_form": "from toying with the injured bird"}], "type": "phrase", "id": "29"}], "separation": "1", "form": "Bill from toying with the injured bird", "quote_level": "0", "head": "5", "syntactic_tree_relation_list": [{"type": "isDirectObject", "id": "19"}, {"type": "iof_isAnaphora", "id": "33"}], "affected_by_negation": "no", "inip": "16", "analysis_list": [{"lemma": "Bill", "tag": "GNMS3D--", "original_form": "Bill"}], "type": "phrase", "id": "25"}], "separation": "_", "form": "Dan had to stop Bill from toying with the injured bird", "quote_level": "0", "affected_by_negation": "no", "inip": "0", "analysis_list": [{"lemma": "*", "tag": "Z-----------", "original_form": "Dan had to stop Bill from toying with the injured bird"}], "type": "phrase", "id": "30"}, {"endp": "54", "style": {"isItalics": "no", "isUnderlined": "no", "isTitle": "no", "isBold": "no"}, "inip": "54", "form": ".", "quote_level": "0", "affected_by_negation": "no", "separation": "A", "analysis_list": [{"lemma": ".", "tag": "1D--", "original_form": "."}], "id": "12"}], "inip": "0", "quote_level": "0", "affected_by_negation": "no", "separation": "A", "type": "sentence", "id": "20"}, {"endp": "80", "style": {"isItalics": "no", "isUnderlined": "no", "isTitle": "no", "isBold": "no"}, "token_list": [{"endp": "79", "style": {"isItalics": "no", "isUnderlined": "no", "isTitle": "no", "isBold": "no"}, "token_list": [{"endp": "57", "style": {"isItalics": "no", "isUnderlined": "no", "isTitle": "no", "isBold": "no"}, "token_list": [{"endp": "57", "style": {"isItalics": "no", "isUnderlined": "no", "isTitle": "no", "isBold": "no"}, "inip": "56", "form": "He", "quote_level": "0", "affected_by_negation": "no", "separation": "1", "analysis_list": [{"lemma": "he", "tag": "PPMS3NN8", "sense_id_list": [{"sense_id": "PRONHUMAN"}], "original_form": "he"}], "sense_list": [{"info": "semhum=human", "id": "PRONHUMAN", "form": "he"}], "id": "13"}], "separation": "1", "form": "He", "quote_level": "0", "head": "13", "syntactic_tree_relation_list": [{"type": "isAnaphora", "id": "25"}, {"type": "isSubject", "id": "14"}], "affected_by_negation": "no", "inip": "56", "analysis_list": [{"lemma": "he", "tag": "GNMS3S--", "original_form": "He"}], "type": "phrase", "id": "33"}, {"endp": "60", "style": {"isItalics": "no", "isUnderlined": "no", "isTitle": "no", "isBold": "no"}, "inip": "59", "form": "is", "quote_level": "0", "syntactic_tree_relation_list": [{"type": "iof_isSubject", "id": "33"}, {"type": "iof_isAttribute", "id": "32"}], "affected_by_negation": "no", "separation": "1", "analysis_list": [{"lemma": "be", "tag": "VI-S3PSA-N-N9", "original_form": "is"}], "id": "14"}, {"endp": "79", "style": {"isItalics": "no", "isUnderlined": "no", "isTitle": "no", "isBold": "no"}, "token_list": [{"endp": "65", "style": {"isItalics": "no", "isUnderlined": "no", "isTitle": "no", "isBold": "no"}, "inip": "62", "form": "very", "quote_level": "0", "affected_by_negation": "no", "separation": "1", "analysis_list": [{"lemma": "very", "tag": "ENMSN5", "original_form": "very"}], "id": "15"}, {"endp": "79", "style": {"isItalics": "no", "isUnderlined": "no", "isTitle": "no", "isBold": "no"}, "inip": "67", "form": "compassionate", "quote_level": "0", "affected_by_negation": "no", "separation": "1", "analysis_list": [{"lemma": "compassionate", "tag": "AP-N-", "original_form": "compassionate"}], "id": "16"}], "separation": "1", "form": "very compassionate", "quote_level": "0", "head": "16", "syntactic_tree_relation_list": [{"type": "isAttribute", "id": "14"}], "affected_by_negation": "no", "inip": "62", "analysis_list": [{"lemma": "compassionate", "tag": "GA---A--", "original_form": "very compassionate"}], "type": "phrase", "id": "32"}], "separation": "1", "form": "He is very compassionate", "quote_level": "0", "affected_by_negation": "no", "inip": "56", "analysis_list": [{"lemma": "*", "tag": "Z-----------", "original_form": "He is very compassionate"}], "type": "phrase", "id": "34"}, {"endp": "80", "style": {"isItalics": "no", "isUnderlined": "no", "isTitle": "no", "isBold": "no"}, "inip": "80", "form": ".", "quote_level": "0", "affected_by_negation": "no", "separation": "A", "analysis_list": [{"lemma": ".", "tag": "1D--", "original_form": "."}], "id": "17"}], "inip": "56", "quote_level": "0", "affected_by_negation": "no", "separation": "A", "type": "sentence", "id": "22"}]}