{"status": {"msg": "OK", "credits": "1", "remaining_credits": "39687", "code": "0"}, "token_list": [{"endp": "110", "style": {"isItalics": "no", "isUnderlined": "no", "isTitle": "no", "isBold": "no"}, "token_list": [{"endp": "34", "style": {"isItalics": "no", "isUnderlined": "no", "isTitle": "no", "isBold": "no"}, "token_list": [{"endp": "5", "style": {"isItalics": "no", "isUnderlined": "no", "isTitle": "no", "isBold": "no"}, "token_list": [{"endp": "5", "style": {"isItalics": "no", "isUnderlined": "no", "isTitle": "no", "isBold": "no"}, "inip": "0", "form": "George", "quote_level": "0", "affected_by_negation": "no", "separation": "_", "analysis_list": [{"lemma": "George", "tag": "NPUU-N-", "sense_id_list": [{"sense_id": "__3963275184705949731"}], "original_form": "George"}], "sense_list": [{"info": "sementity/class=instance@fiction=nonfiction@type=Top>Person@confidence=uncertain", "id": "__3963275184705949731", "form": "George"}], "id": "1"}], "separation": "_", "form": "George", "quote_level": "0", "head": "1", "syntactic_tree_relation_list": [{"type": "isSubject", "id": "2"}, {"type": "iof_isAnaphora", "id": "40"}, {"type": "iof_isAnaphora", "id": "39"}, {"type": "iof_isAnaphora", "id": "38"}, {"type": "iof_isAnaphora", "id": "37"}], "affected_by_negation": "no", "inip": "0", "analysis_list": [{"lemma": "George", "tag": "GNUU3S--", "original_form": "George"}], "type": "phrase", "id": "31"}, {"endp": "9", "style": {"isItalics": "no", "isUnderlined": "no", "isTitle": "no", "isBold": "no"}, "inip": "7", "form": "got", "quote_level": "0", "syntactic_tree_relation_list": [{"type": "iof_isSubject", "id": "31"}, {"type": "iof_isDirectObject", "id": "32"}], "affected_by_negation": "no", "separation": "1", "analysis_list": [{"lemma": "get", "tag": "VI-U3ASA-N-N7", "original_form": "got"}], "id": "2"}, {"endp": "34", "style": {"isItalics": "no", "isUnderlined": "no", "isTitle": "no", "isBold": "no"}, "token_list": [{"endp": "14", "style": {"isItalics": "no", "isUnderlined": "no", "isTitle": "no", "isBold": "no"}, "inip": "11", "form": "free", "quote_level": "0", "affected_by_negation": "no", "separation": "1", "analysis_list": [{"lemma": "free", "tag": "AP-N4", "original_form": "free"}], "id": "3"}, {"endp": "22", "style": {"isItalics": "no", "isUnderlined": "no", "isTitle": "no", "isBold": "no"}, "inip": "16", "form": "tickets", "quote_level": "0", "affected_by_negation": "yes", "separation": "1", "analysis_list": [{"lemma": "ticket", "tag": "NC-P-N5", "original_form": "tickets"}], "id": "4"}, {"endp": "34", "style": {"isItalics": "no", "isUnderlined": "no", "isTitle": "no", "isBold": "no"}, "token_list": [{"endp": "25", "style": {"isItalics": "no", "isUnderlined": "no", "isTitle": "no", "isBold": "no"}, "inip": "24", "form": "to", "quote_level": "0", "affected_by_negation": "no", "separation": "1", "analysis_list": [{"lemma": "to", "tag": "YN6", "original_form": "to"}], "id": "5"}, {"endp": "34", "style": {"isItalics": "no", "isUnderlined": "no", "isTitle": "no", "isBold": "no"}, "token_list": [{"endp": "29", "style": {"isItalics": "no", "isUnderlined": "no", "isTitle": "no", "isBold": "no"}, "inip": "27", "form": "the", "quote_level": "0", "affected_by_negation": "no", "separation": "1", "analysis_list": [{"lemma": "the", "tag": "TD-SN9", "original_form": "the"}], "id": "6"}, {"endp": "34", "style": {"isItalics": "no", "isUnderlined": "no", "isTitle": "no", "isBold": "no"}, "inip": "31", "form": "play", "quote_level": "0", "affected_by_negation": "yes", "separation": "1", "analysis_list": [{"lemma": "play", "tag": "NC-S-N5", "original_form": "play"}], "id": "7"}], "separation": "1", "form": "the play", "quote_level": "0", "head": "7", "affected_by_negation": "no", "inip": "27", "analysis_list": [{"lemma": "play", "tag": "GN-S3---", "original_form": "the play"}], "type": "phrase", "id": "33"}], "separation": "1", "form": "to the play", "quote_level": "0", "head": "5", "affected_by_negation": "no", "inip": "24", "analysis_list": [{"lemma": "to", "tag": "GY------", "original_form": "to the play"}], "type": "phrase", "id": "42"}], "separation": "1", "form": "free tickets to the play", "quote_level": "0", "head": "4", "syntactic_tree_relation_list": [{"type": "isDirectObject", "id": "2"}], "affected_by_negation": "no", "inip": "11", "analysis_list": [{"lemma": "ticket", "tag": "GN-P3D--", "original_form": "free tickets"}], "type": "phrase", "id": "32"}], "separation": "_", "form": "George got free tickets to the play", "quote_level": "0", "affected_by_negation": "no", "inip": "0", "analysis_list": [{"lemma": "*", "tag": "ZC----------", "original_form": "George got free tickets to the play"}], "type": "phrase", "id": "44"}, {"endp": "35", "style": {"isItalics": "no", "isUnderlined": "no", "isTitle": "no", "isBold": "no"}, "inip": "35", "form": ",", "quote_level": "0", "affected_by_negation": "no", "separation": "A", "analysis_list": [{"lemma": ",", "tag": "1D--", "original_form": ","}], "id": "8"}, {"endp": "39", "style": {"isItalics": "no", "isUnderlined": "no", "isTitle": "no", "isBold": "no"}, "inip": "37", "form": "but", "quote_level": "0", "affected_by_negation": "no", "separation": "1", "analysis_list": [{"lemma": "but", "tag": "CCAN8", "original_form": "but"}], "id": "9"}, {"endp": "60", "style": {"isItalics": "no", "isUnderlined": "no", "isTitle": "no", "isBold": "no"}, "token_list": [{"endp": "42", "style": {"isItalics": "no", "isUnderlined": "no", "isTitle": "no", "isBold": "no"}, "token_list": [{"endp": "42", "style": {"isItalics": "no", "isUnderlined": "no", "isTitle": "no", "isBold": "no"}, "inip": "41", "form": "he", "quote_level": "0", "affected_by_negation": "no", "separation": "1", "analysis_list": [{"lemma": "he", "tag": "PPMS3NN8", "sense_id_list": [{"sense_id": "PRONHUMAN"}], "original_form": "he"}], "sense_list": [{"info": "semhum=human", "id": "PRONHUMAN", "form": "he"}], "id": "10"}], "separation": "1", "form": "he", "quote_level": "0", "head": "10", "syntactic_tree_relation_list": [{"type": "isAnaphora", "id": "31"}, {"type": "isSubject", "id": "11"}], "affected_by_negation": "no", "inip": "41", "analysis_list": [{"lemma": "he", "tag": "GNMS3S--", "original_form": "he"}], "type": "phrase", "id": "40"}, {"endp": "47", "style": {"isItalics": "no", "isUnderlined": "no", "isTitle": "no", "isBold": "no"}, "inip": "44", "form": "gave", "quote_level": "0", "syntactic_tree_relation_list": [{"type": "iof_isSubject", "id": "40"}, {"type": "iof_isDirectObject", "id": "39"}, {"type": "iof_isComplement", "id": "41"}, {"type": "iof_isComplement", "id": "43"}], "affected_by_negation": "no", "separation": "1", "analysis_list": [{"lemma": "give", "tag": "VI-S3ASA-N-N7", "original_form": "gave"}], "id": "11"}, {"endp": "52", "style": {"isItalics": "no", "isUnderlined": "no", "isTitle": "no", "isBold": "no"}, "token_list": [{"endp": "52", "style": {"isItalics": "no", "isUnderlined": "no", "isTitle": "no", "isBold": "no"}, "inip": "49", "form": "them", "quote_level": "0", "affected_by_negation": "no", "separation": "1", "analysis_list": [{"lemma": "them", "tag": "PP-P3AN7", "sense_id_list": [{"sense_id": "PRONBOTH"}], "original_form": "them"}], "sense_list": [{"info": "semhum=both", "id": "PRONBOTH", "form": "them"}], "id": "12"}], "separation": "1", "form": "them", "quote_level": "0", "head": "12", "syntactic_tree_relation_list": [{"type": "isAnaphora", "id": "31"}, {"type": "isDirectObject", "id": "11"}], "affected_by_negation": "no", "inip": "49", "analysis_list": [{"lemma": "them", "tag": "GN-P3D--", "original_form": "them"}], "type": "phrase", "id": "39"}, {"endp": "60", "style": {"isItalics": "no", "isUnderlined": "no", "isTitle": "no", "isBold": "no"}, "token_list": [{"endp": "55", "style": {"isItalics": "no", "isUnderlined": "no", "isTitle": "no", "isBold": "no"}, "inip": "54", "form": "to", "quote_level": "0", "affected_by_negation": "no", "separation": "1", "analysis_list": [{"lemma": "to", "tag": "YN6", "original_form": "to"}], "id": "13"}, {"endp": "60", "style": {"isItalics": "no", "isUnderlined": "no", "isTitle": "no", "isBold": "no"}, "token_list": [{"endp": "60", "style": {"isItalics": "no", "isUnderlined": "no", "isTitle": "no", "isBold": "no"}, "inip": "57", "form": "Eric", "quote_level": "0", "affected_by_negation": "no", "separation": "1", "analysis_list": [{"lemma": "Eric", "tag": "NPMS-N-", "sense_id_list": [{"sense_id": "1e96636541"}], "original_form": "Eric"}], "sense_list": [{"info": "sementity/class=instance@fiction=nonfiction@id=ODENTITY_FIRST_NAME@type=Top>Person>FirstName\tsemld_list=sumo:FirstName", "id": "1e96636541", "form": "Eric"}], "id": "14"}], "separation": "1", "form": "Eric", "quote_level": "0", "head": "14", "affected_by_negation": "no", "inip": "57", "analysis_list": [{"lemma": "Eric", "tag": "GNMS3---", "original_form": "Eric"}], "type": "phrase", "id": "34"}], "separation": "1", "form": "to Eric", "quote_level": "0", "head": "13", "syntactic_tree_relation_list": [{"type": "isComplement", "id": "11"}], "affected_by_negation": "no", "inip": "54", "analysis_list": [{"lemma": "to", "tag": "GY---C--", "original_form": "to Eric"}], "type": "phrase", "id": "41"}], "separation": "1", "form": "he gave them to Eric", "quote_level": "0", "affected_by_negation": "no", "inip": "41", "analysis_list": [{"lemma": "*", "tag": "ZC----------", "original_form": "he gave them to Eric"}], "type": "phrase", "id": "45"}, {"endp": "61", "style": {"isItalics": "no", "isUnderlined": "no", "isTitle": "no", "isBold": "no"}, "inip": "61", "form": ",", "quote_level": "0", "affected_by_negation": "no", "separation": "A", "analysis_list": [{"lemma": ",", "tag": "1D--", "original_form": ","}], "id": "15"}, {"endp": "109", "style": {"isItalics": "no", "isUnderlined": "no", "isTitle": "no", "isBold": "no"}, "token_list": [{"endp": "69", "style": {"isItalics": "no", "isUnderlined": "no", "isTitle": "no", "isBold": "no"}, "inip": "63", "form": "because", "quote_level": "0", "affected_by_negation": "no", "separation": "1", "analysis_list": [{"lemma": "because", "tag": "CSPN7", "original_form": "because"}], "id": "16"}, {"endp": "72", "style": {"isItalics": "no", "isUnderlined": "no", "isTitle": "no", "isBold": "no"}, "token_list": [{"endp": "72", "style": {"isItalics": "no", "isUnderlined": "no", "isTitle": "no", "isBold": "no"}, "inip": "71", "form": "he", "quote_level": "0", "affected_by_negation": "no", "separation": "1", "analysis_list": [{"lemma": "he", "tag": "PPMS3NN8", "sense_id_list": [{"sense_id": "PRONHUMAN"}], "original_form": "he"}], "sense_list": [{"info": "semhum=human", "id": "PRONHUMAN", "form": "he"}], "id": "17"}], "separation": "1", "form": "he", "quote_level": "0", "head": "17", "syntactic_tree_relation_list": [{"type": "isAnaphora", "id": "31"}, {"type": "isSubject", "id": "27"}], "affected_by_negation": "no", "inip": "71", "analysis_list": [{"lemma": "he", "tag": "GNMS3S--", "original_form": "he"}], "type": "phrase", "id": "38"}, {"endp": "80", "style": {"isItalics": "no", "isUnderlined": "no", "isTitle": "no", "isBold": "no"}, "inip": "74", "form": "was not", "quote_level": "0", "syntactic_tree_relation_list": [{"type": "iof_isSubject", "id": "38"}, {"type": "iof_isAttribute", "id": "35"}], "affected_by_negation": "yes", "separation": "1", "analysis_list": [{"lemma": "be", "tag": "VI-S1ASA-NNN9", "original_form": "was not"}, {"lemma": "be", "tag": "VI-S3ASA-NNN9", "original_form": "was not"}], "id": "27"}, {"endp": "99", "style": {"isItalics": "no", "isUnderlined": "no", "isTitle": "no", "isBold": "no"}, "token_list": [{"endp": "93", "style": {"isItalics": "no", "isUnderlined": "no", "isTitle": "no", "isBold": "no"}, "inip": "82", "form": "particularly", "quote_level": "0", "affected_by_negation": "no", "separation": "1", "analysis_list": [{"lemma": "particularly", "tag": "ENMPN6", "original_form": "particularly"}], "id": "20"}, {"endp": "99", "style": {"isItalics": "no", "isUnderlined": "no", "isTitle": "no", "isBold": "no"}, "inip": "95", "form": "eager", "quote_level": "0", "affected_by_negation": "no", "separation": "1", "analysis_list": [{"lemma": "eager", "tag": "AP-N4", "original_form": "eager"}], "id": "21"}], "separation": "1", "form": "particularly eager", "quote_level": "0", "head": "21", "syntactic_tree_relation_list": [{"type": "isAttribute", "id": "27"}], "affected_by_negation": "no", "inip": "82", "analysis_list": [{"lemma": "eager", "tag": "GA---A--", "original_form": "particularly eager"}], "type": "phrase", "id": "35"}, {"endp": "106", "style": {"isItalics": "no", "isUnderlined": "no", "isTitle": "no", "isBold": "no"}, "separation": "1", "form": "to see", "quote_level": "0", "head": "23", "syntactic_tree_relation_list": [{"type": "iof_isDirectObject", "id": "37"}], "affected_by_negation": "no", "inip": "101", "analysis_list": [{"lemma": "see", "tag": "VF---OSA-N-N7", "original_form": "to see"}], "type": "multiword", "id": "36"}, {"endp": "109", "style": {"isItalics": "no", "isUnderlined": "no", "isTitle": "no", "isBold": "no"}, "token_list": [{"endp": "109", "style": {"isItalics": "no", "isUnderlined": "no", "isTitle": "no", "isBold": "no"}, "inip": "108", "form": "it", "quote_level": "0", "affected_by_negation": "no", "separation": "1", "analysis_list": [{"lemma": "it", "tag": "PP-S3AN8", "sense_id_list": [{"sense_id": "PRONNONHUMAN"}], "original_form": "it"}], "sense_list": [{"info": "semhum=nonhuman", "id": "PRONNONHUMAN", "form": "it"}], "id": "24"}], "separation": "1", "form": "it", "quote_level": "0", "head": "24", "syntactic_tree_relation_list": [{"type": "isAnaphora", "id": "31"}, {"type": "isDirectObject", "id": "36"}], "affected_by_negation": "no", "inip": "108", "analysis_list": [{"lemma": "it", "tag": "GN-S3D--", "original_form": "it"}], "type": "phrase", "id": "37"}], "separation": "1", "form": "because he was not particularly eager to see it", "quote_level": "0", "syntactic_tree_relation_list": [{"type": "isComplement", "id": "11"}], "affected_by_negation": "no", "inip": "63", "analysis_list": [{"lemma": "*", "tag": "ZE---CIA----", "original_form": "because he was not particularly eager to see it"}], "type": "phrase", "id": "43"}, {"endp": "110", "style": {"isItalics": "no", "isUnderlined": "no", "isTitle": "no", "isBold": "no"}, "inip": "110", "form": ".", "quote_level": "0", "affected_by_negation": "no", "separation": "A", "analysis_list": [{"lemma": ".", "tag": "1D--", "original_form": "."}], "id": "25"}], "inip": "0", "quote_level": "0", "affected_by_negation": "no", "separation": "A", "type": "sentence", "id": "28"}]}