{"status": {"msg": "OK", "credits": "1", "remaining_credits": "39685", "code": "0"}, "token_list": [{"endp": "43", "style": {"isItalics": "no", "isUnderlined": "no", "isTitle": "no", "isBold": "no"}, "token_list": [{"endp": "42", "style": {"isItalics": "no", "isUnderlined": "no", "isTitle": "no", "isBold": "no"}, "token_list": [{"endp": "3", "style": {"isItalics": "no", "isUnderlined": "no", "isTitle": "no", "isBold": "no"}, "token_list": [{"endp": "3", "style": {"isItalics": "no", "isUnderlined": "no", "isTitle": "no", "isBold": "no"}, "inip": "0", "form": "Jane", "quote_level": "0", "affected_by_negation": "no", "separation": "_", "analysis_list": [{"lemma": "Jane", "tag": "NPFS-N-", "sense_id_list": [{"sense_id": "dde8a27ec6"}], "original_form": "Jane"}], "sense_list": [{"info": "sementity/class=instance@fiction=nonfiction@id=ODENTITY_FIRST_NAME@type=Top>Person>FirstName\tsemld_list=sumo:FirstName", "id": "dde8a27ec6", "form": "Jane"}], "id": "1"}], "separation": "_", "form": "Jane", "quote_level": "0", "head": "1", "syntactic_tree_relation_list": [{"type": "isSubject", "id": "2"}], "affected_by_negation": "no", "inip": "0", "analysis_list": [{"lemma": "Jane", "tag": "GNFS3S--", "original_form": "Jane"}], "type": "phrase", "id": "14"}, {"endp": "8", "style": {"isItalics": "no", "isUnderlined": "no", "isTitle": "no", "isBold": "no"}, "inip": "5", "form": "gave", "quote_level": "0", "syntactic_tree_relation_list": [{"type": "iof_isSubject", "id": "14"}, {"type": "iof_isDirectObject", "id": "15"}, {"type": "iof_isComplement", "id": "18"}], "affected_by_negation": "no", "separation": "1", "analysis_list": [{"lemma": "give", "tag": "VI-S3ASA-N-N7", "original_form": "gave"}], "id": "2"}, {"endp": "19", "style": {"isItalics": "no", "isUnderlined": "no", "isTitle": "no", "isBold": "no"}, "token_list": [{"endp": "13", "style": {"isItalics": "no", "isUnderlined": "no", "isTitle": "no", "isBold": "no"}, "inip": "10", "form": "Joan", "quote_level": "0", "affected_by_negation": "no", "separation": "1", "analysis_list": [{"lemma": "Joan", "tag": "NPUU-N-", "sense_id_list": [{"sense_id": "__7073644403249831756"}], "original_form": "Joan"}], "sense_list": [{"info": "sementity/class=instance@fiction=nonfiction@type=Top>Person@confidence=uncertain", "id": "__7073644403249831756", "form": "Joan"}], "id": "3"}, {"endp": "19", "style": {"isItalics": "no", "isUnderlined": "no", "isTitle": "no", "isBold": "no"}, "inip": "15", "form": "candy", "quote_level": "0", "affected_by_negation": "no", "separation": "1", "analysis_list": [{"lemma": "candy", "tag": "NC-S-N-", "sense_id_list": [{"sense_id": "b65199889c"}, {"sense_id": "dbd81a0bbb"}, {"sense_id": "bc38a79bdc"}], "original_form": "candy"}], "sense_list": [{"info": "sementity/class=class@fiction=nonfiction@id=ODENTITY_COOKED_PLATE@type=Top>Product>Food>CookedPlate\tsemld_list=sumo:PreparedFood\tsemtheme_list/id=ODTHEME_GASTRONOMY@type=Top>Society>Gastronomy", "id": "b65199889c", "form": "candy"}, {"info": "sementity/class=class@fiction=nonfiction@id=ODENTITY_COOKED_PLATE@type=Top>Product>Food>CookedPlate\tsemld_list=sumo:PreparedFood\tsemtheme_list/id=ODTHEME_GASTRONOMY@type=Top>Society>Gastronomy", "id": "bc38a79bdc", "form": "candy"}, {"info": "sementity/class=class@fiction=nonfiction@id=ODENTITY_COOKED_PLATE@type=Top>Product>Food>CookedPlate\tsemld_list=sumo:PreparedFood\tsemtheme_list/id=ODTHEME_GASTRONOMY@type=Top>Society>Gastronomy", "id": "dbd81a0bbb", "form": "sweet"}], "id": "4"}], "separation": "1", "form": "Joan candy", "quote_level": "0", "head": "4", "syntactic_tree_relation_list": [{"type": "isDirectObject", "id": "2"}, {"type": "iof_isAnaphora", "id": "17"}], "affected_by_negation": "no", "inip": "10", "analysis_list": [{"lemma": "candy", "tag": "GN-S3D--", "original_form": "Joan candy"}], "type": "phrase", "id": "15"}, {"endp": "42", "style": {"isItalics": "no", "isUnderlined": "no", "isTitle": "no", "isBold": "no"}, "token_list": [{"endp": "27", "style": {"isItalics": "no", "isUnderlined": "no", "isTitle": "no", "isBold": "no"}, "inip": "21", "form": "because", "quote_level": "0", "affected_by_negation": "no", "separation": "1", "analysis_list": [{"lemma": "because", "tag": "CSPN7", "original_form": "because"}], "id": "5"}, {"endp": "31", "style": {"isItalics": "no", "isUnderlined": "no", "isTitle": "no", "isBold": "no"}, "token_list": [{"endp": "31", "style": {"isItalics": "no", "isUnderlined": "no", "isTitle": "no", "isBold": "no"}, "inip": "29", "form": "she", "quote_level": "0", "affected_by_negation": "no", "separation": "1", "analysis_list": [{"lemma": "she", "tag": "PPFS3NN8", "sense_id_list": [{"sense_id": "PRONHUMAN"}], "original_form": "she"}], "sense_list": [{"info": "semhum=human", "id": "PRONHUMAN", "form": "she"}], "id": "6"}], "separation": "1", "form": "she", "quote_level": "0", "head": "6", "syntactic_tree_relation_list": [{"type": "isAnaphora", "id": "15"}, {"type": "isSubject", "id": "7"}], "affected_by_negation": "no", "inip": "29", "analysis_list": [{"lemma": "she", "tag": "GNFS3S--", "original_form": "she"}], "type": "phrase", "id": "17"}, {"endp": "35", "style": {"isItalics": "no", "isUnderlined": "no", "isTitle": "no", "isBold": "no"}, "inip": "33", "form": "was", "quote_level": "0", "syntactic_tree_relation_list": [{"type": "iof_isSubject", "id": "17"}, {"type": "iof_isAttribute", "id": "16"}], "affected_by_negation": "no", "separation": "1", "analysis_list": [{"lemma": "be", "tag": "VI-S1ASA-N-N9", "original_form": "was"}, {"lemma": "be", "tag": "VI-S3ASA-N-N9", "original_form": "was"}], "id": "7"}, {"endp": "42", "style": {"isItalics": "no", "isUnderlined": "no", "isTitle": "no", "isBold": "no"}, "token_list": [{"endp": "42", "style": {"isItalics": "no", "isUnderlined": "no", "isTitle": "no", "isBold": "no"}, "inip": "37", "form": "hungry", "quote_level": "0", "affected_by_negation": "no", "separation": "1", "analysis_list": [{"lemma": "hungry", "tag": "AP-N4", "sense_id_list": [{"sense_id": "117db04de1"}], "original_form": "hungry"}], "sense_list": [{"info": "sementity/class=class@fiction=nonfiction@id=ODENTITY_PERSON@type=Top>Person\tsemld_list=sumo:Human", "id": "117db04de1", "form": "hungry"}], "id": "8"}], "separation": "1", "form": "hungry", "quote_level": "0", "head": "8", "syntactic_tree_relation_list": [{"type": "isAttribute", "id": "7"}], "affected_by_negation": "no", "inip": "37", "analysis_list": [{"lemma": "hungry", "tag": "GA---A--", "original_form": "hungry"}], "type": "phrase", "id": "16"}], "separation": "1", "form": "because she was hungry", "quote_level": "0", "syntactic_tree_relation_list": [{"type": "isComplement", "id": "2"}], "affected_by_negation": "no", "inip": "21", "analysis_list": [{"lemma": "*", "tag": "ZE---CIA----", "original_form": "because she was hungry"}], "type": "phrase", "id": "18"}], "separation": "_", "form": "Jane gave Joan candy because she was hungry", "quote_level": "0", "affected_by_negation": "no", "inip": "0", "analysis_list": [{"lemma": "*", "tag": "Z-----------", "original_form": "Jane gave Joan candy because she was hungry"}], "type": "phrase", "id": "19"}, {"endp": "43", "style": {"isItalics": "no", "isUnderlined": "no", "isTitle": "no", "isBold": "no"}, "inip": "43", "form": ".", "quote_level": "0", "affected_by_negation": "no", "separation": "A", "analysis_list": [{"lemma": ".", "tag": "1D--", "original_form": "."}], "id": "9"}], "inip": "0", "quote_level": "0", "affected_by_negation": "no", "separation": "A", "type": "sentence", "id": "11"}]}