{"status": {"msg": "OK", "credits": "1", "remaining_credits": "39684", "code": "0"}, "token_list": [{"endp": "121", "style": {"isItalics": "no", "isUnderlined": "no", "isTitle": "no", "isBold": "no"}, "token_list": [{"endp": "71", "style": {"isItalics": "no", "isUnderlined": "no", "isTitle": "no", "isBold": "no"}, "token_list": [{"endp": "0", "style": {"isItalics": "no", "isUnderlined": "no", "isTitle": "no", "isBold": "no"}, "token_list": [{"endp": "0", "style": {"isItalics": "no", "isUnderlined": "no", "isTitle": "no", "isBold": "no"}, "inip": "0", "form": "I", "quote_level": "0", "affected_by_negation": "no", "separation": "_", "analysis_list": [{"lemma": "I", "tag": "PP-S1NN-", "sense_id_list": [{"sense_id": "PRONHUMAN"}], "original_form": "I"}], "sense_list": [{"info": "semhum=human", "id": "PRONHUMAN", "form": "I"}], "id": "1"}], "separation": "_", "form": "I", "quote_level": "0", "head": "1", "syntactic_tree_relation_list": [{"type": "isSubject", "id": "2"}], "affected_by_negation": "no", "inip": "0", "analysis_list": [{"lemma": "I", "tag": "GN-S1S--", "original_form": "I"}], "type": "phrase", "id": "41"}, {"endp": "6", "style": {"isItalics": "no", "isUnderlined": "no", "isTitle": "no", "isBold": "no"}, "inip": "2", "form": "tried", "quote_level": "0", "syntactic_tree_relation_list": [{"type": "iof_isSubject", "id": "41"}, {"type": "iof_isDirectObject", "id": "47"}], "affected_by_negation": "no", "separation": "1", "analysis_list": [{"lemma": "try", "tag": "VI-S1ASA-N-N4", "sense_id_list": [{"sense_id": "ODENTITY_BIOLOGICAL_PROCESS"}, {"sense_id": "ODENTITY_INCREASING"}, {"sense_id": "ODENTITY_INTENTIONAL_PROCESS"}, {"sense_id": "ODENTITY_INTENTIONAL_PSYCHOLOGICAL_PROCESS"}, {"sense_id": "ODENTITY_INVESTIGATING"}, {"sense_id": "ODENTITY_TRANSLOCATION"}], "original_form": "tried"}], "sense_list": [{"info": "sementity/id=ODENTITY_BIOLOGICAL_PROCESS@type=Top>Process>InternalChange>BiologicalProcess\tsemld_list=sumo:Entity", "id": "ODENTITY_BIOLOGICAL_PROCESS", "form": "try"}, {"info": "sementity/id=ODENTITY_INCREASING@type=Top>Process>InternalChange>QuantityChange>Increasing\tsemld_list=sumo:Entity", "id": "ODENTITY_INCREASING", "form": "try"}, {"info": "sementity/id=ODENTITY_INTENTIONAL_PROCESS@type=Top>Process>IntentionalProcess\tsemld_list=sumo:IntentionalProcess", "id": "ODENTITY_INTENTIONAL_PROCESS", "form": "try"}, {"info": "sementity/id=ODENTITY_INTENTIONAL_PSYCHOLOGICAL_PROCESS@type=Top>Process>IntentionalProcess>IntentionalPsychologicalProcess\tsemld_list=sumo:IntentionalProcess", "id": "ODENTITY_INTENTIONAL_PSYCHOLOGICAL_PROCESS", "form": "try"}, {"info": "sementity/id=ODENTITY_INVESTIGATING@type=Top>Process>IntentionalProcess>IntentionalPsychologicalProcess>Investigating\tsemld_list=sumo:IntentionalProcess", "id": "ODENTITY_INVESTIGATING", "form": "try"}, {"info": "sementity/id=ODENTITY_TRANSLOCATION@type=Top>Process>Motion>Translocation\tsemld_list=sumo:Entity", "id": "ODENTITY_TRANSLOCATION", "form": "try"}], "id": "2"}, {"endp": "39", "style": {"isItalics": "no", "isUnderlined": "no", "isTitle": "no", "isBold": "no"}, "token_list": [{"endp": "15", "style": {"isItalics": "no", "isUnderlined": "no", "isTitle": "no", "isBold": "no"}, "separation": "1", "form": "to paint", "quote_level": "0", "head": "4", "syntactic_tree_relation_list": [{"type": "iof_isDirectObject", "id": "34"}, {"type": "iof_isComplement", "id": "44"}, {"type": "iof_isComplement", "id": "43"}], "affected_by_negation": "no", "inip": "8", "analysis_list": [{"lemma": "paint", "tag": "VF---OSA-N-N4", "sense_id_list": [{"sense_id": "ODENTITY_CONTENT_DEVELOPMENT"}, {"sense_id": "ODENTITY_TRANSLOCATION"}], "original_form": "to paint"}], "sense_list": [{"info": "sementity/id=ODENTITY_CONTENT_DEVELOPMENT@type=Top>Process>IntentionalProcess>ContentDevelopment\tsemld_list=sumo:IntentionalProcess", "id": "ODENTITY_CONTENT_DEVELOPMENT", "form": "paint"}, {"info": "sementity/id=ODENTITY_TRANSLOCATION@type=Top>Process>Motion>Translocation\tsemld_list=sumo:Entity", "id": "ODENTITY_TRANSLOCATION", "form": "paint"}], "type": "multiword", "id": "33"}, {"endp": "39", "style": {"isItalics": "no", "isUnderlined": "no", "isTitle": "no", "isBold": "no"}, "token_list": [{"endp": "17", "style": {"isItalics": "no", "isUnderlined": "no", "isTitle": "no", "isBold": "no"}, "inip": "17", "form": "a", "quote_level": "0", "affected_by_negation": "no", "separation": "1", "analysis_list": [{"lemma": "a", "tag": "QD-SPN9", "original_form": "a"}], "id": "5"}, {"endp": "25", "style": {"isItalics": "no", "isUnderlined": "no", "isTitle": "no", "isBold": "no"}, "inip": "19", "form": "picture", "quote_level": "0", "affected_by_negation": "no", "separation": "1", "analysis_list": [{"lemma": "picture", "tag": "NC-S-N3", "sense_id_list": [{"sense_id": "6afb3b4ac7"}], "original_form": "picture"}], "sense_list": [{"info": "sementity/class=class@fiction=nonfiction@id=ODENTITY_PICTURE@type=Top>Product>CulturalProduct>Picture\tsemld_list=sumo:PaintedPicture\tsemtheme_list/id=ODTHEME_PAINTING@type=Top>Arts>Painting", "id": "6afb3b4ac7", "form": "painting"}], "id": "6"}, {"endp": "39", "style": {"isItalics": "no", "isUnderlined": "no", "isTitle": "no", "isBold": "no"}, "token_list": [{"endp": "28", "style": {"isItalics": "no", "isUnderlined": "no", "isTitle": "no", "isBold": "no"}, "inip": "27", "form": "of", "quote_level": "0", "affected_by_negation": "no", "separation": "1", "analysis_list": [{"lemma": "of", "tag": "YN9", "original_form": "of"}], "id": "7"}, {"endp": "39", "style": {"isItalics": "no", "isUnderlined": "no", "isTitle": "no", "isBold": "no"}, "token_list": [{"endp": "31", "style": {"isItalics": "no", "isUnderlined": "no", "isTitle": "no", "isBold": "no"}, "inip": "30", "form": "an", "quote_level": "0", "affected_by_negation": "no", "separation": "1", "analysis_list": [{"lemma": "an", "tag": "QD-SPN8", "original_form": "an"}], "id": "8"}, {"endp": "39", "style": {"isItalics": "no", "isUnderlined": "no", "isTitle": "no", "isBold": "no"}, "inip": "33", "form": "orchard", "quote_level": "0", "affected_by_negation": "no", "separation": "1", "analysis_list": [{"lemma": "orchard", "tag": "NC-S-N-", "sense_id_list": [{"sense_id": "21336aa427"}], "original_form": "orchard"}], "sense_list": [{"info": "sementity/class=class@fiction=nonfiction@id=ODENTITY_NATURAL_RESERVE@type=Top>Location>GeographicalEntity>NaturalReserve\tsemld_list=sumo:NaturalReserve\tsemtheme_list/id=ODTHEME_AGRICULTURE@type=Top>Technology>Agriculture", "id": "21336aa427", "form": "orchard"}], "id": "9"}], "separation": "1", "form": "an orchard", "quote_level": "0", "head": "9", "affected_by_negation": "no", "inip": "30", "analysis_list": [{"lemma": "orchard", "tag": "GN-S3---", "original_form": "an orchard"}], "type": "phrase", "id": "35"}], "separation": "1", "form": "of an orchard", "quote_level": "0", "head": "7", "affected_by_negation": "no", "inip": "27", "analysis_list": [{"lemma": "of", "tag": "GY------", "original_form": "of an orchard"}], "type": "phrase", "id": "45"}], "separation": "1", "form": "a picture of an orchard", "quote_level": "0", "head": "6", "syntactic_tree_relation_list": [{"type": "isDirectObject", "id": "33"}], "affected_by_negation": "no", "inip": "17", "analysis_list": [{"lemma": "picture", "tag": "GN-S3D--", "original_form": "a picture"}], "type": "phrase", "id": "34"}], "separation": "1", "form": "to paint a picture of an orchard", "quote_level": "0", "syntactic_tree_relation_list": [{"type": "isDirectObject", "id": "2"}], "affected_by_negation": "no", "inip": "8", "analysis_list": [{"lemma": "*", "tag": "ZN---DFO----", "original_form": "to paint a picture of an orchard"}], "type": "phrase", "id": "47"}, {"endp": "40", "style": {"isItalics": "no", "isUnderlined": "no", "isTitle": "no", "isBold": "no"}, "inip": "40", "form": ",", "quote_level": "0", "affected_by_negation": "no", "separation": "A", "analysis_list": [{"lemma": ",", "tag": "1D--", "original_form": ","}], "id": "10"}, {"endp": "52", "style": {"isItalics": "no", "isUnderlined": "no", "isTitle": "no", "isBold": "no"}, "token_list": [{"endp": "45", "style": {"isItalics": "no", "isUnderlined": "no", "isTitle": "no", "isBold": "no"}, "inip": "42", "form": "with", "quote_level": "0", "affected_by_negation": "no", "separation": "1", "analysis_list": [{"lemma": "with", "tag": "YN8", "original_form": "with"}], "id": "11"}, {"endp": "52", "style": {"isItalics": "no", "isUnderlined": "no", "isTitle": "no", "isBold": "no"}, "token_list": [{"endp": "52", "style": {"isItalics": "no", "isUnderlined": "no", "isTitle": "no", "isBold": "no"}, "inip": "47", "form": "lemons", "quote_level": "0", "affected_by_negation": "no", "separation": "1", "analysis_list": [{"lemma": "lemon", "tag": "NC-P-N3", "original_form": "lemons"}], "id": "12"}], "separation": "1", "form": "lemons", "quote_level": "0", "head": "12", "affected_by_negation": "no", "inip": "47", "analysis_list": [{"lemma": "lemon", "tag": "GN-P3---", "original_form": "lemons"}], "type": "phrase", "id": "36"}], "separation": "1", "form": "with lemons", "quote_level": "0", "head": "11", "syntactic_tree_relation_list": [{"type": "isComplement", "id": "33"}], "affected_by_negation": "no", "inip": "42", "analysis_list": [{"lemma": "with", "tag": "GY---C--", "original_form": "with lemons"}], "type": "phrase", "id": "44"}, {"endp": "71", "style": {"isItalics": "no", "isUnderlined": "no", "isTitle": "no", "isBold": "no"}, "token_list": [{"endp": "55", "style": {"isItalics": "no", "isUnderlined": "no", "isTitle": "no", "isBold": "no"}, "inip": "54", "form": "in", "quote_level": "0", "affected_by_negation": "no", "separation": "1", "analysis_list": [{"lemma": "in", "tag": "YN6", "original_form": "in"}], "id": "13"}, {"endp": "71", "style": {"isItalics": "no", "isUnderlined": "no", "isTitle": "no", "isBold": "no"}, "token_list": [{"endp": "59", "style": {"isItalics": "no", "isUnderlined": "no", "isTitle": "no", "isBold": "no"}, "inip": "57", "form": "the", "quote_level": "0", "affected_by_negation": "no", "separation": "1", "analysis_list": [{"lemma": "the", "tag": "TD-PN9", "original_form": "the"}], "id": "14"}, {"endp": "65", "style": {"isItalics": "no", "isUnderlined": "no", "isTitle": "no", "isBold": "no"}, "inip": "61", "form": "lemon", "quote_level": "0", "affected_by_negation": "no", "separation": "1", "analysis_list": [{"lemma": "lemon", "tag": "NC-S-N3", "original_form": "lemon"}], "id": "15"}, {"endp": "71", "style": {"isItalics": "no", "isUnderlined": "no", "isTitle": "no", "isBold": "no"}, "inip": "67", "form": "trees", "quote_level": "0", "affected_by_negation": "no", "separation": "1", "analysis_list": [{"lemma": "tree", "tag": "NC-P-N6", "sense_id_list": [{"sense_id": "35f20d6542"}], "original_form": "trees"}], "sense_list": [{"info": "sementity/class=class@fiction=nonfiction@id=ODENTITY_FLORA@type=Top>LivingThing>Flora\tsemld_list=sumo:Plant\tsemtheme_list/id=ODTHEME_BOTANY@type=Top>NaturalSciences>Botany", "id": "35f20d6542", "form": "tree"}], "id": "16"}], "separation": "1", "form": "the lemon trees", "quote_level": "0", "head": "16", "affected_by_negation": "no", "inip": "57", "analysis_list": [{"lemma": "tree", "tag": "GN-P3---", "original_form": "the lemon trees"}], "type": "phrase", "id": "37"}], "separation": "1", "form": "in the lemon trees", "quote_level": "0", "head": "13", "syntactic_tree_relation_list": [{"type": "isComplement", "id": "33"}, {"type": "iof_isAnaphora", "id": "40"}], "affected_by_negation": "no", "inip": "54", "analysis_list": [{"lemma": "in", "tag": "GY---C--", "original_form": "in the lemon trees"}], "type": "phrase", "id": "43"}], "separation": "_", "form": "I tried to paint a picture of an orchard, with lemons in the lemon trees", "quote_level": "0", "affected_by_negation": "no", "inip": "0", "analysis_list": [{"lemma": "*", "tag": "ZC----------", "original_form": "I tried to paint a picture of an orchard, with lemons in the lemon trees"}], "type": "phrase", "id": "48"}, {"endp": "72", "style": {"isItalics": "no", "isUnderlined": "no", "isTitle": "no", "isBold": "no"}, "inip": "72", "form": ",", "quote_level": "0", "affected_by_negation": "no", "separation": "A", "analysis_list": [{"lemma": ",", "tag": "1D--", "original_form": ","}], "id": "17"}, {"endp": "76", "style": {"isItalics": "no", "isUnderlined": "no", "isTitle": "no", "isBold": "no"}, "inip": "74", "form": "but", "quote_level": "0", "affected_by_negation": "no", "separation": "1", "analysis_list": [{"lemma": "but", "tag": "CCAN8", "original_form": "but"}], "id": "18"}, {"endp": "103", "style": {"isItalics": "no", "isUnderlined": "no", "isTitle": "no", "isBold": "no"}, "token_list": [{"endp": "81", "style": {"isItalics": "no", "isUnderlined": "no", "isTitle": "no", "isBold": "no"}, "token_list": [{"endp": "81", "style": {"isItalics": "no", "isUnderlined": "no", "isTitle": "no", "isBold": "no"}, "inip": "78", "form": "they", "quote_level": "0", "affected_by_negation": "no", "separation": "1", "analysis_list": [{"lemma": "they", "tag": "PP-P3NN8", "sense_id_list": [{"sense_id": "PRONBOTH"}], "original_form": "they"}], "sense_list": [{"info": "semhum=both", "id": "PRONBOTH", "form": "they"}], "id": "19"}], "separation": "1", "form": "they", "quote_level": "0", "head": "19", "syntactic_tree_relation_list": [{"type": "isSubject", "id": "24"}, {"type": "isAnaphora", "id": "43"}, {"type": "isSubject", "id": "20"}], "affected_by_negation": "no", "inip": "78", "analysis_list": [{"lemma": "they", "tag": "GN-P3S--", "original_form": "they"}], "type": "phrase", "id": "40"}, {"endp": "86", "style": {"isItalics": "no", "isUnderlined": "no", "isTitle": "no", "isBold": "no"}, "inip": "83", "form": "came", "quote_level": "0", "syntactic_tree_relation_list": [{"type": "iof_isSubject", "id": "40"}, {"type": "iof_isLocationComplement", "id": "42"}], "affected_by_negation": "no", "separation": "1", "analysis_list": [{"lemma": "come", "tag": "VI-P3ASA-N-N7", "sense_id_list": [{"sense_id": "ODENTITY_BODY_MOTION"}, {"sense_id": "ODENTITY_CLASSIFYING"}, {"sense_id": "ODENTITY_COMMUNICATION_PROCESS"}, {"sense_id": "ODENTITY_TRANSLOCATION"}, {"sense_id": "ODENTITY_INTENTIONAL_PROCESS"}, {"sense_id": "ODENTITY_INTENTIONAL_PSYCHOLOGICAL_PROCESS"}, {"sense_id": "ODENTITY_MOTION"}, {"sense_id": "ODENTITY_BIOLOGICAL_PROCESS"}, {"sense_id": "ODENTITY_PROCESS"}], "original_form": "came"}], "sense_list": [{"info": "sementity/id=ODENTITY_BIOLOGICAL_PROCESS@type=Top>Process>InternalChange>BiologicalProcess\tsemld_list=sumo:Entity", "id": "ODENTITY_BIOLOGICAL_PROCESS", "form": "come"}, {"info": "sementity/id=ODENTITY_BODY_MOTION@type=Top>Process>Motion>BodyMotion\tsemld_list=sumo:Entity", "id": "ODENTITY_BODY_MOTION", "form": "come"}, {"info": "sementity/id=ODENTITY_CLASSIFYING@type=Top>Process>IntentionalProcess>IntentionalPsychologicalProcess>Classifying\tsemld_list=sumo:IntentionalProcess", "id": "ODENTITY_CLASSIFYING", "form": "come"}, {"info": "sementity/id=ODENTITY_COMMUNICATION_PROCESS@type=Top>Process>ContentBearingProcess>CommunicationProcess\tsemld_list=sumo:Entity", "id": "ODENTITY_COMMUNICATION_PROCESS", "form": "come"}, {"info": "sementity/id=ODENTITY_INTENTIONAL_PROCESS@type=Top>Process>IntentionalProcess\tsemld_list=sumo:IntentionalProcess", "id": "ODENTITY_INTENTIONAL_PROCESS", "form": "come"}, {"info": "sementity/id=ODENTITY_INTENTIONAL_PSYCHOLOGICAL_PROCESS@type=Top>Process>IntentionalProcess>IntentionalPsychologicalProcess\tsemld_list=sumo:IntentionalProcess", "id": "ODENTITY_INTENTIONAL_PSYCHOLOGICAL_PROCESS", "form": "come"}, {"info": "sementity/id=ODENTITY_MOTION@type=Top>Process>Motion\tsemld_list=sumo:Entity", "id": "ODENTITY_MOTION", "form": "come"}, {"info": "sementity/id=ODENTITY_PROCESS@type=Top>Process\tsemld_list=sumo:Entity", "id": "ODENTITY_PROCESS", "form": "come"}, {"info": "sementity/id=ODENTITY_TRANSLOCATION@type=Top>Process>Motion>Translocation\tsemld_list=sumo:Entity", "id": "ODENTITY_TRANSLOCATION", "form": "come"}], "id": "20"}, {"endp": "90", "style": {"isItalics": "no", "isUnderlined": "no", "isTitle": "no", "isBold": "no"}, "token_list": [{"endp": "90", "style": {"isItalics": "no", "isUnderlined": "no", "isTitle": "no", "isBold": "no"}, "inip": "88", "form": "out", "quote_level": "0", "affected_by_negation": "no", "separation": "1", "analysis_list": [{"lemma": "out", "tag": "ENLPN4", "original_form": "out"}], "id": "21"}], "separation": "1", "form": "out", "quote_level": "0", "head": "21", "syntactic_tree_relation_list": [{"type": "isLocationComplement", "id": "20"}], "affected_by_negation": "no", "inip": "88", "analysis_list": [{"lemma": "out", "tag": "GEL--L--", "original_form": "out"}], "type": "phrase", "id": "42"}, {"endp": "103", "style": {"isItalics": "no", "isUnderlined": "no", "isTitle": "no", "isBold": "no"}, "token_list": [{"endp": "98", "style": {"isItalics": "no", "isUnderlined": "no", "isTitle": "no", "isBold": "no"}, "inip": "92", "form": "looking", "quote_level": "0", "affected_by_negation": "no", "separation": "1", "analysis_list": [{"lemma": "look", "tag": "VP---PSA-N-N6", "sense_id_list": [{"sense_id": "ODENTITY_BODY_MOTION"}, {"sense_id": "ODENTITY_COMMUNICATION_PROCESS"}, {"sense_id": "ODENTITY_INTENTIONAL_PSYCHOLOGICAL_PROCESS"}, {"sense_id": "ODENTITY_PURSUING"}, {"sense_id": "ODENTITY_BIOLOGICAL_PROCESS"}], "original_form": "looking"}], "sense_list": [{"info": "sementity/id=ODENTITY_BIOLOGICAL_PROCESS@type=Top>Process>InternalChange>BiologicalProcess\tsemld_list=sumo:Entity", "id": "ODENTITY_BIOLOGICAL_PROCESS", "form": "look"}, {"info": "sementity/id=ODENTITY_BODY_MOTION@type=Top>Process>Motion>BodyMotion\tsemld_list=sumo:Entity", "id": "ODENTITY_BODY_MOTION", "form": "look"}, {"info": "sementity/id=ODENTITY_COMMUNICATION_PROCESS@type=Top>Process>ContentBearingProcess>CommunicationProcess\tsemld_list=sumo:Entity", "id": "ODENTITY_COMMUNICATION_PROCESS", "form": "look"}, {"info": "sementity/id=ODENTITY_INTENTIONAL_PSYCHOLOGICAL_PROCESS@type=Top>Process>IntentionalProcess>IntentionalPsychologicalProcess\tsemld_list=sumo:IntentionalProcess", "id": "ODENTITY_INTENTIONAL_PSYCHOLOGICAL_PROCESS", "form": "look"}, {"info": "sementity/id=ODENTITY_PURSUING@type=Top>Process>IntentionalProcess>Pursuing\tsemld_list=sumo:IntentionalProcess", "id": "ODENTITY_PURSUING", "form": "look"}], "id": "22"}, {"endp": "103", "style": {"isItalics": "no", "isUnderlined": "no", "isTitle": "no", "isBold": "no"}, "token_list": [{"endp": "103", "style": {"isItalics": "no", "isUnderlined": "no", "isTitle": "no", "isBold": "no"}, "inip": "100", "form": "more", "quote_level": "0", "affected_by_negation": "no", "separation": "1", "analysis_list": [{"lemma": "much", "tag": "QP-SCN6", "original_form": "more"}, {"lemma": "much", "tag": "QP-PCN6", "original_form": "more"}, {"lemma": "many", "tag": "QP-SCN7", "original_form": "more"}, {"lemma": "many", "tag": "QP-PCN7", "original_form": "more"}], "id": "23"}], "separation": "1", "form": "more", "quote_level": "0", "head": "23", "affected_by_negation": "no", "inip": "100", "analysis_list": [{"lemma": "many", "tag": "GN-S3---", "original_form": "more"}, {"lemma": "much", "tag": "GN-S3---", "original_form": "more"}, {"lemma": "many", "tag": "GN-P3---", "original_form": "more"}, {"lemma": "much", "tag": "GN-P3---", "original_form": "more"}], "type": "phrase", "id": "39"}], "separation": "1", "form": "looking more", "quote_level": "0", "affected_by_negation": "no", "inip": "92", "analysis_list": [{"lemma": "*", "tag": "ZN-S3-PP----", "original_form": "looking more"}], "type": "phrase", "id": "46"}], "separation": "1", "form": "they came out looking more", "quote_level": "0", "affected_by_negation": "no", "inip": "78", "analysis_list": [{"lemma": "*", "tag": "ZC----------", "original_form": "they came out looking more"}], "type": "phrase", "id": "49"}, {"endp": "120", "style": {"isItalics": "no", "isUnderlined": "no", "isTitle": "no", "isBold": "no"}, "token_list": [{"endp": "108", "style": {"isItalics": "no", "isUnderlined": "no", "isTitle": "no", "isBold": "no"}, "inip": "105", "form": "like", "quote_level": "0", "syntactic_tree_relation_list": [{"type": "iof_isSubject", "id": "40"}, {"type": "iof_isDirectObject", "id": "38"}], "affected_by_negation": "no", "separation": "1", "analysis_list": [{"lemma": "like", "tag": "VI-P3PSA-N-N3", "sense_id_list": [{"sense_id": "ODENTITY_INTENTIONAL_PSYCHOLOGICAL_PROCESS"}], "original_form": "like"}, {"lemma": "like", "tag": "VI-U1PSA-N-N3", "sense_id_list": [{"sense_id": "ODENTITY_INTENTIONAL_PSYCHOLOGICAL_PROCESS"}], "original_form": "like"}, {"lemma": "like", "tag": "VI-U2PSA-N-N3", "sense_id_list": [{"sense_id": "ODENTITY_INTENTIONAL_PSYCHOLOGICAL_PROCESS"}], "original_form": "like"}], "sense_list": [{"info": "sementity/id=ODENTITY_INTENTIONAL_PSYCHOLOGICAL_PROCESS@type=Top>Process>IntentionalProcess>IntentionalPsychologicalProcess\tsemld_list=sumo:IntentionalProcess", "id": "ODENTITY_INTENTIONAL_PSYCHOLOGICAL_PROCESS", "form": "like"}], "id": "24"}, {"endp": "120", "style": {"isItalics": "no", "isUnderlined": "no", "isTitle": "no", "isBold": "no"}, "token_list": [{"endp": "120", "style": {"isItalics": "no", "isUnderlined": "no", "isTitle": "no", "isBold": "no"}, "inip": "110", "form": "light bulbs", "quote_level": "0", "affected_by_negation": "no", "separation": "1", "analysis_list": [{"lemma": "light bulb", "tag": "NC-P-N-", "sense_id_list": [{"sense_id": "9961a7d72e"}], "original_form": "light bulbs"}], "sense_list": [{"info": "sementity/class=class@fiction=nonfiction@id=ODENTITY_TOP@type=Top\tsemld_list=sumo:Entity\tsemtheme_list/id=ODTHEME_ELECTRICITY@type=Top>Technology>Electricity", "id": "9961a7d72e", "form": "light bulb"}], "id": "29"}], "separation": "1", "form": "light bulbs", "quote_level": "0", "head": "29", "syntactic_tree_relation_list": [{"type": "isDirectObject", "id": "24"}], "affected_by_negation": "no", "inip": "110", "analysis_list": [{"lemma": "light bulb", "tag": "GN-P3D--", "original_form": "light bulbs"}], "type": "phrase", "id": "38"}], "separation": "1", "form": "like light bulbs", "quote_level": "0", "affected_by_negation": "no", "inip": "105", "analysis_list": [{"lemma": "*", "tag": "Z-----------", "original_form": "like light bulbs"}], "type": "phrase", "id": "50"}, {"endp": "121", "style": {"isItalics": "no", "isUnderlined": "no", "isTitle": "no", "isBold": "no"}, "inip": "121", "form": ".", "quote_level": "0", "affected_by_negation": "no", "separation": "A", "analysis_list": [{"lemma": ".", "tag": "1D--", "original_form": "."}], "id": "27"}], "inip": "0", "quote_level": "0", "affected_by_negation": "no", "separation": "A", "type": "sentence", "id": "30"}]}