{"status": {"msg": "OK", "credits": "1", "remaining_credits": "39681", "code": "0"}, "token_list": [{"endp": "45", "style": {"isItalics": "no", "isUnderlined": "no", "isTitle": "no", "isBold": "no"}, "token_list": [{"endp": "29", "style": {"isItalics": "no", "isUnderlined": "no", "isTitle": "no", "isBold": "no"}, "token_list": [{"endp": "4", "style": {"isItalics": "no", "isUnderlined": "no", "isTitle": "no", "isBold": "no"}, "token_list": [{"endp": "4", "style": {"isItalics": "no", "isUnderlined": "no", "isTitle": "no", "isBold": "no"}, "inip": "0", "form": "James", "quote_level": "0", "affected_by_negation": "no", "separation": "_", "analysis_list": [{"lemma": "James", "tag": "NPUU-N-", "sense_id_list": [{"sense_id": "__15059708377627619104"}], "original_form": "James"}], "sense_list": [{"info": "sementity/class=instance@fiction=nonfiction@type=Top>Person@confidence=uncertain", "id": "__15059708377627619104", "form": "James"}], "id": "1"}], "separation": "_", "form": "James", "quote_level": "0", "head": "1", "syntactic_tree_relation_list": [{"type": "isSubject", "id": "2"}], "affected_by_negation": "no", "inip": "0", "analysis_list": [{"lemma": "James", "tag": "GNUU3S--", "original_form": "James"}], "type": "phrase", "id": "14"}, {"endp": "10", "style": {"isItalics": "no", "isUnderlined": "no", "isTitle": "no", "isBold": "no"}, "inip": "6", "form": "asked", "quote_level": "0", "syntactic_tree_relation_list": [{"type": "iof_isSubject", "id": "14"}, {"type": "iof_isComplement", "id": "18"}], "affected_by_negation": "no", "separation": "1", "analysis_list": [{"lemma": "ask", "tag": "VI-U3ASA-N-N7", "sense_id_list": [{"sense_id": "ODENTITY_LINGUISTIC_COMMUNICATION"}], "original_form": "asked"}], "sense_list": [{"info": "sementity/id=ODENTITY_LINGUISTIC_COMMUNICATION@type=Top>Process>ContentBearingProcess>CommunicationProcess>LinguisticCommunication\tsemld_list=sumo:Entity", "id": "ODENTITY_LINGUISTIC_COMMUNICATION", "form": "ask"}], "id": "2"}, {"endp": "17", "style": {"isItalics": "no", "isUnderlined": "no", "isTitle": "no", "isBold": "no"}, "token_list": [{"endp": "17", "style": {"isItalics": "no", "isUnderlined": "no", "isTitle": "no", "isBold": "no"}, "inip": "12", "form": "Robert", "quote_level": "0", "affected_by_negation": "no", "separation": "1", "analysis_list": [{"lemma": "Robert", "tag": "NPUU-N-", "sense_id_list": [{"sense_id": "__16355515433648141774"}], "original_form": "Robert"}], "sense_list": [{"info": "sementity/class=instance@fiction=nonfiction@type=Top>Person@confidence=uncertain", "id": "__16355515433648141774", "form": "Robert"}], "id": "3"}], "separation": "1", "form": "Robert", "quote_level": "0", "head": "3", "syntactic_tree_relation_list": [{"type": "iof_isAnaphora", "id": "17"}], "affected_by_negation": "no", "inip": "12", "analysis_list": [{"lemma": "Robert", "tag": "GNUU3---", "original_form": "Robert"}], "type": "phrase", "id": "15"}, {"endp": "29", "style": {"isItalics": "no", "isUnderlined": "no", "isTitle": "no", "isBold": "no"}, "token_list": [{"endp": "21", "style": {"isItalics": "no", "isUnderlined": "no", "isTitle": "no", "isBold": "no"}, "inip": "19", "form": "for", "quote_level": "0", "affected_by_negation": "no", "separation": "1", "analysis_list": [{"lemma": "for", "tag": "YN5", "original_form": "for"}], "id": "4"}, {"endp": "29", "style": {"isItalics": "no", "isUnderlined": "no", "isTitle": "no", "isBold": "no"}, "token_list": [{"endp": "23", "style": {"isItalics": "no", "isUnderlined": "no", "isTitle": "no", "isBold": "no"}, "inip": "23", "form": "a", "quote_level": "0", "affected_by_negation": "no", "separation": "1", "analysis_list": [{"lemma": "a", "tag": "QD-SPN9", "original_form": "a"}], "id": "5"}, {"endp": "29", "style": {"isItalics": "no", "isUnderlined": "no", "isTitle": "no", "isBold": "no"}, "inip": "25", "form": "favor", "quote_level": "0", "affected_by_negation": "no", "separation": "1", "analysis_list": [{"lemma": "favor", "tag": "NC-S-N-", "check_info": {"form_list": [{"form": "favour"}], "tag": "aR-1-"}, "variety_dictionary": "en-GB", "original_form": "favor"}], "id": "6"}], "separation": "1", "form": "a favor", "quote_level": "0", "head": "6", "affected_by_negation": "no", "inip": "23", "analysis_list": [{"lemma": "favor", "tag": "GN-S3---", "original_form": "a favor"}], "type": "phrase", "id": "16"}], "separation": "1", "form": "for a favor", "quote_level": "0", "head": "4", "syntactic_tree_relation_list": [{"type": "isComplement", "id": "2"}], "affected_by_negation": "no", "inip": "19", "analysis_list": [{"lemma": "for", "tag": "GY---C--", "original_form": "for a favor"}], "type": "phrase", "id": "18"}], "separation": "_", "form": "James asked Robert for a favor", "quote_level": "0", "affected_by_negation": "no", "inip": "0", "analysis_list": [{"lemma": "*", "tag": "ZC----------", "original_form": "James asked Robert for a favor"}], "type": "phrase", "id": "19"}, {"endp": "33", "style": {"isItalics": "no", "isUnderlined": "no", "isTitle": "no", "isBold": "no"}, "inip": "31", "form": "but", "quote_level": "0", "affected_by_negation": "no", "separation": "1", "analysis_list": [{"lemma": "but", "tag": "CCAN8", "original_form": "but"}], "id": "7"}, {"endp": "44", "style": {"isItalics": "no", "isUnderlined": "no", "isTitle": "no", "isBold": "no"}, "token_list": [{"endp": "36", "style": {"isItalics": "no", "isUnderlined": "no", "isTitle": "no", "isBold": "no"}, "token_list": [{"endp": "36", "style": {"isItalics": "no", "isUnderlined": "no", "isTitle": "no", "isBold": "no"}, "inip": "35", "form": "he", "quote_level": "0", "affected_by_negation": "no", "separation": "1", "analysis_list": [{"lemma": "he", "tag": "PPMS3NN8", "sense_id_list": [{"sense_id": "PRONHUMAN"}], "original_form": "he"}], "sense_list": [{"info": "semhum=human", "id": "PRONHUMAN", "form": "he"}], "id": "8"}], "separation": "1", "form": "he", "quote_level": "0", "head": "8", "syntactic_tree_relation_list": [{"type": "isAnaphora", "id": "15"}, {"type": "isSubject", "id": "9"}], "affected_by_negation": "no", "inip": "35", "analysis_list": [{"lemma": "he", "tag": "GNMS3S--", "original_form": "he"}], "type": "phrase", "id": "17"}, {"endp": "44", "style": {"isItalics": "no", "isUnderlined": "no", "isTitle": "no", "isBold": "no"}, "inip": "38", "form": "refused", "quote_level": "0", "syntactic_tree_relation_list": [{"type": "iof_isSubject", "id": "17"}], "affected_by_negation": "no", "separation": "1", "analysis_list": [{"lemma": "refuse", "tag": "VI-S3ASA-N-N5", "sense_id_list": [{"sense_id": "ODENTITY_LINGUISTIC_COMMUNICATION"}, {"sense_id": "ODENTITY_COMMUNICATION_PROCESS"}, {"sense_id": "ODENTITY_CHANGE_OF_POSSESSION"}, {"sense_id": "ODENTITY_INTENTIONAL_PROCESS"}], "original_form": "refused"}], "sense_list": [{"info": "sementity/id=ODENTITY_CHANGE_OF_POSSESSION@type=Top>Process>IntentionalProcess>SocialInteraction>ChangeOfPossession\tsemld_list=sumo:IntentionalProcess", "id": "ODENTITY_CHANGE_OF_POSSESSION", "form": "refuse"}, {"info": "sementity/id=ODENTITY_COMMUNICATION_PROCESS@type=Top>Process>ContentBearingProcess>CommunicationProcess\tsemld_list=sumo:Entity", "id": "ODENTITY_COMMUNICATION_PROCESS", "form": "refuse"}, {"info": "sementity/id=ODENTITY_INTENTIONAL_PROCESS@type=Top>Process>IntentionalProcess\tsemld_list=sumo:IntentionalProcess", "id": "ODENTITY_INTENTIONAL_PROCESS", "form": "refuse"}, {"info": "sementity/id=ODENTITY_LINGUISTIC_COMMUNICATION@type=Top>Process>ContentBearingProcess>CommunicationProcess>LinguisticCommunication\tsemld_list=sumo:Entity", "id": "ODENTITY_LINGUISTIC_COMMUNICATION", "form": "refuse"}], "id": "9"}], "separation": "1", "form": "he refused", "quote_level": "0", "affected_by_negation": "no", "inip": "35", "analysis_list": [{"lemma": "*", "tag": "ZC----------", "original_form": "he refused"}], "type": "phrase", "id": "20"}, {"endp": "45", "style": {"isItalics": "no", "isUnderlined": "no", "isTitle": "no", "isBold": "no"}, "inip": "45", "form": ".", "quote_level": "0", "affected_by_negation": "no", "separation": "A", "analysis_list": [{"lemma": ".", "tag": "1D--", "original_form": "."}], "id": "10"}], "inip": "0", "quote_level": "0", "affected_by_negation": "no", "separation": "A", "type": "sentence", "id": "12"}]}