{"status": {"msg": "OK", "credits": "1", "remaining_credits": "39680", "code": "0"}, "token_list": [{"endp": "66", "style": {"isItalics": "no", "isUnderlined": "no", "isTitle": "no", "isBold": "no"}, "token_list": [{"endp": "65", "style": {"isItalics": "no", "isUnderlined": "no", "isTitle": "no", "isBold": "no"}, "token_list": [{"endp": "6", "style": {"isItalics": "no", "isUnderlined": "no", "isTitle": "no", "isBold": "no"}, "token_list": [{"endp": "6", "style": {"isItalics": "no", "isUnderlined": "no", "isTitle": "no", "isBold": "no"}, "inip": "0", "form": "Kirilov", "quote_level": "0", "affected_by_negation": "no", "separation": "_", "analysis_list": [{"lemma": "Kirilov", "tag": "NPUU-N-", "sense_id_list": [{"sense_id": "__6363419186928880508"}], "original_form": "Kirilov"}], "sense_list": [{"info": "sementity/class=instance@type=Top@confidence=unknown", "id": "__6363419186928880508", "form": "Kirilov"}], "id": "1"}], "separation": "_", "form": "Kirilov", "quote_level": "0", "head": "1", "syntactic_tree_relation_list": [{"type": "isSubject", "id": "2"}, {"type": "iof_isAnaphora", "id": "21"}], "affected_by_negation": "no", "inip": "0", "analysis_list": [{"lemma": "Kirilov", "tag": "GNUU3S--", "original_form": "Kirilov"}], "type": "phrase", "id": "17"}, {"endp": "12", "style": {"isItalics": "no", "isUnderlined": "no", "isTitle": "no", "isBold": "no"}, "inip": "8", "form": "ceded", "quote_level": "0", "syntactic_tree_relation_list": [{"type": "iof_isSubject", "id": "17"}, {"type": "iof_isDirectObject", "id": "18"}, {"type": "iof_isComplement", "id": "23"}], "affected_by_negation": "no", "separation": "1", "analysis_list": [{"lemma": "cede", "tag": "VI-U3ASA-N-N-", "sense_id_list": [{"sense_id": "ODENTITY_CHANGE_OF_POSSESSION"}], "original_form": "ceded"}], "sense_list": [{"info": "sementity/id=ODENTITY_CHANGE_OF_POSSESSION@type=Top>Process>IntentionalProcess>SocialInteraction>ChangeOfPossession\tsemld_list=sumo:IntentionalProcess", "id": "ODENTITY_CHANGE_OF_POSSESSION", "form": "cede"}], "id": "2"}, {"endp": "37", "style": {"isItalics": "no", "isUnderlined": "no", "isTitle": "no", "isBold": "no"}, "token_list": [{"endp": "16", "style": {"isItalics": "no", "isUnderlined": "no", "isTitle": "no", "isBold": "no"}, "inip": "14", "form": "the", "quote_level": "0", "affected_by_negation": "no", "separation": "1", "analysis_list": [{"lemma": "the", "tag": "TD-SN9", "original_form": "the"}], "id": "3"}, {"endp": "27", "style": {"isItalics": "no", "isUnderlined": "no", "isTitle": "no", "isBold": "no"}, "inip": "18", "form": "presidency", "quote_level": "0", "affected_by_negation": "no", "separation": "1", "analysis_list": [{"lemma": "presidency", "tag": "NC-S-N3", "original_form": "presidency"}], "id": "4"}, {"endp": "37", "style": {"isItalics": "no", "isUnderlined": "no", "isTitle": "no", "isBold": "no"}, "token_list": [{"endp": "30", "style": {"isItalics": "no", "isUnderlined": "no", "isTitle": "no", "isBold": "no"}, "inip": "29", "form": "to", "quote_level": "0", "affected_by_negation": "no", "separation": "1", "analysis_list": [{"lemma": "to", "tag": "YN6", "original_form": "to"}], "id": "5"}, {"endp": "37", "style": {"isItalics": "no", "isUnderlined": "no", "isTitle": "no", "isBold": "no"}, "token_list": [{"endp": "37", "style": {"isItalics": "no", "isUnderlined": "no", "isTitle": "no", "isBold": "no"}, "inip": "32", "form": "Shatov", "quote_level": "0", "affected_by_negation": "no", "separation": "1", "analysis_list": [{"lemma": "Shatov", "tag": "NPUU-N-", "sense_id_list": [{"sense_id": "01462dc53f"}], "original_form": "Shatov"}], "sense_list": [{"info": "sementity/class=instance@fiction=nonfiction@id=ODENTITY_LAST_NAME@type=Top>Person>LastName\tsemld_list=sumo:LastName", "id": "01462dc53f", "form": "Shatov"}], "id": "6"}], "separation": "1", "form": "Shatov", "quote_level": "0", "head": "6", "affected_by_negation": "no", "inip": "32", "analysis_list": [{"lemma": "Shatov", "tag": "GNUU3---", "original_form": "Shatov"}], "type": "phrase", "id": "19"}], "separation": "1", "form": "to Shatov", "quote_level": "0", "head": "5", "affected_by_negation": "no", "inip": "29", "analysis_list": [{"lemma": "to", "tag": "GY------", "original_form": "to Shatov"}], "type": "phrase", "id": "22"}], "separation": "1", "form": "the presidency to Shatov", "quote_level": "0", "head": "4", "syntactic_tree_relation_list": [{"type": "isDirectObject", "id": "2"}], "affected_by_negation": "no", "inip": "14", "analysis_list": [{"lemma": "presidency", "tag": "GN-S3D--", "original_form": "the presidency"}], "type": "phrase", "id": "18"}, {"endp": "65", "style": {"isItalics": "no", "isUnderlined": "no", "isTitle": "no", "isBold": "no"}, "token_list": [{"endp": "45", "style": {"isItalics": "no", "isUnderlined": "no", "isTitle": "no", "isBold": "no"}, "inip": "39", "form": "because", "quote_level": "0", "affected_by_negation": "no", "separation": "1", "analysis_list": [{"lemma": "because", "tag": "CSPN7", "original_form": "because"}], "id": "7"}, {"endp": "48", "style": {"isItalics": "no", "isUnderlined": "no", "isTitle": "no", "isBold": "no"}, "token_list": [{"endp": "48", "style": {"isItalics": "no", "isUnderlined": "no", "isTitle": "no", "isBold": "no"}, "inip": "47", "form": "he", "quote_level": "0", "affected_by_negation": "no", "separation": "1", "analysis_list": [{"lemma": "he", "tag": "PPMS3NN8", "sense_id_list": [{"sense_id": "PRONHUMAN"}], "original_form": "he"}], "sense_list": [{"info": "semhum=human", "id": "PRONHUMAN", "form": "he"}], "id": "8"}], "separation": "1", "form": "he", "quote_level": "0", "head": "8", "syntactic_tree_relation_list": [{"type": "isAnaphora", "id": "17"}, {"type": "isSubject", "id": "9"}], "affected_by_negation": "no", "inip": "47", "analysis_list": [{"lemma": "he", "tag": "GNMS3S--", "original_form": "he"}], "type": "phrase", "id": "21"}, {"endp": "52", "style": {"isItalics": "no", "isUnderlined": "no", "isTitle": "no", "isBold": "no"}, "inip": "50", "form": "was", "quote_level": "0", "syntactic_tree_relation_list": [{"type": "iof_isSubject", "id": "21"}, {"type": "iof_isAttribute", "id": "20"}], "affected_by_negation": "no", "separation": "1", "analysis_list": [{"lemma": "be", "tag": "VI-S1ASA-N-N9", "original_form": "was"}, {"lemma": "be", "tag": "VI-S3ASA-N-N9", "original_form": "was"}], "id": "9"}, {"endp": "65", "style": {"isItalics": "no", "isUnderlined": "no", "isTitle": "no", "isBold": "no"}, "token_list": [{"endp": "57", "style": {"isItalics": "no", "isUnderlined": "no", "isTitle": "no", "isBold": "no"}, "inip": "54", "form": "less", "quote_level": "0", "affected_by_negation": "no", "separation": "1", "analysis_list": [{"lemma": "little", "tag": "ENQCN5", "original_form": "less"}, {"lemma": "little", "tag": "QD-SCN5", "original_form": "less"}, {"lemma": "little", "tag": "QD-PCN5", "original_form": "less"}, {"lemma": "little", "tag": "QP-SCN5", "original_form": "less"}, {"lemma": "little", "tag": "QP-PCN5", "original_form": "less"}], "id": "10"}, {"endp": "65", "style": {"isItalics": "no", "isUnderlined": "no", "isTitle": "no", "isBold": "no"}, "inip": "59", "form": "popular", "quote_level": "0", "affected_by_negation": "no", "separation": "1", "analysis_list": [{"lemma": "popular", "tag": "AP-N5", "sense_id_list": [{"sense_id": "b73c2e9132"}], "original_form": "popular"}], "sense_list": [{"info": "sementity/class=class@fiction=nonfiction@id=ODENTITY_TOP@type=Top\tsemld_list=sumo:Entity\tsemtheme_list/id=ODTHEME_SOCIOLOGY@type=Top>SocialSciences>Sociology", "id": "b73c2e9132", "form": "popular"}], "id": "11"}], "separation": "1", "form": "less popular", "quote_level": "0", "head": "11", "syntactic_tree_relation_list": [{"type": "isAttribute", "id": "9"}], "affected_by_negation": "no", "inip": "54", "analysis_list": [{"lemma": "popular", "tag": "GA---A--", "original_form": "less popular"}], "type": "phrase", "id": "20"}], "separation": "1", "form": "because he was less popular", "quote_level": "0", "syntactic_tree_relation_list": [{"type": "isComplement", "id": "2"}], "affected_by_negation": "no", "inip": "39", "analysis_list": [{"lemma": "*", "tag": "ZE---CIA----", "original_form": "because he was less popular"}], "type": "phrase", "id": "23"}], "separation": "_", "form": "Kirilov ceded the presidency to Shatov because he was less popular", "quote_level": "0", "affected_by_negation": "no", "inip": "0", "analysis_list": [{"lemma": "*", "tag": "Z-----------", "original_form": "Kirilov ceded the presidency to Shatov because he was less popular"}], "type": "phrase", "id": "24"}, {"endp": "66", "style": {"isItalics": "no", "isUnderlined": "no", "isTitle": "no", "isBold": "no"}, "inip": "66", "form": ".", "quote_level": "0", "affected_by_negation": "no", "separation": "A", "analysis_list": [{"lemma": ".", "tag": "1D--", "original_form": "."}], "id": "12"}], "inip": "0", "quote_level": "0", "affected_by_negation": "no", "separation": "A", "type": "sentence", "id": "14"}]}