{"status": {"msg": "OK", "credits": "1", "remaining_credits": "39678", "code": "0"}, "token_list": [{"endp": "70", "style": {"isItalics": "no", "isUnderlined": "no", "isTitle": "no", "isBold": "no"}, "token_list": [{"endp": "69", "style": {"isItalics": "no", "isUnderlined": "no", "isTitle": "no", "isBold": "no"}, "token_list": [{"endp": "3", "style": {"isItalics": "no", "isUnderlined": "no", "isTitle": "no", "isBold": "no"}, "token_list": [{"endp": "3", "style": {"isItalics": "no", "isUnderlined": "no", "isTitle": "no", "isBold": "no"}, "inip": "0", "form": "Emma", "quote_level": "0", "affected_by_negation": "no", "separation": "_", "analysis_list": [{"lemma": "Emma", "tag": "NPFS-N-", "sense_id_list": [{"sense_id": "9481fcef4d"}], "original_form": "Emma"}], "sense_list": [{"info": "sementity/class=instance@fiction=nonfiction@id=ODENTITY_FIRST_NAME@type=Top>Person>FirstName\tsemld_list=sumo:FirstName", "id": "9481fcef4d", "form": "Emma"}], "id": "1"}], "separation": "_", "form": "Emma", "quote_level": "0", "head": "1", "syntactic_tree_relation_list": [{"type": "isSubject", "id": "19"}, {"type": "iof_isAnaphora", "id": "27"}], "affected_by_negation": "no", "inip": "0", "analysis_list": [{"lemma": "Emma", "tag": "GNFS3S--", "original_form": "Emma"}], "type": "phrase", "id": "22"}, {"endp": "16", "style": {"isItalics": "no", "isUnderlined": "no", "isTitle": "no", "isBold": "no"}, "separation": "1", "form": "did not pass", "quote_level": "0", "head": "18", "syntactic_tree_relation_list": [{"type": "iof_isSubject", "id": "22"}, {"type": "iof_isDirectObject", "id": "23"}, {"type": "iof_isComplement", "id": "30"}], "affected_by_negation": "yes", "inip": "5", "analysis_list": [{"lemma": "pass", "tag": "VI-S3ASA-NNN8", "original_form": "did not pass"}], "type": "multiword", "id": "19"}, {"endp": "34", "style": {"isItalics": "no", "isUnderlined": "no", "isTitle": "no", "isBold": "no"}, "token_list": [{"endp": "20", "style": {"isItalics": "no", "isUnderlined": "no", "isTitle": "no", "isBold": "no"}, "inip": "18", "form": "the", "quote_level": "0", "affected_by_negation": "no", "separation": "1", "analysis_list": [{"lemma": "the", "tag": "TD-SN9", "original_form": "the"}], "id": "5"}, {"endp": "25", "style": {"isItalics": "no", "isUnderlined": "no", "isTitle": "no", "isBold": "no"}, "inip": "22", "form": "ball", "quote_level": "0", "affected_by_negation": "no", "separation": "1", "analysis_list": [{"lemma": "ball", "tag": "NC-S-N5", "sense_id_list": [{"sense_id": "a149d601c9"}], "original_form": "ball"}], "sense_list": [{"info": "sementity/class=class@fiction=nonfiction@id=ODENTITY_TOP@type=Top\tsemld_list=sumo:Entity\tsemtheme_list/id=ODTHEME_SPORT@type=Top>Sport", "id": "a149d601c9", "form": "ball"}], "id": "6"}, {"endp": "34", "style": {"isItalics": "no", "isUnderlined": "no", "isTitle": "no", "isBold": "no"}, "token_list": [{"endp": "28", "style": {"isItalics": "no", "isUnderlined": "no", "isTitle": "no", "isBold": "no"}, "inip": "27", "form": "to", "quote_level": "0", "affected_by_negation": "no", "separation": "1", "analysis_list": [{"lemma": "to", "tag": "YN6", "original_form": "to"}], "id": "7"}, {"endp": "34", "style": {"isItalics": "no", "isUnderlined": "no", "isTitle": "no", "isBold": "no"}, "token_list": [{"endp": "34", "style": {"isItalics": "no", "isUnderlined": "no", "isTitle": "no", "isBold": "no"}, "inip": "30", "form": "Janie", "quote_level": "0", "affected_by_negation": "no", "separation": "1", "analysis_list": [{"lemma": "Janie", "tag": "NPFS-N-", "sense_id_list": [{"sense_id": "6bc4e63fe9"}], "original_form": "Janie"}], "sense_list": [{"info": "sementity/class=instance@fiction=nonfiction@id=ODENTITY_FIRST_NAME@type=Top>Person>FirstName\tsemld_list=sumo:FirstName", "id": "6bc4e63fe9", "form": "Janie"}], "id": "8"}], "separation": "1", "form": "Janie", "quote_level": "0", "head": "8", "affected_by_negation": "no", "inip": "30", "analysis_list": [{"lemma": "Janie", "tag": "GNFS3---", "original_form": "Janie"}], "type": "phrase", "id": "24"}], "separation": "1", "form": "to Janie", "quote_level": "0", "head": "7", "affected_by_negation": "no", "inip": "27", "analysis_list": [{"lemma": "to", "tag": "GY------", "original_form": "to Janie"}], "type": "phrase", "id": "28"}], "separation": "1", "form": "the ball to Janie", "quote_level": "0", "head": "6", "syntactic_tree_relation_list": [{"type": "isDirectObject", "id": "19"}], "affected_by_negation": "no", "inip": "18", "analysis_list": [{"lemma": "ball", "tag": "GN-S3D--", "original_form": "the ball"}], "type": "phrase", "id": "23"}, {"endp": "69", "style": {"isItalics": "no", "isUnderlined": "no", "isTitle": "no", "isBold": "no"}, "token_list": [{"endp": "43", "style": {"isItalics": "no", "isUnderlined": "no", "isTitle": "no", "isBold": "no"}, "inip": "36", "form": "although", "quote_level": "0", "affected_by_negation": "no", "separation": "1", "analysis_list": [{"lemma": "although", "tag": "CSVN6", "original_form": "although"}], "id": "9"}, {"endp": "47", "style": {"isItalics": "no", "isUnderlined": "no", "isTitle": "no", "isBold": "no"}, "token_list": [{"endp": "47", "style": {"isItalics": "no", "isUnderlined": "no", "isTitle": "no", "isBold": "no"}, "inip": "45", "form": "she", "quote_level": "0", "affected_by_negation": "no", "separation": "1", "analysis_list": [{"lemma": "she", "tag": "PPFS3NN8", "sense_id_list": [{"sense_id": "PRONHUMAN"}], "original_form": "she"}], "sense_list": [{"info": "semhum=human", "id": "PRONHUMAN", "form": "she"}], "id": "10"}], "separation": "1", "form": "she", "quote_level": "0", "head": "10", "syntactic_tree_relation_list": [{"type": "isAnaphora", "id": "22"}, {"type": "isSubject", "id": "11"}], "affected_by_negation": "no", "inip": "45", "analysis_list": [{"lemma": "she", "tag": "GNFS3S--", "original_form": "she"}], "type": "phrase", "id": "27"}, {"endp": "51", "style": {"isItalics": "no", "isUnderlined": "no", "isTitle": "no", "isBold": "no"}, "inip": "49", "form": "saw", "quote_level": "0", "syntactic_tree_relation_list": [{"type": "iof_isSubject", "id": "27"}, {"type": "iof_isDirectObject", "id": "29"}], "affected_by_negation": "no", "separation": "1", "analysis_list": [{"lemma": "saw", "tag": "VI-S1PSA-N-N-", "original_form": "saw"}, {"lemma": "saw", "tag": "VI-S2PSA-N-N-", "original_form": "saw"}, {"lemma": "saw", "tag": "VI-S3PSA-N-N-", "original_form": "saw"}, {"lemma": "saw", "tag": "VI-PUPSA-N-N-", "original_form": "saw"}, {"lemma": "see", "tag": "VI-UUASA-N-N7", "original_form": "saw"}], "id": "11"}, {"endp": "69", "style": {"isItalics": "no", "isUnderlined": "no", "isTitle": "no", "isBold": "no"}, "token_list": [{"endp": "56", "style": {"isItalics": "no", "isUnderlined": "no", "isTitle": "no", "isBold": "no"}, "inip": "53", "form": "that", "quote_level": "0", "affected_by_negation": "no", "separation": "1", "analysis_list": [{"lemma": "that", "tag": "CSSN5", "original_form": "that"}], "id": "12"}, {"endp": "60", "style": {"isItalics": "no", "isUnderlined": "no", "isTitle": "no", "isBold": "no"}, "token_list": [{"endp": "60", "style": {"isItalics": "no", "isUnderlined": "no", "isTitle": "no", "isBold": "no"}, "inip": "58", "form": "she", "quote_level": "1", "affected_by_negation": "no", "separation": "1", "analysis_list": [{"lemma": "she", "tag": "PPFS3NN8", "sense_id_list": [{"sense_id": "PRONHUMAN"}], "original_form": "she"}], "sense_list": [{"info": "semhum=human", "id": "PRONHUMAN", "form": "she"}], "id": "13"}], "separation": "1", "form": "she", "quote_level": "1", "head": "13", "syntactic_tree_relation_list": [{"type": "isSubject", "id": "14"}], "affected_by_negation": "no", "inip": "58", "analysis_list": [{"lemma": "she", "tag": "GNFS3S--", "original_form": "she"}], "type": "phrase", "id": "26"}, {"endp": "64", "style": {"isItalics": "no", "isUnderlined": "no", "isTitle": "no", "isBold": "no"}, "inip": "62", "form": "was", "quote_level": "1", "syntactic_tree_relation_list": [{"type": "iof_isSubject", "id": "26"}, {"type": "iof_isAttribute", "id": "25"}], "affected_by_negation": "no", "separation": "1", "analysis_list": [{"lemma": "be", "tag": "VI-S1ASA-N-N9", "original_form": "was"}, {"lemma": "be", "tag": "VI-S3ASA-N-N9", "original_form": "was"}], "id": "14"}, {"endp": "69", "style": {"isItalics": "no", "isUnderlined": "no", "isTitle": "no", "isBold": "no"}, "token_list": [{"endp": "69", "style": {"isItalics": "no", "isUnderlined": "no", "isTitle": "no", "isBold": "no"}, "inip": "66", "form": "open", "quote_level": "1", "affected_by_negation": "no", "separation": "1", "analysis_list": [{"lemma": "open", "tag": "AP-N4", "original_form": "open"}], "id": "15"}], "separation": "1", "form": "open", "quote_level": "1", "head": "15", "syntactic_tree_relation_list": [{"type": "isAttribute", "id": "14"}], "affected_by_negation": "no", "inip": "66", "analysis_list": [{"lemma": "open", "tag": "GA---A--", "original_form": "open"}], "type": "phrase", "id": "25"}], "separation": "1", "form": "that she was open", "quote_level": "0", "syntactic_tree_relation_list": [{"type": "isDirectObject", "id": "11"}], "affected_by_negation": "no", "inip": "53", "analysis_list": [{"lemma": "*", "tag": "ZN---DIA----", "original_form": "that she was open"}], "type": "phrase", "id": "29"}], "separation": "1", "form": "although she saw that she was open", "quote_level": "0", "syntactic_tree_relation_list": [{"type": "isComplement", "id": "19"}], "affected_by_negation": "no", "inip": "36", "analysis_list": [{"lemma": "*", "tag": "ZE---CIP----", "original_form": "although she saw that she was open"}, {"lemma": "*", "tag": "ZE---CA-----", "original_form": "although she saw that she was open"}], "type": "phrase", "id": "30"}], "separation": "_", "form": "Emma did not pass the ball to Janie although she saw that she was open", "quote_level": "0", "affected_by_negation": "no", "inip": "0", "analysis_list": [{"lemma": "*", "tag": "Z-----------", "original_form": "Emma did not pass the ball to Janie although she saw that she was open"}], "type": "phrase", "id": "31"}, {"endp": "70", "style": {"isItalics": "no", "isUnderlined": "no", "isTitle": "no", "isBold": "no"}, "inip": "70", "form": ".", "quote_level": "1", "affected_by_negation": "no", "separation": "A", "analysis_list": [{"lemma": ".", "tag": "1D--", "original_form": "."}], "id": "16"}], "inip": "0", "quote_level": "0", "affected_by_negation": "no", "separation": "A", "type": "sentence", "id": "20"}]}