{"status": {"msg": "OK", "credits": "1", "remaining_credits": "39676", "code": "0"}, "token_list": [{"endp": "50", "style": {"isItalics": "no", "isUnderlined": "no", "isTitle": "no", "isBold": "no"}, "token_list": [{"endp": "36", "style": {"isItalics": "no", "isUnderlined": "no", "isTitle": "no", "isBold": "no"}, "token_list": [{"endp": "0", "style": {"isItalics": "no", "isUnderlined": "no", "isTitle": "no", "isBold": "no"}, "token_list": [{"endp": "0", "style": {"isItalics": "no", "isUnderlined": "no", "isTitle": "no", "isBold": "no"}, "inip": "0", "form": "I", "quote_level": "0", "affected_by_negation": "no", "separation": "_", "analysis_list": [{"lemma": "I", "tag": "PP-S1NN-", "sense_id_list": [{"sense_id": "PRONHUMAN"}], "original_form": "I"}], "sense_list": [{"info": "semhum=human", "id": "PRONHUMAN", "form": "I"}], "id": "1"}], "separation": "_", "form": "I", "quote_level": "0", "head": "1", "syntactic_tree_relation_list": [{"type": "isSubject", "id": "2"}], "affected_by_negation": "no", "inip": "0", "analysis_list": [{"lemma": "I", "tag": "GN-S1S--", "original_form": "I"}], "type": "phrase", "id": "20"}, {"endp": "4", "style": {"isItalics": "no", "isUnderlined": "no", "isTitle": "no", "isBold": "no"}, "inip": "2", "form": "put", "quote_level": "0", "syntactic_tree_relation_list": [{"type": "iof_isSubject", "id": "20"}, {"type": "iof_isDirectObject", "id": "17"}], "affected_by_negation": "no", "separation": "1", "analysis_list": [{"lemma": "put", "tag": "VI-S1ASA-N-N7", "sense_id_list": [{"sense_id": "ODENTITY_COMMUNICATION_PROCESS"}, {"sense_id": "ODENTITY_CONTENT_DEVELOPMENT"}, {"sense_id": "ODENTITY_TRANSACTION"}, {"sense_id": "ODENTITY_INTENTIONAL_PROCESS"}, {"sense_id": "ODENTITY_INTENTIONAL_PSYCHOLOGICAL_PROCESS"}, {"sense_id": "ODENTITY_PROCESS"}, {"sense_id": "ODENTITY_REASONING"}], "original_form": "put"}, {"lemma": "put", "tag": "VI-S1PSA-N-N7", "sense_id_list": [{"sense_id": "ODENTITY_COMMUNICATION_PROCESS"}, {"sense_id": "ODENTITY_CONTENT_DEVELOPMENT"}, {"sense_id": "ODENTITY_TRANSACTION"}, {"sense_id": "ODENTITY_INTENTIONAL_PROCESS"}, {"sense_id": "ODENTITY_INTENTIONAL_PSYCHOLOGICAL_PROCESS"}, {"sense_id": "ODENTITY_PROCESS"}, {"sense_id": "ODENTITY_REASONING"}], "original_form": "put"}], "sense_list": [{"info": "sementity/id=ODENTITY_COMMUNICATION_PROCESS@type=Top>Process>ContentBearingProcess>CommunicationProcess\tsemld_list=sumo:Entity", "id": "ODENTITY_COMMUNICATION_PROCESS", "form": "put"}, {"info": "sementity/id=ODENTITY_CONTENT_DEVELOPMENT@type=Top>Process>IntentionalProcess>ContentDevelopment\tsemld_list=sumo:IntentionalProcess", "id": "ODENTITY_CONTENT_DEVELOPMENT", "form": "put"}, {"info": "sementity/id=ODENTITY_INTENTIONAL_PROCESS@type=Top>Process>IntentionalProcess\tsemld_list=sumo:IntentionalProcess", "id": "ODENTITY_INTENTIONAL_PROCESS", "form": "put"}, {"info": "sementity/id=ODENTITY_INTENTIONAL_PSYCHOLOGICAL_PROCESS@type=Top>Process>IntentionalProcess>IntentionalPsychologicalProcess\tsemld_list=sumo:IntentionalProcess", "id": "ODENTITY_INTENTIONAL_PSYCHOLOGICAL_PROCESS", "form": "put"}, {"info": "sementity/id=ODENTITY_PROCESS@type=Top>Process\tsemld_list=sumo:Entity", "id": "ODENTITY_PROCESS", "form": "put"}, {"info": "sementity/id=ODENTITY_REASONING@type=Top>Process>IntentionalProcess>IntentionalPsychologicalProcess>Reasoning\tsemld_list=sumo:IntentionalProcess", "id": "ODENTITY_REASONING", "form": "put"}, {"info": "sementity/id=ODENTITY_TRANSACTION@type=Top>Process>DualObjectProcess>Transaction\tsemld_list=sumo:Entity", "id": "ODENTITY_TRANSACTION", "form": "put"}], "id": "2"}, {"endp": "36", "style": {"isItalics": "no", "isUnderlined": "no", "isTitle": "no", "isBold": "no"}, "token_list": [{"endp": "8", "style": {"isItalics": "no", "isUnderlined": "no", "isTitle": "no", "isBold": "no"}, "inip": "6", "form": "the", "quote_level": "0", "affected_by_negation": "no", "separation": "1", "analysis_list": [{"lemma": "the", "tag": "TD-SN9", "original_form": "the"}], "id": "3"}, {"endp": "18", "style": {"isItalics": "no", "isUnderlined": "no", "isTitle": "no", "isBold": "no"}, "inip": "10", "form": "butterfly", "quote_level": "0", "affected_by_negation": "no", "separation": "1", "analysis_list": [{"lemma": "butterfly", "tag": "NC-S-N3", "sense_id_list": [{"sense_id": "d742574c43"}], "original_form": "butterfly"}], "sense_list": [{"info": "sementity/class=class@fiction=nonfiction@id=ODENTITY_INSECT@type=Top>LivingThing>Animal>Invertebrate>Insect\tsemld_list=sumo:Insect\tsemtheme_list/id=ODTHEME_ZOOLOGY@type=Top>NaturalSciences>Zoology", "id": "d742574c43", "form": "butterfly"}], "id": "4"}, {"endp": "23", "style": {"isItalics": "no", "isUnderlined": "no", "isTitle": "no", "isBold": "no"}, "inip": "20", "form": "wing", "quote_level": "0", "affected_by_negation": "no", "separation": "1", "analysis_list": [{"lemma": "wing", "tag": "NC-S-N5", "sense_id_list": [{"sense_id": "5fe678bcbf"}, {"sense_id": "c87d772626"}], "original_form": "wing"}], "sense_list": [{"info": "sementity/class=class@fiction=nonfiction@id=ODENTITY_BODY_PART@type=Top>LivingThing>BodyPart\tsemld_list=sumo:Organism\tsemtheme_list/id=ODTHEME_ZOOLOGY@type=Top>NaturalSciences>Zoology", "id": "5fe678bcbf", "form": "wing"}, {"info": "sementity/class=class@fiction=nonfiction@id=ODENTITY_PRODUCT@type=Top>Product\tsemld_list=sumo:Artifact", "id": "c87d772626", "form": "chassis"}], "id": "5"}, {"endp": "36", "style": {"isItalics": "no", "isUnderlined": "no", "isTitle": "no", "isBold": "no"}, "token_list": [{"endp": "26", "style": {"isItalics": "no", "isUnderlined": "no", "isTitle": "no", "isBold": "no"}, "inip": "25", "form": "on", "quote_level": "0", "affected_by_negation": "no", "separation": "1", "analysis_list": [{"lemma": "on", "tag": "YN7", "original_form": "on"}], "id": "6"}, {"endp": "36", "style": {"isItalics": "no", "isUnderlined": "no", "isTitle": "no", "isBold": "no"}, "token_list": [{"endp": "30", "style": {"isItalics": "no", "isUnderlined": "no", "isTitle": "no", "isBold": "no"}, "inip": "28", "form": "the", "quote_level": "0", "affected_by_negation": "no", "separation": "1", "analysis_list": [{"lemma": "the", "tag": "TD-SN9", "original_form": "the"}], "id": "7"}, {"endp": "36", "style": {"isItalics": "no", "isUnderlined": "no", "isTitle": "no", "isBold": "no"}, "inip": "32", "form": "table", "quote_level": "0", "affected_by_negation": "no", "separation": "1", "analysis_list": [{"lemma": "table", "tag": "NC-S-N6", "original_form": "table"}], "id": "8"}], "separation": "1", "form": "the table", "quote_level": "0", "head": "8", "affected_by_negation": "no", "inip": "28", "analysis_list": [{"lemma": "table", "tag": "GN-S3---", "original_form": "the table"}], "type": "phrase", "id": "18"}], "separation": "1", "form": "on the table", "quote_level": "0", "head": "6", "affected_by_negation": "no", "inip": "25", "analysis_list": [{"lemma": "on", "tag": "GY------", "original_form": "on the table"}], "type": "phrase", "id": "21"}], "separation": "1", "form": "the butterfly wing on the table", "quote_level": "0", "head": "5", "syntactic_tree_relation_list": [{"type": "isDirectObject", "id": "2"}, {"type": "iof_isAnaphora", "id": "19"}], "affected_by_negation": "no", "inip": "6", "analysis_list": [{"lemma": "wing", "tag": "GN-S3D--", "original_form": "the butterfly wing"}], "type": "phrase", "id": "17"}], "separation": "_", "form": "I put the butterfly wing on the table", "quote_level": "0", "affected_by_negation": "no", "inip": "0", "analysis_list": [{"lemma": "*", "tag": "ZC----------", "original_form": "I put the butterfly wing on the table"}], "type": "phrase", "id": "22"}, {"endp": "40", "style": {"isItalics": "no", "isUnderlined": "no", "isTitle": "no", "isBold": "no"}, "inip": "38", "form": "and", "quote_level": "0", "affected_by_negation": "no", "separation": "1", "analysis_list": [{"lemma": "and", "tag": "CCYN9", "original_form": "and"}], "id": "9"}, {"endp": "49", "style": {"isItalics": "no", "isUnderlined": "no", "isTitle": "no", "isBold": "no"}, "token_list": [{"endp": "43", "style": {"isItalics": "no", "isUnderlined": "no", "isTitle": "no", "isBold": "no"}, "token_list": [{"endp": "43", "style": {"isItalics": "no", "isUnderlined": "no", "isTitle": "no", "isBold": "no"}, "inip": "42", "form": "it", "quote_level": "0", "affected_by_negation": "no", "separation": "1", "analysis_list": [{"lemma": "it", "tag": "PP-S3NN8", "sense_id_list": [{"sense_id": "PRONNONHUMAN"}], "original_form": "it"}, {"lemma": "it", "tag": "PP-S3AN8", "sense_id_list": [{"sense_id": "PRONNONHUMAN"}], "original_form": "it"}], "sense_list": [{"info": "semhum=nonhuman", "id": "PRONNONHUMAN", "form": "it"}], "id": "10"}], "separation": "1", "form": "it", "quote_level": "0", "head": "10", "syntactic_tree_relation_list": [{"type": "isAnaphora", "id": "17"}, {"type": "isSubject", "id": "11"}], "affected_by_negation": "no", "inip": "42", "analysis_list": [{"lemma": "it", "tag": "GN-S3S--", "original_form": "it"}], "type": "phrase", "id": "19"}, {"endp": "49", "style": {"isItalics": "no", "isUnderlined": "no", "isTitle": "no", "isBold": "no"}, "inip": "45", "form": "broke", "quote_level": "0", "syntactic_tree_relation_list": [{"type": "iof_isSubject", "id": "19"}], "affected_by_negation": "no", "separation": "1", "analysis_list": [{"lemma": "break", "tag": "VI-S3ASA-N-N5", "original_form": "broke"}], "id": "11"}], "separation": "1", "form": "it broke", "quote_level": "0", "affected_by_negation": "no", "inip": "42", "analysis_list": [{"lemma": "*", "tag": "ZC----------", "original_form": "it broke"}], "type": "phrase", "id": "23"}, {"endp": "50", "style": {"isItalics": "no", "isUnderlined": "no", "isTitle": "no", "isBold": "no"}, "inip": "50", "form": ".", "quote_level": "0", "affected_by_negation": "no", "separation": "A", "analysis_list": [{"lemma": ".", "tag": "1D--", "original_form": "."}], "id": "12"}], "inip": "0", "quote_level": "0", "affected_by_negation": "no", "separation": "A", "type": "sentence", "id": "14"}]}