{"status": {"msg": "OK", "credits": "1", "remaining_credits": "39671", "code": "0"}, "token_list": [{"endp": "66", "style": {"isItalics": "no", "isUnderlined": "no", "isTitle": "no", "isBold": "no"}, "token_list": [{"endp": "65", "style": {"isItalics": "no", "isUnderlined": "no", "isTitle": "no", "isBold": "no"}, "token_list": [{"endp": "6", "style": {"isItalics": "no", "isUnderlined": "no", "isTitle": "no", "isBold": "no"}, "token_list": [{"endp": "6", "style": {"isItalics": "no", "isUnderlined": "no", "isTitle": "no", "isBold": "no"}, "inip": "0", "form": "Madonna", "quote_level": "0", "affected_by_negation": "no", "separation": "_", "analysis_list": [{"lemma": "Madonna", "tag": "NPUU-N-", "sense_id_list": [{"sense_id": "__2223010815513886706"}], "original_form": "Madonna"}], "sense_list": [{"info": "sementity/class=instance@fiction=nonfiction@type=Top>Person@confidence=uncertain", "id": "__2223010815513886706", "form": "Madonna"}], "id": "1"}], "separation": "_", "form": "Madonna", "quote_level": "0", "head": "1", "syntactic_tree_relation_list": [{"type": "isSubject", "id": "2"}, {"type": "iof_isPossessor", "id": "20"}, {"type": "iof_isAnaphora", "id": "22"}, {"type": "iof_isPossessor", "id": "21"}, {"type": "iof_isCoreference", "id": "21"}], "affected_by_negation": "no", "inip": "0", "analysis_list": [{"lemma": "Madonna", "tag": "GNUU3S--", "original_form": "Madonna"}], "type": "phrase", "id": "19"}, {"endp": "12", "style": {"isItalics": "no", "isUnderlined": "no", "isTitle": "no", "isBold": "no"}, "inip": "8", "form": "fired", "quote_level": "0", "syntactic_tree_relation_list": [{"type": "iof_isSubject", "id": "19"}, {"type": "iof_isDirectObject", "id": "20"}, {"type": "iof_isComplement", "id": "23"}], "affected_by_negation": "no", "separation": "1", "analysis_list": [{"lemma": "fire", "tag": "VI-U3ASA-N-N5", "sense_id_list": [{"sense_id": "ODENTITY_DAMAGING"}, {"sense_id": "ODENTITY_MAKING"}, {"sense_id": "ODENTITY_PROCESS"}, {"sense_id": "ODENTITY_TRANSLOCATION"}, {"sense_id": "ODENTITY_LEAVING_AN_ORGANIZATION"}], "original_form": "fired"}], "sense_list": [{"info": "sementity/id=ODENTITY_DAMAGING@type=Top>Process>InternalChange>Damaging\tsemld_list=sumo:Entity", "id": "ODENTITY_DAMAGING", "form": "fire"}, {"info": "sementity/id=ODENTITY_LEAVING_AN_ORGANIZATION@type=Top>Process>IntentionalProcess>OrganizationalProcess>LeavingAnOrganization\tsemld_list=sumo:IntentionalProcess", "id": "ODENTITY_LEAVING_AN_ORGANIZATION", "form": "fire"}, {"info": "sementity/id=ODENTITY_MAKING@type=Top>Process>IntentionalProcess>Making\tsemld_list=sumo:IntentionalProcess", "id": "ODENTITY_MAKING", "form": "fire"}, {"info": "sementity/id=ODENTITY_PROCESS@type=Top>Process\tsemld_list=sumo:Entity", "id": "ODENTITY_PROCESS", "form": "fire"}, {"info": "sementity/id=ODENTITY_TRANSLOCATION@type=Top>Process>Motion>Translocation\tsemld_list=sumo:Entity", "id": "ODENTITY_TRANSLOCATION", "form": "fire"}], "id": "2"}, {"endp": "24", "style": {"isItalics": "no", "isUnderlined": "no", "isTitle": "no", "isBold": "no"}, "token_list": [{"endp": "16", "style": {"isItalics": "no", "isUnderlined": "no", "isTitle": "no", "isBold": "no"}, "inip": "14", "form": "her", "quote_level": "0", "affected_by_negation": "no", "separation": "1", "analysis_list": [{"lemma": "her", "tag": "SD-SFS3N7", "sense_id_list": [{"sense_id": "PRONHUMAN"}], "original_form": "her"}], "sense_list": [{"info": "semhum=human", "id": "PRONHUMAN", "form": "her"}], "id": "3"}, {"endp": "24", "style": {"isItalics": "no", "isUnderlined": "no", "isTitle": "no", "isBold": "no"}, "inip": "18", "form": "trainer", "quote_level": "0", "affected_by_negation": "no", "separation": "1", "analysis_list": [{"lemma": "trainer", "tag": "NC-S-N4", "sense_id_list": [{"sense_id": "051d635967"}], "original_form": "trainer"}], "sense_list": [{"info": "sementity/class=class@fiction=nonfiction@id=ODENTITY_VOCATION@type=Top>OtherEntity>Vocation\tsemld_list=sumo:Position\tsemtheme_list/id=ODTHEME_SPORT@type=Top>Sport", "id": "051d635967", "form": "trainer"}], "id": "4"}], "separation": "1", "form": "her trainer", "quote_level": "0", "head": "4", "syntactic_tree_relation_list": [{"type": "isPossessor", "id": "19"}, {"type": "isDirectObject", "id": "2"}], "affected_by_negation": "no", "inip": "14", "analysis_list": [{"lemma": "trainer", "tag": "GN-S3D--", "original_form": "her trainer"}], "type": "phrase", "id": "20"}, {"endp": "65", "style": {"isItalics": "no", "isUnderlined": "no", "isTitle": "no", "isBold": "no"}, "token_list": [{"endp": "32", "style": {"isItalics": "no", "isUnderlined": "no", "isTitle": "no", "isBold": "no"}, "inip": "26", "form": "because", "quote_level": "0", "affected_by_negation": "no", "separation": "1", "analysis_list": [{"lemma": "because", "tag": "CSPN7", "original_form": "because"}], "id": "5"}, {"endp": "36", "style": {"isItalics": "no", "isUnderlined": "no", "isTitle": "no", "isBold": "no"}, "token_list": [{"endp": "36", "style": {"isItalics": "no", "isUnderlined": "no", "isTitle": "no", "isBold": "no"}, "inip": "34", "form": "she", "quote_level": "0", "affected_by_negation": "no", "separation": "1", "analysis_list": [{"lemma": "she", "tag": "PPFS3NN8", "sense_id_list": [{"sense_id": "PRONHUMAN"}], "original_form": "she"}], "sense_list": [{"info": "semhum=human", "id": "PRONHUMAN", "form": "she"}], "id": "6"}], "separation": "1", "form": "she", "quote_level": "0", "head": "6", "syntactic_tree_relation_list": [{"type": "isAnaphora", "id": "19"}, {"type": "isSubject", "id": "16"}], "affected_by_negation": "no", "inip": "34", "analysis_list": [{"lemma": "she", "tag": "GNFS3S--", "original_form": "she"}], "type": "phrase", "id": "22"}, {"endp": "51", "style": {"isItalics": "no", "isUnderlined": "no", "isTitle": "no", "isBold": "no"}, "separation": "1", "form": "couldn't stand", "quote_level": "0", "head": "15", "syntactic_tree_relation_list": [{"type": "iof_isSubject", "id": "22"}, {"type": "iof_isDirectObject", "id": "21"}], "affected_by_negation": "yes", "inip": "38", "analysis_list": [{"lemma": "stand", "tag": "VW-UUOSA-NNE7", "original_form": "couldn't stand"}], "type": "multiword", "id": "16"}, {"endp": "65", "style": {"isItalics": "no", "isUnderlined": "no", "isTitle": "no", "isBold": "no"}, "token_list": [{"endp": "55", "style": {"isItalics": "no", "isUnderlined": "no", "isTitle": "no", "isBold": "no"}, "inip": "53", "form": "her", "quote_level": "0", "affected_by_negation": "no", "separation": "1", "analysis_list": [{"lemma": "her", "tag": "SD-SFS3N7", "sense_id_list": [{"sense_id": "PRONHUMAN"}], "original_form": "her"}], "sense_list": [{"info": "semhum=human", "id": "PRONHUMAN", "form": "her"}], "id": "11"}, {"endp": "65", "style": {"isItalics": "no", "isUnderlined": "no", "isTitle": "no", "isBold": "no"}, "inip": "57", "form": "boyfriend", "quote_level": "0", "affected_by_negation": "no", "separation": "1", "analysis_list": [{"lemma": "boyfriend", "tag": "NC-S-N3", "sense_id_list": [{"sense_id": "b7cff2627d"}], "original_form": "boyfriend"}], "sense_list": [{"info": "sementity/class=class@fiction=nonfiction@id=ODENTITY_PERSON@type=Top>Person\tsemld_list=sumo:Human", "id": "b7cff2627d", "form": "boyfriend"}], "id": "12"}], "separation": "1", "form": "her boyfriend", "quote_level": "0", "head": "12", "syntactic_tree_relation_list": [{"type": "isPossessor", "id": "19"}, {"type": "isCoreference", "id": "19"}, {"type": "isDirectObject", "id": "16"}], "affected_by_negation": "no", "inip": "53", "analysis_list": [{"lemma": "boyfriend", "tag": "GN-S3D--", "original_form": "her boyfriend"}], "type": "phrase", "id": "21"}], "separation": "1", "form": "because she couldn't stand her boyfriend", "quote_level": "0", "syntactic_tree_relation_list": [{"type": "isComplement", "id": "2"}], "affected_by_negation": "no", "inip": "26", "analysis_list": [{"lemma": "*", "tag": "ZE---CWO----", "original_form": "because she couldn't stand her boyfriend"}], "type": "phrase", "id": "23"}], "separation": "_", "form": "Madonna fired her trainer because she couldn't stand her boyfriend", "quote_level": "0", "affected_by_negation": "no", "inip": "0", "analysis_list": [{"lemma": "*", "tag": "Z-----------", "original_form": "Madonna fired her trainer because she couldn't stand her boyfriend"}], "type": "phrase", "id": "24"}, {"endp": "66", "style": {"isItalics": "no", "isUnderlined": "no", "isTitle": "no", "isBold": "no"}, "inip": "66", "form": ".", "quote_level": "0", "affected_by_negation": "no", "separation": "A", "analysis_list": [{"lemma": ".", "tag": "1D--", "original_form": "."}], "id": "13"}], "inip": "0", "quote_level": "0", "affected_by_negation": "no", "separation": "A", "type": "sentence", "id": "17"}]}