{"status": {"msg": "OK", "credits": "1", "remaining_credits": "39670", "code": "0"}, "token_list": [{"endp": "67", "style": {"isItalics": "no", "isUnderlined": "no", "isTitle": "no", "isBold": "no"}, "token_list": [{"endp": "66", "style": {"isItalics": "no", "isUnderlined": "no", "isTitle": "no", "isBold": "no"}, "token_list": [{"endp": "4", "style": {"isItalics": "no", "isUnderlined": "no", "isTitle": "no", "isBold": "no"}, "token_list": [{"endp": "4", "style": {"isItalics": "no", "isUnderlined": "no", "isTitle": "no", "isBold": "no"}, "inip": "0", "form": "Carol", "quote_level": "0", "affected_by_negation": "no", "separation": "_", "analysis_list": [{"lemma": "carol", "tag": "NC-S-N-", "original_form": "carol"}, {"lemma": "Carol", "tag": "NPUU-N-", "sense_id_list": [{"sense_id": "__3922279732386954320"}], "original_form": "Carol"}], "sense_list": [{"info": "sementity/class=instance@fiction=nonfiction@type=Top>Person@confidence=uncertain", "id": "__3922279732386954320", "form": "Carol"}], "id": "1"}], "separation": "_", "form": "Carol", "quote_level": "0", "head": "1", "syntactic_tree_relation_list": [{"type": "isSubject", "id": "2"}], "affected_by_negation": "no", "inip": "0", "analysis_list": [{"lemma": "Carol", "tag": "GN-S3S--", "original_form": "Carol"}, {"lemma": "carol", "tag": "GN-S3S--", "original_form": "Carol"}, {"lemma": "Carol", "tag": "GN-P3S--", "original_form": "Carol"}, {"lemma": "carol", "tag": "GN-P3S--", "original_form": "Carol"}, {"lemma": "Carol", "tag": "GNUU3S--", "original_form": "Carol"}], "type": "phrase", "id": "17"}, {"endp": "13", "style": {"isItalics": "no", "isUnderlined": "no", "isTitle": "no", "isBold": "no"}, "inip": "6", "form": "believed", "quote_level": "0", "syntactic_tree_relation_list": [{"type": "iof_isSubject", "id": "17"}, {"type": "iof_isDirectObject", "id": "22"}], "affected_by_negation": "no", "separation": "1", "analysis_list": [{"lemma": "believe", "tag": "VI-U3ASA-N-N6", "sense_id_list": [{"sense_id": "ODENTITY_INTENTIONAL_PSYCHOLOGICAL_PROCESS"}], "original_form": "believed"}], "sense_list": [{"info": "sementity/id=ODENTITY_INTENTIONAL_PSYCHOLOGICAL_PROCESS@type=Top>Process>IntentionalProcess>IntentionalPsychologicalProcess\tsemld_list=sumo:IntentionalProcess", "id": "ODENTITY_INTENTIONAL_PSYCHOLOGICAL_PROCESS", "form": "believe"}], "id": "2"}, {"endp": "66", "style": {"isItalics": "no", "isUnderlined": "no", "isTitle": "no", "isBold": "no"}, "token_list": [{"endp": "18", "style": {"isItalics": "no", "isUnderlined": "no", "isTitle": "no", "isBold": "no"}, "inip": "15", "form": "that", "quote_level": "0", "affected_by_negation": "no", "separation": "1", "analysis_list": [{"lemma": "that", "tag": "DP-SN5", "original_form": "that"}, {"lemma": "that", "tag": "CSSN5", "original_form": "that"}], "id": "3"}, {"endp": "26", "style": {"isItalics": "no", "isUnderlined": "no", "isTitle": "no", "isBold": "no"}, "token_list": [{"endp": "26", "style": {"isItalics": "no", "isUnderlined": "no", "isTitle": "no", "isBold": "no"}, "inip": "20", "form": "Rebecca", "quote_level": "1", "affected_by_negation": "no", "separation": "1", "analysis_list": [{"lemma": "Rebecca", "tag": "NPFS-N-", "sense_id_list": [{"sense_id": "277d38d8b3"}], "original_form": "Rebecca"}], "sense_list": [{"info": "sementity/class=instance@fiction=nonfiction@id=ODENTITY_FIRST_NAME@type=Top>Person>FirstName\tsemld_list=sumo:FirstName", "id": "277d38d8b3", "form": "Rebecca"}], "id": "4"}], "separation": "1", "form": "Rebecca", "quote_level": "1", "head": "4", "syntactic_tree_relation_list": [{"type": "isSubject", "id": "5"}, {"type": "iof_isAnaphora", "id": "20"}], "affected_by_negation": "no", "inip": "20", "analysis_list": [{"lemma": "Rebecca", "tag": "GNFS3S--", "original_form": "Rebecca"}], "type": "phrase", "id": "18"}, {"endp": "36", "style": {"isItalics": "no", "isUnderlined": "no", "isTitle": "no", "isBold": "no"}, "inip": "28", "form": "suspected", "quote_level": "1", "syntactic_tree_relation_list": [{"type": "iof_isSubject", "id": "18"}, {"type": "iof_isDirectObject", "id": "21"}], "affected_by_negation": "no", "separation": "1", "analysis_list": [{"lemma": "suspect", "tag": "VI-S3ASA-N-N3", "sense_id_list": [{"sense_id": "ODENTITY_INTENTIONAL_PSYCHOLOGICAL_PROCESS"}], "original_form": "suspected"}], "sense_list": [{"info": "sementity/id=ODENTITY_INTENTIONAL_PSYCHOLOGICAL_PROCESS@type=Top>Process>IntentionalProcess>IntentionalPsychologicalProcess\tsemld_list=sumo:IntentionalProcess", "id": "ODENTITY_INTENTIONAL_PSYCHOLOGICAL_PROCESS", "form": "suspect"}], "id": "5"}, {"endp": "66", "style": {"isItalics": "no", "isUnderlined": "no", "isTitle": "no", "isBold": "no"}, "token_list": [{"endp": "41", "style": {"isItalics": "no", "isUnderlined": "no", "isTitle": "no", "isBold": "no"}, "inip": "38", "form": "that", "quote_level": "1", "affected_by_negation": "no", "separation": "1", "analysis_list": [{"lemma": "that", "tag": "CSSN5", "original_form": "that"}], "id": "6"}, {"endp": "45", "style": {"isItalics": "no", "isUnderlined": "no", "isTitle": "no", "isBold": "no"}, "token_list": [{"endp": "45", "style": {"isItalics": "no", "isUnderlined": "no", "isTitle": "no", "isBold": "no"}, "inip": "43", "form": "she", "quote_level": "1", "affected_by_negation": "no", "separation": "1", "analysis_list": [{"lemma": "she", "tag": "PPFS3NN8", "sense_id_list": [{"sense_id": "PRONHUMAN"}], "original_form": "she"}], "sense_list": [{"info": "semhum=human", "id": "PRONHUMAN", "form": "she"}], "id": "7"}], "separation": "1", "form": "she", "quote_level": "1", "head": "7", "syntactic_tree_relation_list": [{"type": "isAnaphora", "id": "18"}, {"type": "isSubject", "id": "14"}], "affected_by_negation": "no", "inip": "43", "analysis_list": [{"lemma": "she", "tag": "GNFS3S--", "original_form": "she"}], "type": "phrase", "id": "20"}, {"endp": "56", "style": {"isItalics": "no", "isUnderlined": "no", "isTitle": "no", "isBold": "no"}, "separation": "1", "form": "had stolen", "quote_level": "1", "head": "8", "syntactic_tree_relation_list": [{"type": "iof_isSubject", "id": "20"}, {"type": "iof_isDirectObject", "id": "19"}], "affected_by_negation": "no", "inip": "47", "analysis_list": [{"lemma": "steal", "tag": "VI-S3APA-N-N9", "original_form": "had stolen"}], "type": "multiword", "id": "14"}, {"endp": "66", "style": {"isItalics": "no", "isUnderlined": "no", "isTitle": "no", "isBold": "no"}, "token_list": [{"endp": "60", "style": {"isItalics": "no", "isUnderlined": "no", "isTitle": "no", "isBold": "no"}, "inip": "58", "form": "the", "quote_level": "1", "affected_by_negation": "no", "separation": "1", "analysis_list": [{"lemma": "the", "tag": "TD-SN9", "original_form": "the"}], "id": "10"}, {"endp": "66", "style": {"isItalics": "no", "isUnderlined": "no", "isTitle": "no", "isBold": "no"}, "inip": "62", "form": "watch", "quote_level": "1", "affected_by_negation": "no", "separation": "1", "analysis_list": [{"lemma": "watch", "tag": "NC-S-N5", "original_form": "watch"}], "id": "11"}], "separation": "1", "form": "the watch", "quote_level": "1", "head": "11", "syntactic_tree_relation_list": [{"type": "isDirectObject", "id": "14"}], "affected_by_negation": "no", "inip": "58", "analysis_list": [{"lemma": "watch", "tag": "GN-S3D--", "original_form": "the watch"}], "type": "phrase", "id": "19"}], "separation": "1", "form": "that she had stolen the watch", "quote_level": "1", "syntactic_tree_relation_list": [{"type": "isDirectObject", "id": "5"}], "affected_by_negation": "no", "inip": "38", "analysis_list": [{"lemma": "*", "tag": "ZN---DIA----", "original_form": "that she had stolen the watch"}], "type": "phrase", "id": "21"}], "separation": "1", "form": "that Rebecca suspected that she had stolen the watch", "quote_level": "0", "syntactic_tree_relation_list": [{"type": "isDirectObject", "id": "2"}], "affected_by_negation": "no", "inip": "15", "analysis_list": [{"lemma": "*", "tag": "ZN---DIA----", "original_form": "that Rebecca suspected that she had stolen the watch"}], "type": "phrase", "id": "22"}], "separation": "_", "form": "Carol believed that Rebecca suspected that she had stolen the watch", "quote_level": "0", "affected_by_negation": "no", "inip": "0", "analysis_list": [{"lemma": "*", "tag": "Z-----------", "original_form": "Carol believed that Rebecca suspected that she had stolen the watch"}], "type": "phrase", "id": "23"}, {"endp": "67", "style": {"isItalics": "no", "isUnderlined": "no", "isTitle": "no", "isBold": "no"}, "inip": "67", "form": ".", "quote_level": "1", "affected_by_negation": "no", "separation": "A", "analysis_list": [{"lemma": ".", "tag": "1D--", "original_form": "."}], "id": "12"}], "inip": "0", "quote_level": "0", "affected_by_negation": "no", "separation": "A", "type": "sentence", "id": "15"}]}