{"status": {"msg": "OK", "credits": "1", "remaining_credits": "39916", "code": "0"}, "token_list": [{"endp": "57", "style": {"isItalics": "no", "isUnderlined": "no", "isTitle": "no", "isBold": "no"}, "token_list": [{"endp": "57", "style": {"isItalics": "no", "isUnderlined": "no", "isTitle": "no", "isBold": "no"}, "token_list": [{"endp": "12", "style": {"isItalics": "no", "isUnderlined": "no", "isTitle": "no", "isBold": "no"}, "token_list": [{"endp": "2", "style": {"isItalics": "no", "isUnderlined": "no", "isTitle": "no", "isBold": "no"}, "inip": "0", "form": "The", "quote_level": "0", "affected_by_negation": "no", "separation": "_", "analysis_list": [{"lemma": "the", "tag": "TD-SN9", "original_form": "the"}], "id": "1"}, {"endp": "12", "style": {"isItalics": "no", "isUnderlined": "no", "isTitle": "no", "isBold": "no"}, "inip": "4", "form": "sculpture", "quote_level": "0", "affected_by_negation": "no", "separation": "1", "analysis_list": [{"lemma": "sculpture", "tag": "NC-S-N4", "sense_id_list": [{"sense_id": "4e61afa94b"}], "original_form": "sculpture"}], "sense_list": [{"info": "sementity/class=class@fiction=nonfiction@id=ODENTITY_ACADEMIC@type=Top>OtherEntity>Doctrine>Academic\tsemld_list=sumo:Doctrine\tsemtheme_list/id=ODTHEME_SCULPTURE@type=Top>Arts>Sculpture", "id": "4e61afa94b", "form": "sculpture"}], "id": "2"}], "separation": "_", "form": "The sculpture", "quote_level": "0", "head": "2", "syntactic_tree_relation_list": [{"type": "isSubject", "id": "3"}, {"type": "iof_isAnaphora", "id": "20"}], "affected_by_negation": "no", "inip": "0", "analysis_list": [{"lemma": "sculpture", "tag": "GN-S3S--", "original_form": "The sculpture"}], "type": "phrase", "id": "17"}, {"endp": "19", "style": {"isItalics": "no", "isUnderlined": "no", "isTitle": "no", "isBold": "no"}, "inip": "14", "form": "rolled", "quote_level": "0", "syntactic_tree_relation_list": [{"type": "iof_isSubject", "id": "17"}, {"type": "iof_isComplement", "id": "21"}, {"type": "iof_isComplement", "id": "22"}], "affected_by_negation": "no", "separation": "1", "analysis_list": [{"lemma": "roll", "tag": "VI-S3ASA-N-N4", "sense_id_list": [{"sense_id": "ODENTITY_MAKING"}, {"sense_id": "ODENTITY_TRANSACTION"}, {"sense_id": "ODENTITY_MOTION"}, {"sense_id": "ODENTITY_PROCESS"}, {"sense_id": "ODENTITY_RADIATING"}, {"sense_id": "ODENTITY_RECREATION_OR_EXERCISE"}, {"sense_id": "ODENTITY_SHAPE_CHANGE"}, {"sense_id": "ODENTITY_TRANSFER"}], "original_form": "rolled"}], "sense_list": [{"info": "sementity/id=ODENTITY_MAKING@type=Top>Process>IntentionalProcess>Making\tsemld_list=sumo:IntentionalProcess", "id": "ODENTITY_MAKING", "form": "roll"}, {"info": "sementity/id=ODENTITY_MOTION@type=Top>Process>Motion\tsemld_list=sumo:Entity", "id": "ODENTITY_MOTION", "form": "roll"}, {"info": "sementity/id=ODENTITY_PROCESS@type=Top>Process\tsemld_list=sumo:Entity", "id": "ODENTITY_PROCESS", "form": "roll"}, {"info": "sementity/id=ODENTITY_RADIATING@type=Top>Process>Motion>Radiating\tsemld_list=sumo:Entity", "id": "ODENTITY_RADIATING", "form": "roll"}, {"info": "sementity/id=ODENTITY_RECREATION_OR_EXERCISE@type=Top>Process>IntentionalProcess>RecreationOrExercise\tsemld_list=sumo:IntentionalProcess", "id": "ODENTITY_RECREATION_OR_EXERCISE", "form": "roll"}, {"info": "sementity/id=ODENTITY_SHAPE_CHANGE@type=Top>Process>InternalChange>ShapeChange\tsemld_list=sumo:Entity", "id": "ODENTITY_SHAPE_CHANGE", "form": "roll"}, {"info": "sementity/id=ODENTITY_TRANSACTION@type=Top>Process>DualObjectProcess>Transaction\tsemld_list=sumo:Entity", "id": "ODENTITY_TRANSACTION", "form": "roll"}, {"info": "sementity/id=ODENTITY_TRANSFER@type=Top>Process>Motion>Translocation>Transfer\tsemld_list=sumo:Entity", "id": "ODENTITY_TRANSFER", "form": "roll"}], "id": "3"}, {"endp": "33", "style": {"isItalics": "no", "isUnderlined": "no", "isTitle": "no", "isBold": "no"}, "token_list": [{"endp": "23", "style": {"isItalics": "no", "isUnderlined": "no", "isTitle": "no", "isBold": "no"}, "inip": "21", "form": "off", "quote_level": "0", "affected_by_negation": "no", "separation": "1", "analysis_list": [{"lemma": "off", "tag": "YN6", "original_form": "off"}], "id": "4"}, {"endp": "33", "style": {"isItalics": "no", "isUnderlined": "no", "isTitle": "no", "isBold": "no"}, "token_list": [{"endp": "27", "style": {"isItalics": "no", "isUnderlined": "no", "isTitle": "no", "isBold": "no"}, "inip": "25", "form": "the", "quote_level": "0", "affected_by_negation": "no", "separation": "1", "analysis_list": [{"lemma": "the", "tag": "TD-SN9", "original_form": "the"}], "id": "5"}, {"endp": "33", "style": {"isItalics": "no", "isUnderlined": "no", "isTitle": "no", "isBold": "no"}, "inip": "29", "form": "shelf", "quote_level": "0", "affected_by_negation": "yes", "separation": "1", "analysis_list": [{"lemma": "shelf", "tag": "NC-S-N4", "sense_id_list": [{"sense_id": "d318db8f04"}], "original_form": "shelf"}, {"lemma": "shelf", "tag": "NC-S-N4", "original_form": "shelf"}], "sense_list": [{"info": "sementity/class=class@fiction=nonfiction@id=ODENTITY_PRODUCT@type=Top>Product\tsemld_list=sumo:Artifact", "id": "d318db8f04", "form": "shelf"}], "id": "6"}], "separation": "1", "form": "the shelf", "quote_level": "0", "head": "6", "affected_by_negation": "no", "inip": "25", "analysis_list": [{"lemma": "shelf", "tag": "GN-S3---", "original_form": "the shelf"}], "type": "phrase", "id": "18"}], "separation": "1", "form": "off the shelf", "quote_level": "0", "head": "4", "syntactic_tree_relation_list": [{"type": "isComplement", "id": "3"}], "affected_by_negation": "no", "inip": "21", "analysis_list": [{"lemma": "off", "tag": "GY---C--", "original_form": "off the shelf"}], "type": "phrase", "id": "21"}, {"endp": "57", "style": {"isItalics": "no", "isUnderlined": "no", "isTitle": "no", "isBold": "no"}, "token_list": [{"endp": "41", "style": {"isItalics": "no", "isUnderlined": "no", "isTitle": "no", "isBold": "no"}, "inip": "35", "form": "because", "quote_level": "0", "affected_by_negation": "no", "separation": "1", "analysis_list": [{"lemma": "because", "tag": "CSPN7", "original_form": "because"}], "id": "7"}, {"endp": "44", "style": {"isItalics": "no", "isUnderlined": "no", "isTitle": "no", "isBold": "no"}, "token_list": [{"endp": "44", "style": {"isItalics": "no", "isUnderlined": "no", "isTitle": "no", "isBold": "no"}, "inip": "43", "form": "it", "quote_level": "0", "affected_by_negation": "no", "separation": "1", "analysis_list": [{"lemma": "it", "tag": "PP-S3NN8", "sense_id_list": [{"sense_id": "PRONNONHUMAN"}], "original_form": "it"}], "sense_list": [{"info": "semhum=nonhuman", "id": "PRONNONHUMAN", "form": "it"}], "id": "8"}], "separation": "1", "form": "it", "quote_level": "0", "head": "8", "syntactic_tree_relation_list": [{"type": "isAnaphora", "id": "17"}, {"type": "isSubject", "id": "14"}], "affected_by_negation": "no", "inip": "43", "analysis_list": [{"lemma": "it", "tag": "GN-S3S--", "original_form": "it"}], "type": "phrase", "id": "20"}, {"endp": "51", "style": {"isItalics": "no", "isUnderlined": "no", "isTitle": "no", "isBold": "no"}, "inip": "46", "form": "wasn't", "quote_level": "0", "syntactic_tree_relation_list": [{"type": "iof_isSubject", "id": "20"}, {"type": "iof_isAttribute", "id": "19"}], "affected_by_negation": "yes", "separation": "1", "analysis_list": [{"lemma": "be", "tag": "VI-S1ASA-NNE9", "original_form": "wasn't"}, {"lemma": "be", "tag": "VI-S3ASA-NNE9", "original_form": "wasn't"}], "id": "14"}, {"endp": "57", "style": {"isItalics": "no", "isUnderlined": "no", "isTitle": "no", "isBold": "no"}, "token_list": [{"endp": "57", "style": {"isItalics": "no", "isUnderlined": "no", "isTitle": "no", "isBold": "no"}, "inip": "53", "form": "level", "quote_level": "0", "affected_by_negation": "no", "separation": "1", "analysis_list": [{"lemma": "level", "tag": "NC-S-N2", "original_form": "level"}], "id": "12"}], "separation": "1", "form": "level", "quote_level": "0", "head": "12", "syntactic_tree_relation_list": [{"type": "isAttribute", "id": "14"}], "affected_by_negation": "no", "inip": "53", "analysis_list": [{"lemma": "level", "tag": "GN-S3A--", "original_form": "level"}], "type": "phrase", "id": "19"}], "separation": "1", "form": "because it wasn't level", "quote_level": "0", "syntactic_tree_relation_list": [{"type": "isComplement", "id": "3"}], "affected_by_negation": "no", "inip": "35", "analysis_list": [{"lemma": "*", "tag": "ZE---CIA----", "original_form": "because it wasn't level"}], "type": "phrase", "id": "22"}], "separation": "_", "form": "The sculpture rolled off the shelf because it wasn't level", "quote_level": "0", "affected_by_negation": "no", "inip": "0", "analysis_list": [{"lemma": "*", "tag": "Z-----------", "original_form": "The sculpture rolled off the shelf because it wasn't level"}], "type": "phrase", "id": "23"}], "inip": "0", "quote_level": "0", "affected_by_negation": "no", "separation": "A", "type": "sentence", "id": "15"}]}