{"status": {"msg": "OK", "credits": "1", "remaining_credits": "39915", "code": "0"}, "token_list": [{"endp": "93", "style": {"isItalics": "no", "isUnderlined": "no", "isTitle": "no", "isBold": "no"}, "token_list": [{"endp": "16", "style": {"isItalics": "no", "isUnderlined": "no", "isTitle": "no", "isBold": "no"}, "token_list": [{"endp": "2", "style": {"isItalics": "no", "isUnderlined": "no", "isTitle": "no", "isBold": "no"}, "token_list": [{"endp": "2", "style": {"isItalics": "no", "isUnderlined": "no", "isTitle": "no", "isBold": "no"}, "inip": "0", "form": "Sam", "quote_level": "0", "affected_by_negation": "no", "separation": "_", "analysis_list": [{"lemma": "Sam", "tag": "NPUS-N-", "sense_id_list": [{"sense_id": "0bd9abb268"}], "original_form": "Sam"}], "sense_list": [{"info": "sementity/class=instance@fiction=nonfiction@id=ODENTITY_FIRST_NAME@type=Top>Person>FirstName\tsemld_list=sumo:FirstName", "id": "0bd9abb268", "form": "Sam"}], "id": "1"}], "separation": "_", "form": "Sam", "quote_level": "0", "head": "1", "syntactic_tree_relation_list": [{"type": "isSubject", "id": "6"}, {"type": "isSubject", "id": "5"}, {"type": "isSubject", "id": "27"}], "affected_by_negation": "no", "inip": "0", "analysis_list": [{"lemma": "Sam", "tag": "GNUS3S--", "original_form": "Sam"}], "type": "phrase", "id": "33"}, {"endp": "12", "style": {"isItalics": "no", "isUnderlined": "no", "isTitle": "no", "isBold": "no"}, "separation": "A", "form": "'s drawing", "quote_level": "0", "head": "25", "syntactic_tree_relation_list": [{"type": "iof_isSubject", "id": "33"}], "affected_by_negation": "no", "inip": "3", "analysis_list": [{"lemma": "draw", "tag": "VI-S3PCA-N-E9", "original_form": "'s drawing"}], "type": "multiword", "id": "27"}, {"endp": "16", "style": {"isItalics": "no", "isUnderlined": "no", "isTitle": "no", "isBold": "no"}, "inip": "14", "form": "was", "quote_level": "0", "syntactic_tree_relation_list": [{"type": "iof_isSubject", "id": "33"}], "affected_by_negation": "no", "separation": "1", "analysis_list": [{"lemma": "be", "tag": "VI-S1ASA-N-N9", "original_form": "was"}, {"lemma": "be", "tag": "VI-S3ASA-N-N9", "original_form": "was"}], "id": "5"}], "separation": "_", "form": "Sam's drawing was", "quote_level": "0", "affected_by_negation": "no", "inip": "0", "analysis_list": [{"lemma": "*", "tag": "Z-----------", "original_form": "Sam's drawing was"}], "type": "phrase", "id": "43"}, {"endp": "39", "style": {"isItalics": "no", "isUnderlined": "no", "isTitle": "no", "isBold": "no"}, "token_list": [{"endp": "21", "style": {"isItalics": "no", "isUnderlined": "no", "isTitle": "no", "isBold": "no"}, "inip": "18", "form": "hung", "quote_level": "0", "syntactic_tree_relation_list": [{"type": "iof_isSubject", "id": "33"}, {"type": "iof_isDirectObject", "id": "34"}], "affected_by_negation": "no", "separation": "1", "analysis_list": [{"lemma": "hang", "tag": "VI-UUASA-N-N5", "check_info": {"tag": "iR-1-"}, "variety_dictionary": "en-US", "original_form": "hung"}], "id": "6"}, {"endp": "37", "style": {"isItalics": "no", "isUnderlined": "no", "isTitle": "no", "isBold": "no"}, "token_list": [{"endp": "26", "style": {"isItalics": "no", "isUnderlined": "no", "isTitle": "no", "isBold": "no"}, "inip": "23", "form": "just", "quote_level": "0", "affected_by_negation": "no", "separation": "1", "analysis_list": [{"lemma": "just", "tag": "ENOPN4", "original_form": "just"}, {"lemma": "just", "tag": "ENQPN4", "original_form": "just"}], "id": "7"}, {"endp": "32", "style": {"isItalics": "no", "isUnderlined": "no", "isTitle": "no", "isBold": "no"}, "inip": "28", "form": "above", "quote_level": "0", "affected_by_negation": "no", "separation": "1", "analysis_list": [{"lemma": "above", "tag": "AP-N4", "original_form": "above"}], "id": "8"}, {"endp": "37", "style": {"isItalics": "no", "isUnderlined": "no", "isTitle": "no", "isBold": "no"}, "inip": "34", "form": "Tina", "quote_level": "0", "affected_by_negation": "no", "separation": "1", "analysis_list": [{"lemma": "Tina", "tag": "NPFS-N-", "sense_id_list": [{"sense_id": "b373d55a17"}], "original_form": "Tina"}], "sense_list": [{"info": "sementity/class=instance@fiction=nonfiction@id=ODENTITY_FIRST_NAME@type=Top>Person>FirstName\tsemld_list=sumo:FirstName", "id": "b373d55a17", "form": "Tina"}], "id": "9"}], "separation": "1", "form": "just above Tina", "quote_level": "0", "head": "9", "syntactic_tree_relation_list": [{"type": "isDirectObject", "id": "6"}, {"type": "iof_isAnaphora", "id": "38"}, {"type": "iof_isAnaphora", "id": "35"}], "affected_by_negation": "no", "inip": "23", "analysis_list": [{"lemma": "Tina", "tag": "GNFS3D--", "original_form": "just above Tina"}], "type": "phrase", "id": "34"}, {"endp": "39", "style": {"isItalics": "no", "isUnderlined": "no", "isTitle": "no", "isBold": "no"}, "inip": "38", "form": "'s", "quote_level": "0", "affected_by_negation": "no", "separation": "A", "analysis_list": [{"lemma": "'s", "tag": "WN-", "original_form": "'s"}], "id": "24"}], "separation": "1", "form": "hung just above Tina's", "quote_level": "0", "affected_by_negation": "no", "inip": "18", "analysis_list": [{"lemma": "*", "tag": "ZC----------", "original_form": "hung just above Tina's"}], "type": "phrase", "id": "41"}, {"endp": "43", "style": {"isItalics": "no", "isUnderlined": "no", "isTitle": "no", "isBold": "no"}, "inip": "41", "form": "and", "quote_level": "0", "affected_by_negation": "no", "separation": "1", "analysis_list": [{"lemma": "and", "tag": "CCYN9", "original_form": "and"}], "id": "12"}, {"endp": "93", "style": {"isItalics": "no", "isUnderlined": "no", "isTitle": "no", "isBold": "no"}, "token_list": [{"endp": "46", "style": {"isItalics": "no", "isUnderlined": "no", "isTitle": "no", "isBold": "no"}, "token_list": [{"endp": "46", "style": {"isItalics": "no", "isUnderlined": "no", "isTitle": "no", "isBold": "no"}, "inip": "45", "form": "it", "quote_level": "0", "affected_by_negation": "no", "separation": "1", "analysis_list": [{"lemma": "it", "tag": "PP-S3NN8", "sense_id_list": [{"sense_id": "PRONNONHUMAN"}], "original_form": "it"}], "sense_list": [{"info": "semhum=nonhuman", "id": "PRONNONHUMAN", "form": "it"}], "id": "13"}], "separation": "1", "form": "it", "quote_level": "0", "head": "13", "syntactic_tree_relation_list": [{"type": "isAnaphora", "id": "34"}, {"type": "isSubject", "id": "26"}], "affected_by_negation": "no", "inip": "45", "analysis_list": [{"lemma": "it", "tag": "GN-S3S--", "original_form": "it"}], "type": "phrase", "id": "38"}, {"endp": "55", "style": {"isItalics": "no", "isUnderlined": "no", "isTitle": "no", "isBold": "no"}, "separation": "1", "form": "did look", "quote_level": "0", "head": "14", "syntactic_tree_relation_list": [{"type": "iof_isSubject", "id": "38"}], "affected_by_negation": "no", "inip": "48", "analysis_list": [{"lemma": "look", "tag": "VI-S3ASA-N-N8", "original_form": "did look"}], "type": "multiword", "id": "26"}, {"endp": "93", "style": {"isItalics": "no", "isUnderlined": "no", "isTitle": "no", "isBold": "no"}, "token_list": [{"endp": "60", "style": {"isItalics": "no", "isUnderlined": "no", "isTitle": "no", "isBold": "no"}, "inip": "57", "form": "much", "quote_level": "0", "affected_by_negation": "no", "separation": "1", "analysis_list": [{"lemma": "much", "tag": "ENQPN6", "original_form": "much"}, {"lemma": "much", "tag": "QD-SPN6", "original_form": "much"}, {"lemma": "much", "tag": "QP-SPN6", "original_form": "much"}], "id": "16"}, {"endp": "67", "style": {"isItalics": "no", "isUnderlined": "no", "isTitle": "no", "isBold": "no"}, "inip": "62", "form": "better", "quote_level": "0", "affected_by_negation": "no", "separation": "1", "analysis_list": [{"lemma": "good", "tag": "AC-N5", "original_form": "better"}], "id": "17"}, {"endp": "93", "style": {"isItalics": "no", "isUnderlined": "no", "isTitle": "no", "isBold": "no"}, "token_list": [{"endp": "72", "style": {"isItalics": "no", "isUnderlined": "no", "isTitle": "no", "isBold": "no"}, "inip": "69", "form": "with", "quote_level": "0", "affected_by_negation": "no", "separation": "1", "analysis_list": [{"lemma": "with", "tag": "YN8", "original_form": "with"}], "id": "18"}, {"endp": "93", "style": {"isItalics": "no", "isUnderlined": "no", "isTitle": "no", "isBold": "no"}, "token_list": [{"endp": "80", "style": {"isItalics": "no", "isUnderlined": "no", "isTitle": "no", "isBold": "no"}, "inip": "74", "form": "another", "quote_level": "0", "affected_by_negation": "no", "separation": "1", "analysis_list": [{"lemma": "another", "tag": "QP-SPN7", "original_form": "another"}, {"lemma": "another", "tag": "QP-SPN7", "sense_id_list": [{"sense_id": "PRONBOTH"}], "original_form": "another"}], "sense_list": [{"info": "semhum=both", "id": "PRONBOTH", "form": "another"}], "id": "19"}, {"endp": "84", "style": {"isItalics": "no", "isUnderlined": "no", "isTitle": "no", "isBold": "no"}, "separation": "1", "form": "one", "quote_level": "0", "affected_by_negation": "no", "inip": "82", "analysis_list": [{"lemma": "one", "tag": "MP-SCN7", "sense_id_list": [{"sense_id": "e01b5f50fb"}], "original_form": "one"}, {"lemma": "one", "tag": "QP-SPN7", "original_form": "one"}], "sense_list": [{"info": "sementity/class=class@fiction=nonfiction@id=ODENTITY_NUMEX@type=Top>Numex\tsemld_list=sumo:Quantity", "id": "e01b5f50fb", "form": "one"}], "id": "20", "normalized_form": "numeric@1"}, {"endp": "93", "style": {"isItalics": "no", "isUnderlined": "no", "isTitle": "no", "isBold": "no"}, "token_list": [{"endp": "90", "style": {"isItalics": "no", "isUnderlined": "no", "isTitle": "no", "isBold": "no"}, "inip": "86", "form": "below", "quote_level": "0", "affected_by_negation": "no", "separation": "1", "analysis_list": [{"lemma": "below", "tag": "YN5", "original_form": "below"}], "id": "21"}, {"endp": "93", "style": {"isItalics": "no", "isUnderlined": "no", "isTitle": "no", "isBold": "no"}, "token_list": [{"endp": "93", "style": {"isItalics": "no", "isUnderlined": "no", "isTitle": "no", "isBold": "no"}, "inip": "92", "form": "it", "quote_level": "0", "affected_by_negation": "no", "separation": "1", "analysis_list": [{"lemma": "it", "tag": "PP-S3NN8", "sense_id_list": [{"sense_id": "PRONNONHUMAN"}], "original_form": "it"}, {"lemma": "it", "tag": "PP-S3AN8", "sense_id_list": [{"sense_id": "PRONNONHUMAN"}], "original_form": "it"}], "sense_list": [{"info": "semhum=nonhuman", "id": "PRONNONHUMAN", "form": "it"}], "id": "22"}], "separation": "1", "form": "it", "quote_level": "0", "head": "22", "affected_by_negation": "no", "inip": "92", "analysis_list": [{"lemma": "it", "tag": "GN-S3---", "original_form": "it"}], "type": "phrase", "id": "36"}], "separation": "1", "form": "below it", "quote_level": "0", "head": "21", "affected_by_negation": "no", "inip": "86", "analysis_list": [{"lemma": "below", "tag": "GY------", "original_form": "below it"}], "type": "phrase", "id": "39"}], "separation": "1", "form": "another one below it", "quote_level": "0", "head": "20", "affected_by_negation": "no", "inip": "74", "analysis_list": [{"lemma": "one", "tag": "GN-S3---", "original_form": "another one"}], "type": "phrase", "id": "37"}], "separation": "1", "form": "with another one below it", "quote_level": "0", "head": "18", "affected_by_negation": "no", "inip": "69", "analysis_list": [{"lemma": "with", "tag": "GY------", "original_form": "with another one below it"}], "type": "phrase", "id": "40"}], "separation": "1", "form": "much better with another one below it", "quote_level": "0", "head": "17", "syntactic_tree_relation_list": [{"type": "isAnaphora", "id": "34"}], "affected_by_negation": "no", "inip": "57", "analysis_list": [{"lemma": "good", "tag": "GA------", "original_form": "much better"}], "type": "phrase", "id": "35"}], "separation": "1", "form": "it did look much better with another one below it", "quote_level": "0", "affected_by_negation": "no", "inip": "45", "analysis_list": [{"lemma": "*", "tag": "ZC----------", "original_form": "it did look much better with another one below it"}], "type": "phrase", "id": "42"}], "inip": "0", "quote_level": "0", "affected_by_negation": "no", "separation": "A", "type": "sentence", "id": "28"}]}