{"status": {"msg": "OK", "credits": "1", "remaining_credits": "39912", "code": "0"}, "token_list": [{"endp": "89", "style": {"isItalics": "no", "isUnderlined": "no", "isTitle": "no", "isBold": "no"}, "token_list": [{"endp": "89", "style": {"isItalics": "no", "isUnderlined": "no", "isTitle": "no", "isBold": "no"}, "token_list": [{"endp": "3", "style": {"isItalics": "no", "isUnderlined": "no", "isTitle": "no", "isBold": "no"}, "token_list": [{"endp": "3", "style": {"isItalics": "no", "isUnderlined": "no", "isTitle": "no", "isBold": "no"}, "inip": "0", "form": "Anna", "quote_level": "0", "affected_by_negation": "no", "separation": "_", "analysis_list": [{"lemma": "Anna", "tag": "NPFS-N-", "sense_id_list": [{"sense_id": "bc09aa24ba"}], "original_form": "Anna"}], "sense_list": [{"info": "sementity/class=instance@fiction=nonfiction@id=ODENTITY_FIRST_NAME@type=Top>Person>FirstName\tsemld_list=sumo:FirstName", "id": "bc09aa24ba", "form": "Anna"}], "id": "1"}], "separation": "_", "form": "Anna", "quote_level": "0", "head": "1", "syntactic_tree_relation_list": [{"type": "isSubject", "id": "2"}, {"type": "iof_isPossessor", "id": "28"}, {"type": "iof_isAnaphora", "id": "31"}], "affected_by_negation": "no", "inip": "0", "analysis_list": [{"lemma": "Anna", "tag": "GNFS3S--", "original_form": "Anna"}], "type": "phrase", "id": "27"}, {"endp": "7", "style": {"isItalics": "no", "isUnderlined": "no", "isTitle": "no", "isBold": "no"}, "inip": "5", "form": "did", "quote_level": "0", "syntactic_tree_relation_list": [{"type": "iof_isSubject", "id": "27"}, {"type": "iof_isComplement", "id": "35"}], "affected_by_negation": "no", "separation": "1", "analysis_list": [{"lemma": "do", "tag": "VI-S3ASA-N-N8", "original_form": "did"}], "id": "2"}, {"endp": "57", "style": {"isItalics": "no", "isUnderlined": "no", "isTitle": "no", "isBold": "no"}, "token_list": [{"endp": "13", "style": {"isItalics": "no", "isUnderlined": "no", "isTitle": "no", "isBold": "no"}, "inip": "9", "form": "a lot", "quote_level": "0", "affected_by_negation": "no", "separation": "1", "analysis_list": [{"lemma": "a lot", "tag": "ENQPN-", "original_form": "a lot"}], "id": "21"}, {"endp": "19", "style": {"isItalics": "no", "isUnderlined": "no", "isTitle": "no", "isBold": "no"}, "inip": "15", "form": "worse", "quote_level": "0", "affected_by_negation": "no", "separation": "1", "analysis_list": [{"lemma": "bad", "tag": "AC-N6", "original_form": "worse"}], "id": "5"}, {"endp": "57", "style": {"isItalics": "no", "isUnderlined": "no", "isTitle": "no", "isBold": "no"}, "token_list": [{"endp": "24", "style": {"isItalics": "no", "isUnderlined": "no", "isTitle": "no", "isBold": "no"}, "inip": "21", "form": "than", "quote_level": "0", "affected_by_negation": "no", "separation": "1", "analysis_list": [{"lemma": "than", "tag": "YN7", "original_form": "than"}], "id": "6"}, {"endp": "57", "style": {"isItalics": "no", "isUnderlined": "no", "isTitle": "no", "isBold": "no"}, "token_list": [{"endp": "28", "style": {"isItalics": "no", "isUnderlined": "no", "isTitle": "no", "isBold": "no"}, "inip": "26", "form": "her", "quote_level": "0", "affected_by_negation": "no", "separation": "1", "analysis_list": [{"lemma": "her", "tag": "SD-SFS3N7", "sense_id_list": [{"sense_id": "PRONHUMAN"}], "original_form": "her"}], "sense_list": [{"info": "semhum=human", "id": "PRONHUMAN", "form": "her"}], "id": "7"}, {"endp": "33", "style": {"isItalics": "no", "isUnderlined": "no", "isTitle": "no", "isBold": "no"}, "inip": "30", "form": "good", "quote_level": "0", "affected_by_negation": "no", "separation": "1", "analysis_list": [{"lemma": "good", "tag": "NC-S-N5", "original_form": "good"}], "id": "8"}, {"endp": "40", "style": {"isItalics": "no", "isUnderlined": "no", "isTitle": "no", "isBold": "no"}, "inip": "35", "form": "friend", "quote_level": "0", "affected_by_negation": "no", "separation": "1", "analysis_list": [{"lemma": "friend", "tag": "NC-S-N6", "sense_id_list": [{"sense_id": "2f1f98e4bb"}], "original_form": "friend"}], "sense_list": [{"info": "sementity/class=class@fiction=nonfiction@id=ODENTITY_PERSON@type=Top>Person\tsemld_list=sumo:Human", "id": "2f1f98e4bb", "form": "friend"}], "id": "9"}, {"endp": "45", "style": {"isItalics": "no", "isUnderlined": "no", "isTitle": "no", "isBold": "no"}, "inip": "42", "form": "Lucy", "quote_level": "0", "affected_by_negation": "no", "separation": "1", "analysis_list": [{"lemma": "Lucy", "tag": "NPMS-N-", "sense_id_list": [{"sense_id": "d3acee74bf"}], "original_form": "Lucy"}], "sense_list": [{"info": "sementity/class=instance@fiction=nonfiction@id=ODENTITY_FIRST_NAME@type=Top>Person>FirstName\tsemld_list=sumo:FirstName", "id": "d3acee74bf", "form": "Lucy"}], "id": "10"}, {"endp": "57", "style": {"isItalics": "no", "isUnderlined": "no", "isTitle": "no", "isBold": "no"}, "token_list": [{"endp": "48", "style": {"isItalics": "no", "isUnderlined": "no", "isTitle": "no", "isBold": "no"}, "inip": "47", "form": "on", "quote_level": "0", "affected_by_negation": "no", "separation": "1", "analysis_list": [{"lemma": "on", "tag": "YN7", "original_form": "on"}], "id": "11"}, {"endp": "57", "style": {"isItalics": "no", "isUnderlined": "no", "isTitle": "no", "isBold": "no"}, "token_list": [{"endp": "52", "style": {"isItalics": "no", "isUnderlined": "no", "isTitle": "no", "isBold": "no"}, "inip": "50", "form": "the", "quote_level": "0", "affected_by_negation": "no", "separation": "1", "analysis_list": [{"lemma": "the", "tag": "TD-SN9", "original_form": "the"}], "id": "12"}, {"endp": "57", "style": {"isItalics": "no", "isUnderlined": "no", "isTitle": "no", "isBold": "no"}, "inip": "54", "form": "test", "quote_level": "0", "affected_by_negation": "no", "separation": "1", "analysis_list": [{"lemma": "test", "tag": "NC-S-N5", "sense_id_list": [{"sense_id": "d01b3dc623"}, {"sense_id": "4f2bf43230"}], "original_form": "test"}], "sense_list": [{"info": "sementity/class=class@fiction=nonfiction@id=ODENTITY_TOP@type=Top\tsemld_list=sumo:Entity\tsemtheme_list/id=ODTHEME_LITERATURE@type=Top>Humanities>Literature", "id": "4f2bf43230", "form": "essay"}, {"info": "sementity/class=class@fiction=nonfiction@id=ODENTITY_EVENT@type=Top>Event\tsemld_list=sumo:Meeting", "id": "d01b3dc623", "form": "exam"}], "id": "13"}], "separation": "1", "form": "the test", "quote_level": "0", "head": "13", "affected_by_negation": "no", "inip": "50", "analysis_list": [{"lemma": "test", "tag": "GN-S3---", "original_form": "the test"}], "type": "phrase", "id": "30"}], "separation": "1", "form": "on the test", "quote_level": "0", "head": "11", "affected_by_negation": "no", "inip": "47", "analysis_list": [{"lemma": "on", "tag": "GY------", "original_form": "on the test"}], "type": "phrase", "id": "33"}], "separation": "1", "form": "her good friend Lucy on the test", "quote_level": "0", "head": "10", "affected_by_negation": "no", "inip": "26", "analysis_list": [{"lemma": "Lucy", "tag": "GNMS3---", "original_form": "her good friend Lucy"}], "type": "phrase", "id": "29"}], "separation": "1", "form": "than her good friend Lucy on the test", "quote_level": "0", "head": "6", "affected_by_negation": "no", "inip": "21", "analysis_list": [{"lemma": "than", "tag": "GY------", "original_form": "than her good friend Lucy on the test"}], "type": "phrase", "id": "34"}], "separation": "1", "form": "a lot worse than her good friend Lucy on the test", "quote_level": "0", "head": "5", "syntactic_tree_relation_list": [{"type": "isPossessor", "id": "27"}], "affected_by_negation": "no", "inip": "9", "analysis_list": [{"lemma": "bad", "tag": "GA------", "original_form": "a lot worse"}], "type": "phrase", "id": "28"}, {"endp": "89", "style": {"isItalics": "no", "isUnderlined": "no", "isTitle": "no", "isBold": "no"}, "token_list": [{"endp": "65", "style": {"isItalics": "no", "isUnderlined": "no", "isTitle": "no", "isBold": "no"}, "inip": "59", "form": "because", "quote_level": "0", "affected_by_negation": "no", "separation": "1", "analysis_list": [{"lemma": "because", "tag": "CSPN7", "original_form": "because"}], "id": "14"}, {"endp": "69", "style": {"isItalics": "no", "isUnderlined": "no", "isTitle": "no", "isBold": "no"}, "token_list": [{"endp": "69", "style": {"isItalics": "no", "isUnderlined": "no", "isTitle": "no", "isBold": "no"}, "inip": "67", "form": "she", "quote_level": "0", "affected_by_negation": "no", "separation": "1", "analysis_list": [{"lemma": "she", "tag": "PPFS3NN8", "sense_id_list": [{"sense_id": "PRONHUMAN"}], "original_form": "she"}], "sense_list": [{"info": "semhum=human", "id": "PRONHUMAN", "form": "she"}], "id": "15"}], "separation": "1", "form": "she", "quote_level": "0", "head": "15", "syntactic_tree_relation_list": [{"type": "isAnaphora", "id": "27"}, {"type": "isSubject", "id": "22"}], "affected_by_negation": "no", "inip": "67", "analysis_list": [{"lemma": "she", "tag": "GNFS3S--", "original_form": "she"}], "type": "phrase", "id": "31"}, {"endp": "81", "style": {"isItalics": "no", "isUnderlined": "no", "isTitle": "no", "isBold": "no"}, "separation": "1", "form": "had studied", "quote_level": "0", "head": "16", "syntactic_tree_relation_list": [{"type": "iof_isSubject", "id": "31"}], "affected_by_negation": "no", "inip": "71", "analysis_list": [{"lemma": "study", "tag": "VI-UUAPA-N-N9", "original_form": "had studied"}], "type": "multiword", "id": "22"}, {"endp": "84", "style": {"isItalics": "no", "isUnderlined": "no", "isTitle": "no", "isBold": "no"}, "inip": "83", "form": "so", "quote_level": "0", "affected_by_negation": "no", "separation": "1", "analysis_list": [{"lemma": "so", "tag": "ENMPN7", "original_form": "so"}, {"lemma": "so", "tag": "ENQPN7", "original_form": "so"}, {"lemma": "so", "tag": "CSLN7", "original_form": "so"}, {"lemma": "so", "tag": "CSFN7", "original_form": "so"}], "id": "18"}, {"endp": "89", "style": {"isItalics": "no", "isUnderlined": "no", "isTitle": "no", "isBold": "no"}, "token_list": [{"endp": "89", "style": {"isItalics": "no", "isUnderlined": "no", "isTitle": "no", "isBold": "no"}, "inip": "86", "form": "hard", "quote_level": "0", "affected_by_negation": "no", "separation": "1", "analysis_list": [{"lemma": "hard", "tag": "ENMPN5", "original_form": "hard"}], "id": "19"}], "separation": "1", "form": "hard", "quote_level": "0", "head": "19", "affected_by_negation": "no", "inip": "86", "analysis_list": [{"lemma": "hard", "tag": "GEM--M--", "original_form": "hard"}], "type": "phrase", "id": "32"}], "separation": "1", "form": "because she had studied so hard", "quote_level": "0", "syntactic_tree_relation_list": [{"type": "isComplement", "id": "2"}], "affected_by_negation": "no", "inip": "59", "analysis_list": [{"lemma": "*", "tag": "ZE---CIA----", "original_form": "because she had studied so hard"}], "type": "phrase", "id": "35"}], "separation": "_", "form": "Anna did a lot worse than her good friend Lucy on the test because she had studied so hard", "quote_level": "0", "affected_by_negation": "no", "inip": "0", "analysis_list": [{"lemma": "*", "tag": "Z-----------", "original_form": "Anna did a lot worse than her good friend Lucy on the test because she had studied so hard"}], "type": "phrase", "id": "36"}], "inip": "0", "quote_level": "0", "affected_by_negation": "no", "separation": "A", "type": "sentence", "id": "23"}]}