{"status": {"msg": "OK", "credits": "1", "remaining_credits": "39910", "code": "0"}, "token_list": [{"endp": "78", "style": {"isItalics": "no", "isUnderlined": "no", "isTitle": "no", "isBold": "no"}, "token_list": [{"endp": "78", "style": {"isItalics": "no", "isUnderlined": "no", "isTitle": "no", "isBold": "no"}, "token_list": [{"endp": "10", "style": {"isItalics": "no", "isUnderlined": "no", "isTitle": "no", "isBold": "no"}, "token_list": [{"endp": "2", "style": {"isItalics": "no", "isUnderlined": "no", "isTitle": "no", "isBold": "no"}, "inip": "0", "form": "The", "quote_level": "0", "affected_by_negation": "no", "separation": "_", "analysis_list": [{"lemma": "the", "tag": "TD-PN9", "original_form": "the"}], "id": "1"}, {"endp": "10", "style": {"isItalics": "no", "isUnderlined": "no", "isTitle": "no", "isBold": "no"}, "inip": "4", "form": "firemen", "quote_level": "0", "affected_by_negation": "no", "separation": "1", "analysis_list": [{"lemma": "fireman", "tag": "NC-P-N-", "sense_id_list": [{"sense_id": "2bca6443c4"}], "original_form": "firemen"}], "sense_list": [{"info": "sementity/class=class@fiction=nonfiction@id=ODENTITY_VOCATION@type=Top>OtherEntity>Vocation\tsemld_list=sumo:Position\tsemtheme_list/id=ODTHEME_SOCIAL_PROTECTION@type=Top>Society>SocialProtection", "id": "2bca6443c4", "form": "fireman"}], "id": "2"}], "separation": "_", "form": "The firemen", "quote_level": "0", "head": "2", "syntactic_tree_relation_list": [{"type": "isSubject", "id": "3"}, {"type": "iof_isAnaphora", "id": "23"}], "affected_by_negation": "no", "inip": "0", "analysis_list": [{"lemma": "fireman", "tag": "GN-P3S--", "original_form": "The firemen"}], "type": "phrase", "id": "21"}, {"endp": "18", "style": {"isItalics": "no", "isUnderlined": "no", "isTitle": "no", "isBold": "no"}, "inip": "12", "form": "arrived", "quote_level": "0", "syntactic_tree_relation_list": [{"type": "iof_isSubject", "id": "21"}, {"type": "iof_isComplement", "id": "25"}, {"type": "iof_isComplement", "id": "26"}], "affected_by_negation": "no", "separation": "1", "analysis_list": [{"lemma": "arrive", "tag": "VI-P3ASA-N-N6", "sense_id_list": [{"sense_id": "ODENTITY_MOTION"}], "original_form": "arrived"}], "sense_list": [{"info": "sementity/id=ODENTITY_MOTION@type=Top>Process>Motion\tsemld_list=sumo:Entity", "id": "ODENTITY_MOTION", "form": "arrive"}], "id": "3"}, {"endp": "36", "style": {"isItalics": "no", "isUnderlined": "no", "isTitle": "no", "isBold": "no"}, "token_list": [{"endp": "25", "style": {"isItalics": "no", "isUnderlined": "no", "isTitle": "no", "isBold": "no"}, "inip": "20", "form": "before", "quote_level": "0", "affected_by_negation": "no", "separation": "1", "analysis_list": [{"lemma": "before", "tag": "YN5", "original_form": "before"}], "id": "4"}, {"endp": "36", "style": {"isItalics": "no", "isUnderlined": "no", "isTitle": "no", "isBold": "no"}, "token_list": [{"endp": "29", "style": {"isItalics": "no", "isUnderlined": "no", "isTitle": "no", "isBold": "no"}, "inip": "27", "form": "the", "quote_level": "0", "affected_by_negation": "no", "separation": "1", "analysis_list": [{"lemma": "the", "tag": "TD-PN9", "original_form": "the"}], "id": "5"}, {"endp": "36", "style": {"isItalics": "no", "isUnderlined": "no", "isTitle": "no", "isBold": "no"}, "inip": "31", "form": "police", "quote_level": "0", "affected_by_negation": "no", "separation": "1", "analysis_list": [{"lemma": "police", "tag": "NC-P-N6", "sense_id_list": [{"sense_id": "d480890f1f"}, {"sense_id": "2bb879c1d1"}], "original_form": "police"}], "sense_list": [{"info": "sementity/class=class@fiction=nonfiction@id=ODENTITY_VOCATION@type=Top>OtherEntity>Vocation\tsemld_list=sumo:Position\tsemtheme_list/id=ODTHEME_SECURITY_POLICE@type=Top>Society>SecurityPolice", "id": "2bb879c1d1", "form": "police"}, {"info": "sementity/class=class@fiction=nonfiction@id=ODENTITY_POLICE@type=Top>Organization>Military>Police\tsemld_list=sumo:PoliceOrganization", "id": "d480890f1f", "form": "police"}], "id": "6"}], "separation": "1", "form": "the police", "quote_level": "0", "head": "6", "affected_by_negation": "no", "inip": "27", "analysis_list": [{"lemma": "police", "tag": "GN-P3---", "original_form": "the police"}], "type": "phrase", "id": "22"}], "separation": "1", "form": "before the police", "quote_level": "0", "head": "4", "syntactic_tree_relation_list": [{"type": "isComplement", "id": "3"}], "affected_by_negation": "no", "inip": "20", "analysis_list": [{"lemma": "before", "tag": "GY---C--", "original_form": "before the police"}], "type": "phrase", "id": "25"}, {"endp": "78", "style": {"isItalics": "no", "isUnderlined": "no", "isTitle": "no", "isBold": "no"}, "token_list": [{"endp": "44", "style": {"isItalics": "no", "isUnderlined": "no", "isTitle": "no", "isBold": "no"}, "inip": "38", "form": "because", "quote_level": "0", "affected_by_negation": "no", "separation": "1", "analysis_list": [{"lemma": "because", "tag": "CSPN7", "original_form": "because"}], "id": "7"}, {"endp": "49", "style": {"isItalics": "no", "isUnderlined": "no", "isTitle": "no", "isBold": "no"}, "token_list": [{"endp": "49", "style": {"isItalics": "no", "isUnderlined": "no", "isTitle": "no", "isBold": "no"}, "inip": "46", "form": "they", "quote_level": "0", "affected_by_negation": "no", "separation": "1", "analysis_list": [{"lemma": "they", "tag": "PP-P3NN8", "sense_id_list": [{"sense_id": "PRONBOTH"}], "original_form": "they"}], "sense_list": [{"info": "semhum=both", "id": "PRONBOTH", "form": "they"}], "id": "8"}], "separation": "1", "form": "they", "quote_level": "0", "head": "8", "syntactic_tree_relation_list": [{"type": "isAnaphora", "id": "21"}, {"type": "isSubject", "id": "17"}], "affected_by_negation": "no", "inip": "46", "analysis_list": [{"lemma": "they", "tag": "GN-P3S--", "original_form": "they"}], "type": "phrase", "id": "23"}, {"endp": "61", "style": {"isItalics": "no", "isUnderlined": "no", "isTitle": "no", "isBold": "no"}, "separation": "1", "form": "were coming", "quote_level": "0", "head": "9", "syntactic_tree_relation_list": [{"type": "iof_isSubject", "id": "23"}, {"type": "iof_isLocationComplement", "id": "24"}], "affected_by_negation": "no", "inip": "51", "analysis_list": [{"lemma": "come", "tag": "VI-P3ACA-N-N9", "original_form": "were coming"}, {"lemma": "come", "tag": "VI-P1ACA-N-N9", "original_form": "were coming"}, {"lemma": "come", "tag": "VI-U2ACA-N-N9", "original_form": "were coming"}], "type": "multiword", "id": "17"}, {"endp": "66", "style": {"isItalics": "no", "isUnderlined": "no", "isTitle": "no", "isBold": "no"}, "inip": "63", "form": "from", "quote_level": "0", "affected_by_negation": "no", "separation": "1", "analysis_list": [{"lemma": "from", "tag": "YN8", "original_form": "from"}], "id": "11"}, {"endp": "78", "style": {"isItalics": "no", "isUnderlined": "no", "isTitle": "no", "isBold": "no"}, "token_list": [{"endp": "73", "style": {"isItalics": "no", "isUnderlined": "no", "isTitle": "no", "isBold": "no"}, "inip": "68", "form": "so far", "quote_level": "0", "affected_by_negation": "no", "separation": "1", "analysis_list": [{"lemma": "so far", "tag": "ENTPN-", "original_form": "so far"}], "id": "16"}, {"endp": "78", "style": {"isItalics": "no", "isUnderlined": "no", "isTitle": "no", "isBold": "no"}, "inip": "75", "form": "away", "quote_level": "0", "affected_by_negation": "no", "separation": "1", "analysis_list": [{"lemma": "away", "tag": "ENLPN6", "original_form": "away"}], "id": "14"}], "separation": "1", "form": "so far away", "quote_level": "0", "head": "14", "syntactic_tree_relation_list": [{"type": "isLocationComplement", "id": "17"}], "affected_by_negation": "no", "inip": "68", "analysis_list": [{"lemma": "away", "tag": "GEL--L--", "original_form": "so far away"}], "type": "phrase", "id": "24"}], "separation": "1", "form": "because they were coming from so far away", "quote_level": "0", "syntactic_tree_relation_list": [{"type": "isComplement", "id": "3"}], "affected_by_negation": "no", "inip": "38", "analysis_list": [{"lemma": "*", "tag": "ZE---CIA----", "original_form": "because they were coming from so far away"}], "type": "phrase", "id": "26"}], "separation": "_", "form": "The firemen arrived before the police because they were coming from so far away", "quote_level": "0", "affected_by_negation": "no", "inip": "0", "analysis_list": [{"lemma": "*", "tag": "Z-----------", "original_form": "The firemen arrived before the police because they were coming from so far away"}], "type": "phrase", "id": "27"}], "inip": "0", "quote_level": "0", "affected_by_negation": "no", "separation": "A", "type": "sentence", "id": "18"}]}