{"status": {"msg": "OK", "credits": "1", "remaining_credits": "39909", "code": "0"}, "token_list": [{"endp": "78", "style": {"isItalics": "no", "isUnderlined": "no", "isTitle": "no", "isBold": "no"}, "token_list": [{"endp": "78", "style": {"isItalics": "no", "isUnderlined": "no", "isTitle": "no", "isBold": "no"}, "token_list": [{"endp": "4", "style": {"isItalics": "no", "isUnderlined": "no", "isTitle": "no", "isBold": "no"}, "token_list": [{"endp": "4", "style": {"isItalics": "no", "isUnderlined": "no", "isTitle": "no", "isBold": "no"}, "inip": "0", "form": "Frank", "quote_level": "0", "affected_by_negation": "no", "separation": "_", "analysis_list": [{"lemma": "Frank", "tag": "NPUU-N-", "sense_id_list": [{"sense_id": "__5932995789328007306"}], "original_form": "Frank"}], "sense_list": [{"info": "sementity/class=instance@fiction=nonfiction@type=Top>Person@confidence=uncertain", "id": "__5932995789328007306", "form": "Frank"}], "id": "1"}], "separation": "_", "form": "Frank", "quote_level": "0", "head": "1", "syntactic_tree_relation_list": [{"type": "isSubject", "id": "21"}, {"type": "isSubject", "id": "22"}, {"type": "iof_isAnaphora", "id": "29"}, {"type": "iof_isAnaphora", "id": "30"}], "affected_by_negation": "no", "inip": "0", "analysis_list": [{"lemma": "Frank", "tag": "GNUS3S--", "original_form": "Frank"}], "type": "phrase", "id": "25"}, {"endp": "14", "style": {"isItalics": "no", "isUnderlined": "no", "isTitle": "no", "isBold": "no"}, "separation": "1", "form": "was upset", "quote_level": "0", "head": "2", "syntactic_tree_relation_list": [{"type": "iof_isSubject", "id": "25"}, {"type": "iof_isComplement", "id": "31"}, {"type": "iof_isComplement", "id": "33"}], "affected_by_negation": "no", "inip": "6", "analysis_list": [{"lemma": "upset", "tag": "VI-S3ASP-N-N9", "original_form": "was upset"}], "type": "multiword", "id": "22"}, {"endp": "23", "style": {"isItalics": "no", "isUnderlined": "no", "isTitle": "no", "isBold": "no"}, "token_list": [{"endp": "19", "style": {"isItalics": "no", "isUnderlined": "no", "isTitle": "no", "isBold": "no"}, "inip": "16", "form": "with", "quote_level": "0", "affected_by_negation": "no", "separation": "1", "analysis_list": [{"lemma": "with", "tag": "YN8", "original_form": "with"}], "id": "4"}, {"endp": "23", "style": {"isItalics": "no", "isUnderlined": "no", "isTitle": "no", "isBold": "no"}, "token_list": [{"endp": "23", "style": {"isItalics": "no", "isUnderlined": "no", "isTitle": "no", "isBold": "no"}, "inip": "21", "form": "Tom", "quote_level": "0", "affected_by_negation": "no", "separation": "1", "analysis_list": [{"lemma": "Tom", "tag": "NPMS-N-", "sense_id_list": [{"sense_id": "0205a84069"}], "original_form": "Tom"}], "sense_list": [{"info": "sementity/class=instance@fiction=nonfiction@id=ODENTITY_FIRST_NAME@type=Top>Person>FirstName\tsemld_list=sumo:FirstName", "id": "0205a84069", "form": "Tom"}], "id": "5"}], "separation": "1", "form": "Tom", "quote_level": "0", "head": "5", "affected_by_negation": "no", "inip": "21", "analysis_list": [{"lemma": "Tom", "tag": "GNMS3---", "original_form": "Tom"}], "type": "phrase", "id": "26"}], "separation": "1", "form": "with Tom", "quote_level": "0", "head": "4", "syntactic_tree_relation_list": [{"type": "isComplement", "id": "22"}], "affected_by_negation": "no", "inip": "16", "analysis_list": [{"lemma": "with", "tag": "GY---C--", "original_form": "with Tom"}], "type": "phrase", "id": "31"}, {"endp": "78", "style": {"isItalics": "no", "isUnderlined": "no", "isTitle": "no", "isBold": "no"}, "token_list": [{"endp": "31", "style": {"isItalics": "no", "isUnderlined": "no", "isTitle": "no", "isBold": "no"}, "inip": "25", "form": "because", "quote_level": "0", "affected_by_negation": "no", "separation": "1", "analysis_list": [{"lemma": "because", "tag": "CSPN7", "original_form": "because"}], "id": "6"}, {"endp": "66", "style": {"isItalics": "no", "isUnderlined": "no", "isTitle": "no", "isBold": "no"}, "token_list": [{"endp": "35", "style": {"isItalics": "no", "isUnderlined": "no", "isTitle": "no", "isBold": "no"}, "inip": "33", "form": "the", "quote_level": "0", "affected_by_negation": "no", "separation": "1", "analysis_list": [{"lemma": "the", "tag": "TD-SN9", "original_form": "the"}], "id": "7"}, {"endp": "43", "style": {"isItalics": "no", "isUnderlined": "no", "isTitle": "no", "isBold": "no"}, "inip": "37", "form": "toaster", "quote_level": "0", "affected_by_negation": "no", "separation": "1", "analysis_list": [{"lemma": "toaster", "tag": "NC-S-N-", "sense_id_list": [{"sense_id": "308c23f819"}], "original_form": "toaster"}], "sense_list": [{"info": "sementity/class=class@fiction=nonfiction@id=ODENTITY_VOCATION@type=Top>OtherEntity>Vocation\tsemld_list=sumo:Position", "id": "308c23f819", "form": "toaster"}], "id": "8"}, {"endp": "66", "style": {"isItalics": "no", "isUnderlined": "no", "isTitle": "no", "isBold": "no"}, "token_list": [{"endp": "46", "style": {"isItalics": "no", "isUnderlined": "no", "isTitle": "no", "isBold": "no"}, "token_list": [{"endp": "46", "style": {"isItalics": "no", "isUnderlined": "no", "isTitle": "no", "isBold": "no"}, "inip": "45", "form": "he", "quote_level": "0", "affected_by_negation": "no", "separation": "1", "analysis_list": [{"lemma": "he", "tag": "PPMS3NN8", "sense_id_list": [{"sense_id": "PRONHUMAN"}], "original_form": "he"}], "sense_list": [{"info": "semhum=human", "id": "PRONHUMAN", "form": "he"}], "id": "9"}], "separation": "1", "form": "he", "quote_level": "0", "head": "9", "syntactic_tree_relation_list": [{"type": "isAnaphora", "id": "25"}], "affected_by_negation": "no", "inip": "45", "analysis_list": [{"lemma": "he", "tag": "GNMS3---", "original_form": "he"}], "type": "phrase", "id": "29"}, {"endp": "57", "style": {"isItalics": "no", "isUnderlined": "no", "isTitle": "no", "isBold": "no"}, "separation": "1", "form": "had bought", "quote_level": "0", "head": "10", "syntactic_tree_relation_list": [{"type": "iof_isSubject", "id": "25"}, {"type": "iof_isComplement", "id": "30"}], "affected_by_negation": "no", "inip": "48", "analysis_list": [{"lemma": "buy", "tag": "VI-UUAPA-N-N9", "original_form": "had bought"}], "type": "multiword", "id": "21"}, {"endp": "66", "style": {"isItalics": "no", "isUnderlined": "no", "isTitle": "no", "isBold": "no"}, "token_list": [{"endp": "62", "style": {"isItalics": "no", "isUnderlined": "no", "isTitle": "no", "isBold": "no"}, "inip": "59", "form": "from", "quote_level": "0", "affected_by_negation": "no", "separation": "1", "analysis_list": [{"lemma": "from", "tag": "YN8", "original_form": "from"}], "id": "12"}, {"endp": "66", "style": {"isItalics": "no", "isUnderlined": "no", "isTitle": "no", "isBold": "no"}, "token_list": [{"endp": "66", "style": {"isItalics": "no", "isUnderlined": "no", "isTitle": "no", "isBold": "no"}, "inip": "64", "form": "him", "quote_level": "0", "affected_by_negation": "no", "separation": "1", "analysis_list": [{"lemma": "him", "tag": "PP-S3AN7", "sense_id_list": [{"sense_id": "PRONHUMAN"}], "original_form": "him"}], "sense_list": [{"info": "semhum=human", "id": "PRONHUMAN", "form": "him"}], "id": "13"}], "separation": "1", "form": "him", "quote_level": "0", "head": "13", "affected_by_negation": "no", "inip": "64", "analysis_list": [{"lemma": "him", "tag": "GN-S3---", "original_form": "him"}], "type": "phrase", "id": "28"}], "separation": "1", "form": "from him", "quote_level": "0", "head": "12", "syntactic_tree_relation_list": [{"type": "isComplement", "id": "21"}, {"type": "isAnaphora", "id": "25"}], "affected_by_negation": "no", "inip": "59", "analysis_list": [{"lemma": "from", "tag": "GY---C--", "original_form": "from him"}], "type": "phrase", "id": "30"}], "separation": "1", "form": "he had bought from him", "quote_level": "0", "affected_by_negation": "no", "inip": "45", "analysis_list": [{"lemma": "*", "tag": "ZA----IA----", "original_form": "he had bought from him"}], "type": "phrase", "id": "32"}], "separation": "1", "form": "the toaster he had bought from him", "quote_level": "0", "head": "8", "syntactic_tree_relation_list": [{"type": "isSubject", "id": "20"}], "affected_by_negation": "no", "inip": "33", "analysis_list": [{"lemma": "toaster", "tag": "GN-S3S--", "original_form": "the toaster"}], "type": "phrase", "id": "27"}, {"endp": "78", "style": {"isItalics": "no", "isUnderlined": "no", "isTitle": "no", "isBold": "no"}, "separation": "1", "form": "didn't work", "quote_level": "0", "head": "19", "syntactic_tree_relation_list": [{"type": "iof_isSubject", "id": "27"}], "affected_by_negation": "yes", "inip": "68", "analysis_list": [{"lemma": "work", "tag": "VI-S3ASA-NNE8", "original_form": "didn't work"}], "type": "multiword", "id": "20"}], "separation": "1", "form": "because the toaster he had bought from him didn't work", "quote_level": "0", "syntactic_tree_relation_list": [{"type": "isComplement", "id": "22"}], "affected_by_negation": "no", "inip": "25", "analysis_list": [{"lemma": "*", "tag": "ZE---CIA----", "original_form": "because the toaster he had bought from him didn't work"}], "type": "phrase", "id": "33"}], "separation": "_", "form": "Frank was upset with Tom because the toaster he had bought from him didn't work", "quote_level": "0", "affected_by_negation": "no", "inip": "0", "analysis_list": [{"lemma": "*", "tag": "Z-----------", "original_form": "Frank was upset with Tom because the toaster he had bought from him didn't work"}], "type": "phrase", "id": "34"}], "inip": "0", "quote_level": "0", "affected_by_negation": "no", "separation": "A", "type": "sentence", "id": "23"}]}