{"status": {"msg": "OK", "credits": "1", "remaining_credits": "39906", "code": "0"}, "token_list": [{"endp": "42", "style": {"isItalics": "no", "isUnderlined": "no", "isTitle": "no", "isBold": "no"}, "token_list": [{"endp": "42", "style": {"isItalics": "no", "isUnderlined": "no", "isTitle": "no", "isBold": "no"}, "token_list": [{"endp": "2", "style": {"isItalics": "no", "isUnderlined": "no", "isTitle": "no", "isBold": "no"}, "token_list": [{"endp": "2", "style": {"isItalics": "no", "isUnderlined": "no", "isTitle": "no", "isBold": "no"}, "inip": "0", "form": "Jim", "quote_level": "0", "affected_by_negation": "no", "separation": "_", "analysis_list": [{"lemma": "Jim", "tag": "NPMS-N-", "sense_id_list": [{"sense_id": "a322d7a57a"}], "original_form": "Jim"}], "sense_list": [{"info": "sementity/class=instance@fiction=nonfiction@id=ODENTITY_FIRST_NAME@type=Top>Person>FirstName\tsemld_list=sumo:FirstName", "id": "a322d7a57a", "form": "Jim"}], "id": "1"}], "separation": "_", "form": "Jim", "quote_level": "0", "head": "1", "syntactic_tree_relation_list": [{"type": "isSubject", "id": "2"}], "affected_by_negation": "no", "inip": "0", "analysis_list": [{"lemma": "Jim", "tag": "GNMS3S--", "original_form": "Jim"}], "type": "phrase", "id": "13"}, {"endp": "12", "style": {"isItalics": "no", "isUnderlined": "no", "isTitle": "no", "isBold": "no"}, "inip": "4", "form": "comforted", "quote_level": "0", "syntactic_tree_relation_list": [{"type": "iof_isSubject", "id": "13"}, {"type": "iof_isDirectObject", "id": "14"}, {"type": "iof_isComplement", "id": "16"}], "affected_by_negation": "no", "separation": "1", "analysis_list": [{"lemma": "comfort", "tag": "VI-S3ASA-N-N3", "sense_id_list": [{"sense_id": "ODENTITY_INTENTIONAL_PSYCHOLOGICAL_PROCESS"}, {"sense_id": "ODENTITY_REPAIRING"}], "original_form": "comforted"}], "sense_list": [{"info": "sementity/id=ODENTITY_INTENTIONAL_PSYCHOLOGICAL_PROCESS@type=Top>Process>IntentionalProcess>IntentionalPsychologicalProcess\tsemld_list=sumo:IntentionalProcess", "id": "ODENTITY_INTENTIONAL_PSYCHOLOGICAL_PROCESS", "form": "comfort"}, {"info": "sementity/id=ODENTITY_REPAIRING@type=Top>Process>IntentionalProcess>Repairing\tsemld_list=sumo:IntentionalProcess", "id": "ODENTITY_REPAIRING", "form": "comfort"}], "id": "2"}, {"endp": "18", "style": {"isItalics": "no", "isUnderlined": "no", "isTitle": "no", "isBold": "no"}, "token_list": [{"endp": "18", "style": {"isItalics": "no", "isUnderlined": "no", "isTitle": "no", "isBold": "no"}, "inip": "14", "form": "Kevin", "quote_level": "0", "affected_by_negation": "no", "separation": "1", "analysis_list": [{"lemma": "Kevin", "tag": "NPMS-N-", "sense_id_list": [{"sense_id": "e4d925a4ad"}], "original_form": "Kevin"}], "sense_list": [{"info": "sementity/class=instance@fiction=nonfiction@id=ODENTITY_FIRST_NAME@type=Top>Person>FirstName\tsemld_list=sumo:FirstName", "id": "e4d925a4ad", "form": "Kevin"}], "id": "3"}], "separation": "1", "form": "Kevin", "quote_level": "0", "head": "3", "syntactic_tree_relation_list": [{"type": "isSubject", "id": "10"}, {"type": "isDirectObject", "id": "2"}, {"type": "iof_isAnaphora", "id": "15"}], "affected_by_negation": "no", "inip": "14", "analysis_list": [{"lemma": "Kevin", "tag": "GNMS3D--", "original_form": "Kevin"}], "type": "phrase", "id": "14"}, {"endp": "42", "style": {"isItalics": "no", "isUnderlined": "no", "isTitle": "no", "isBold": "no"}, "token_list": [{"endp": "26", "style": {"isItalics": "no", "isUnderlined": "no", "isTitle": "no", "isBold": "no"}, "inip": "20", "form": "because", "quote_level": "0", "affected_by_negation": "no", "separation": "1", "analysis_list": [{"lemma": "because", "tag": "CSPN7", "original_form": "because"}], "id": "4"}, {"endp": "29", "style": {"isItalics": "no", "isUnderlined": "no", "isTitle": "no", "isBold": "no"}, "token_list": [{"endp": "29", "style": {"isItalics": "no", "isUnderlined": "no", "isTitle": "no", "isBold": "no"}, "inip": "28", "form": "he", "quote_level": "0", "affected_by_negation": "no", "separation": "1", "analysis_list": [{"lemma": "he", "tag": "PPMS3NN8", "sense_id_list": [{"sense_id": "PRONHUMAN"}], "original_form": "he"}], "sense_list": [{"info": "semhum=human", "id": "PRONHUMAN", "form": "he"}], "id": "5"}], "separation": "1", "form": "he", "quote_level": "0", "head": "5", "syntactic_tree_relation_list": [{"type": "isAnaphora", "id": "14"}], "affected_by_negation": "no", "inip": "28", "analysis_list": [{"lemma": "he", "tag": "GNMS3---", "original_form": "he"}], "type": "phrase", "id": "15"}, {"endp": "36", "style": {"isItalics": "no", "isUnderlined": "no", "isTitle": "no", "isBold": "no"}, "inip": "35", "form": "so", "quote_level": "0", "affected_by_negation": "no", "separation": "1", "analysis_list": [{"lemma": "so", "tag": "ENMPN7", "original_form": "so"}, {"lemma": "so", "tag": "ENQPN7", "original_form": "so"}], "id": "7"}, {"endp": "42", "style": {"isItalics": "no", "isUnderlined": "no", "isTitle": "no", "isBold": "no"}, "separation": "1", "form": "was upset", "quote_level": "0", "head": "6", "syntactic_tree_relation_list": [{"type": "iof_isSubject", "id": "14"}], "affected_by_negation": "no", "inip": "31", "analysis_list": [{"lemma": "upset", "tag": "VI-S3ASP-Y-N9", "original_form": "was upset"}, {"lemma": "upset", "tag": "VI-S1ASP-Y-N9", "original_form": "was upset"}], "type": "multiword", "id": "10"}], "separation": "1", "form": "because he so was upset", "quote_level": "0", "syntactic_tree_relation_list": [{"type": "isComplement", "id": "2"}], "affected_by_negation": "no", "inip": "20", "analysis_list": [{"lemma": "*", "tag": "ZE---CIA----", "original_form": "because he so was upset"}], "type": "phrase", "id": "16"}], "separation": "_", "form": "Jim comforted Kevin because he so was upset", "quote_level": "0", "affected_by_negation": "no", "inip": "0", "analysis_list": [{"lemma": "*", "tag": "Z-----------", "original_form": "Jim comforted Kevin because he so was upset"}], "type": "phrase", "id": "17"}], "inip": "0", "quote_level": "0", "affected_by_negation": "no", "separation": "A", "type": "sentence", "id": "11"}]}