{"status": {"msg": "OK", "credits": "1", "remaining_credits": "39904", "code": "0"}, "token_list": [{"endp": "87", "style": {"isItalics": "no", "isUnderlined": "no", "isTitle": "no", "isBold": "no"}, "token_list": [{"endp": "87", "style": {"isItalics": "no", "isUnderlined": "no", "isTitle": "no", "isBold": "no"}, "token_list": [{"endp": "19", "style": {"isItalics": "no", "isUnderlined": "no", "isTitle": "no", "isBold": "no"}, "token_list": [{"endp": "2", "style": {"isItalics": "no", "isUnderlined": "no", "isTitle": "no", "isBold": "no"}, "inip": "0", "form": "The", "quote_level": "0", "affected_by_negation": "no", "separation": "_", "analysis_list": [{"lemma": "the", "tag": "TD-SN9", "original_form": "the"}], "id": "1"}, {"endp": "7", "style": {"isItalics": "no", "isUnderlined": "no", "isTitle": "no", "isBold": "no"}, "inip": "4", "form": "sack", "quote_level": "0", "affected_by_negation": "no", "separation": "1", "analysis_list": [{"lemma": "sack", "tag": "NC-S-N3", "sense_id_list": [{"sense_id": "f748810057"}], "original_form": "sack"}], "sense_list": [{"info": "sementity/class=class@fiction=nonfiction@id=ODENTITY_PRODUCT@type=Top>Product\tsemld_list=sumo:Artifact\tsemtheme_list/id=ODTHEME_FASHION@type=Top>Society>Fashion", "id": "f748810057", "form": "bag"}], "id": "2"}, {"endp": "19", "style": {"isItalics": "no", "isUnderlined": "no", "isTitle": "no", "isBold": "no"}, "token_list": [{"endp": "10", "style": {"isItalics": "no", "isUnderlined": "no", "isTitle": "no", "isBold": "no"}, "inip": "9", "form": "of", "quote_level": "0", "affected_by_negation": "no", "separation": "1", "analysis_list": [{"lemma": "of", "tag": "YN9", "original_form": "of"}], "id": "3"}, {"endp": "19", "style": {"isItalics": "no", "isUnderlined": "no", "isTitle": "no", "isBold": "no"}, "token_list": [{"endp": "19", "style": {"isItalics": "no", "isUnderlined": "no", "isTitle": "no", "isBold": "no"}, "inip": "12", "form": "potatoes", "quote_level": "0", "affected_by_negation": "no", "separation": "1", "analysis_list": [{"lemma": "potato", "tag": "NC-P-N4", "sense_id_list": [{"sense_id": "d5183700c2"}], "original_form": "potatoes"}], "sense_list": [{"info": "sementity/class=class@fiction=nonfiction@id=ODENTITY_FLORA@type=Top>LivingThing>Flora\tsemld_list=sumo:Plant\tsemtheme_list/id=ODTHEME_BOTANY@type=Top>NaturalSciences>Botany", "official_form": "Solanum tuberosum", "id": "d5183700c2", "form": "potato"}], "id": "4"}], "separation": "1", "form": "potatoes", "quote_level": "0", "head": "4", "affected_by_negation": "no", "inip": "12", "analysis_list": [{"lemma": "potato", "tag": "GN-P3---", "original_form": "potatoes"}], "type": "phrase", "id": "29"}], "separation": "1", "form": "of potatoes", "quote_level": "0", "head": "3", "affected_by_negation": "no", "inip": "9", "analysis_list": [{"lemma": "of", "tag": "GY------", "original_form": "of potatoes"}], "type": "phrase", "id": "36"}], "separation": "_", "form": "The sack of potatoes", "quote_level": "0", "head": "2", "syntactic_tree_relation_list": [{"type": "isSubject", "id": "24"}, {"type": "iof_isAnaphora", "id": "33"}], "affected_by_negation": "no", "inip": "0", "analysis_list": [{"lemma": "sack", "tag": "GN-S3S--", "original_form": "The sack"}], "type": "phrase", "id": "28"}, {"endp": "35", "style": {"isItalics": "no", "isUnderlined": "no", "isTitle": "no", "isBold": "no"}, "separation": "1", "form": "had been placed", "quote_level": "0", "head": "5", "syntactic_tree_relation_list": [{"type": "iof_isSubject", "id": "28"}, {"type": "iof_isComplement", "id": "35"}, {"type": "iof_isComplement", "id": "37"}], "affected_by_negation": "no", "inip": "21", "analysis_list": [{"lemma": "place", "tag": "VI-S3APP-N-N9", "original_form": "had been placed"}], "type": "multiword", "id": "24"}, {"endp": "58", "style": {"isItalics": "no", "isUnderlined": "no", "isTitle": "no", "isBold": "no"}, "token_list": [{"endp": "41", "style": {"isItalics": "no", "isUnderlined": "no", "isTitle": "no", "isBold": "no"}, "inip": "37", "form": "below", "quote_level": "0", "affected_by_negation": "no", "separation": "1", "analysis_list": [{"lemma": "below", "tag": "YN5", "original_form": "below"}], "id": "8"}, {"endp": "58", "style": {"isItalics": "no", "isUnderlined": "no", "isTitle": "no", "isBold": "no"}, "token_list": [{"endp": "45", "style": {"isItalics": "no", "isUnderlined": "no", "isTitle": "no", "isBold": "no"}, "inip": "43", "form": "the", "quote_level": "0", "affected_by_negation": "no", "separation": "1", "analysis_list": [{"lemma": "the", "tag": "TD-SN9", "original_form": "the"}], "id": "9"}, {"endp": "49", "style": {"isItalics": "no", "isUnderlined": "no", "isTitle": "no", "isBold": "no"}, "inip": "47", "form": "bag", "quote_level": "0", "affected_by_negation": "no", "separation": "1", "analysis_list": [{"lemma": "bag", "tag": "NC-S-N5", "sense_id_list": [{"sense_id": "f748810057"}], "original_form": "bag"}], "sense_list": [{"info": "sementity/class=class@fiction=nonfiction@id=ODENTITY_PRODUCT@type=Top>Product\tsemld_list=sumo:Artifact\tsemtheme_list/id=ODTHEME_FASHION@type=Top>Society>Fashion", "id": "f748810057", "form": "bag"}], "id": "10"}, {"endp": "58", "style": {"isItalics": "no", "isUnderlined": "no", "isTitle": "no", "isBold": "no"}, "token_list": [{"endp": "52", "style": {"isItalics": "no", "isUnderlined": "no", "isTitle": "no", "isBold": "no"}, "inip": "51", "form": "of", "quote_level": "0", "affected_by_negation": "no", "separation": "1", "analysis_list": [{"lemma": "of", "tag": "YN9", "original_form": "of"}], "id": "11"}, {"endp": "58", "style": {"isItalics": "no", "isUnderlined": "no", "isTitle": "no", "isBold": "no"}, "token_list": [{"endp": "58", "style": {"isItalics": "no", "isUnderlined": "no", "isTitle": "no", "isBold": "no"}, "inip": "54", "form": "flour", "quote_level": "0", "affected_by_negation": "no", "separation": "1", "analysis_list": [{"lemma": "flour", "tag": "NC-S-N3", "sense_id_list": [{"sense_id": "5bd4cdbaf9"}], "original_form": "flour"}], "sense_list": [{"info": "sementity/class=class@fiction=nonfiction@id=ODENTITY_FOOD@type=Top>Product>Food\tsemld_list=sumo:PreparedFood\tsemtheme_list/id=ODTHEME_GASTRONOMY@type=Top>Society>Gastronomy", "id": "5bd4cdbaf9", "form": "flour"}], "id": "12"}], "separation": "1", "form": "flour", "quote_level": "0", "head": "12", "affected_by_negation": "no", "inip": "54", "analysis_list": [{"lemma": "flour", "tag": "GN-S3---", "original_form": "flour"}], "type": "phrase", "id": "31"}], "separation": "1", "form": "of flour", "quote_level": "0", "head": "11", "affected_by_negation": "no", "inip": "51", "analysis_list": [{"lemma": "of", "tag": "GY------", "original_form": "of flour"}], "type": "phrase", "id": "34"}], "separation": "1", "form": "the bag of flour", "quote_level": "0", "head": "10", "affected_by_negation": "no", "inip": "43", "analysis_list": [{"lemma": "bag", "tag": "GN-S3---", "original_form": "the bag"}], "type": "phrase", "id": "30"}], "separation": "1", "form": "below the bag of flour", "quote_level": "0", "head": "8", "syntactic_tree_relation_list": [{"type": "isComplement", "id": "24"}], "affected_by_negation": "no", "inip": "37", "analysis_list": [{"lemma": "below", "tag": "GY---C--", "original_form": "below the bag of flour"}], "type": "phrase", "id": "35"}, {"endp": "59", "style": {"isItalics": "no", "isUnderlined": "no", "isTitle": "no", "isBold": "no"}, "inip": "59", "form": ",", "quote_level": "0", "affected_by_negation": "no", "separation": "A", "analysis_list": [{"lemma": ",", "tag": "1D--", "original_form": ","}], "id": "13"}, {"endp": "87", "style": {"isItalics": "no", "isUnderlined": "no", "isTitle": "no", "isBold": "no"}, "token_list": [{"endp": "62", "style": {"isItalics": "no", "isUnderlined": "no", "isTitle": "no", "isBold": "no"}, "inip": "61", "form": "so", "quote_level": "0", "affected_by_negation": "no", "separation": "1", "analysis_list": [{"lemma": "so", "tag": "CSLN7", "original_form": "so"}, {"lemma": "so", "tag": "CSFN7", "original_form": "so"}], "id": "14"}, {"endp": "65", "style": {"isItalics": "no", "isUnderlined": "no", "isTitle": "no", "isBold": "no"}, "token_list": [{"endp": "65", "style": {"isItalics": "no", "isUnderlined": "no", "isTitle": "no", "isBold": "no"}, "inip": "64", "form": "it", "quote_level": "0", "affected_by_negation": "no", "separation": "1", "analysis_list": [{"lemma": "it", "tag": "PP-S3NN8", "sense_id_list": [{"sense_id": "PRONNONHUMAN"}], "original_form": "it"}, {"lemma": "it", "tag": "PP-S3AN8", "sense_id_list": [{"sense_id": "PRONNONHUMAN"}], "original_form": "it"}], "sense_list": [{"info": "semhum=nonhuman", "id": "PRONNONHUMAN", "form": "it"}], "id": "15"}], "separation": "1", "form": "it", "quote_level": "0", "head": "15", "syntactic_tree_relation_list": [{"type": "isAnaphora", "id": "28"}, {"type": "isSubject", "id": "25"}], "affected_by_negation": "no", "inip": "64", "analysis_list": [{"lemma": "it", "tag": "GN-S3S--", "original_form": "it"}], "type": "phrase", "id": "33"}, {"endp": "81", "style": {"isItalics": "no", "isUnderlined": "no", "isTitle": "no", "isBold": "no"}, "separation": "1", "form": "had to be moved", "quote_level": "0", "head": "16", "syntactic_tree_relation_list": [{"type": "iof_isSubject", "id": "33"}, {"type": "iof_isDirectObject", "id": "32"}], "affected_by_negation": "no", "inip": "67", "analysis_list": [{"lemma": "had to be moved", "tag": "VP---ASA-N-N9", "original_form": "had to be moved"}, {"lemma": "had to be moved", "tag": "VI-UUASA-N-N9", "original_form": "had to be moved"}], "type": "multiword", "id": "25"}, {"endp": "87", "style": {"isItalics": "no", "isUnderlined": "no", "isTitle": "no", "isBold": "no"}, "token_list": [{"endp": "87", "style": {"isItalics": "no", "isUnderlined": "no", "isTitle": "no", "isBold": "no"}, "inip": "83", "form": "first", "quote_level": "0", "affected_by_negation": "no", "separation": "1", "analysis_list": [{"lemma": "first", "tag": "MP-SON5", "original_form": "first"}, {"lemma": "first", "tag": "MP-PON5", "original_form": "first"}], "id": "20"}], "separation": "1", "form": "first", "quote_level": "0", "head": "20", "syntactic_tree_relation_list": [{"type": "isDirectObject", "id": "25"}], "affected_by_negation": "no", "inip": "83", "analysis_list": [{"lemma": "first", "tag": "GN-S3D--", "original_form": "first"}, {"lemma": "first", "tag": "GN-P3D--", "original_form": "first"}], "type": "phrase", "id": "32"}], "separation": "1", "form": "so it had to be moved first", "quote_level": "0", "syntactic_tree_relation_list": [{"type": "isComplement", "id": "24"}], "affected_by_negation": "no", "inip": "61", "analysis_list": [{"lemma": "*", "tag": "ZE---CIA----", "original_form": "so it had to be moved first"}, {"lemma": "*", "tag": "ZE---CA-----", "original_form": "so it had to be moved first"}], "type": "phrase", "id": "37"}], "separation": "_", "form": "The sack of potatoes had been placed below the bag of flour, so it had to be moved first", "quote_level": "0", "affected_by_negation": "no", "inip": "0", "analysis_list": [{"lemma": "*", "tag": "Z-----------", "original_form": "The sack of potatoes had been placed below the bag of flour, so it had to be moved first"}], "type": "phrase", "id": "38"}], "inip": "0", "quote_level": "0", "affected_by_negation": "no", "separation": "A", "type": "sentence", "id": "26"}]}