{"status": {"msg": "OK", "credits": "1", "remaining_credits": "39940", "code": "0"}, "token_list": [{"endp": "85", "style": {"isItalics": "no", "isUnderlined": "no", "isTitle": "no", "isBold": "no"}, "token_list": [{"endp": "85", "style": {"isItalics": "no", "isUnderlined": "no", "isTitle": "no", "isBold": "no"}, "token_list": [{"endp": "18", "style": {"isItalics": "no", "isUnderlined": "no", "isTitle": "no", "isBold": "no"}, "token_list": [{"endp": "2", "style": {"isItalics": "no", "isUnderlined": "no", "isTitle": "no", "isBold": "no"}, "inip": "0", "form": "The", "quote_level": "0", "affected_by_negation": "no", "separation": "_", "analysis_list": [{"lemma": "the", "tag": "TD-PN9", "original_form": "the"}], "id": "1"}, {"endp": "7", "style": {"isItalics": "no", "isUnderlined": "no", "isTitle": "no", "isBold": "no"}, "inip": "4", "form": "city", "quote_level": "0", "affected_by_negation": "no", "separation": "1", "analysis_list": [{"lemma": "city", "tag": "NC-S-N6", "sense_id_list": [{"sense_id": "817857ee40"}], "original_form": "city"}], "sense_list": [{"info": "sementity/class=class@fiction=nonfiction@id=ODENTITY_CITY@type=Top>Location>GeoPoliticalEntity>City\tsemld_list=sumo:City", "id": "817857ee40", "form": "city"}], "id": "2"}, {"endp": "18", "style": {"isItalics": "no", "isUnderlined": "no", "isTitle": "no", "isBold": "no"}, "inip": "9", "form": "councilmen", "quote_level": "0", "affected_by_negation": "no", "separation": "1", "analysis_list": [{"lemma": "councilman", "tag": "NC-P-N-", "sense_id_list": [{"sense_id": "b50a2492b7"}, {"sense_id": "f7243de48c"}], "original_form": "councilmen"}], "sense_list": [{"info": "sementity/class=class@fiction=nonfiction@id=ODENTITY_TITLE@type=Top>OtherEntity>Title\tsemld_list=sumo:Title\tsemtheme_list/id=ODTHEME_POLITICS@type=Top>Society>Politics", "id": "b50a2492b7", "form": "councilman"}, {"info": "sementity/class=class@fiction=nonfiction@id=ODENTITY_TITLE@type=Top>OtherEntity>Title\tsemld_list=sumo:Title\tsemtheme_list/id=ODTHEME_POLITICS@type=Top>Society>Politics", "id": "f7243de48c", "form": "Aedile"}], "id": "3"}], "separation": "_", "form": "The city councilmen", "quote_level": "0", "head": "3", "syntactic_tree_relation_list": [{"type": "isSubject", "id": "4"}], "affected_by_negation": "no", "inip": "0", "analysis_list": [{"lemma": "councilman", "tag": "GN-P3S--", "original_form": "The city councilmen"}], "type": "phrase", "id": "17"}, {"endp": "26", "style": {"isItalics": "no", "isUnderlined": "no", "isTitle": "no", "isBold": "no"}, "inip": "20", "form": "refused", "quote_level": "0", "syntactic_tree_relation_list": [{"type": "iof_isSubject", "id": "17"}, {"type": "iof_isDirectObject", "id": "18"}, {"type": "iof_isDirectObject", "id": "19"}, {"type": "iof_isComplement", "id": "22"}], "affected_by_negation": "no", "separation": "1", "analysis_list": [{"lemma": "refuse", "tag": "VI-P3ASA-N-N5", "sense_id_list": [{"sense_id": "ODENTITY_LINGUISTIC_COMMUNICATION"}, {"sense_id": "ODENTITY_COMMUNICATION_PROCESS"}, {"sense_id": "ODENTITY_CHANGE_OF_POSSESSION"}, {"sense_id": "ODENTITY_INTENTIONAL_PROCESS"}], "original_form": "refused"}], "sense_list": [{"info": "sementity/id=ODENTITY_CHANGE_OF_POSSESSION@type=Top>Process>IntentionalProcess>SocialInteraction>ChangeOfPossession\tsemld_list=sumo:IntentionalProcess", "id": "ODENTITY_CHANGE_OF_POSSESSION", "form": "refuse"}, {"info": "sementity/id=ODENTITY_COMMUNICATION_PROCESS@type=Top>Process>ContentBearingProcess>CommunicationProcess\tsemld_list=sumo:Entity", "id": "ODENTITY_COMMUNICATION_PROCESS", "form": "refuse"}, {"info": "sementity/id=ODENTITY_INTENTIONAL_PROCESS@type=Top>Process>IntentionalProcess\tsemld_list=sumo:IntentionalProcess", "id": "ODENTITY_INTENTIONAL_PROCESS", "form": "refuse"}, {"info": "sementity/id=ODENTITY_LINGUISTIC_COMMUNICATION@type=Top>Process>ContentBearingProcess>CommunicationProcess>LinguisticCommunication\tsemld_list=sumo:Entity", "id": "ODENTITY_LINGUISTIC_COMMUNICATION", "form": "refuse"}], "id": "4"}, {"endp": "44", "style": {"isItalics": "no", "isUnderlined": "no", "isTitle": "no", "isBold": "no"}, "token_list": [{"endp": "30", "style": {"isItalics": "no", "isUnderlined": "no", "isTitle": "no", "isBold": "no"}, "inip": "28", "form": "the", "quote_level": "0", "affected_by_negation": "no", "separation": "1", "analysis_list": [{"lemma": "the", "tag": "TD-PN9", "original_form": "the"}], "id": "5"}, {"endp": "44", "style": {"isItalics": "no", "isUnderlined": "no", "isTitle": "no", "isBold": "no"}, "inip": "32", "form": "demonstrators", "quote_level": "0", "affected_by_negation": "no", "separation": "1", "analysis_list": [{"lemma": "demonstrator", "tag": "NC-P-N2", "sense_id_list": [{"sense_id": "317abcb914"}], "original_form": "demonstrators"}], "sense_list": [{"info": "sementity/class=class@fiction=nonfiction@id=ODENTITY_PERSON@type=Top>Person\tsemld_list=sumo:Human", "id": "317abcb914", "form": "demonstrator"}], "id": "6"}], "separation": "1", "form": "the demonstrators", "quote_level": "0", "head": "6", "syntactic_tree_relation_list": [{"type": "isDirectObject", "id": "4"}, {"type": "iof_isAnaphora", "id": "21"}], "affected_by_negation": "no", "inip": "28", "analysis_list": [{"lemma": "demonstrator", "tag": "GN-P3D--", "original_form": "the demonstrators"}], "type": "phrase", "id": "18"}, {"endp": "53", "style": {"isItalics": "no", "isUnderlined": "no", "isTitle": "no", "isBold": "no"}, "token_list": [{"endp": "46", "style": {"isItalics": "no", "isUnderlined": "no", "isTitle": "no", "isBold": "no"}, "inip": "46", "form": "a", "quote_level": "0", "affected_by_negation": "no", "separation": "1", "analysis_list": [{"lemma": "a", "tag": "QD-SPN9", "original_form": "a"}], "id": "7"}, {"endp": "53", "style": {"isItalics": "no", "isUnderlined": "no", "isTitle": "no", "isBold": "no"}, "inip": "48", "form": "permit", "quote_level": "0", "affected_by_negation": "no", "separation": "1", "analysis_list": [{"lemma": "permit", "tag": "NC-S-N5", "original_form": "permit"}], "id": "8"}], "separation": "1", "form": "a permit", "quote_level": "0", "head": "8", "syntactic_tree_relation_list": [{"type": "isDirectObject", "id": "4"}], "affected_by_negation": "no", "inip": "46", "analysis_list": [{"lemma": "permit", "tag": "GN-S3D--", "original_form": "a permit"}], "type": "phrase", "id": "19"}, {"endp": "85", "style": {"isItalics": "no", "isUnderlined": "no", "isTitle": "no", "isBold": "no"}, "token_list": [{"endp": "61", "style": {"isItalics": "no", "isUnderlined": "no", "isTitle": "no", "isBold": "no"}, "inip": "55", "form": "because", "quote_level": "0", "affected_by_negation": "no", "separation": "1", "analysis_list": [{"lemma": "because", "tag": "CSPN7", "original_form": "because"}], "id": "9"}, {"endp": "66", "style": {"isItalics": "no", "isUnderlined": "no", "isTitle": "no", "isBold": "no"}, "token_list": [{"endp": "66", "style": {"isItalics": "no", "isUnderlined": "no", "isTitle": "no", "isBold": "no"}, "inip": "63", "form": "they", "quote_level": "0", "affected_by_negation": "no", "separation": "1", "analysis_list": [{"lemma": "they", "tag": "PP-P3NN8", "sense_id_list": [{"sense_id": "PRONBOTH"}], "original_form": "they"}], "sense_list": [{"info": "semhum=both", "id": "PRONBOTH", "form": "they"}], "id": "10"}], "separation": "1", "form": "they", "quote_level": "0", "head": "10", "syntactic_tree_relation_list": [{"type": "isAnaphora", "id": "18"}, {"type": "isSubject", "id": "11"}], "affected_by_negation": "no", "inip": "63", "analysis_list": [{"lemma": "they", "tag": "GN-P3S--", "original_form": "they"}], "type": "phrase", "id": "21"}, {"endp": "76", "style": {"isItalics": "no", "isUnderlined": "no", "isTitle": "no", "isBold": "no"}, "inip": "68", "form": "advocated", "quote_level": "0", "syntactic_tree_relation_list": [{"type": "iof_isSubject", "id": "21"}, {"type": "iof_isDirectObject", "id": "20"}], "affected_by_negation": "no", "separation": "1", "analysis_list": [{"lemma": "advocate", "tag": "VI-UUASA-N-N3", "sense_id_list": [{"sense_id": "ODENTITY_COMMUNICATION_PROCESS"}], "original_form": "advocated"}], "sense_list": [{"info": "sementity/id=ODENTITY_COMMUNICATION_PROCESS@type=Top>Process>ContentBearingProcess>CommunicationProcess\tsemld_list=sumo:Entity", "id": "ODENTITY_COMMUNICATION_PROCESS", "form": "advocate"}], "id": "11"}, {"endp": "85", "style": {"isItalics": "no", "isUnderlined": "no", "isTitle": "no", "isBold": "no"}, "token_list": [{"endp": "85", "style": {"isItalics": "no", "isUnderlined": "no", "isTitle": "no", "isBold": "no"}, "inip": "78", "form": "violence", "quote_level": "0", "affected_by_negation": "no", "separation": "1", "analysis_list": [{"lemma": "violence", "tag": "NC-S-N5", "sense_id_list": [{"sense_id": "cc27dae29f"}], "original_form": "violence"}], "sense_list": [{"info": "sementity/class=class@fiction=nonfiction@id=ODENTITY_TOP@type=Top\tsemld_list=sumo:Entity", "id": "cc27dae29f", "form": "violence"}], "id": "12"}], "separation": "1", "form": "violence", "quote_level": "0", "head": "12", "syntactic_tree_relation_list": [{"type": "isDirectObject", "id": "11"}], "affected_by_negation": "no", "inip": "78", "analysis_list": [{"lemma": "violence", "tag": "GN-S3D--", "original_form": "violence"}], "type": "phrase", "id": "20"}], "separation": "1", "form": "because they advocated violence", "quote_level": "0", "syntactic_tree_relation_list": [{"type": "isComplement", "id": "4"}], "affected_by_negation": "no", "inip": "55", "analysis_list": [{"lemma": "*", "tag": "ZE---CIA----", "original_form": "because they advocated violence"}], "type": "phrase", "id": "22"}], "separation": "_", "form": "The city councilmen refused the demonstrators a permit because they advocated violence", "quote_level": "0", "affected_by_negation": "no", "inip": "0", "analysis_list": [{"lemma": "*", "tag": "Z-----------", "original_form": "The city councilmen refused the demonstrators a permit because they advocated violence"}], "type": "phrase", "id": "23"}], "inip": "0", "quote_level": "0", "affected_by_negation": "no", "separation": "A", "type": "sentence", "id": "14"}]}