{"status": {"msg": "OK", "credits": "1", "remaining_credits": "39903", "code": "0"}, "token_list": [{"endp": "48", "style": {"isItalics": "no", "isUnderlined": "no", "isTitle": "no", "isBold": "no"}, "token_list": [{"endp": "48", "style": {"isItalics": "no", "isUnderlined": "no", "isTitle": "no", "isBold": "no"}, "token_list": [{"endp": "3", "style": {"isItalics": "no", "isUnderlined": "no", "isTitle": "no", "isBold": "no"}, "token_list": [{"endp": "3", "style": {"isItalics": "no", "isUnderlined": "no", "isTitle": "no", "isBold": "no"}, "inip": "0", "form": "Pete", "quote_level": "0", "affected_by_negation": "no", "separation": "_", "analysis_list": [{"lemma": "Pete", "tag": "NPMS-N-", "sense_id_list": [{"sense_id": "5b0b08ce4c"}], "original_form": "Pete"}], "sense_list": [{"info": "sementity/class=instance@fiction=nonfiction@id=ODENTITY_FIRST_NAME@type=Top>Person>FirstName\tsemld_list=sumo:FirstName", "id": "5b0b08ce4c", "form": "Pete"}], "id": "1"}], "separation": "_", "form": "Pete", "quote_level": "0", "head": "1", "syntactic_tree_relation_list": [{"type": "isSubject", "id": "2"}], "affected_by_negation": "no", "inip": "0", "analysis_list": [{"lemma": "Pete", "tag": "GNMS3S--", "original_form": "Pete"}], "type": "phrase", "id": "13"}, {"endp": "10", "style": {"isItalics": "no", "isUnderlined": "no", "isTitle": "no", "isBold": "no"}, "inip": "5", "form": "envies", "quote_level": "0", "syntactic_tree_relation_list": [{"type": "iof_isSubject", "id": "13"}, {"type": "iof_isDirectObject", "id": "14"}, {"type": "iof_isComplement", "id": "17"}], "affected_by_negation": "no", "separation": "1", "analysis_list": [{"lemma": "envy", "tag": "VI-S3PSA-N-N-", "sense_id_list": [{"sense_id": "ODENTITY_INTENTIONAL_PSYCHOLOGICAL_PROCESS"}], "original_form": "envies"}], "sense_list": [{"info": "sementity/id=ODENTITY_INTENTIONAL_PSYCHOLOGICAL_PROCESS@type=Top>Process>IntentionalProcess>IntentionalPsychologicalProcess\tsemld_list=sumo:IntentionalProcess", "id": "ODENTITY_INTENTIONAL_PSYCHOLOGICAL_PROCESS", "form": "envy"}], "id": "2"}, {"endp": "17", "style": {"isItalics": "no", "isUnderlined": "no", "isTitle": "no", "isBold": "no"}, "token_list": [{"endp": "17", "style": {"isItalics": "no", "isUnderlined": "no", "isTitle": "no", "isBold": "no"}, "inip": "12", "form": "Martin", "quote_level": "0", "affected_by_negation": "no", "separation": "1", "analysis_list": [{"lemma": "Martin", "tag": "NPUS-N-", "sense_id_list": [{"sense_id": "f2d4e29243"}], "original_form": "Martin"}], "sense_list": [{"info": "sementity/class=instance@fiction=nonfiction@id=ODENTITY_LAST_NAME@type=Top>Person>LastName\tsemld_list=sumo:LastName", "id": "f2d4e29243", "form": "Martin"}], "id": "3"}], "separation": "1", "form": "Martin", "quote_level": "0", "head": "3", "syntactic_tree_relation_list": [{"type": "isDirectObject", "id": "2"}, {"type": "iof_isAnaphora", "id": "16"}], "affected_by_negation": "no", "inip": "12", "analysis_list": [{"lemma": "Martin", "tag": "GNUS3D--", "original_form": "Martin"}], "type": "phrase", "id": "14"}, {"endp": "48", "style": {"isItalics": "no", "isUnderlined": "no", "isTitle": "no", "isBold": "no"}, "token_list": [{"endp": "26", "style": {"isItalics": "no", "isUnderlined": "no", "isTitle": "no", "isBold": "no"}, "inip": "19", "form": "although", "quote_level": "0", "affected_by_negation": "no", "separation": "1", "analysis_list": [{"lemma": "although", "tag": "CSVN6", "original_form": "although"}], "id": "4"}, {"endp": "29", "style": {"isItalics": "no", "isUnderlined": "no", "isTitle": "no", "isBold": "no"}, "token_list": [{"endp": "29", "style": {"isItalics": "no", "isUnderlined": "no", "isTitle": "no", "isBold": "no"}, "inip": "28", "form": "he", "quote_level": "0", "affected_by_negation": "no", "separation": "1", "analysis_list": [{"lemma": "he", "tag": "PPMS3NN8", "sense_id_list": [{"sense_id": "PRONHUMAN"}], "original_form": "he"}], "sense_list": [{"info": "semhum=human", "id": "PRONHUMAN", "form": "he"}], "id": "5"}], "separation": "1", "form": "he", "quote_level": "0", "head": "5", "syntactic_tree_relation_list": [{"type": "isAnaphora", "id": "14"}, {"type": "isSubject", "id": "6"}], "affected_by_negation": "no", "inip": "28", "analysis_list": [{"lemma": "he", "tag": "GNMS3S--", "original_form": "he"}], "type": "phrase", "id": "16"}, {"endp": "32", "style": {"isItalics": "no", "isUnderlined": "no", "isTitle": "no", "isBold": "no"}, "inip": "31", "form": "is", "quote_level": "0", "syntactic_tree_relation_list": [{"type": "iof_isSubject", "id": "16"}, {"type": "iof_isAttribute", "id": "15"}], "affected_by_negation": "no", "separation": "1", "analysis_list": [{"lemma": "be", "tag": "VI-S3PSA-N-N9", "original_form": "is"}], "id": "6"}, {"endp": "48", "style": {"isItalics": "no", "isUnderlined": "no", "isTitle": "no", "isBold": "no"}, "token_list": [{"endp": "37", "style": {"isItalics": "no", "isUnderlined": "no", "isTitle": "no", "isBold": "no"}, "inip": "34", "form": "very", "quote_level": "0", "affected_by_negation": "no", "separation": "1", "analysis_list": [{"lemma": "very", "tag": "ENMSN5", "original_form": "very"}], "id": "7"}, {"endp": "48", "style": {"isItalics": "no", "isUnderlined": "no", "isTitle": "no", "isBold": "no"}, "inip": "39", "form": "successful", "quote_level": "0", "affected_by_negation": "no", "separation": "1", "analysis_list": [{"lemma": "successful", "tag": "AP-N5", "original_form": "successful"}], "id": "8"}], "separation": "1", "form": "very successful", "quote_level": "0", "head": "8", "syntactic_tree_relation_list": [{"type": "isAttribute", "id": "6"}], "affected_by_negation": "no", "inip": "34", "analysis_list": [{"lemma": "successful", "tag": "GA---A--", "original_form": "very successful"}], "type": "phrase", "id": "15"}], "separation": "1", "form": "although he is very successful", "quote_level": "0", "syntactic_tree_relation_list": [{"type": "isComplement", "id": "2"}], "affected_by_negation": "no", "inip": "19", "analysis_list": [{"lemma": "*", "tag": "ZE---CIP----", "original_form": "although he is very successful"}], "type": "phrase", "id": "17"}], "separation": "_", "form": "Pete envies Martin although he is very successful", "quote_level": "0", "affected_by_negation": "no", "inip": "0", "analysis_list": [{"lemma": "*", "tag": "Z-----------", "original_form": "Pete envies Martin although he is very successful"}], "type": "phrase", "id": "18"}], "inip": "0", "quote_level": "0", "affected_by_negation": "no", "separation": "A", "type": "sentence", "id": "10"}]}