{"status": {"msg": "OK", "credits": "1", "remaining_credits": "39900", "code": "0"}, "token_list": [{"endp": "68", "style": {"isItalics": "no", "isUnderlined": "no", "isTitle": "no", "isBold": "no"}, "token_list": [{"endp": "68", "style": {"isItalics": "no", "isUnderlined": "no", "isTitle": "no", "isBold": "no"}, "token_list": [{"endp": "17", "style": {"isItalics": "no", "isUnderlined": "no", "isTitle": "no", "isBold": "no"}, "token_list": [{"endp": "2", "style": {"isItalics": "no", "isUnderlined": "no", "isTitle": "no", "isBold": "no"}, "inip": "0", "form": "The", "quote_level": "0", "affected_by_negation": "no", "separation": "_", "analysis_list": [{"lemma": "the", "tag": "TD-PN9", "original_form": "the"}], "id": "1"}, {"endp": "8", "style": {"isItalics": "no", "isUnderlined": "no", "isTitle": "no", "isBold": "no"}, "inip": "4", "form": "older", "quote_level": "0", "affected_by_negation": "no", "separation": "1", "analysis_list": [{"lemma": "old", "tag": "AC-N7", "original_form": "older"}], "id": "2"}, {"endp": "17", "style": {"isItalics": "no", "isUnderlined": "no", "isTitle": "no", "isBold": "no"}, "inip": "10", "form": "students", "quote_level": "0", "affected_by_negation": "no", "separation": "1", "analysis_list": [{"lemma": "student", "tag": "NC-P-N6", "sense_id_list": [{"sense_id": "58bb19bc98"}, {"sense_id": "a5c097def7"}], "original_form": "students"}], "sense_list": [{"info": "sementity/class=class@fiction=nonfiction@id=ODENTITY_VOCATION@type=Top>OtherEntity>Vocation\tsemld_list=sumo:Position\tsemtheme_list/id=ODTHEME_EDUCATION@type=Top>Society>Education", "id": "58bb19bc98", "form": "student"}, {"info": "sementity/class=class@fiction=nonfiction@id=ODENTITY_PERSON@type=Top>Person\tsemld_list=sumo:Human", "id": "a5c097def7", "form": "student"}], "id": "3"}], "separation": "_", "form": "The older students", "quote_level": "0", "head": "3", "syntactic_tree_relation_list": [{"type": "isSubject", "id": "15"}, {"type": "iof_isAnaphora", "id": "20"}], "affected_by_negation": "no", "inip": "0", "analysis_list": [{"lemma": "student", "tag": "GN-P3S--", "original_form": "The older students"}], "type": "phrase", "id": "18"}, {"endp": "31", "style": {"isItalics": "no", "isUnderlined": "no", "isTitle": "no", "isBold": "no"}, "separation": "1", "form": "were bullying", "quote_level": "0", "head": "4", "syntactic_tree_relation_list": [{"type": "iof_isSubject", "id": "18"}, {"type": "iof_isDirectObject", "id": "19"}, {"type": "iof_isComplement", "id": "22"}], "affected_by_negation": "no", "inip": "19", "analysis_list": [{"lemma": "bully", "tag": "VI-P3ACA-N-N9", "original_form": "were bullying"}], "type": "multiword", "id": "15"}, {"endp": "48", "style": {"isItalics": "no", "isUnderlined": "no", "isTitle": "no", "isBold": "no"}, "token_list": [{"endp": "35", "style": {"isItalics": "no", "isUnderlined": "no", "isTitle": "no", "isBold": "no"}, "inip": "33", "form": "the", "quote_level": "0", "affected_by_negation": "no", "separation": "1", "analysis_list": [{"lemma": "the", "tag": "TD-PN9", "original_form": "the"}], "id": "6"}, {"endp": "43", "style": {"isItalics": "no", "isUnderlined": "no", "isTitle": "no", "isBold": "no"}, "inip": "37", "form": "younger", "quote_level": "0", "affected_by_negation": "no", "separation": "1", "analysis_list": [{"lemma": "young", "tag": "AC-N6", "original_form": "younger"}], "id": "7"}, {"endp": "48", "style": {"isItalics": "no", "isUnderlined": "no", "isTitle": "no", "isBold": "no"}, "inip": "45", "form": "ones", "quote_level": "0", "affected_by_negation": "no", "separation": "1", "analysis_list": [{"lemma": "ONE", "tag": "QP-PPN-", "original_form": "ones"}, {"lemma": "one", "tag": "QP-PPN7", "original_form": "ones"}], "id": "8"}], "separation": "1", "form": "the younger ones", "quote_level": "0", "head": "8", "syntactic_tree_relation_list": [{"type": "isDirectObject", "id": "15"}], "affected_by_negation": "no", "inip": "33", "analysis_list": [{"lemma": "ONE", "tag": "GN-P3D--", "original_form": "the younger ones"}, {"lemma": "one", "tag": "GN-P3D--", "original_form": "the younger ones"}], "type": "phrase", "id": "19"}, {"endp": "49", "style": {"isItalics": "no", "isUnderlined": "no", "isTitle": "no", "isBold": "no"}, "inip": "49", "form": ",", "quote_level": "0", "affected_by_negation": "no", "separation": "A", "analysis_list": [{"lemma": ",", "tag": "1D--", "original_form": ","}], "id": "9"}, {"endp": "68", "style": {"isItalics": "no", "isUnderlined": "no", "isTitle": "no", "isBold": "no"}, "token_list": [{"endp": "52", "style": {"isItalics": "no", "isUnderlined": "no", "isTitle": "no", "isBold": "no"}, "inip": "51", "form": "so", "quote_level": "0", "affected_by_negation": "no", "separation": "1", "analysis_list": [{"lemma": "so", "tag": "CSLN7", "original_form": "so"}, {"lemma": "so", "tag": "CSFN7", "original_form": "so"}], "id": "10"}, {"endp": "55", "style": {"isItalics": "no", "isUnderlined": "no", "isTitle": "no", "isBold": "no"}, "token_list": [{"endp": "55", "style": {"isItalics": "no", "isUnderlined": "no", "isTitle": "no", "isBold": "no"}, "inip": "54", "form": "we", "quote_level": "0", "affected_by_negation": "no", "separation": "1", "analysis_list": [{"lemma": "we", "tag": "PP-P1NN8", "sense_id_list": [{"sense_id": "PRONHUMAN"}], "original_form": "we"}], "sense_list": [{"info": "semhum=human", "id": "PRONHUMAN", "form": "we"}], "id": "11"}], "separation": "1", "form": "we", "quote_level": "0", "head": "11", "syntactic_tree_relation_list": [{"type": "isSubject", "id": "12"}], "affected_by_negation": "no", "inip": "54", "analysis_list": [{"lemma": "we", "tag": "GN-P1S--", "original_form": "we"}], "type": "phrase", "id": "21"}, {"endp": "63", "style": {"isItalics": "no", "isUnderlined": "no", "isTitle": "no", "isBold": "no"}, "inip": "57", "form": "rescued", "quote_level": "0", "syntactic_tree_relation_list": [{"type": "iof_isSubject", "id": "21"}, {"type": "iof_isDirectObject", "id": "20"}], "affected_by_negation": "no", "separation": "1", "analysis_list": [{"lemma": "rescue", "tag": "VI-UUASA-N-N4", "sense_id_list": [{"sense_id": "ODENTITY_TRANSFER"}, {"sense_id": "ODENTITY_CHANGE_OF_POSSESSION"}], "original_form": "rescued"}], "sense_list": [{"info": "sementity/id=ODENTITY_CHANGE_OF_POSSESSION@type=Top>Process>IntentionalProcess>SocialInteraction>ChangeOfPossession\tsemld_list=sumo:IntentionalProcess", "id": "ODENTITY_CHANGE_OF_POSSESSION", "form": "rescue"}, {"info": "sementity/id=ODENTITY_TRANSFER@type=Top>Process>Motion>Translocation>Transfer\tsemld_list=sumo:Entity", "id": "ODENTITY_TRANSFER", "form": "rescue"}], "id": "12"}, {"endp": "68", "style": {"isItalics": "no", "isUnderlined": "no", "isTitle": "no", "isBold": "no"}, "token_list": [{"endp": "68", "style": {"isItalics": "no", "isUnderlined": "no", "isTitle": "no", "isBold": "no"}, "inip": "65", "form": "them", "quote_level": "0", "affected_by_negation": "no", "separation": "1", "analysis_list": [{"lemma": "them", "tag": "PP-P3AN7", "sense_id_list": [{"sense_id": "PRONBOTH"}], "original_form": "them"}], "sense_list": [{"info": "semhum=both", "id": "PRONBOTH", "form": "them"}], "id": "13"}], "separation": "1", "form": "them", "quote_level": "0", "head": "13", "syntactic_tree_relation_list": [{"type": "isAnaphora", "id": "18"}, {"type": "isDirectObject", "id": "12"}], "affected_by_negation": "no", "inip": "65", "analysis_list": [{"lemma": "them", "tag": "GN-P3D--", "original_form": "them"}], "type": "phrase", "id": "20"}], "separation": "1", "form": "so we rescued them", "quote_level": "0", "syntactic_tree_relation_list": [{"type": "isComplement", "id": "15"}], "affected_by_negation": "no", "inip": "51", "analysis_list": [{"lemma": "*", "tag": "ZE---CIA----", "original_form": "so we rescued them"}], "type": "phrase", "id": "22"}], "separation": "_", "form": "The older students were bullying the younger ones, so we rescued them", "quote_level": "0", "affected_by_negation": "no", "inip": "0", "analysis_list": [{"lemma": "*", "tag": "Z-----------", "original_form": "The older students were bullying the younger ones, so we rescued them"}], "type": "phrase", "id": "23"}], "inip": "0", "quote_level": "0", "affected_by_negation": "no", "separation": "A", "type": "sentence", "id": "16"}]}