{"status": {"msg": "OK", "credits": "1", "remaining_credits": "39899", "code": "0"}, "token_list": [{"endp": "61", "style": {"isItalics": "no", "isUnderlined": "no", "isTitle": "no", "isBold": "no"}, "token_list": [{"endp": "61", "style": {"isItalics": "no", "isUnderlined": "no", "isTitle": "no", "isBold": "no"}, "token_list": [{"endp": "0", "style": {"isItalics": "no", "isUnderlined": "no", "isTitle": "no", "isBold": "no"}, "token_list": [{"endp": "0", "style": {"isItalics": "no", "isUnderlined": "no", "isTitle": "no", "isBold": "no"}, "inip": "0", "form": "I", "quote_level": "0", "affected_by_negation": "no", "separation": "_", "analysis_list": [{"lemma": "I", "tag": "PP-S1NN-", "sense_id_list": [{"sense_id": "PRONHUMAN"}], "original_form": "I"}], "sense_list": [{"info": "semhum=human", "id": "PRONHUMAN", "form": "I"}], "id": "1"}], "separation": "_", "form": "I", "quote_level": "0", "head": "1", "syntactic_tree_relation_list": [{"type": "isSubject", "id": "2"}], "affected_by_negation": "no", "inip": "0", "analysis_list": [{"lemma": "I", "tag": "GN-S1S--", "original_form": "I"}], "type": "phrase", "id": "22"}, {"endp": "7", "style": {"isItalics": "no", "isUnderlined": "no", "isTitle": "no", "isBold": "no"}, "inip": "2", "form": "poured", "quote_level": "0", "syntactic_tree_relation_list": [{"type": "iof_isSubject", "id": "22"}, {"type": "iof_isDirectObject", "id": "17"}, {"type": "iof_isTimeComplement", "id": "25"}], "affected_by_negation": "no", "separation": "1", "analysis_list": [{"lemma": "pour", "tag": "VI-S1ASA-N-N5", "sense_id_list": [{"sense_id": "ODENTITY_MOTION"}, {"sense_id": "ODENTITY_SOCIAL_INTERACTION"}, {"sense_id": "ODENTITY_TRANSFER"}], "original_form": "poured"}], "sense_list": [{"info": "sementity/id=ODENTITY_MOTION@type=Top>Process>Motion\tsemld_list=sumo:Entity", "id": "ODENTITY_MOTION", "form": "pour"}, {"info": "sementity/id=ODENTITY_SOCIAL_INTERACTION@type=Top>Process>IntentionalProcess>SocialInteraction\tsemld_list=sumo:IntentionalProcess", "id": "ODENTITY_SOCIAL_INTERACTION", "form": "pour"}, {"info": "sementity/id=ODENTITY_TRANSFER@type=Top>Process>Motion>Translocation>Transfer\tsemld_list=sumo:Entity", "id": "ODENTITY_TRANSFER", "form": "pour"}], "id": "2"}, {"endp": "42", "style": {"isItalics": "no", "isUnderlined": "no", "isTitle": "no", "isBold": "no"}, "token_list": [{"endp": "13", "style": {"isItalics": "no", "isUnderlined": "no", "isTitle": "no", "isBold": "no"}, "inip": "9", "form": "water", "quote_level": "0", "affected_by_negation": "no", "separation": "1", "analysis_list": [{"lemma": "water", "tag": "NC-S-N6", "original_form": "water"}], "id": "3"}, {"endp": "42", "style": {"isItalics": "no", "isUnderlined": "no", "isTitle": "no", "isBold": "no"}, "token_list": [{"endp": "18", "style": {"isItalics": "no", "isUnderlined": "no", "isTitle": "no", "isBold": "no"}, "inip": "15", "form": "from", "quote_level": "0", "affected_by_negation": "no", "separation": "1", "analysis_list": [{"lemma": "from", "tag": "YN8", "original_form": "from"}], "id": "4"}, {"endp": "42", "style": {"isItalics": "no", "isUnderlined": "no", "isTitle": "no", "isBold": "no"}, "token_list": [{"endp": "22", "style": {"isItalics": "no", "isUnderlined": "no", "isTitle": "no", "isBold": "no"}, "inip": "20", "form": "the", "quote_level": "0", "affected_by_negation": "no", "separation": "1", "analysis_list": [{"lemma": "the", "tag": "TD-SN9", "original_form": "the"}], "id": "5"}, {"endp": "29", "style": {"isItalics": "no", "isUnderlined": "no", "isTitle": "no", "isBold": "no"}, "inip": "24", "form": "bottle", "quote_level": "0", "affected_by_negation": "no", "separation": "1", "analysis_list": [{"lemma": "bottle", "tag": "NC-S-N5", "sense_id_list": [{"sense_id": "cd3d97d73e"}], "original_form": "bottle"}], "sense_list": [{"info": "sementity/class=class@fiction=nonfiction@id=ODENTITY_PRODUCT@type=Top>Product\tsemld_list=sumo:Artifact", "id": "cd3d97d73e", "form": "bottle"}], "id": "6"}, {"endp": "42", "style": {"isItalics": "no", "isUnderlined": "no", "isTitle": "no", "isBold": "no"}, "token_list": [{"endp": "34", "style": {"isItalics": "no", "isUnderlined": "no", "isTitle": "no", "isBold": "no"}, "inip": "31", "form": "into", "quote_level": "0", "affected_by_negation": "no", "separation": "1", "analysis_list": [{"lemma": "into", "tag": "YN7", "original_form": "into"}], "id": "7"}, {"endp": "42", "style": {"isItalics": "no", "isUnderlined": "no", "isTitle": "no", "isBold": "no"}, "token_list": [{"endp": "38", "style": {"isItalics": "no", "isUnderlined": "no", "isTitle": "no", "isBold": "no"}, "inip": "36", "form": "the", "quote_level": "0", "affected_by_negation": "no", "separation": "1", "analysis_list": [{"lemma": "the", "tag": "TD-SN9", "original_form": "the"}], "id": "8"}, {"endp": "42", "style": {"isItalics": "no", "isUnderlined": "no", "isTitle": "no", "isBold": "no"}, "inip": "40", "form": "cup", "quote_level": "0", "affected_by_negation": "no", "separation": "1", "analysis_list": [{"lemma": "cup", "tag": "NC-S-N5", "sense_id_list": [{"sense_id": "bdcba5eeef"}, {"sense_id": "562f8c4537"}], "original_form": "cup"}], "sense_list": [{"info": "sementity/class=class@fiction=nonfiction@id=ODENTITY_GAMES@type=Top>Event>Occasion>Games\tsemld_list=sumo:GameEvent\tsemtheme_list/id=ODTHEME_SPORT@type=Top>Sport", "id": "562f8c4537", "form": "cup"}, {"info": "sementity/class=class@fiction=nonfiction@id=ODENTITY_PRODUCT@type=Top>Product\tsemld_list=sumo:Artifact\tsemtheme_list/id=ODTHEME_GASTRONOMY@type=Top>Society>Gastronomy", "id": "bdcba5eeef", "form": "cup"}], "id": "9"}], "separation": "1", "form": "the cup", "quote_level": "0", "head": "9", "affected_by_negation": "no", "inip": "36", "analysis_list": [{"lemma": "cup", "tag": "GN-S3---", "original_form": "the cup"}], "type": "phrase", "id": "19"}], "separation": "1", "form": "into the cup", "quote_level": "0", "head": "7", "affected_by_negation": "no", "inip": "31", "analysis_list": [{"lemma": "into", "tag": "GY------", "original_form": "into the cup"}], "type": "phrase", "id": "23"}], "separation": "1", "form": "the bottle into the cup", "quote_level": "0", "head": "6", "affected_by_negation": "no", "inip": "20", "analysis_list": [{"lemma": "bottle", "tag": "GN-S3---", "original_form": "the bottle"}], "type": "phrase", "id": "18"}], "separation": "1", "form": "from the bottle into the cup", "quote_level": "0", "head": "4", "affected_by_negation": "no", "inip": "15", "analysis_list": [{"lemma": "from", "tag": "GY------", "original_form": "from the bottle into the cup"}], "type": "phrase", "id": "24"}], "separation": "1", "form": "water from the bottle into the cup", "quote_level": "0", "head": "3", "syntactic_tree_relation_list": [{"type": "isDirectObject", "id": "2"}, {"type": "iof_isAnaphora", "id": "21"}], "affected_by_negation": "no", "inip": "9", "analysis_list": [{"lemma": "water", "tag": "GN-S3D--", "original_form": "water"}], "type": "phrase", "id": "17"}, {"endp": "61", "style": {"isItalics": "no", "isUnderlined": "no", "isTitle": "no", "isBold": "no"}, "token_list": [{"endp": "48", "style": {"isItalics": "no", "isUnderlined": "no", "isTitle": "no", "isBold": "no"}, "inip": "44", "form": "until", "quote_level": "0", "affected_by_negation": "no", "separation": "1", "analysis_list": [{"lemma": "until", "tag": "CSCN5", "original_form": "until"}], "id": "10"}, {"endp": "51", "style": {"isItalics": "no", "isUnderlined": "no", "isTitle": "no", "isBold": "no"}, "token_list": [{"endp": "51", "style": {"isItalics": "no", "isUnderlined": "no", "isTitle": "no", "isBold": "no"}, "inip": "50", "form": "it", "quote_level": "0", "affected_by_negation": "no", "separation": "1", "analysis_list": [{"lemma": "it", "tag": "PP-S3NN8", "sense_id_list": [{"sense_id": "PRONNONHUMAN"}], "original_form": "it"}], "sense_list": [{"info": "semhum=nonhuman", "id": "PRONNONHUMAN", "form": "it"}], "id": "11"}], "separation": "1", "form": "it", "quote_level": "0", "head": "11", "syntactic_tree_relation_list": [{"type": "isAnaphora", "id": "17"}, {"type": "isSubject", "id": "12"}], "affected_by_negation": "no", "inip": "50", "analysis_list": [{"lemma": "it", "tag": "GN-S3S--", "original_form": "it"}], "type": "phrase", "id": "21"}, {"endp": "55", "style": {"isItalics": "no", "isUnderlined": "no", "isTitle": "no", "isBold": "no"}, "inip": "53", "form": "was", "quote_level": "0", "syntactic_tree_relation_list": [{"type": "iof_isSubject", "id": "21"}, {"type": "iof_isAttribute", "id": "20"}], "affected_by_negation": "no", "separation": "1", "analysis_list": [{"lemma": "be", "tag": "VI-S1ASA-N-N9", "original_form": "was"}, {"lemma": "be", "tag": "VI-S3ASA-N-N9", "original_form": "was"}], "id": "12"}, {"endp": "61", "style": {"isItalics": "no", "isUnderlined": "no", "isTitle": "no", "isBold": "no"}, "token_list": [{"endp": "61", "style": {"isItalics": "no", "isUnderlined": "no", "isTitle": "no", "isBold": "no"}, "inip": "57", "form": "empty", "quote_level": "0", "affected_by_negation": "no", "separation": "1", "analysis_list": [{"lemma": "empty", "tag": "AP-N3", "original_form": "empty"}], "id": "13"}], "separation": "1", "form": "empty", "quote_level": "0", "head": "13", "syntactic_tree_relation_list": [{"type": "isAttribute", "id": "12"}], "affected_by_negation": "no", "inip": "57", "analysis_list": [{"lemma": "empty", "tag": "GA---A--", "original_form": "empty"}], "type": "phrase", "id": "20"}], "separation": "1", "form": "until it was empty", "quote_level": "0", "syntactic_tree_relation_list": [{"type": "isTimeComplement", "id": "2"}], "affected_by_negation": "no", "inip": "44", "analysis_list": [{"lemma": "*", "tag": "ZE---TIA----", "original_form": "until it was empty"}], "type": "phrase", "id": "25"}], "separation": "_", "form": "I poured water from the bottle into the cup until it was empty", "quote_level": "0", "affected_by_negation": "no", "inip": "0", "analysis_list": [{"lemma": "*", "tag": "Z-----------", "original_form": "I poured water from the bottle into the cup until it was empty"}], "type": "phrase", "id": "26"}], "inip": "0", "quote_level": "0", "affected_by_negation": "no", "separation": "A", "type": "sentence", "id": "15"}]}