{"status": {"msg": "OK", "credits": "1", "remaining_credits": "39896", "code": "0"}, "token_list": [{"endp": "70", "style": {"isItalics": "no", "isUnderlined": "no", "isTitle": "no", "isBold": "no"}, "token_list": [{"endp": "70", "style": {"isItalics": "no", "isUnderlined": "no", "isTitle": "no", "isBold": "no"}, "token_list": [{"endp": "4", "style": {"isItalics": "no", "isUnderlined": "no", "isTitle": "no", "isBold": "no"}, "token_list": [{"endp": "4", "style": {"isItalics": "no", "isUnderlined": "no", "isTitle": "no", "isBold": "no"}, "inip": "0", "form": "Susan", "quote_level": "0", "affected_by_negation": "no", "separation": "_", "analysis_list": [{"lemma": "Susan", "tag": "NPFS-N-", "sense_id_list": [{"sense_id": "f7c08a2cbb"}], "original_form": "Susan"}, {"lemma": "Susan", "tag": "NP-S-N-", "sense_id_list": [{"sense_id": "a63c714954"}], "original_form": "Susan"}], "sense_list": [{"info": "sementity/class=instance@fiction=nonfiction@id=ODENTITY_RIVER@type=Top>Location>GeographicalEntity>WaterForm>River\tsemld_list=sumo:River", "id": "a63c714954", "form": "Susan"}, {"info": "sementity/class=instance@fiction=nonfiction@id=ODENTITY_FIRST_NAME@type=Top>Person>FirstName\tsemld_list=sumo:FirstName", "id": "f7c08a2cbb", "form": "Susan"}], "id": "1"}], "separation": "_", "form": "Susan", "quote_level": "0", "head": "1", "syntactic_tree_relation_list": [{"type": "isSubject", "id": "2"}, {"type": "iof_isAnaphora", "id": "22"}], "affected_by_negation": "no", "inip": "0", "analysis_list": [{"lemma": "Susan", "tag": "GNFS3S--", "original_form": "Susan"}, {"lemma": "Susan", "tag": "GN-S3S--", "original_form": "Susan"}], "type": "phrase", "id": "18"}, {"endp": "10", "style": {"isItalics": "no", "isUnderlined": "no", "isTitle": "no", "isBold": "no"}, "inip": "6", "form": "knows", "quote_level": "0", "syntactic_tree_relation_list": [{"type": "iof_isSubject", "id": "18"}, {"type": "iof_isComplement", "id": "26"}], "affected_by_negation": "no", "separation": "1", "analysis_list": [{"lemma": "know", "tag": "VI-S3PSA-N-N7", "sense_id_list": [{"sense_id": "ODENTITY_DUAL_OBJECT_PROCESS"}, {"sense_id": "ODENTITY_COMMUNICATION_PROCESS"}, {"sense_id": "ODENTITY_INTENTIONAL_PSYCHOLOGICAL_PROCESS"}, {"sense_id": "ODENTITY_BIOLOGICAL_PROCESS"}], "original_form": "knows"}], "sense_list": [{"info": "sementity/id=ODENTITY_BIOLOGICAL_PROCESS@type=Top>Process>InternalChange>BiologicalProcess\tsemld_list=sumo:Entity", "id": "ODENTITY_BIOLOGICAL_PROCESS", "form": "know"}, {"info": "sementity/id=ODENTITY_COMMUNICATION_PROCESS@type=Top>Process>ContentBearingProcess>CommunicationProcess\tsemld_list=sumo:Entity", "id": "ODENTITY_COMMUNICATION_PROCESS", "form": "know"}, {"info": "sementity/id=ODENTITY_DUAL_OBJECT_PROCESS@type=Top>Process>DualObjectProcess\tsemld_list=sumo:Entity", "id": "ODENTITY_DUAL_OBJECT_PROCESS", "form": "know"}, {"info": "sementity/id=ODENTITY_INTENTIONAL_PSYCHOLOGICAL_PROCESS@type=Top>Process>IntentionalProcess>IntentionalPsychologicalProcess\tsemld_list=sumo:IntentionalProcess", "id": "ODENTITY_INTENTIONAL_PSYCHOLOGICAL_PROCESS", "form": "know"}], "id": "2"}, {"endp": "44", "style": {"isItalics": "no", "isUnderlined": "no", "isTitle": "no", "isBold": "no"}, "token_list": [{"endp": "14", "style": {"isItalics": "no", "isUnderlined": "no", "isTitle": "no", "isBold": "no"}, "inip": "12", "form": "all", "quote_level": "0", "affected_by_negation": "no", "separation": "1", "analysis_list": [{"lemma": "all", "tag": "QP--PN6", "original_form": "all"}, {"lemma": "all", "tag": "QP-SPN6", "sense_id_list": [{"sense_id": "PRONNONHUMAN"}], "original_form": "all"}, {"lemma": "all", "tag": "QP-PPN6", "sense_id_list": [{"sense_id": "PRONNONHUMAN"}], "original_form": "all"}], "sense_list": [{"info": "semhum=nonhuman", "id": "PRONNONHUMAN", "form": "all"}], "id": "3"}, {"endp": "44", "style": {"isItalics": "no", "isUnderlined": "no", "isTitle": "no", "isBold": "no"}, "token_list": [{"endp": "20", "style": {"isItalics": "no", "isUnderlined": "no", "isTitle": "no", "isBold": "no"}, "inip": "16", "form": "about", "quote_level": "0", "affected_by_negation": "no", "separation": "1", "analysis_list": [{"lemma": "about", "tag": "YN6", "original_form": "about"}], "id": "4"}, {"endp": "44", "style": {"isItalics": "no", "isUnderlined": "no", "isTitle": "no", "isBold": "no"}, "token_list": [{"endp": "24", "style": {"isItalics": "no", "isUnderlined": "no", "isTitle": "no", "isBold": "no"}, "token_list": [{"endp": "24", "style": {"isItalics": "no", "isUnderlined": "no", "isTitle": "no", "isBold": "no"}, "inip": "22", "form": "Ann", "quote_level": "0", "affected_by_negation": "no", "separation": "1", "analysis_list": [{"lemma": "Ann", "tag": "NPFS-N-", "sense_id_list": [{"sense_id": "3b9fe5a78e"}], "original_form": "Ann"}], "sense_list": [{"info": "sementity/class=instance@fiction=nonfiction@id=ODENTITY_FIRST_NAME@type=Top>Person>FirstName\tsemld_list=sumo:FirstName", "id": "3b9fe5a78e", "form": "Ann"}], "id": "5"}], "separation": "1", "form": "Ann", "quote_level": "0", "head": "5", "affected_by_negation": "no", "inip": "22", "analysis_list": [{"lemma": "Ann", "tag": "GNFS3---", "original_form": "Ann"}], "type": "phrase", "id": "19"}, {"endp": "26", "style": {"isItalics": "no", "isUnderlined": "no", "isTitle": "no", "isBold": "no"}, "inip": "25", "form": "'s", "quote_level": "0", "affected_by_negation": "no", "separation": "A", "analysis_list": [{"lemma": "'s", "tag": "WN-", "original_form": "'s"}], "id": "15"}, {"endp": "44", "style": {"isItalics": "no", "isUnderlined": "no", "isTitle": "no", "isBold": "no"}, "token_list": [{"endp": "35", "style": {"isItalics": "no", "isUnderlined": "no", "isTitle": "no", "isBold": "no"}, "inip": "28", "form": "personal", "quote_level": "0", "affected_by_negation": "no", "separation": "1", "analysis_list": [{"lemma": "personal", "tag": "AP-N6", "original_form": "personal"}], "id": "8"}, {"endp": "44", "style": {"isItalics": "no", "isUnderlined": "no", "isTitle": "no", "isBold": "no"}, "inip": "37", "form": "problems", "quote_level": "0", "affected_by_negation": "no", "separation": "1", "analysis_list": [{"lemma": "problem", "tag": "NC-P-N6", "original_form": "problems"}], "id": "9"}], "separation": "1", "form": "personal problems", "quote_level": "0", "head": "9", "affected_by_negation": "no", "inip": "28", "analysis_list": [{"lemma": "problem", "tag": "GN-P3---", "original_form": "personal problems"}], "type": "phrase", "id": "20"}], "separation": "1", "form": "Ann's personal problems", "quote_level": "0", "head": "20", "affected_by_negation": "no", "inip": "22", "analysis_list": [{"lemma": "problem", "tag": "GN-P3---", "original_form": "Ann's personal problems"}], "type": "phrase", "id": "24"}], "separation": "1", "form": "about Ann's personal problems", "quote_level": "0", "head": "4", "affected_by_negation": "no", "inip": "16", "analysis_list": [{"lemma": "about", "tag": "GY------", "original_form": "about Ann's personal problems"}], "type": "phrase", "id": "25"}], "separation": "1", "form": "all about Ann's personal problems", "quote_level": "0", "head": "3", "affected_by_negation": "no", "inip": "12", "analysis_list": [{"lemma": "all", "tag": "GN--3---", "original_form": "all"}, {"lemma": "all", "tag": "GN-S3---", "original_form": "all"}, {"lemma": "all", "tag": "GN-P3---", "original_form": "all"}], "type": "phrase", "id": "23"}, {"endp": "70", "style": {"isItalics": "no", "isUnderlined": "no", "isTitle": "no", "isBold": "no"}, "token_list": [{"endp": "52", "style": {"isItalics": "no", "isUnderlined": "no", "isTitle": "no", "isBold": "no"}, "inip": "46", "form": "because", "quote_level": "0", "affected_by_negation": "no", "separation": "1", "analysis_list": [{"lemma": "because", "tag": "CSPN7", "original_form": "because"}], "id": "10"}, {"endp": "56", "style": {"isItalics": "no", "isUnderlined": "no", "isTitle": "no", "isBold": "no"}, "token_list": [{"endp": "56", "style": {"isItalics": "no", "isUnderlined": "no", "isTitle": "no", "isBold": "no"}, "inip": "54", "form": "she", "quote_level": "0", "affected_by_negation": "no", "separation": "1", "analysis_list": [{"lemma": "she", "tag": "PPFS3NN8", "sense_id_list": [{"sense_id": "PRONHUMAN"}], "original_form": "she"}], "sense_list": [{"info": "semhum=human", "id": "PRONHUMAN", "form": "she"}], "id": "11"}], "separation": "1", "form": "she", "quote_level": "0", "head": "11", "syntactic_tree_relation_list": [{"type": "isAnaphora", "id": "18"}, {"type": "isSubject", "id": "12"}], "affected_by_negation": "no", "inip": "54", "analysis_list": [{"lemma": "she", "tag": "GNFS3S--", "original_form": "she"}], "type": "phrase", "id": "22"}, {"endp": "59", "style": {"isItalics": "no", "isUnderlined": "no", "isTitle": "no", "isBold": "no"}, "inip": "58", "form": "is", "quote_level": "0", "syntactic_tree_relation_list": [{"type": "iof_isSubject", "id": "22"}, {"type": "iof_isAttribute", "id": "21"}], "affected_by_negation": "no", "separation": "1", "analysis_list": [{"lemma": "be", "tag": "VI-S3PSA-N-N9", "original_form": "is"}], "id": "12"}, {"endp": "70", "style": {"isItalics": "no", "isUnderlined": "no", "isTitle": "no", "isBold": "no"}, "token_list": [{"endp": "70", "style": {"isItalics": "no", "isUnderlined": "no", "isTitle": "no", "isBold": "no"}, "inip": "61", "form": "indiscreet", "quote_level": "0", "affected_by_negation": "no", "separation": "1", "analysis_list": [{"lemma": "indiscreet", "tag": "AP-N-", "original_form": "indiscreet"}], "id": "13"}], "separation": "1", "form": "indiscreet", "quote_level": "0", "head": "13", "syntactic_tree_relation_list": [{"type": "isAttribute", "id": "12"}], "affected_by_negation": "no", "inip": "61", "analysis_list": [{"lemma": "indiscreet", "tag": "GA---A--", "original_form": "indiscreet"}], "type": "phrase", "id": "21"}], "separation": "1", "form": "because she is indiscreet", "quote_level": "0", "syntactic_tree_relation_list": [{"type": "isComplement", "id": "2"}], "affected_by_negation": "no", "inip": "46", "analysis_list": [{"lemma": "*", "tag": "ZE---CIP----", "original_form": "because she is indiscreet"}], "type": "phrase", "id": "26"}], "separation": "_", "form": "Susan knows all about Ann's personal problems because she is indiscreet", "quote_level": "0", "affected_by_negation": "no", "inip": "0", "analysis_list": [{"lemma": "*", "tag": "Z-----------", "original_form": "Susan knows all about Ann's personal problems because she is indiscreet"}], "type": "phrase", "id": "27"}], "inip": "0", "quote_level": "0", "affected_by_negation": "no", "separation": "A", "type": "sentence", "id": "16"}]}