{"status": {"msg": "OK", "credits": "1", "remaining_credits": "39894", "code": "0"}, "token_list": [{"endp": "62", "style": {"isItalics": "no", "isUnderlined": "no", "isTitle": "no", "isBold": "no"}, "token_list": [{"endp": "31", "style": {"isItalics": "no", "isUnderlined": "no", "isTitle": "no", "isBold": "no"}, "token_list": [{"endp": "2", "style": {"isItalics": "no", "isUnderlined": "no", "isTitle": "no", "isBold": "no"}, "token_list": [{"endp": "2", "style": {"isItalics": "no", "isUnderlined": "no", "isTitle": "no", "isBold": "no"}, "inip": "0", "form": "Sid", "quote_level": "0", "affected_by_negation": "no", "separation": "_", "analysis_list": [{"lemma": "Sid", "tag": "NPMS-N-", "sense_id_list": [{"sense_id": "9f1edea85e"}], "original_form": "Sid"}], "sense_list": [{"info": "sementity/class=instance@fiction=nonfiction@id=ODENTITY_FIRST_NAME@type=Top>Person>FirstName\tsemld_list=sumo:FirstName", "id": "9f1edea85e", "form": "Sid"}], "id": "1"}], "separation": "_", "form": "Sid", "quote_level": "0", "head": "1", "syntactic_tree_relation_list": [{"type": "isSubject", "id": "2"}, {"type": "iof_isPossessor", "id": "20"}, {"type": "iof_isAnaphora", "id": "23"}, {"type": "iof_isAnaphora", "id": "22"}], "affected_by_negation": "no", "inip": "0", "analysis_list": [{"lemma": "Sid", "tag": "GNMS3S--", "original_form": "Sid"}], "type": "phrase", "id": "19"}, {"endp": "12", "style": {"isItalics": "no", "isUnderlined": "no", "isTitle": "no", "isBold": "no"}, "inip": "4", "form": "explained", "quote_level": "0", "syntactic_tree_relation_list": [{"type": "iof_isSubject", "id": "19"}], "affected_by_negation": "no", "separation": "1", "analysis_list": [{"lemma": "explain", "tag": "VI-S3ASA-N-N6", "sense_id_list": [{"sense_id": "ODENTITY_COMMUNICATION_PROCESS"}, {"sense_id": "ODENTITY_CONTENT_DEVELOPMENT"}, {"sense_id": "ODENTITY_PROCESS"}], "original_form": "explained"}], "sense_list": [{"info": "sementity/id=ODENTITY_COMMUNICATION_PROCESS@type=Top>Process>ContentBearingProcess>CommunicationProcess\tsemld_list=sumo:Entity", "id": "ODENTITY_COMMUNICATION_PROCESS", "form": "explain"}, {"info": "sementity/id=ODENTITY_CONTENT_DEVELOPMENT@type=Top>Process>IntentionalProcess>ContentDevelopment\tsemld_list=sumo:IntentionalProcess", "id": "ODENTITY_CONTENT_DEVELOPMENT", "form": "explain"}, {"info": "sementity/id=ODENTITY_PROCESS@type=Top>Process\tsemld_list=sumo:Entity", "id": "ODENTITY_PROCESS", "form": "explain"}], "id": "2"}, {"endp": "31", "style": {"isItalics": "no", "isUnderlined": "no", "isTitle": "no", "isBold": "no"}, "token_list": [{"endp": "16", "style": {"isItalics": "no", "isUnderlined": "no", "isTitle": "no", "isBold": "no"}, "inip": "14", "form": "his", "quote_level": "0", "affected_by_negation": "no", "separation": "1", "analysis_list": [{"lemma": "his", "tag": "SD-SMS3N5", "sense_id_list": [{"sense_id": "PRONHUMAN"}], "original_form": "his"}], "sense_list": [{"info": "semhum=human", "id": "PRONHUMAN", "form": "his"}], "id": "3"}, {"endp": "23", "style": {"isItalics": "no", "isUnderlined": "no", "isTitle": "no", "isBold": "no"}, "inip": "18", "form": "theory", "quote_level": "0", "affected_by_negation": "no", "separation": "1", "analysis_list": [{"lemma": "theory", "tag": "NC-S-N6", "sense_id_list": [{"sense_id": "8f8d84be3c"}], "original_form": "theory"}], "sense_list": [{"info": "sementity/class=class@fiction=nonfiction@id=ODENTITY_THEORY@type=Top>OtherEntity>Doctrine>Theory\tsemld_list=sumo:Theory", "id": "8f8d84be3c", "form": "theory"}], "id": "4"}, {"endp": "31", "style": {"isItalics": "no", "isUnderlined": "no", "isTitle": "no", "isBold": "no"}, "token_list": [{"endp": "31", "style": {"isItalics": "no", "isUnderlined": "no", "isTitle": "no", "isBold": "no"}, "separation": "1", "form": "to Mark", "quote_level": "0", "head": "6", "affected_by_negation": "no", "inip": "25", "analysis_list": [{"lemma": "mark", "tag": "VF---OSA-N-N5", "sense_id_list": [{"sense_id": "ODENTITY_CLASSIFYING"}, {"sense_id": "ODENTITY_COMMUNICATION_PROCESS"}, {"sense_id": "ODENTITY_CONTENT_DEVELOPMENT"}, {"sense_id": "ODENTITY_DAMAGING"}, {"sense_id": "ODENTITY_INTENTIONAL_PROCESS"}, {"sense_id": "ODENTITY_BIOLOGICAL_PROCESS"}, {"sense_id": "ODENTITY_PROCESS"}, {"sense_id": "ODENTITY_LINGUISTIC_COMMUNICATION"}, {"sense_id": "ODENTITY_SURFACE_CHANGE"}, {"sense_id": "ODENTITY_WRITING"}], "original_form": "to mark"}], "sense_list": [{"info": "sementity/id=ODENTITY_BIOLOGICAL_PROCESS@type=Top>Process>InternalChange>BiologicalProcess\tsemld_list=sumo:Entity", "id": "ODENTITY_BIOLOGICAL_PROCESS", "form": "mark"}, {"info": "sementity/id=ODENTITY_CLASSIFYING@type=Top>Process>IntentionalProcess>IntentionalPsychologicalProcess>Classifying\tsemld_list=sumo:IntentionalProcess", "id": "ODENTITY_CLASSIFYING", "form": "mark"}, {"info": "sementity/id=ODENTITY_COMMUNICATION_PROCESS@type=Top>Process>ContentBearingProcess>CommunicationProcess\tsemld_list=sumo:Entity", "id": "ODENTITY_COMMUNICATION_PROCESS", "form": "mark"}, {"info": "sementity/id=ODENTITY_CONTENT_DEVELOPMENT@type=Top>Process>IntentionalProcess>ContentDevelopment\tsemld_list=sumo:IntentionalProcess", "id": "ODENTITY_CONTENT_DEVELOPMENT", "form": "mark"}, {"info": "sementity/id=ODENTITY_DAMAGING@type=Top>Process>InternalChange>Damaging\tsemld_list=sumo:Entity", "id": "ODENTITY_DAMAGING", "form": "mark"}, {"info": "sementity/id=ODENTITY_INTENTIONAL_PROCESS@type=Top>Process>IntentionalProcess\tsemld_list=sumo:IntentionalProcess", "id": "ODENTITY_INTENTIONAL_PROCESS", "form": "mark"}, {"info": "sementity/id=ODENTITY_LINGUISTIC_COMMUNICATION@type=Top>Process>ContentBearingProcess>CommunicationProcess>LinguisticCommunication\tsemld_list=sumo:Entity", "id": "ODENTITY_LINGUISTIC_COMMUNICATION", "form": "mark"}, {"info": "sementity/id=ODENTITY_PROCESS@type=Top>Process\tsemld_list=sumo:Entity", "id": "ODENTITY_PROCESS", "form": "mark"}, {"info": "sementity/id=ODENTITY_SURFACE_CHANGE@type=Top>Process>InternalChange>SurfaceChange\tsemld_list=sumo:Entity", "id": "ODENTITY_SURFACE_CHANGE", "form": "mark"}, {"info": "sementity/id=ODENTITY_WRITING@type=Top>Process>IntentionalProcess>ContentDevelopment>Writing\tsemld_list=sumo:IntentionalProcess", "id": "ODENTITY_WRITING", "form": "mark"}], "type": "multiword", "id": "21"}], "separation": "1", "form": "to Mark", "quote_level": "0", "affected_by_negation": "no", "inip": "25", "analysis_list": [{"lemma": "*", "tag": "ZN-S3-FO----", "original_form": "to Mark"}], "type": "phrase", "id": "24"}], "separation": "1", "form": "his theory to Mark", "quote_level": "0", "head": "4", "syntactic_tree_relation_list": [{"type": "isPossessor", "id": "19"}], "affected_by_negation": "no", "inip": "14", "analysis_list": [{"lemma": "theory", "tag": "GN-S3---", "original_form": "his theory"}], "type": "phrase", "id": "20"}], "separation": "_", "form": "Sid explained his theory to Mark", "quote_level": "0", "affected_by_negation": "no", "inip": "0", "analysis_list": [{"lemma": "*", "tag": "ZC----------", "original_form": "Sid explained his theory to Mark"}], "type": "phrase", "id": "25"}, {"endp": "35", "style": {"isItalics": "no", "isUnderlined": "no", "isTitle": "no", "isBold": "no"}, "inip": "33", "form": "but", "quote_level": "0", "affected_by_negation": "no", "separation": "1", "analysis_list": [{"lemma": "but", "tag": "CCAN8", "original_form": "but"}], "id": "7"}, {"endp": "62", "style": {"isItalics": "no", "isUnderlined": "no", "isTitle": "no", "isBold": "no"}, "token_list": [{"endp": "38", "style": {"isItalics": "no", "isUnderlined": "no", "isTitle": "no", "isBold": "no"}, "token_list": [{"endp": "38", "style": {"isItalics": "no", "isUnderlined": "no", "isTitle": "no", "isBold": "no"}, "inip": "37", "form": "he", "quote_level": "0", "affected_by_negation": "no", "separation": "1", "analysis_list": [{"lemma": "he", "tag": "PPMS3NN8", "sense_id_list": [{"sense_id": "PRONHUMAN"}], "original_form": "he"}], "sense_list": [{"info": "semhum=human", "id": "PRONHUMAN", "form": "he"}], "id": "8"}], "separation": "1", "form": "he", "quote_level": "0", "head": "8", "syntactic_tree_relation_list": [{"type": "isAnaphora", "id": "19"}, {"type": "isSubject", "id": "16"}], "affected_by_negation": "no", "inip": "37", "analysis_list": [{"lemma": "he", "tag": "GNMS3S--", "original_form": "he"}], "type": "phrase", "id": "23"}, {"endp": "58", "style": {"isItalics": "no", "isUnderlined": "no", "isTitle": "no", "isBold": "no"}, "separation": "1", "form": "couldn't understand", "quote_level": "0", "head": "15", "syntactic_tree_relation_list": [{"type": "iof_isSubject", "id": "23"}], "affected_by_negation": "yes", "inip": "40", "analysis_list": [{"lemma": "understand", "tag": "VW-S3OSA-NNE7", "original_form": "couldn't understand"}], "type": "multiword", "id": "16"}, {"endp": "62", "style": {"isItalics": "no", "isUnderlined": "no", "isTitle": "no", "isBold": "no"}, "token_list": [{"endp": "62", "style": {"isItalics": "no", "isUnderlined": "no", "isTitle": "no", "isBold": "no"}, "inip": "60", "form": "him", "quote_level": "0", "affected_by_negation": "no", "separation": "1", "analysis_list": [{"lemma": "him", "tag": "PP-S3AN7", "sense_id_list": [{"sense_id": "PRONHUMAN"}], "original_form": "him"}], "sense_list": [{"info": "semhum=human", "id": "PRONHUMAN", "form": "him"}], "id": "13"}], "separation": "1", "form": "him", "quote_level": "0", "head": "13", "syntactic_tree_relation_list": [{"type": "isAnaphora", "id": "19"}], "affected_by_negation": "no", "inip": "60", "analysis_list": [{"lemma": "him", "tag": "GN-S3---", "original_form": "him"}], "type": "phrase", "id": "22"}], "separation": "1", "form": "he couldn't understand him", "quote_level": "0", "affected_by_negation": "no", "inip": "37", "analysis_list": [{"lemma": "*", "tag": "ZC----------", "original_form": "he couldn't understand him"}], "type": "phrase", "id": "26"}], "inip": "0", "quote_level": "0", "affected_by_negation": "no", "separation": "A", "type": "sentence", "id": "17"}]}