{"status": {"msg": "OK", "credits": "1", "remaining_credits": "39893", "code": "0"}, "token_list": [{"endp": "77", "style": {"isItalics": "no", "isUnderlined": "no", "isTitle": "no", "isBold": "no"}, "token_list": [{"endp": "77", "style": {"isItalics": "no", "isUnderlined": "no", "isTitle": "no", "isBold": "no"}, "token_list": [{"endp": "4", "style": {"isItalics": "no", "isUnderlined": "no", "isTitle": "no", "isBold": "no"}, "token_list": [{"endp": "4", "style": {"isItalics": "no", "isUnderlined": "no", "isTitle": "no", "isBold": "no"}, "inip": "0", "form": "Susan", "quote_level": "0", "affected_by_negation": "no", "separation": "_", "analysis_list": [{"lemma": "Susan", "tag": "NPFS-N-", "sense_id_list": [{"sense_id": "f7c08a2cbb"}], "original_form": "Susan"}, {"lemma": "Susan", "tag": "NP-S-N-", "sense_id_list": [{"sense_id": "a63c714954"}], "original_form": "Susan"}], "sense_list": [{"info": "sementity/class=instance@fiction=nonfiction@id=ODENTITY_RIVER@type=Top>Location>GeographicalEntity>WaterForm>River\tsemld_list=sumo:River", "id": "a63c714954", "form": "Susan"}, {"info": "sementity/class=instance@fiction=nonfiction@id=ODENTITY_FIRST_NAME@type=Top>Person>FirstName\tsemld_list=sumo:FirstName", "id": "f7c08a2cbb", "form": "Susan"}], "id": "1"}], "separation": "_", "form": "Susan", "quote_level": "0", "head": "1", "syntactic_tree_relation_list": [{"type": "isSubject", "id": "2"}], "affected_by_negation": "no", "inip": "0", "analysis_list": [{"lemma": "Susan", "tag": "GNFS3S--", "original_form": "Susan"}, {"lemma": "Susan", "tag": "GN-S3S--", "original_form": "Susan"}], "type": "phrase", "id": "27"}, {"endp": "9", "style": {"isItalics": "no", "isUnderlined": "no", "isTitle": "no", "isBold": "no"}, "inip": "6", "form": "knew", "quote_level": "0", "syntactic_tree_relation_list": [{"type": "iof_isSubject", "id": "27"}, {"type": "iof_isDirectObject", "id": "38"}], "affected_by_negation": "no", "separation": "1", "analysis_list": [{"lemma": "know", "tag": "VI-S3ASA-N-N7", "sense_id_list": [{"sense_id": "ODENTITY_DUAL_OBJECT_PROCESS"}, {"sense_id": "ODENTITY_COMMUNICATION_PROCESS"}, {"sense_id": "ODENTITY_INTENTIONAL_PSYCHOLOGICAL_PROCESS"}, {"sense_id": "ODENTITY_BIOLOGICAL_PROCESS"}], "original_form": "knew"}], "sense_list": [{"info": "sementity/id=ODENTITY_BIOLOGICAL_PROCESS@type=Top>Process>InternalChange>BiologicalProcess\tsemld_list=sumo:Entity", "id": "ODENTITY_BIOLOGICAL_PROCESS", "form": "know"}, {"info": "sementity/id=ODENTITY_COMMUNICATION_PROCESS@type=Top>Process>ContentBearingProcess>CommunicationProcess\tsemld_list=sumo:Entity", "id": "ODENTITY_COMMUNICATION_PROCESS", "form": "know"}, {"info": "sementity/id=ODENTITY_DUAL_OBJECT_PROCESS@type=Top>Process>DualObjectProcess\tsemld_list=sumo:Entity", "id": "ODENTITY_DUAL_OBJECT_PROCESS", "form": "know"}, {"info": "sementity/id=ODENTITY_INTENTIONAL_PSYCHOLOGICAL_PROCESS@type=Top>Process>IntentionalProcess>IntentionalPsychologicalProcess\tsemld_list=sumo:IntentionalProcess", "id": "ODENTITY_INTENTIONAL_PSYCHOLOGICAL_PROCESS", "form": "know"}], "id": "2"}, {"endp": "51", "style": {"isItalics": "no", "isUnderlined": "no", "isTitle": "no", "isBold": "no"}, "token_list": [{"endp": "14", "style": {"isItalics": "no", "isUnderlined": "no", "isTitle": "no", "isBold": "no"}, "inip": "11", "form": "that", "quote_level": "0", "affected_by_negation": "no", "separation": "1", "analysis_list": [{"lemma": "that", "tag": "DP-SN5", "original_form": "that"}, {"lemma": "that", "tag": "CSSN5", "original_form": "that"}], "id": "3"}, {"endp": "24", "style": {"isItalics": "no", "isUnderlined": "no", "isTitle": "no", "isBold": "no"}, "token_list": [{"endp": "18", "style": {"isItalics": "no", "isUnderlined": "no", "isTitle": "no", "isBold": "no"}, "token_list": [{"endp": "18", "style": {"isItalics": "no", "isUnderlined": "no", "isTitle": "no", "isBold": "no"}, "inip": "16", "form": "Ann", "quote_level": "1", "affected_by_negation": "no", "separation": "1", "analysis_list": [{"lemma": "Ann", "tag": "NPFS-N-", "sense_id_list": [{"sense_id": "3b9fe5a78e"}], "original_form": "Ann"}], "sense_list": [{"info": "sementity/class=instance@fiction=nonfiction@id=ODENTITY_FIRST_NAME@type=Top>Person>FirstName\tsemld_list=sumo:FirstName", "id": "3b9fe5a78e", "form": "Ann"}], "id": "4"}], "separation": "1", "form": "Ann", "quote_level": "1", "head": "4", "affected_by_negation": "no", "inip": "16", "analysis_list": [{"lemma": "Ann", "tag": "GNFS3---", "original_form": "Ann"}], "type": "phrase", "id": "28"}, {"endp": "20", "style": {"isItalics": "no", "isUnderlined": "no", "isTitle": "no", "isBold": "no"}, "inip": "19", "form": "'s", "quote_level": "1", "affected_by_negation": "no", "separation": "A", "analysis_list": [{"lemma": "'s", "tag": "WN-", "original_form": "'s"}], "id": "22"}, {"endp": "24", "style": {"isItalics": "no", "isUnderlined": "no", "isTitle": "no", "isBold": "no"}, "token_list": [{"endp": "24", "style": {"isItalics": "no", "isUnderlined": "no", "isTitle": "no", "isBold": "no"}, "inip": "22", "form": "son", "quote_level": "1", "affected_by_negation": "no", "separation": "1", "analysis_list": [{"lemma": "son", "tag": "NC-S-N6", "sense_id_list": [{"sense_id": "4629d1f492"}], "original_form": "son"}], "sense_list": [{"info": "sementity/class=class@fiction=nonfiction@id=ODENTITY_PERSON@type=Top>Person\tsemld_list=sumo:Human", "id": "4629d1f492", "form": "son"}], "id": "7"}], "separation": "1", "form": "son", "quote_level": "1", "head": "7", "affected_by_negation": "no", "inip": "22", "analysis_list": [{"lemma": "son", "tag": "GN-S3---", "original_form": "son"}], "type": "phrase", "id": "29"}], "separation": "1", "form": "Ann's son", "quote_level": "1", "head": "29", "syntactic_tree_relation_list": [{"type": "isSubject", "id": "23"}, {"type": "iof_isAnaphora", "id": "33"}, {"type": "iof_isAnaphora", "id": "32"}, {"type": "iof_isAnaphora", "id": "34"}], "affected_by_negation": "no", "inip": "16", "analysis_list": [{"lemma": "son", "tag": "GN-S3S--", "original_form": "Ann's son"}], "type": "phrase", "id": "36"}, {"endp": "33", "style": {"isItalics": "no", "isUnderlined": "no", "isTitle": "no", "isBold": "no"}, "separation": "1", "form": "had been", "quote_level": "1", "head": "8", "syntactic_tree_relation_list": [{"type": "iof_isSubject", "id": "36"}, {"type": "iof_isComplement", "id": "35"}, {"type": "iof_isComplement", "id": "37"}], "affected_by_negation": "no", "inip": "26", "analysis_list": [{"lemma": "be", "tag": "VI-S3APA-N-N9", "original_form": "had been"}], "type": "multiword", "id": "23"}, {"endp": "51", "style": {"isItalics": "no", "isUnderlined": "no", "isTitle": "no", "isBold": "no"}, "token_list": [{"endp": "36", "style": {"isItalics": "no", "isUnderlined": "no", "isTitle": "no", "isBold": "no"}, "inip": "35", "form": "in", "quote_level": "1", "affected_by_negation": "no", "separation": "1", "analysis_list": [{"lemma": "in", "tag": "YN6", "original_form": "in"}], "id": "10"}, {"endp": "51", "style": {"isItalics": "no", "isUnderlined": "no", "isTitle": "no", "isBold": "no"}, "token_list": [{"endp": "38", "style": {"isItalics": "no", "isUnderlined": "no", "isTitle": "no", "isBold": "no"}, "inip": "38", "form": "a", "quote_level": "1", "affected_by_negation": "no", "separation": "1", "analysis_list": [{"lemma": "a", "tag": "QD-SPN9", "original_form": "a"}], "id": "11"}, {"endp": "42", "style": {"isItalics": "no", "isUnderlined": "no", "isTitle": "no", "isBold": "no"}, "inip": "40", "form": "car", "quote_level": "1", "affected_by_negation": "no", "separation": "1", "analysis_list": [{"lemma": "car", "tag": "NC-S-N4", "sense_id_list": [{"sense_id": "0435555129"}, {"sense_id": "850203e676"}], "original_form": "car"}], "sense_list": [{"info": "sementity/class=class@fiction=nonfiction@id=ODENTITY_CAR@type=Top>Product>Machine>Vehicle>Car\tsemld_list=sumo:Automobile", "id": "0435555129", "form": "car"}, {"info": "sementity/class=class@fiction=nonfiction@id=ODENTITY_EVENT@type=Top>Event\tsemld_list=sumo:Meeting\tsemtheme_list/id=ODTHEME_TOP@type=Top", "official_form": "car accident", "id": "850203e676", "form": "automobile accident"}], "id": "12"}, {"endp": "51", "style": {"isItalics": "no", "isUnderlined": "no", "isTitle": "no", "isBold": "no"}, "inip": "44", "form": "accident", "quote_level": "1", "affected_by_negation": "no", "separation": "1", "analysis_list": [{"lemma": "accident", "tag": "NC-S-N5", "sense_id_list": [{"sense_id": "39a1ad2a67"}, {"sense_id": "a60b359d32"}], "original_form": "accident"}], "sense_list": [{"info": "sementity/class=class@fiction=nonfiction@id=ODENTITY_EVENT@type=Top>Event\tsemld_list=sumo:Meeting", "id": "39a1ad2a67", "form": "accident"}, {"info": "sementity/class=class@fiction=nonfiction@id=ODENTITY_EVENT@type=Top>Event\tsemld_list=sumo:Meeting", "id": "a60b359d32", "form": "incident"}], "id": "13"}], "separation": "1", "form": "a car accident", "quote_level": "1", "head": "13", "affected_by_negation": "no", "inip": "38", "analysis_list": [{"lemma": "accident", "tag": "GN-S3---", "original_form": "a car accident"}], "type": "phrase", "id": "30"}], "separation": "1", "form": "in a car accident", "quote_level": "1", "head": "10", "syntactic_tree_relation_list": [{"type": "isComplement", "id": "23"}], "affected_by_negation": "no", "inip": "35", "analysis_list": [{"lemma": "in", "tag": "GY---C--", "original_form": "in a car accident"}], "type": "phrase", "id": "35"}], "separation": "1", "form": "that Ann's son had been in a car accident", "quote_level": "0", "syntactic_tree_relation_list": [{"type": "isDirectObject", "id": "2"}], "affected_by_negation": "no", "inip": "11", "analysis_list": [{"lemma": "*", "tag": "ZN---DIA----", "original_form": "that Ann's son had been in a car accident"}], "type": "phrase", "id": "38"}, {"endp": "52", "style": {"isItalics": "no", "isUnderlined": "no", "isTitle": "no", "isBold": "no"}, "inip": "52", "form": ",", "quote_level": "1", "affected_by_negation": "no", "separation": "A", "analysis_list": [{"lemma": ",", "tag": "1D--", "original_form": ","}], "id": "14"}, {"endp": "77", "style": {"isItalics": "no", "isUnderlined": "no", "isTitle": "no", "isBold": "no"}, "token_list": [{"endp": "55", "style": {"isItalics": "no", "isUnderlined": "no", "isTitle": "no", "isBold": "no"}, "inip": "54", "form": "so", "quote_level": "1", "affected_by_negation": "no", "separation": "1", "analysis_list": [{"lemma": "so", "tag": "CSLN7", "original_form": "so"}, {"lemma": "so", "tag": "CSFN7", "original_form": "so"}], "id": "15"}, {"endp": "59", "style": {"isItalics": "no", "isUnderlined": "no", "isTitle": "no", "isBold": "no"}, "token_list": [{"endp": "59", "style": {"isItalics": "no", "isUnderlined": "no", "isTitle": "no", "isBold": "no"}, "inip": "57", "form": "she", "quote_level": "1", "affected_by_negation": "no", "separation": "1", "analysis_list": [{"lemma": "she", "tag": "PPFS3NN8", "sense_id_list": [{"sense_id": "PRONHUMAN"}], "original_form": "she"}], "sense_list": [{"info": "semhum=human", "id": "PRONHUMAN", "form": "she"}], "id": "16"}], "separation": "1", "form": "she", "quote_level": "1", "head": "16", "syntactic_tree_relation_list": [{"type": "isAnaphora", "id": "36"}, {"type": "isSubject", "id": "17"}], "affected_by_negation": "no", "inip": "57", "analysis_list": [{"lemma": "she", "tag": "GNFS3S--", "original_form": "she"}], "type": "phrase", "id": "33"}, {"endp": "64", "style": {"isItalics": "no", "isUnderlined": "no", "isTitle": "no", "isBold": "no"}, "inip": "61", "form": "told", "quote_level": "1", "syntactic_tree_relation_list": [{"type": "iof_isSubject", "id": "33"}, {"type": "iof_isComplement", "id": "34"}], "affected_by_negation": "no", "separation": "1", "analysis_list": [{"lemma": "tell", "tag": "VI-UUASA-N-N7", "sense_id_list": [{"sense_id": "ODENTITY_CLASSIFYING"}, {"sense_id": "ODENTITY_COMMUNICATION_PROCESS"}, {"sense_id": "ODENTITY_INTENTIONAL_PSYCHOLOGICAL_PROCESS"}, {"sense_id": "ODENTITY_LINGUISTIC_COMMUNICATION"}], "original_form": "told"}], "sense_list": [{"info": "sementity/id=ODENTITY_CLASSIFYING@type=Top>Process>IntentionalProcess>IntentionalPsychologicalProcess>Classifying\tsemld_list=sumo:IntentionalProcess", "id": "ODENTITY_CLASSIFYING", "form": "tell"}, {"info": "sementity/id=ODENTITY_COMMUNICATION_PROCESS@type=Top>Process>ContentBearingProcess>CommunicationProcess\tsemld_list=sumo:Entity", "id": "ODENTITY_COMMUNICATION_PROCESS", "form": "tell"}, {"info": "sementity/id=ODENTITY_INTENTIONAL_PSYCHOLOGICAL_PROCESS@type=Top>Process>IntentionalProcess>IntentionalPsychologicalProcess\tsemld_list=sumo:IntentionalProcess", "id": "ODENTITY_INTENTIONAL_PSYCHOLOGICAL_PROCESS", "form": "tell"}, {"info": "sementity/id=ODENTITY_LINGUISTIC_COMMUNICATION@type=Top>Process>ContentBearingProcess>CommunicationProcess>LinguisticCommunication\tsemld_list=sumo:Entity", "id": "ODENTITY_LINGUISTIC_COMMUNICATION", "form": "tell"}], "id": "17"}, {"endp": "68", "style": {"isItalics": "no", "isUnderlined": "no", "isTitle": "no", "isBold": "no"}, "token_list": [{"endp": "68", "style": {"isItalics": "no", "isUnderlined": "no", "isTitle": "no", "isBold": "no"}, "inip": "66", "form": "her", "quote_level": "1", "affected_by_negation": "no", "separation": "1", "analysis_list": [{"lemma": "her", "tag": "PP-S3AN7", "sense_id_list": [{"sense_id": "PRONHUMAN"}], "original_form": "her"}], "sense_list": [{"info": "semhum=human", "id": "PRONHUMAN", "form": "her"}], "id": "18"}], "separation": "1", "form": "her", "quote_level": "1", "head": "18", "syntactic_tree_relation_list": [{"type": "isAnaphora", "id": "36"}], "affected_by_negation": "no", "inip": "66", "analysis_list": [{"lemma": "her", "tag": "GN-S3---", "original_form": "her"}], "type": "phrase", "id": "32"}, {"endp": "77", "style": {"isItalics": "no", "isUnderlined": "no", "isTitle": "no", "isBold": "no"}, "token_list": [{"endp": "74", "style": {"isItalics": "no", "isUnderlined": "no", "isTitle": "no", "isBold": "no"}, "inip": "70", "form": "about", "quote_level": "1", "affected_by_negation": "no", "separation": "1", "analysis_list": [{"lemma": "about", "tag": "YN6", "original_form": "about"}], "id": "19"}, {"endp": "77", "style": {"isItalics": "no", "isUnderlined": "no", "isTitle": "no", "isBold": "no"}, "token_list": [{"endp": "77", "style": {"isItalics": "no", "isUnderlined": "no", "isTitle": "no", "isBold": "no"}, "inip": "76", "form": "it", "quote_level": "1", "affected_by_negation": "no", "separation": "1", "analysis_list": [{"lemma": "it", "tag": "PP-S3NN8", "sense_id_list": [{"sense_id": "PRONNONHUMAN"}], "original_form": "it"}, {"lemma": "it", "tag": "PP-S3AN8", "sense_id_list": [{"sense_id": "PRONNONHUMAN"}], "original_form": "it"}], "sense_list": [{"info": "semhum=nonhuman", "id": "PRONNONHUMAN", "form": "it"}], "id": "20"}], "separation": "1", "form": "it", "quote_level": "1", "head": "20", "affected_by_negation": "no", "inip": "76", "analysis_list": [{"lemma": "it", "tag": "GN-S3---", "original_form": "it"}], "type": "phrase", "id": "31"}], "separation": "1", "form": "about it", "quote_level": "1", "head": "19", "syntactic_tree_relation_list": [{"type": "isComplement", "id": "17"}, {"type": "isAnaphora", "id": "36"}], "affected_by_negation": "no", "inip": "70", "analysis_list": [{"lemma": "about", "tag": "GY---C--", "original_form": "about it"}], "type": "phrase", "id": "34"}], "separation": "1", "form": "so she told her about it", "quote_level": "1", "syntactic_tree_relation_list": [{"type": "isComplement", "id": "23"}], "affected_by_negation": "no", "inip": "54", "analysis_list": [{"lemma": "*", "tag": "ZE---CIA----", "original_form": "so she told her about it"}], "type": "phrase", "id": "37"}], "separation": "_", "form": "Susan knew that Ann's son had been in a car accident, so she told her about it", "quote_level": "0", "affected_by_negation": "no", "inip": "0", "analysis_list": [{"lemma": "*", "tag": "Z-----------", "original_form": "Susan knew that Ann's son had been in a car accident, so she told her about it"}], "type": "phrase", "id": "39"}], "inip": "0", "quote_level": "0", "affected_by_negation": "no", "separation": "A", "type": "sentence", "id": "24"}]}