{"status": {"msg": "OK", "credits": "1", "remaining_credits": "39891", "code": "0"}, "token_list": [{"endp": "75", "style": {"isItalics": "no", "isUnderlined": "no", "isTitle": "no", "isBold": "no"}, "token_list": [{"endp": "75", "style": {"isItalics": "no", "isUnderlined": "no", "isTitle": "no", "isBold": "no"}, "token_list": [{"endp": "10", "style": {"isItalics": "no", "isUnderlined": "no", "isTitle": "no", "isBold": "no"}, "token_list": [{"endp": "2", "style": {"isItalics": "no", "isUnderlined": "no", "isTitle": "no", "isBold": "no"}, "token_list": [{"endp": "2", "style": {"isItalics": "no", "isUnderlined": "no", "isTitle": "no", "isBold": "no"}, "inip": "0", "form": "Joe", "quote_level": "0", "affected_by_negation": "no", "separation": "_", "analysis_list": [{"lemma": "Joe", "tag": "NPUS-N-", "sense_id_list": [{"sense_id": "f67cafb594"}], "original_form": "Joe"}], "sense_list": [{"info": "sementity/class=instance@fiction=nonfiction@id=ODENTITY_FIRST_NAME@type=Top>Person>FirstName\tsemld_list=sumo:FirstName", "id": "f67cafb594", "form": "Joe"}], "id": "1"}], "separation": "_", "form": "Joe", "quote_level": "0", "head": "1", "affected_by_negation": "no", "inip": "0", "analysis_list": [{"lemma": "Joe", "tag": "GNUS3---", "original_form": "Joe"}], "type": "phrase", "id": "25"}, {"endp": "4", "style": {"isItalics": "no", "isUnderlined": "no", "isTitle": "no", "isBold": "no"}, "inip": "3", "form": "'s", "quote_level": "0", "affected_by_negation": "no", "separation": "A", "analysis_list": [{"lemma": "'s", "tag": "WN-", "original_form": "'s"}], "id": "21"}, {"endp": "10", "style": {"isItalics": "no", "isUnderlined": "no", "isTitle": "no", "isBold": "no"}, "token_list": [{"endp": "10", "style": {"isItalics": "no", "isUnderlined": "no", "isTitle": "no", "isBold": "no"}, "inip": "6", "form": "uncle", "quote_level": "0", "affected_by_negation": "no", "separation": "1", "analysis_list": [{"lemma": "uncle", "tag": "NC-S-N4", "sense_id_list": [{"sense_id": "2657172b8b"}], "original_form": "uncle"}], "sense_list": [{"info": "sementity/class=class@fiction=nonfiction@id=ODENTITY_PERSON@type=Top>Person\tsemld_list=sumo:Human", "id": "2657172b8b", "form": "uncle"}], "id": "4"}], "separation": "1", "form": "uncle", "quote_level": "0", "head": "4", "affected_by_negation": "no", "inip": "6", "analysis_list": [{"lemma": "uncle", "tag": "GN-S3---", "original_form": "uncle"}], "type": "phrase", "id": "26"}], "separation": "_", "form": "Joe's uncle", "quote_level": "0", "head": "26", "syntactic_tree_relation_list": [{"type": "isSubject", "id": "22"}, {"type": "iof_isAnaphora", "id": "31"}, {"type": "iof_isAnaphora", "id": "30"}], "affected_by_negation": "no", "inip": "0", "analysis_list": [{"lemma": "uncle", "tag": "GN-S3S--", "original_form": "Joe's uncle"}], "type": "phrase", "id": "34"}, {"endp": "20", "style": {"isItalics": "no", "isUnderlined": "no", "isTitle": "no", "isBold": "no"}, "token_list": [{"endp": "20", "style": {"isItalics": "no", "isUnderlined": "no", "isTitle": "no", "isBold": "no"}, "inip": "16", "form": "still", "quote_level": "0", "affected_by_negation": "no", "separation": "1", "analysis_list": [{"lemma": "still", "tag": "ENTPN4", "original_form": "still"}], "id": "6"}], "separation": "1", "form": "still", "quote_level": "0", "head": "6", "syntactic_tree_relation_list": [{"type": "isTimeComplement", "id": "22"}], "affected_by_negation": "no", "inip": "16", "analysis_list": [{"lemma": "still", "tag": "GET--T--", "original_form": "still"}], "type": "phrase", "id": "33"}, {"endp": "25", "style": {"isItalics": "no", "isUnderlined": "no", "isTitle": "no", "isBold": "no"}, "separation": "1", "form": "can beat", "quote_level": "0", "head": "5", "syntactic_tree_relation_list": [{"type": "iof_isSubject", "id": "34"}, {"type": "iof_isTimeComplement", "id": "33"}, {"type": "iof_isDirectObject", "id": "31"}, {"type": "iof_isComplement", "id": "32"}, {"type": "iof_isComplement", "id": "35"}], "affected_by_negation": "no", "inip": "12", "analysis_list": [{"lemma": "beat", "tag": "VW-S3OSA-N-N3", "original_form": "can beat"}], "type": "multiword", "id": "22"}, {"endp": "29", "style": {"isItalics": "no", "isUnderlined": "no", "isTitle": "no", "isBold": "no"}, "token_list": [{"endp": "29", "style": {"isItalics": "no", "isUnderlined": "no", "isTitle": "no", "isBold": "no"}, "inip": "27", "form": "him", "quote_level": "0", "affected_by_negation": "no", "separation": "1", "analysis_list": [{"lemma": "him", "tag": "PP-S3AN7", "sense_id_list": [{"sense_id": "PRONHUMAN"}], "original_form": "him"}], "sense_list": [{"info": "semhum=human", "id": "PRONHUMAN", "form": "him"}], "id": "8"}], "separation": "1", "form": "him", "quote_level": "0", "head": "8", "syntactic_tree_relation_list": [{"type": "isAnaphora", "id": "34"}, {"type": "isDirectObject", "id": "22"}], "affected_by_negation": "no", "inip": "27", "analysis_list": [{"lemma": "him", "tag": "GN-S3D--", "original_form": "him"}], "type": "phrase", "id": "31"}, {"endp": "39", "style": {"isItalics": "no", "isUnderlined": "no", "isTitle": "no", "isBold": "no"}, "token_list": [{"endp": "32", "style": {"isItalics": "no", "isUnderlined": "no", "isTitle": "no", "isBold": "no"}, "inip": "31", "form": "at", "quote_level": "0", "affected_by_negation": "no", "separation": "1", "analysis_list": [{"lemma": "at", "tag": "YN8", "original_form": "at"}], "id": "9"}, {"endp": "39", "style": {"isItalics": "no", "isUnderlined": "no", "isTitle": "no", "isBold": "no"}, "token_list": [{"endp": "39", "style": {"isItalics": "no", "isUnderlined": "no", "isTitle": "no", "isBold": "no"}, "inip": "34", "form": "tennis", "quote_level": "0", "affected_by_negation": "no", "separation": "1", "analysis_list": [{"lemma": "tennis", "tag": "NC-S-N4", "sense_id_list": [{"sense_id": "f4517bd82a"}], "original_form": "tennis"}, {"lemma": "tennis", "tag": "NC-S-N4", "sense_id_list": [{"sense_id": "83f82d26f9"}], "original_form": "tennis"}], "sense_list": [{"info": "sementity/class=class@fiction=nonfiction@id=ODENTITY_SPORTS@type=Top>OtherEntity>Doctrine>Sports\tsemld_list=sumo:Sport\tsemtheme_list/id=ODTHEME_TENNIS@type=Top>Sport>Tennis", "id": "83f82d26f9", "form": "tennis"}, {"info": "sementity/class=class@fiction=nonfiction@id=ODENTITY_SPORTS@type=Top>OtherEntity>Doctrine>Sports\tsemld_list=sumo:Sport\tsemtheme_list/id=ODTHEME_SPORT@type=Top>Sport", "id": "f4517bd82a", "form": "tennis"}], "id": "10"}], "separation": "1", "form": "tennis", "quote_level": "0", "head": "10", "affected_by_negation": "no", "inip": "34", "analysis_list": [{"lemma": "tennis", "tag": "GN-S3---", "original_form": "tennis"}], "type": "phrase", "id": "27"}], "separation": "1", "form": "at tennis", "quote_level": "0", "head": "9", "syntactic_tree_relation_list": [{"type": "isComplement", "id": "22"}], "affected_by_negation": "no", "inip": "31", "analysis_list": [{"lemma": "at", "tag": "GY---C--", "original_form": "at tennis"}], "type": "phrase", "id": "32"}, {"endp": "40", "style": {"isItalics": "no", "isUnderlined": "no", "isTitle": "no", "isBold": "no"}, "inip": "40", "form": ",", "quote_level": "0", "affected_by_negation": "no", "separation": "A", "analysis_list": [{"lemma": ",", "tag": "1D--", "original_form": ","}], "id": "11"}, {"endp": "75", "style": {"isItalics": "no", "isUnderlined": "no", "isTitle": "no", "isBold": "no"}, "token_list": [{"endp": "52", "style": {"isItalics": "no", "isUnderlined": "no", "isTitle": "no", "isBold": "no"}, "inip": "42", "form": "even though", "quote_level": "0", "affected_by_negation": "no", "separation": "1", "analysis_list": [{"lemma": "even though", "tag": "CSNN-", "original_form": "even though"}], "id": "20"}, {"endp": "55", "style": {"isItalics": "no", "isUnderlined": "no", "isTitle": "no", "isBold": "no"}, "token_list": [{"endp": "55", "style": {"isItalics": "no", "isUnderlined": "no", "isTitle": "no", "isBold": "no"}, "inip": "54", "form": "he", "quote_level": "0", "affected_by_negation": "no", "separation": "1", "analysis_list": [{"lemma": "he", "tag": "PPMS3NN8", "sense_id_list": [{"sense_id": "PRONHUMAN"}], "original_form": "he"}], "sense_list": [{"info": "semhum=human", "id": "PRONHUMAN", "form": "he"}], "id": "14"}], "separation": "1", "form": "he", "quote_level": "0", "head": "14", "syntactic_tree_relation_list": [{"type": "isAnaphora", "id": "34"}, {"type": "isSubject", "id": "15"}], "affected_by_negation": "no", "inip": "54", "analysis_list": [{"lemma": "he", "tag": "GNMS3S--", "original_form": "he"}], "type": "phrase", "id": "30"}, {"endp": "58", "style": {"isItalics": "no", "isUnderlined": "no", "isTitle": "no", "isBold": "no"}, "inip": "57", "form": "is", "quote_level": "0", "syntactic_tree_relation_list": [{"type": "iof_isSubject", "id": "30"}, {"type": "iof_isTimeComplement", "id": "28"}], "affected_by_negation": "no", "separation": "1", "analysis_list": [{"lemma": "be", "tag": "VI-S3PSA-N-N9", "original_form": "is"}], "id": "15"}, {"endp": "67", "style": {"isItalics": "no", "isUnderlined": "no", "isTitle": "no", "isBold": "no"}, "token_list": [{"endp": "61", "style": {"isItalics": "no", "isUnderlined": "no", "isTitle": "no", "isBold": "no"}, "separation": "1", "form": "30", "quote_level": "0", "affected_by_negation": "no", "inip": "60", "analysis_list": [{"lemma": "30", "tag": "MDUPCn-", "original_form": "30"}], "id": "16", "normalized_form": "numeric@30"}, {"endp": "67", "style": {"isItalics": "no", "isUnderlined": "no", "isTitle": "no", "isBold": "no"}, "inip": "63", "form": "years", "quote_level": "0", "affected_by_negation": "no", "separation": "1", "analysis_list": [{"lemma": "year", "tag": "NC-P-N7", "sense_id_list": [{"sense_id": "782b286b79"}, {"sense_id": "50b37cb80f"}], "original_form": "years"}], "sense_list": [{"info": "sementity/class=class@fiction=nonfiction@id=ODENTITY_DATE@type=Top>Timex>Date\tsemld_list=sumo:DatePeriod", "id": "50b37cb80f", "form": "year"}, {"info": "sementity/class=class@fiction=nonfiction@id=ODENTITY_PERIOD@type=Top>Timex>Period\tsemld_list=sumo:TimeInterval", "id": "782b286b79", "form": "year"}], "id": "17"}], "separation": "1", "form": "30 years", "quote_level": "0", "head": "17", "syntactic_tree_relation_list": [{"type": "isTimeComplement", "id": "15"}], "affected_by_negation": "no", "inip": "60", "analysis_list": [{"lemma": "year", "tag": "GN-P3T--", "original_form": "30 years"}], "type": "phrase", "id": "28"}, {"endp": "75", "style": {"isItalics": "no", "isUnderlined": "no", "isTitle": "no", "isBold": "no"}, "token_list": [{"endp": "75", "style": {"isItalics": "no", "isUnderlined": "no", "isTitle": "no", "isBold": "no"}, "inip": "69", "form": "younger", "quote_level": "0", "affected_by_negation": "no", "separation": "1", "analysis_list": [{"lemma": "young", "tag": "AC-N6", "original_form": "younger"}], "id": "18"}], "separation": "1", "form": "younger", "quote_level": "0", "head": "18", "affected_by_negation": "no", "inip": "69", "analysis_list": [{"lemma": "young", "tag": "GA------", "original_form": "younger"}], "type": "phrase", "id": "29"}], "separation": "1", "form": "even though he is 30 years younger", "quote_level": "0", "syntactic_tree_relation_list": [{"type": "isComplement", "id": "22"}], "affected_by_negation": "no", "inip": "42", "analysis_list": [{"lemma": "*", "tag": "ZE---CIP----", "original_form": "even though he is 30 years younger"}], "type": "phrase", "id": "35"}], "separation": "_", "form": "Joe's uncle still can beat him at tennis, even though he is 30 years younger", "quote_level": "0", "affected_by_negation": "no", "inip": "0", "analysis_list": [{"lemma": "*", "tag": "Z-----------", "original_form": "Joe's uncle still can beat him at tennis, even though he is 30 years younger"}], "type": "phrase", "id": "36"}], "inip": "0", "quote_level": "0", "affected_by_negation": "no", "separation": "A", "type": "sentence", "id": "23"}]}