{"status": {"msg": "OK", "credits": "1", "remaining_credits": "39889", "code": "0"}, "token_list": [{"endp": "52", "style": {"isItalics": "no", "isUnderlined": "no", "isTitle": "no", "isBold": "no"}, "token_list": [{"endp": "51", "style": {"isItalics": "no", "isUnderlined": "no", "isTitle": "no", "isBold": "no"}, "token_list": [{"endp": "33", "style": {"isItalics": "no", "isUnderlined": "no", "isTitle": "no", "isBold": "no"}, "token_list": [{"endp": "2", "style": {"isItalics": "no", "isUnderlined": "no", "isTitle": "no", "isBold": "no"}, "inip": "0", "form": "The", "quote_level": "0", "affected_by_negation": "no", "separation": "_", "analysis_list": [{"lemma": "the", "tag": "TD-SN9", "original_form": "the"}], "id": "1"}, {"endp": "11", "style": {"isItalics": "no", "isUnderlined": "no", "isTitle": "no", "isBold": "no"}, "inip": "4", "form": "painting", "quote_level": "0", "affected_by_negation": "no", "separation": "1", "analysis_list": [{"lemma": "painting", "tag": "NC-S-N5", "sense_id_list": [{"sense_id": "6afb3b4ac7"}], "original_form": "painting"}], "sense_list": [{"info": "sementity/class=class@fiction=nonfiction@id=ODENTITY_PICTURE@type=Top>Product>CulturalProduct>Picture\tsemld_list=sumo:PaintedPicture\tsemtheme_list/id=ODTHEME_PAINTING@type=Top>Arts>Painting", "id": "6afb3b4ac7", "form": "painting"}], "id": "2"}, {"endp": "33", "style": {"isItalics": "no", "isUnderlined": "no", "isTitle": "no", "isBold": "no"}, "token_list": [{"endp": "14", "style": {"isItalics": "no", "isUnderlined": "no", "isTitle": "no", "isBold": "no"}, "inip": "13", "form": "in", "quote_level": "0", "affected_by_negation": "no", "separation": "1", "analysis_list": [{"lemma": "in", "tag": "YN6", "original_form": "in"}], "id": "3"}, {"endp": "33", "style": {"isItalics": "no", "isUnderlined": "no", "isTitle": "no", "isBold": "no"}, "token_list": [{"endp": "19", "style": {"isItalics": "no", "isUnderlined": "no", "isTitle": "no", "isBold": "no"}, "token_list": [{"endp": "19", "style": {"isItalics": "no", "isUnderlined": "no", "isTitle": "no", "isBold": "no"}, "inip": "16", "form": "Mark", "quote_level": "0", "affected_by_negation": "no", "separation": "1", "analysis_list": [{"lemma": "Mark", "tag": "NPMS-N-", "sense_id_list": [{"sense_id": "af472e50f3"}], "original_form": "Mark"}], "sense_list": [{"info": "sementity/class=instance@fiction=nonfiction@id=ODENTITY_FIRST_NAME@type=Top>Person>FirstName\tsemld_list=sumo:FirstName", "id": "af472e50f3", "form": "Mark"}], "id": "4"}], "separation": "1", "form": "Mark", "quote_level": "0", "head": "4", "affected_by_negation": "no", "inip": "16", "analysis_list": [{"lemma": "Mark", "tag": "GNMS3---", "original_form": "Mark"}], "type": "phrase", "id": "33"}, {"endp": "21", "style": {"isItalics": "no", "isUnderlined": "no", "isTitle": "no", "isBold": "no"}, "inip": "20", "form": "'s", "quote_level": "0", "affected_by_negation": "no", "separation": "A", "analysis_list": [{"lemma": "'s", "tag": "WN-", "original_form": "'s"}], "id": "26"}, {"endp": "33", "style": {"isItalics": "no", "isUnderlined": "no", "isTitle": "no", "isBold": "no"}, "token_list": [{"endp": "33", "style": {"isItalics": "no", "isUnderlined": "no", "isTitle": "no", "isBold": "no"}, "inip": "23", "form": "living room", "quote_level": "0", "affected_by_negation": "no", "separation": "1", "analysis_list": [{"lemma": "living room", "tag": "NC-S-N-", "sense_id_list": [{"sense_id": "9cbe4bf0c6"}], "original_form": "living room"}], "sense_list": [{"info": "sementity/class=class@fiction=nonfiction@id=ODENTITY_FACILITY@type=Top>Location>Facility\tsemld_list=sumo:FacilityPartOther", "id": "9cbe4bf0c6", "form": "living room"}], "id": "25"}], "separation": "1", "form": "living room", "quote_level": "0", "head": "25", "affected_by_negation": "no", "inip": "23", "analysis_list": [{"lemma": "living room", "tag": "GN-S3---", "original_form": "living room"}], "type": "phrase", "id": "34"}], "separation": "1", "form": "Mark's living room", "quote_level": "0", "head": "34", "affected_by_negation": "no", "inip": "16", "analysis_list": [{"lemma": "living room", "tag": "GN-S3---", "original_form": "Mark's living room"}], "type": "phrase", "id": "36"}], "separation": "1", "form": "in Mark's living room", "quote_level": "0", "head": "3", "affected_by_negation": "no", "inip": "13", "analysis_list": [{"lemma": "in", "tag": "GY------", "original_form": "in Mark's living room"}], "type": "phrase", "id": "37"}], "separation": "_", "form": "The painting in Mark's living room", "quote_level": "0", "head": "2", "syntactic_tree_relation_list": [{"type": "isSubject", "id": "9"}], "affected_by_negation": "no", "inip": "0", "analysis_list": [{"lemma": "painting", "tag": "GN-S3S--", "original_form": "The painting"}], "type": "phrase", "id": "32"}, {"endp": "39", "style": {"isItalics": "no", "isUnderlined": "no", "isTitle": "no", "isBold": "no"}, "inip": "35", "form": "shows", "quote_level": "0", "syntactic_tree_relation_list": [{"type": "iof_isSubject", "id": "32"}, {"type": "iof_isDirectObject", "id": "35"}], "affected_by_negation": "no", "separation": "1", "analysis_list": [{"lemma": "show", "tag": "VI-S3PSA-N-N5", "sense_id_list": [{"sense_id": "ODENTITY_COMMUNICATION_PROCESS"}, {"sense_id": "ODENTITY_CONTEST"}, {"sense_id": "ODENTITY_DISSEMINATING"}, {"sense_id": "ODENTITY_INTENTIONAL_PROCESS"}, {"sense_id": "ODENTITY_PROCESS"}, {"sense_id": "ODENTITY_REASONING"}, {"sense_id": "ODENTITY_GAMING"}], "original_form": "shows"}], "sense_list": [{"info": "sementity/id=ODENTITY_COMMUNICATION_PROCESS@type=Top>Process>ContentBearingProcess>CommunicationProcess\tsemld_list=sumo:Entity", "id": "ODENTITY_COMMUNICATION_PROCESS", "form": "show"}, {"info": "sementity/id=ODENTITY_CONTEST@type=Top>Process>IntentionalProcess>SocialInteraction>Contest\tsemld_list=sumo:IntentionalProcess", "id": "ODENTITY_CONTEST", "form": "show"}, {"info": "sementity/id=ODENTITY_DISSEMINATING@type=Top>Process>ContentBearingProcess>CommunicationProcess>Disseminating\tsemld_list=sumo:Entity", "id": "ODENTITY_DISSEMINATING", "form": "show"}, {"info": "sementity/id=ODENTITY_GAMING@type=Top>Process>IntentionalProcess>RecreationOrExercise>Gaming\tsemld_list=sumo:IntentionalProcess", "id": "ODENTITY_GAMING", "form": "show"}, {"info": "sementity/id=ODENTITY_INTENTIONAL_PROCESS@type=Top>Process>IntentionalProcess\tsemld_list=sumo:IntentionalProcess", "id": "ODENTITY_INTENTIONAL_PROCESS", "form": "show"}, {"info": "sementity/id=ODENTITY_PROCESS@type=Top>Process\tsemld_list=sumo:Entity", "id": "ODENTITY_PROCESS", "form": "show"}, {"info": "sementity/id=ODENTITY_REASONING@type=Top>Process>IntentionalProcess>IntentionalPsychologicalProcess>Reasoning\tsemld_list=sumo:IntentionalProcess", "id": "ODENTITY_REASONING", "form": "show"}], "id": "9"}, {"endp": "51", "style": {"isItalics": "no", "isUnderlined": "no", "isTitle": "no", "isBold": "no"}, "token_list": [{"endp": "42", "style": {"isItalics": "no", "isUnderlined": "no", "isTitle": "no", "isBold": "no"}, "inip": "41", "form": "an", "quote_level": "0", "affected_by_negation": "no", "separation": "1", "analysis_list": [{"lemma": "an", "tag": "QD-SPN8", "original_form": "an"}], "id": "10"}, {"endp": "46", "style": {"isItalics": "no", "isUnderlined": "no", "isTitle": "no", "isBold": "no"}, "inip": "44", "form": "oak", "quote_level": "0", "affected_by_negation": "no", "separation": "1", "analysis_list": [{"lemma": "oak", "tag": "NC-S-N4", "sense_id_list": [{"sense_id": "29ad6c890a"}], "original_form": "oak"}], "sense_list": [{"info": "sementity/class=class@fiction=nonfiction@id=ODENTITY_FLORA@type=Top>LivingThing>Flora\tsemld_list=sumo:Plant\tsemtheme_list/id=ODTHEME_BOTANY@type=Top>NaturalSciences>Botany", "id": "29ad6c890a", "form": "oak"}], "id": "11"}, {"endp": "51", "style": {"isItalics": "no", "isUnderlined": "no", "isTitle": "no", "isBold": "no"}, "inip": "48", "form": "tree", "quote_level": "0", "affected_by_negation": "no", "separation": "1", "analysis_list": [{"lemma": "tree", "tag": "NC-S-N6", "sense_id_list": [{"sense_id": "35f20d6542"}], "original_form": "tree"}], "sense_list": [{"info": "sementity/class=class@fiction=nonfiction@id=ODENTITY_FLORA@type=Top>LivingThing>Flora\tsemld_list=sumo:Plant\tsemtheme_list/id=ODTHEME_BOTANY@type=Top>NaturalSciences>Botany", "id": "35f20d6542", "form": "tree"}], "id": "12"}], "separation": "1", "form": "an oak tree", "quote_level": "0", "head": "12", "syntactic_tree_relation_list": [{"type": "isDirectObject", "id": "9"}, {"type": "iof_isAnaphora", "id": "40"}], "affected_by_negation": "no", "inip": "41", "analysis_list": [{"lemma": "tree", "tag": "GN-S3D--", "original_form": "an oak tree"}], "type": "phrase", "id": "35"}], "separation": "_", "form": "The painting in Mark's living room shows an oak tree", "quote_level": "0", "affected_by_negation": "no", "inip": "0", "analysis_list": [{"lemma": "*", "tag": "Z-----------", "original_form": "The painting in Mark's living room shows an oak tree"}], "type": "phrase", "id": "38"}, {"endp": "52", "style": {"isItalics": "no", "isUnderlined": "no", "isTitle": "no", "isBold": "no"}, "inip": "52", "form": ".", "quote_level": "0", "affected_by_negation": "no", "separation": "A", "analysis_list": [{"lemma": ".", "tag": "1D--", "original_form": "."}], "id": "13"}], "inip": "0", "quote_level": "0", "affected_by_negation": "no", "separation": "A", "type": "sentence", "id": "27"}, {"endp": "88", "style": {"isItalics": "no", "isUnderlined": "no", "isTitle": "no", "isBold": "no"}, "token_list": [{"endp": "87", "style": {"isItalics": "no", "isUnderlined": "no", "isTitle": "no", "isBold": "no"}, "token_list": [{"endp": "55", "style": {"isItalics": "no", "isUnderlined": "no", "isTitle": "no", "isBold": "no"}, "token_list": [{"endp": "55", "style": {"isItalics": "no", "isUnderlined": "no", "isTitle": "no", "isBold": "no"}, "inip": "54", "form": "It", "quote_level": "0", "affected_by_negation": "no", "separation": "1", "analysis_list": [{"lemma": "it", "tag": "PP-S3NN8", "sense_id_list": [{"sense_id": "PRONNONHUMAN"}], "original_form": "it"}], "sense_list": [{"info": "semhum=nonhuman", "id": "PRONNONHUMAN", "form": "it"}], "id": "14"}], "separation": "1", "form": "It", "quote_level": "0", "head": "14", "syntactic_tree_relation_list": [{"type": "isAnaphora", "id": "35"}, {"type": "isSubject", "id": "15"}], "affected_by_negation": "no", "inip": "54", "analysis_list": [{"lemma": "it", "tag": "GN-S3S--", "original_form": "It"}], "type": "phrase", "id": "40"}, {"endp": "58", "style": {"isItalics": "no", "isUnderlined": "no", "isTitle": "no", "isBold": "no"}, "inip": "57", "form": "is", "quote_level": "0", "syntactic_tree_relation_list": [{"type": "iof_isSubject", "id": "40"}, {"type": "iof_isLocationComplement", "id": "42"}, {"type": "iof_isComplement", "id": "41"}], "affected_by_negation": "no", "separation": "1", "analysis_list": [{"lemma": "be", "tag": "VI-S3PSA-N-N9", "original_form": "is"}], "id": "15"}, {"endp": "71", "style": {"isItalics": "no", "isUnderlined": "no", "isTitle": "no", "isBold": "no"}, "token_list": [{"endp": "71", "style": {"isItalics": "no", "isUnderlined": "no", "isTitle": "no", "isBold": "no"}, "inip": "60", "form": "to the right", "quote_level": "0", "affected_by_negation": "no", "separation": "1", "analysis_list": [{"lemma": "to the right", "tag": "ENLPN-", "original_form": "to the right"}], "id": "24"}], "separation": "1", "form": "to the right", "quote_level": "0", "head": "24", "syntactic_tree_relation_list": [{"type": "isLocationComplement", "id": "15"}], "affected_by_negation": "no", "inip": "60", "analysis_list": [{"lemma": "to the right", "tag": "GEL--L--", "original_form": "to the right"}], "type": "phrase", "id": "42"}, {"endp": "87", "style": {"isItalics": "no", "isUnderlined": "no", "isTitle": "no", "isBold": "no"}, "token_list": [{"endp": "74", "style": {"isItalics": "no", "isUnderlined": "no", "isTitle": "no", "isBold": "no"}, "inip": "73", "form": "of", "quote_level": "0", "affected_by_negation": "no", "separation": "1", "analysis_list": [{"lemma": "of", "tag": "YN9", "original_form": "of"}], "id": "19"}, {"endp": "87", "style": {"isItalics": "no", "isUnderlined": "no", "isTitle": "no", "isBold": "no"}, "token_list": [{"endp": "78", "style": {"isItalics": "no", "isUnderlined": "no", "isTitle": "no", "isBold": "no"}, "inip": "76", "form": "the", "quote_level": "0", "affected_by_negation": "no", "separation": "1", "analysis_list": [{"lemma": "the", "tag": "TD-SN9", "original_form": "the"}], "id": "20"}, {"endp": "87", "style": {"isItalics": "no", "isUnderlined": "no", "isTitle": "no", "isBold": "no"}, "inip": "80", "form": "bookcase", "quote_level": "0", "affected_by_negation": "no", "separation": "1", "analysis_list": [{"lemma": "bookcase", "tag": "NC-S-N-", "sense_id_list": [{"sense_id": "6e0eacace8"}], "original_form": "bookcase"}], "sense_list": [{"info": "sementity/class=class@fiction=nonfiction@id=ODENTITY_PRODUCT@type=Top>Product\tsemld_list=sumo:Artifact", "id": "6e0eacace8", "form": "bookcase"}], "id": "21"}], "separation": "1", "form": "the bookcase", "quote_level": "0", "head": "21", "affected_by_negation": "no", "inip": "76", "analysis_list": [{"lemma": "bookcase", "tag": "GN-S3---", "original_form": "the bookcase"}], "type": "phrase", "id": "39"}], "separation": "1", "form": "of the bookcase", "quote_level": "0", "head": "19", "syntactic_tree_relation_list": [{"type": "isComplement", "id": "15"}], "affected_by_negation": "no", "inip": "73", "analysis_list": [{"lemma": "of", "tag": "GY---C--", "original_form": "of the bookcase"}], "type": "phrase", "id": "41"}], "separation": "1", "form": "It is to the right of the bookcase", "quote_level": "0", "affected_by_negation": "no", "inip": "54", "analysis_list": [{"lemma": "*", "tag": "Z-----------", "original_form": "It is to the right of the bookcase"}], "type": "phrase", "id": "43"}, {"endp": "88", "style": {"isItalics": "no", "isUnderlined": "no", "isTitle": "no", "isBold": "no"}, "inip": "88", "form": ".", "quote_level": "0", "affected_by_negation": "no", "separation": "A", "analysis_list": [{"lemma": ".", "tag": "1D--", "original_form": "."}], "id": "22"}], "inip": "54", "quote_level": "0", "affected_by_negation": "no", "separation": "A", "type": "sentence", "id": "29"}]}