{"status": {"msg": "OK", "credits": "1", "remaining_credits": "39886", "code": "0"}, "token_list": [{"endp": "26", "style": {"isItalics": "no", "isUnderlined": "no", "isTitle": "no", "isBold": "no"}, "token_list": [{"endp": "25", "style": {"isItalics": "no", "isUnderlined": "no", "isTitle": "no", "isBold": "no"}, "token_list": [{"endp": "7", "style": {"isItalics": "no", "isUnderlined": "no", "isTitle": "no", "isBold": "no"}, "separation": "_", "form": "There is", "quote_level": "0", "head": "2", "syntactic_tree_relation_list": [{"type": "iof_isDirectObject", "id": "24"}, {"type": "iof_isComplement", "id": "26"}], "affected_by_negation": "no", "inip": "0", "analysis_list": [{"lemma": "There is", "tag": "VI-S3PSA-N-N9", "original_form": "There is"}], "type": "multiword", "id": "19"}, {"endp": "13", "style": {"isItalics": "no", "isUnderlined": "no", "isTitle": "no", "isBold": "no"}, "token_list": [{"endp": "9", "style": {"isItalics": "no", "isUnderlined": "no", "isTitle": "no", "isBold": "no"}, "inip": "9", "form": "a", "quote_level": "0", "affected_by_negation": "no", "separation": "1", "analysis_list": [{"lemma": "a", "tag": "QD-SPN9", "original_form": "a"}], "id": "3"}, {"endp": "13", "style": {"isItalics": "no", "isUnderlined": "no", "isTitle": "no", "isBold": "no"}, "inip": "11", "form": "gap", "quote_level": "0", "affected_by_negation": "no", "separation": "1", "analysis_list": [{"lemma": "gap", "tag": "NC-S-N5", "sense_id_list": [{"sense_id": "bcf5c3afa4"}], "original_form": "gap"}], "sense_list": [{"info": "sementity/class=class@fiction=nonfiction@id=ODENTITY_DISEASE@type=Top>OtherEntity>Disease\tsemld_list=sumo:DiseaseOrSyndrome\tsemtheme_list/id=ODTHEME_MEDICINE@type=Top>LifeSciences>Medicine", "id": "bcf5c3afa4", "form": "breach"}], "id": "4"}], "separation": "1", "form": "a gap", "quote_level": "0", "head": "4", "syntactic_tree_relation_list": [{"type": "isDirectObject", "id": "19"}], "affected_by_negation": "no", "inip": "9", "analysis_list": [{"lemma": "gap", "tag": "GN-S3D--", "original_form": "a gap"}], "type": "phrase", "id": "24"}, {"endp": "25", "style": {"isItalics": "no", "isUnderlined": "no", "isTitle": "no", "isBold": "no"}, "token_list": [{"endp": "16", "style": {"isItalics": "no", "isUnderlined": "no", "isTitle": "no", "isBold": "no"}, "inip": "15", "form": "in", "quote_level": "0", "affected_by_negation": "no", "separation": "1", "analysis_list": [{"lemma": "in", "tag": "YN6", "original_form": "in"}], "id": "5"}, {"endp": "25", "style": {"isItalics": "no", "isUnderlined": "no", "isTitle": "no", "isBold": "no"}, "token_list": [{"endp": "20", "style": {"isItalics": "no", "isUnderlined": "no", "isTitle": "no", "isBold": "no"}, "inip": "18", "form": "the", "quote_level": "0", "affected_by_negation": "no", "separation": "1", "analysis_list": [{"lemma": "the", "tag": "TD-SN9", "original_form": "the"}], "id": "6"}, {"endp": "25", "style": {"isItalics": "no", "isUnderlined": "no", "isTitle": "no", "isBold": "no"}, "inip": "22", "form": "wall", "quote_level": "0", "affected_by_negation": "no", "separation": "1", "analysis_list": [{"lemma": "wall", "tag": "NC-S-N6", "original_form": "wall"}], "id": "7"}], "separation": "1", "form": "the wall", "quote_level": "0", "head": "7", "affected_by_negation": "no", "inip": "18", "analysis_list": [{"lemma": "wall", "tag": "GN-S3---", "original_form": "the wall"}], "type": "phrase", "id": "25"}], "separation": "1", "form": "in the wall", "quote_level": "0", "head": "5", "syntactic_tree_relation_list": [{"type": "isComplement", "id": "19"}], "affected_by_negation": "no", "inip": "15", "analysis_list": [{"lemma": "in", "tag": "GY---C--", "original_form": "in the wall"}], "type": "phrase", "id": "26"}], "separation": "_", "form": "There is a gap in the wall", "quote_level": "0", "affected_by_negation": "no", "inip": "0", "analysis_list": [{"lemma": "*", "tag": "Z-----------", "original_form": "There is a gap in the wall"}], "type": "phrase", "id": "27"}, {"endp": "26", "style": {"isItalics": "no", "isUnderlined": "no", "isTitle": "no", "isBold": "no"}, "inip": "26", "form": ".", "quote_level": "0", "affected_by_negation": "no", "separation": "A", "analysis_list": [{"lemma": ".", "tag": "1D--", "original_form": "."}], "id": "8"}], "inip": "0", "quote_level": "0", "affected_by_negation": "no", "separation": "A", "type": "sentence", "id": "20"}, {"endp": "60", "style": {"isItalics": "no", "isUnderlined": "no", "isTitle": "no", "isBold": "no"}, "token_list": [{"endp": "59", "style": {"isItalics": "no", "isUnderlined": "no", "isTitle": "no", "isBold": "no"}, "token_list": [{"endp": "30", "style": {"isItalics": "no", "isUnderlined": "no", "isTitle": "no", "isBold": "no"}, "token_list": [{"endp": "30", "style": {"isItalics": "no", "isUnderlined": "no", "isTitle": "no", "isBold": "no"}, "inip": "28", "form": "You", "quote_level": "0", "affected_by_negation": "no", "separation": "1", "analysis_list": [{"lemma": "you", "tag": "PP-S2NN8", "sense_id_list": [{"sense_id": "PRONHUMAN"}], "original_form": "you"}, {"lemma": "you", "tag": "PP-P2NN8", "sense_id_list": [{"sense_id": "PRONHUMAN"}], "original_form": "you"}], "sense_list": [{"info": "semhum=human", "id": "PRONHUMAN", "form": "you"}], "id": "9"}], "separation": "1", "form": "You", "quote_level": "0", "head": "9", "syntactic_tree_relation_list": [{"type": "isSubject", "id": "18"}], "affected_by_negation": "no", "inip": "28", "analysis_list": [{"lemma": "you", "tag": "GN-S2S--", "original_form": "You"}, {"lemma": "you", "tag": "GN-P2S--", "original_form": "You"}], "type": "phrase", "id": "30"}, {"endp": "38", "style": {"isItalics": "no", "isUnderlined": "no", "isTitle": "no", "isBold": "no"}, "separation": "1", "form": "can see", "quote_level": "0", "head": "10", "syntactic_tree_relation_list": [{"type": "iof_isSubject", "id": "30"}, {"type": "iof_isLocationComplement", "id": "31"}], "affected_by_negation": "no", "inip": "32", "analysis_list": [{"lemma": "see", "tag": "VW-U2OSA-N-N3", "original_form": "can see"}], "type": "multiword", "id": "18"}, {"endp": "49", "style": {"isItalics": "no", "isUnderlined": "no", "isTitle": "no", "isBold": "no"}, "token_list": [{"endp": "42", "style": {"isItalics": "no", "isUnderlined": "no", "isTitle": "no", "isBold": "no"}, "inip": "40", "form": "the", "quote_level": "0", "affected_by_negation": "no", "separation": "1", "analysis_list": [{"lemma": "the", "tag": "TD-SN9", "original_form": "the"}], "id": "12"}, {"endp": "49", "style": {"isItalics": "no", "isUnderlined": "no", "isTitle": "no", "isBold": "no"}, "inip": "44", "form": "garden", "quote_level": "0", "affected_by_negation": "no", "separation": "1", "analysis_list": [{"lemma": "garden", "tag": "NC-S-N6", "sense_id_list": [{"sense_id": "0c28a20909"}], "original_form": "garden"}], "sense_list": [{"info": "sementity/class=class@fiction=nonfiction@id=ODENTITY_NATURAL_RESERVE@type=Top>Location>GeographicalEntity>NaturalReserve\tsemld_list=sumo:NaturalReserve\tsemtheme_list/id=ODTHEME_BOTANY@type=Top>NaturalSciences>Botany", "id": "0c28a20909", "form": "garden"}], "id": "13"}], "separation": "1", "form": "the garden", "quote_level": "0", "head": "13", "syntactic_tree_relation_list": [{"type": "iof_isAnaphora", "id": "29"}], "affected_by_negation": "no", "inip": "40", "analysis_list": [{"lemma": "garden", "tag": "GN-S3---", "original_form": "the garden"}], "type": "phrase", "id": "28"}, {"endp": "56", "style": {"isItalics": "no", "isUnderlined": "no", "isTitle": "no", "isBold": "no"}, "token_list": [{"endp": "56", "style": {"isItalics": "no", "isUnderlined": "no", "isTitle": "no", "isBold": "no"}, "inip": "51", "form": "behind", "quote_level": "0", "affected_by_negation": "no", "separation": "1", "analysis_list": [{"lemma": "behind", "tag": "ENLPN4", "original_form": "behind"}], "id": "14"}], "separation": "1", "form": "behind", "quote_level": "0", "head": "14", "syntactic_tree_relation_list": [{"type": "isLocationComplement", "id": "18"}], "affected_by_negation": "no", "inip": "51", "analysis_list": [{"lemma": "behind", "tag": "GEL--L--", "original_form": "behind"}], "type": "phrase", "id": "31"}, {"endp": "59", "style": {"isItalics": "no", "isUnderlined": "no", "isTitle": "no", "isBold": "no"}, "token_list": [{"endp": "59", "style": {"isItalics": "no", "isUnderlined": "no", "isTitle": "no", "isBold": "no"}, "inip": "58", "form": "it", "quote_level": "0", "affected_by_negation": "no", "separation": "1", "analysis_list": [{"lemma": "it", "tag": "PP-S3NN8", "sense_id_list": [{"sense_id": "PRONNONHUMAN"}], "original_form": "it"}, {"lemma": "it", "tag": "PP-S3AN8", "sense_id_list": [{"sense_id": "PRONNONHUMAN"}], "original_form": "it"}], "sense_list": [{"info": "semhum=nonhuman", "id": "PRONNONHUMAN", "form": "it"}], "id": "15"}], "separation": "1", "form": "it", "quote_level": "0", "head": "15", "syntactic_tree_relation_list": [{"type": "isAnaphora", "id": "28"}], "affected_by_negation": "no", "inip": "58", "analysis_list": [{"lemma": "it", "tag": "GN-S3---", "original_form": "it"}], "type": "phrase", "id": "29"}], "separation": "1", "form": "You can see the garden behind it", "quote_level": "0", "affected_by_negation": "no", "inip": "28", "analysis_list": [{"lemma": "*", "tag": "Z-----------", "original_form": "You can see the garden behind it"}], "type": "phrase", "id": "32"}, {"endp": "60", "style": {"isItalics": "no", "isUnderlined": "no", "isTitle": "no", "isBold": "no"}, "inip": "60", "form": ".", "quote_level": "0", "affected_by_negation": "no", "separation": "A", "analysis_list": [{"lemma": ".", "tag": "1D--", "original_form": "."}], "id": "16"}], "inip": "28", "quote_level": "0", "affected_by_negation": "no", "separation": "A", "type": "sentence", "id": "22"}]}