{"status": {"msg": "OK", "credits": "1", "remaining_credits": "39885", "code": "0"}, "token_list": [{"endp": "30", "style": {"isItalics": "no", "isUnderlined": "no", "isTitle": "no", "isBold": "no"}, "token_list": [{"endp": "29", "style": {"isItalics": "no", "isUnderlined": "no", "isTitle": "no", "isBold": "no"}, "token_list": [{"endp": "8", "style": {"isItalics": "no", "isUnderlined": "no", "isTitle": "no", "isBold": "no"}, "token_list": [{"endp": "2", "style": {"isItalics": "no", "isUnderlined": "no", "isTitle": "no", "isBold": "no"}, "inip": "0", "form": "The", "quote_level": "0", "affected_by_negation": "no", "separation": "_", "analysis_list": [{"lemma": "the", "tag": "TD-SN9", "original_form": "the"}], "id": "1"}, {"endp": "8", "style": {"isItalics": "no", "isUnderlined": "no", "isTitle": "no", "isBold": "no"}, "inip": "4", "form": "drain", "quote_level": "0", "affected_by_negation": "no", "separation": "1", "analysis_list": [{"lemma": "drain", "tag": "NC-S-N3", "sense_id_list": [{"sense_id": "5555ff9392"}], "original_form": "drain"}], "sense_list": [{"info": "sementity/class=class@fiction=nonfiction@id=ODENTITY_CHANNEL@type=Top>Location>GeographicalEntity>WaterForm>Channel\tsemld_list=sumo:Channel", "id": "5555ff9392", "form": "drain"}], "id": "2"}], "separation": "_", "form": "The drain", "quote_level": "0", "head": "2", "syntactic_tree_relation_list": [{"type": "isSubject", "id": "16"}, {"type": "iof_isAnaphora", "id": "26"}], "affected_by_negation": "no", "inip": "0", "analysis_list": [{"lemma": "drain", "tag": "GN-S3S--", "original_form": "The drain"}], "type": "phrase", "id": "22"}, {"endp": "19", "style": {"isItalics": "no", "isUnderlined": "no", "isTitle": "no", "isBold": "no"}, "separation": "1", "form": "is clogged", "quote_level": "0", "head": "3", "syntactic_tree_relation_list": [{"type": "iof_isSubject", "id": "22"}, {"type": "iof_isComplement", "id": "24"}], "affected_by_negation": "no", "inip": "10", "analysis_list": [{"lemma": "clog", "tag": "VI-S3PSP-N-N9", "original_form": "is clogged"}], "type": "multiword", "id": "16"}, {"endp": "29", "style": {"isItalics": "no", "isUnderlined": "no", "isTitle": "no", "isBold": "no"}, "token_list": [{"endp": "24", "style": {"isItalics": "no", "isUnderlined": "no", "isTitle": "no", "isBold": "no"}, "inip": "21", "form": "with", "quote_level": "0", "affected_by_negation": "no", "separation": "1", "analysis_list": [{"lemma": "with", "tag": "YN8", "original_form": "with"}], "id": "5"}, {"endp": "29", "style": {"isItalics": "no", "isUnderlined": "no", "isTitle": "no", "isBold": "no"}, "token_list": [{"endp": "29", "style": {"isItalics": "no", "isUnderlined": "no", "isTitle": "no", "isBold": "no"}, "inip": "26", "form": "hair", "quote_level": "0", "affected_by_negation": "no", "separation": "1", "analysis_list": [{"lemma": "hair", "tag": "NC-S-N6", "original_form": "hair"}], "id": "6"}], "separation": "1", "form": "hair", "quote_level": "0", "head": "6", "affected_by_negation": "no", "inip": "26", "analysis_list": [{"lemma": "hair", "tag": "GN-S3---", "original_form": "hair"}], "type": "phrase", "id": "23"}], "separation": "1", "form": "with hair", "quote_level": "0", "head": "5", "syntactic_tree_relation_list": [{"type": "isComplement", "id": "16"}], "affected_by_negation": "no", "inip": "21", "analysis_list": [{"lemma": "with", "tag": "GY---C--", "original_form": "with hair"}], "type": "phrase", "id": "24"}], "separation": "_", "form": "The drain is clogged with hair", "quote_level": "0", "affected_by_negation": "no", "inip": "0", "analysis_list": [{"lemma": "*", "tag": "Z-----------", "original_form": "The drain is clogged with hair"}], "type": "phrase", "id": "25"}, {"endp": "30", "style": {"isItalics": "no", "isUnderlined": "no", "isTitle": "no", "isBold": "no"}, "inip": "30", "form": ".", "quote_level": "0", "affected_by_negation": "no", "separation": "A", "analysis_list": [{"lemma": ".", "tag": "1D--", "original_form": "."}], "id": "7"}], "inip": "0", "quote_level": "0", "affected_by_negation": "no", "separation": "A", "type": "sentence", "id": "18"}, {"endp": "52", "style": {"isItalics": "no", "isUnderlined": "no", "isTitle": "no", "isBold": "no"}, "token_list": [{"endp": "51", "style": {"isItalics": "no", "isUnderlined": "no", "isTitle": "no", "isBold": "no"}, "token_list": [{"endp": "33", "style": {"isItalics": "no", "isUnderlined": "no", "isTitle": "no", "isBold": "no"}, "token_list": [{"endp": "33", "style": {"isItalics": "no", "isUnderlined": "no", "isTitle": "no", "isBold": "no"}, "inip": "32", "form": "It", "quote_level": "0", "affected_by_negation": "no", "separation": "1", "analysis_list": [{"lemma": "it", "tag": "PP-S3NN8", "sense_id_list": [{"sense_id": "PRONNONHUMAN"}], "original_form": "it"}], "sense_list": [{"info": "semhum=nonhuman", "id": "PRONNONHUMAN", "form": "it"}], "id": "8"}], "separation": "1", "form": "It", "quote_level": "0", "head": "8", "syntactic_tree_relation_list": [{"type": "isAnaphora", "id": "22"}, {"type": "isSubject", "id": "17"}], "affected_by_negation": "no", "inip": "32", "analysis_list": [{"lemma": "it", "tag": "GN-S3S--", "original_form": "It"}], "type": "phrase", "id": "26"}, {"endp": "51", "style": {"isItalics": "no", "isUnderlined": "no", "isTitle": "no", "isBold": "no"}, "separation": "1", "form": "has to be cleaned", "quote_level": "0", "head": "9", "syntactic_tree_relation_list": [{"type": "iof_isSubject", "id": "26"}], "affected_by_negation": "no", "inip": "35", "analysis_list": [{"lemma": "has to be cleaned", "tag": "VI-S3PSA-N-N9", "original_form": "has to be cleaned"}], "type": "multiword", "id": "17"}], "separation": "1", "form": "It has to be cleaned", "quote_level": "0", "affected_by_negation": "no", "inip": "32", "analysis_list": [{"lemma": "*", "tag": "Z-----------", "original_form": "It has to be cleaned"}], "type": "phrase", "id": "27"}, {"endp": "52", "style": {"isItalics": "no", "isUnderlined": "no", "isTitle": "no", "isBold": "no"}, "inip": "52", "form": ".", "quote_level": "0", "affected_by_negation": "no", "separation": "A", "analysis_list": [{"lemma": ".", "tag": "1D--", "original_form": "."}], "id": "13"}], "inip": "32", "quote_level": "0", "affected_by_negation": "no", "separation": "A", "type": "sentence", "id": "20"}]}