{"status": {"msg": "OK", "credits": "1", "remaining_credits": "39938", "code": "0"}, "token_list": [{"endp": "69", "style": {"isItalics": "no", "isUnderlined": "no", "isTitle": "no", "isBold": "no"}, "token_list": [{"endp": "69", "style": {"isItalics": "no", "isUnderlined": "no", "isTitle": "no", "isBold": "no"}, "token_list": [{"endp": "9", "style": {"isItalics": "no", "isUnderlined": "no", "isTitle": "no", "isBold": "no"}, "token_list": [{"endp": "2", "style": {"isItalics": "no", "isUnderlined": "no", "isTitle": "no", "isBold": "no"}, "inip": "0", "form": "The", "quote_level": "0", "affected_by_negation": "no", "separation": "_", "analysis_list": [{"lemma": "the", "tag": "TD-SN9", "original_form": "the"}], "id": "1"}, {"endp": "9", "style": {"isItalics": "no", "isUnderlined": "no", "isTitle": "no", "isBold": "no"}, "inip": "4", "form": "trophy", "quote_level": "0", "affected_by_negation": "no", "separation": "1", "analysis_list": [{"lemma": "trophy", "tag": "NC-S-N4", "original_form": "trophy"}], "id": "2"}], "separation": "_", "form": "The trophy", "quote_level": "0", "head": "2", "syntactic_tree_relation_list": [{"type": "isSubject", "id": "18"}, {"type": "iof_isAnaphora", "id": "25"}], "affected_by_negation": "no", "inip": "0", "analysis_list": [{"lemma": "trophy", "tag": "GN-S3S--", "original_form": "The trophy"}], "type": "phrase", "id": "22"}, {"endp": "21", "style": {"isItalics": "no", "isUnderlined": "no", "isTitle": "no", "isBold": "no"}, "separation": "1", "form": "doesn't fit", "quote_level": "0", "head": "17", "syntactic_tree_relation_list": [{"type": "iof_isSubject", "id": "22"}, {"type": "iof_isComplement", "id": "26"}, {"type": "iof_isComplement", "id": "27"}], "affected_by_negation": "yes", "inip": "11", "analysis_list": [{"lemma": "fit", "tag": "VI-S3PSA-NNE8", "original_form": "doesn't fit"}], "type": "multiword", "id": "18"}, {"endp": "45", "style": {"isItalics": "no", "isUnderlined": "no", "isTitle": "no", "isBold": "no"}, "token_list": [{"endp": "26", "style": {"isItalics": "no", "isUnderlined": "no", "isTitle": "no", "isBold": "no"}, "inip": "23", "form": "into", "quote_level": "0", "affected_by_negation": "no", "separation": "1", "analysis_list": [{"lemma": "into", "tag": "YN7", "original_form": "into"}], "id": "7"}, {"endp": "45", "style": {"isItalics": "no", "isUnderlined": "no", "isTitle": "no", "isBold": "no"}, "token_list": [{"endp": "30", "style": {"isItalics": "no", "isUnderlined": "no", "isTitle": "no", "isBold": "no"}, "inip": "28", "form": "the", "quote_level": "0", "affected_by_negation": "no", "separation": "1", "analysis_list": [{"lemma": "the", "tag": "TD-SN9", "original_form": "the"}], "id": "8"}, {"endp": "36", "style": {"isItalics": "no", "isUnderlined": "no", "isTitle": "no", "isBold": "no"}, "inip": "32", "form": "brown", "quote_level": "0", "affected_by_negation": "no", "separation": "1", "analysis_list": [{"lemma": "brown", "tag": "AP-N5", "original_form": "brown"}], "id": "9"}, {"endp": "45", "style": {"isItalics": "no", "isUnderlined": "no", "isTitle": "no", "isBold": "no"}, "inip": "38", "form": "suitcase", "quote_level": "0", "affected_by_negation": "no", "separation": "1", "analysis_list": [{"lemma": "suitcase", "tag": "NC-S-N1", "original_form": "suitcase"}], "id": "10"}], "separation": "1", "form": "the brown suitcase", "quote_level": "0", "head": "10", "affected_by_negation": "no", "inip": "28", "analysis_list": [{"lemma": "suitcase", "tag": "GN-S3---", "original_form": "the brown suitcase"}], "type": "phrase", "id": "23"}], "separation": "1", "form": "into the brown suitcase", "quote_level": "0", "head": "7", "syntactic_tree_relation_list": [{"type": "isComplement", "id": "18"}], "affected_by_negation": "no", "inip": "23", "analysis_list": [{"lemma": "into", "tag": "GY---C--", "original_form": "into the brown suitcase"}], "type": "phrase", "id": "26"}, {"endp": "69", "style": {"isItalics": "no", "isUnderlined": "no", "isTitle": "no", "isBold": "no"}, "token_list": [{"endp": "53", "style": {"isItalics": "no", "isUnderlined": "no", "isTitle": "no", "isBold": "no"}, "inip": "47", "form": "because", "quote_level": "0", "affected_by_negation": "no", "separation": "1", "analysis_list": [{"lemma": "because", "tag": "CSPN7", "original_form": "because"}], "id": "11"}, {"endp": "56", "style": {"isItalics": "no", "isUnderlined": "no", "isTitle": "no", "isBold": "no"}, "token_list": [{"endp": "56", "style": {"isItalics": "no", "isUnderlined": "no", "isTitle": "no", "isBold": "no"}, "inip": "55", "form": "it", "quote_level": "0", "affected_by_negation": "no", "separation": "1", "analysis_list": [{"lemma": "it", "tag": "PP-S3NN8", "sense_id_list": [{"sense_id": "PRONNONHUMAN"}], "original_form": "it"}], "sense_list": [{"info": "semhum=nonhuman", "id": "PRONNONHUMAN", "form": "it"}], "id": "12"}], "separation": "1", "form": "it", "quote_level": "0", "head": "12", "syntactic_tree_relation_list": [{"type": "isAnaphora", "id": "22"}, {"type": "isSubject", "id": "13"}], "affected_by_negation": "no", "inip": "55", "analysis_list": [{"lemma": "it", "tag": "GN-S3S--", "original_form": "it"}], "type": "phrase", "id": "25"}, {"endp": "59", "style": {"isItalics": "no", "isUnderlined": "no", "isTitle": "no", "isBold": "no"}, "inip": "58", "form": "is", "quote_level": "0", "syntactic_tree_relation_list": [{"type": "iof_isSubject", "id": "25"}, {"type": "iof_isAttribute", "id": "24"}], "affected_by_negation": "no", "separation": "1", "analysis_list": [{"lemma": "be", "tag": "VI-S3PSA-N-N9", "original_form": "is"}], "id": "13"}, {"endp": "69", "style": {"isItalics": "no", "isUnderlined": "no", "isTitle": "no", "isBold": "no"}, "token_list": [{"endp": "63", "style": {"isItalics": "no", "isUnderlined": "no", "isTitle": "no", "isBold": "no"}, "inip": "61", "form": "too", "quote_level": "0", "affected_by_negation": "no", "separation": "1", "analysis_list": [{"lemma": "too", "tag": "ENQSN7", "original_form": "too"}], "id": "14"}, {"endp": "69", "style": {"isItalics": "no", "isUnderlined": "no", "isTitle": "no", "isBold": "no"}, "inip": "65", "form": "small", "quote_level": "0", "affected_by_negation": "no", "separation": "1", "analysis_list": [{"lemma": "small", "tag": "AP-N6", "original_form": "small"}], "id": "15"}], "separation": "1", "form": "too small", "quote_level": "0", "head": "15", "syntactic_tree_relation_list": [{"type": "isAttribute", "id": "13"}], "affected_by_negation": "no", "inip": "61", "analysis_list": [{"lemma": "small", "tag": "GA---A--", "original_form": "too small"}], "type": "phrase", "id": "24"}], "separation": "1", "form": "because it is too small", "quote_level": "0", "syntactic_tree_relation_list": [{"type": "isComplement", "id": "18"}], "affected_by_negation": "no", "inip": "47", "analysis_list": [{"lemma": "*", "tag": "ZE---CIP----", "original_form": "because it is too small"}], "type": "phrase", "id": "27"}], "separation": "_", "form": "The trophy doesn't fit into the brown suitcase because it is too small", "quote_level": "0", "affected_by_negation": "no", "inip": "0", "analysis_list": [{"lemma": "*", "tag": "Z-----------", "original_form": "The trophy doesn't fit into the brown suitcase because it is too small"}], "type": "phrase", "id": "28"}], "inip": "0", "quote_level": "0", "affected_by_negation": "no", "separation": "A", "type": "sentence", "id": "19"}]}