{"status": {"msg": "OK", "credits": "1", "remaining_credits": "39883", "code": "0"}, "token_list": [{"endp": "93", "style": {"isItalics": "no", "isUnderlined": "no", "isTitle": "no", "isBold": "no"}, "token_list": [{"endp": "25", "style": {"isItalics": "no", "isUnderlined": "no", "isTitle": "no", "isBold": "no"}, "token_list": [{"endp": "9", "style": {"isItalics": "no", "isUnderlined": "no", "isTitle": "no", "isBold": "no"}, "token_list": [{"endp": "1", "style": {"isItalics": "no", "isUnderlined": "no", "isTitle": "no", "isBold": "no"}, "inip": "0", "form": "My", "quote_level": "0", "affected_by_negation": "no", "separation": "_", "analysis_list": [{"lemma": "my", "tag": "SD-SMS1N7", "sense_id_list": [{"sense_id": "PRONHUMAN"}], "original_form": "my"}, {"lemma": "my", "tag": "SD-SFS1N7", "sense_id_list": [{"sense_id": "PRONHUMAN"}], "original_form": "my"}], "sense_list": [{"info": "semhum=human", "id": "PRONHUMAN", "form": "my"}], "id": "1"}, {"endp": "9", "style": {"isItalics": "no", "isUnderlined": "no", "isTitle": "no", "isBold": "no"}, "inip": "3", "form": "meeting", "quote_level": "0", "affected_by_negation": "no", "separation": "1", "analysis_list": [{"lemma": "meeting", "tag": "NC-S-N6", "sense_id_list": [{"sense_id": "108bb8c20a"}], "original_form": "meeting"}], "sense_list": [{"info": "sementity/class=class@fiction=nonfiction@id=ODENTITY_EVENT@type=Top>Event\tsemld_list=sumo:Meeting", "id": "108bb8c20a", "form": "meeting"}], "id": "2"}], "separation": "_", "form": "My meeting", "quote_level": "0", "head": "2", "syntactic_tree_relation_list": [{"type": "isSubject", "id": "3"}], "affected_by_negation": "no", "inip": "0", "analysis_list": [{"lemma": "meeting", "tag": "GN-S3S--", "original_form": "My meeting"}], "type": "phrase", "id": "49"}, {"endp": "17", "style": {"isItalics": "no", "isUnderlined": "no", "isTitle": "no", "isBold": "no"}, "inip": "11", "form": "started", "quote_level": "0", "syntactic_tree_relation_list": [{"type": "iof_isSubject", "id": "49"}, {"type": "iof_isComplement", "id": "56"}], "affected_by_negation": "no", "separation": "1", "analysis_list": [{"lemma": "start", "tag": "VI-S3ASA-N-N5", "sense_id_list": [{"sense_id": "ODENTITY_BODY_MOTION"}, {"sense_id": "ODENTITY_INTENTIONAL_PROCESS"}, {"sense_id": "ODENTITY_JOINING_AN_ORGANIZATION"}, {"sense_id": "ODENTITY_MOTION"}, {"sense_id": "ODENTITY_PROCESS"}, {"sense_id": "ODENTITY_GAMING"}], "original_form": "started"}], "sense_list": [{"info": "sementity/id=ODENTITY_BODY_MOTION@type=Top>Process>Motion>BodyMotion\tsemld_list=sumo:Entity", "id": "ODENTITY_BODY_MOTION", "form": "start"}, {"info": "sementity/id=ODENTITY_GAMING@type=Top>Process>IntentionalProcess>RecreationOrExercise>Gaming\tsemld_list=sumo:IntentionalProcess", "id": "ODENTITY_GAMING", "form": "start"}, {"info": "sementity/id=ODENTITY_INTENTIONAL_PROCESS@type=Top>Process>IntentionalProcess\tsemld_list=sumo:IntentionalProcess", "id": "ODENTITY_INTENTIONAL_PROCESS", "form": "start"}, {"info": "sementity/id=ODENTITY_JOINING_AN_ORGANIZATION@type=Top>Process>IntentionalProcess>OrganizationalProcess>JoiningAnOrganization\tsemld_list=sumo:IntentionalProcess", "id": "ODENTITY_JOINING_AN_ORGANIZATION", "form": "start"}, {"info": "sementity/id=ODENTITY_MOTION@type=Top>Process>Motion\tsemld_list=sumo:Entity", "id": "ODENTITY_MOTION", "form": "start"}, {"info": "sementity/id=ODENTITY_PROCESS@type=Top>Process\tsemld_list=sumo:Entity", "id": "ODENTITY_PROCESS", "form": "start"}], "id": "3"}, {"endp": "25", "style": {"isItalics": "no", "isUnderlined": "no", "isTitle": "no", "isBold": "no"}, "token_list": [{"endp": "20", "style": {"isItalics": "no", "isUnderlined": "no", "isTitle": "no", "isBold": "no"}, "inip": "19", "form": "at", "quote_level": "0", "affected_by_negation": "no", "separation": "1", "analysis_list": [{"lemma": "at", "tag": "YN8", "original_form": "at"}], "id": "4"}, {"endp": "25", "style": {"isItalics": "no", "isUnderlined": "no", "isTitle": "no", "isBold": "no"}, "token_list": [{"endp": "25", "style": {"isItalics": "no", "isUnderlined": "no", "isTitle": "no", "isBold": "no"}, "separation": "1", "form": "4:00", "quote_level": "0", "affected_by_negation": "no", "inip": "22", "analysis_list": [{"lemma": "4:00", "tag": "NTUU-n-", "original_form": "4:00"}], "id": "40", "normalized_form": "date@|||||||4|00||"}], "separation": "1", "form": "4:00", "quote_level": "0", "head": "40", "affected_by_negation": "no", "inip": "22", "analysis_list": [{"lemma": "4:00", "tag": "GN------", "original_form": "4:00"}], "type": "phrase", "id": "55", "normalized_form": "date@|||||||4|00||"}], "separation": "1", "form": "at 4:00", "quote_level": "0", "head": "4", "syntactic_tree_relation_list": [{"type": "isComplement", "id": "3"}], "affected_by_negation": "no", "inip": "19", "analysis_list": [{"lemma": "at", "tag": "GY---C--", "original_form": "at 4:00"}], "type": "phrase", "id": "56", "normalized_form": "date@|||||||4|00||"}], "separation": "_", "form": "My meeting started at 4:00", "quote_level": "0", "affected_by_negation": "no", "inip": "0", "analysis_list": [{"lemma": "*", "tag": "ZC----------", "original_form": "My meeting started at 4:00"}], "type": "phrase", "id": "58"}, {"endp": "29", "style": {"isItalics": "no", "isUnderlined": "no", "isTitle": "no", "isBold": "no"}, "inip": "27", "form": "and", "quote_level": "0", "affected_by_negation": "no", "separation": "1", "analysis_list": [{"lemma": "and", "tag": "CCYN9", "original_form": "and"}], "id": "8"}, {"endp": "65", "style": {"isItalics": "no", "isUnderlined": "no", "isTitle": "no", "isBold": "no"}, "token_list": [{"endp": "31", "style": {"isItalics": "no", "isUnderlined": "no", "isTitle": "no", "isBold": "no"}, "token_list": [{"endp": "31", "style": {"isItalics": "no", "isUnderlined": "no", "isTitle": "no", "isBold": "no"}, "inip": "31", "form": "I", "quote_level": "0", "affected_by_negation": "no", "separation": "1", "analysis_list": [{"lemma": "I", "tag": "PP-S1NN-", "sense_id_list": [{"sense_id": "PRONHUMAN"}], "original_form": "I"}], "sense_list": [{"info": "semhum=human", "id": "PRONHUMAN", "form": "I"}], "id": "9"}], "separation": "1", "form": "I", "quote_level": "0", "head": "9", "syntactic_tree_relation_list": [{"type": "isSubject", "id": "43"}], "affected_by_negation": "no", "inip": "31", "analysis_list": [{"lemma": "I", "tag": "GN-S1S--", "original_form": "I"}], "type": "phrase", "id": "52"}, {"endp": "47", "style": {"isItalics": "no", "isUnderlined": "no", "isTitle": "no", "isBold": "no"}, "separation": "1", "form": "needed to catch", "quote_level": "0", "head": "10", "syntactic_tree_relation_list": [{"type": "iof_isSubject", "id": "52"}, {"type": "iof_isDirectObject", "id": "50"}, {"type": "iof_isComplement", "id": "54"}, {"type": "iof_isComplement", "id": "57"}], "affected_by_negation": "no", "inip": "33", "analysis_list": [{"lemma": "needed to catch", "tag": "VI-S1ASA-N-N5", "original_form": "needed to catch"}], "type": "multiword", "id": "43"}, {"endp": "57", "style": {"isItalics": "no", "isUnderlined": "no", "isTitle": "no", "isBold": "no"}, "token_list": [{"endp": "51", "style": {"isItalics": "no", "isUnderlined": "no", "isTitle": "no", "isBold": "no"}, "inip": "49", "form": "the", "quote_level": "0", "affected_by_negation": "no", "separation": "1", "analysis_list": [{"lemma": "the", "tag": "TD-SN9", "original_form": "the"}], "id": "13"}, {"endp": "57", "style": {"isItalics": "no", "isUnderlined": "no", "isTitle": "no", "isBold": "no"}, "inip": "53", "form": "train", "quote_level": "0", "affected_by_negation": "no", "separation": "1", "analysis_list": [{"lemma": "train", "tag": "NC-S-N5", "sense_id_list": [{"sense_id": "1f4a3addf9"}], "original_form": "train"}], "sense_list": [{"info": "sementity/class=class@fiction=nonfiction@id=ODENTITY_TRAIN@type=Top>Product>Machine>Vehicle>Train\tsemld_list=sumo:Train", "id": "1f4a3addf9", "form": "train"}], "id": "14"}], "separation": "1", "form": "the train", "quote_level": "0", "head": "14", "syntactic_tree_relation_list": [{"type": "isSubject", "id": "44"}, {"type": "isDirectObject", "id": "43"}], "affected_by_negation": "no", "inip": "49", "analysis_list": [{"lemma": "train", "tag": "GN-S3D--", "original_form": "the train"}], "type": "phrase", "id": "50"}, {"endp": "65", "style": {"isItalics": "no", "isUnderlined": "no", "isTitle": "no", "isBold": "no"}, "token_list": [{"endp": "60", "style": {"isItalics": "no", "isUnderlined": "no", "isTitle": "no", "isBold": "no"}, "inip": "59", "form": "at", "quote_level": "0", "affected_by_negation": "no", "separation": "1", "analysis_list": [{"lemma": "at", "tag": "YN8", "original_form": "at"}], "id": "15"}, {"endp": "65", "style": {"isItalics": "no", "isUnderlined": "no", "isTitle": "no", "isBold": "no"}, "token_list": [{"endp": "65", "style": {"isItalics": "no", "isUnderlined": "no", "isTitle": "no", "isBold": "no"}, "separation": "1", "form": "4:30", "quote_level": "0", "affected_by_negation": "no", "inip": "62", "analysis_list": [{"lemma": "4:30", "tag": "NTUU-n-", "original_form": "4:30"}], "id": "41", "normalized_form": "date@|||||||4|30||"}], "separation": "1", "form": "4:30", "quote_level": "0", "head": "41", "affected_by_negation": "no", "inip": "62", "analysis_list": [{"lemma": "4:30", "tag": "GN------", "original_form": "4:30"}], "type": "phrase", "id": "53", "normalized_form": "date@|||||||4|30||"}], "separation": "1", "form": "at 4:30", "quote_level": "0", "head": "15", "syntactic_tree_relation_list": [{"type": "isComplement", "id": "43"}], "affected_by_negation": "no", "inip": "59", "analysis_list": [{"lemma": "at", "tag": "GY---C--", "original_form": "at 4:30"}], "type": "phrase", "id": "54", "normalized_form": "date@|||||||4|30||"}], "separation": "1", "form": "I needed to catch the train at 4:30", "quote_level": "0", "affected_by_negation": "no", "inip": "31", "analysis_list": [{"lemma": "*", "tag": "ZC----------", "original_form": "I needed to catch the train at 4:30"}], "type": "phrase", "id": "59"}, {"endp": "66", "style": {"isItalics": "no", "isUnderlined": "no", "isTitle": "no", "isBold": "no"}, "inip": "66", "form": ",", "quote_level": "0", "affected_by_negation": "no", "separation": "A", "analysis_list": [{"lemma": ",", "tag": "1D--", "original_form": ","}], "id": "19"}, {"endp": "92", "style": {"isItalics": "no", "isUnderlined": "no", "isTitle": "no", "isBold": "no"}, "token_list": [{"endp": "69", "style": {"isItalics": "no", "isUnderlined": "no", "isTitle": "no", "isBold": "no"}, "inip": "68", "form": "so", "quote_level": "0", "affected_by_negation": "no", "separation": "1", "analysis_list": [{"lemma": "so", "tag": "CSLN7", "original_form": "so"}, {"lemma": "so", "tag": "CSFN7", "original_form": "so"}], "id": "20"}, {"endp": "82", "style": {"isItalics": "no", "isUnderlined": "no", "isTitle": "no", "isBold": "no"}, "separation": "1", "form": "there wasn't", "quote_level": "0", "head": "42", "syntactic_tree_relation_list": [{"type": "iof_isSubject", "id": "50"}, {"type": "iof_isTimeComplement", "id": "51"}], "affected_by_negation": "yes", "inip": "71", "analysis_list": [{"lemma": "there wasn't", "tag": "VI-S3ASA-NNE9", "original_form": "there wasn't"}], "type": "multiword", "id": "44"}, {"endp": "92", "style": {"isItalics": "no", "isUnderlined": "no", "isTitle": "no", "isBold": "no"}, "token_list": [{"endp": "87", "style": {"isItalics": "no", "isUnderlined": "no", "isTitle": "no", "isBold": "no"}, "inip": "84", "form": "much", "quote_level": "0", "affected_by_negation": "no", "separation": "1", "analysis_list": [{"lemma": "much", "tag": "QD-SPN6", "original_form": "much"}], "id": "25"}, {"endp": "92", "style": {"isItalics": "no", "isUnderlined": "no", "isTitle": "no", "isBold": "no"}, "inip": "89", "form": "time", "quote_level": "0", "affected_by_negation": "no", "separation": "1", "analysis_list": [{"lemma": "time", "tag": "NC-S-N4", "sense_id_list": [{"sense_id": "cc1779f52b"}, {"sense_id": "630eb4088a"}, {"sense_id": "e0a232e11e"}], "original_form": "time"}], "sense_list": [{"info": "sementity/class=class@fiction=nonfiction@id=ODENTITY_PERIOD@type=Top>Timex>Period\tsemld_list=sumo:TimeInterval", "id": "630eb4088a", "form": "moment"}, {"info": "sementity/class=class@fiction=nonfiction@id=ODENTITY_PERIOD@type=Top>Timex>Period\tsemld_list=sumo:TimeInterval", "id": "cc1779f52b", "form": "period"}, {"info": "sementity/class=class@fiction=nonfiction@id=ODENTITY_PERIOD@type=Top>Timex>Period\tsemld_list=sumo:TimeInterval", "id": "e0a232e11e", "form": "time"}], "id": "26"}], "separation": "1", "form": "much time", "quote_level": "0", "head": "26", "syntactic_tree_relation_list": [{"type": "isTimeComplement", "id": "44"}, {"type": "iof_isAnaphora", "id": "62"}, {"type": "iof_isAnaphora", "id": "61"}], "affected_by_negation": "no", "inip": "84", "analysis_list": [{"lemma": "time", "tag": "GN-S3T--", "original_form": "much time"}], "type": "phrase", "id": "51"}], "separation": "1", "form": "so there wasn't much time", "quote_level": "0", "syntactic_tree_relation_list": [{"type": "isComplement", "id": "43"}], "affected_by_negation": "no", "inip": "68", "analysis_list": [{"lemma": "*", "tag": "ZE---CIA----", "original_form": "so there wasn't much time"}], "type": "phrase", "id": "57"}, {"endp": "93", "style": {"isItalics": "no", "isUnderlined": "no", "isTitle": "no", "isBold": "no"}, "inip": "93", "form": ".", "quote_level": "0", "affected_by_negation": "no", "separation": "A", "analysis_list": [{"lemma": ".", "tag": "1D--", "original_form": "."}], "id": "27"}], "inip": "0", "quote_level": "0", "affected_by_negation": "no", "separation": "A", "type": "sentence", "id": "45"}, {"endp": "134", "style": {"isItalics": "no", "isUnderlined": "no", "isTitle": "no", "isBold": "no"}, "token_list": [{"endp": "133", "style": {"isItalics": "no", "isUnderlined": "no", "isTitle": "no", "isBold": "no"}, "token_list": [{"endp": "101", "style": {"isItalics": "no", "isUnderlined": "no", "isTitle": "no", "isBold": "no"}, "token_list": [{"endp": "101", "style": {"isItalics": "no", "isUnderlined": "no", "isTitle": "no", "isBold": "no"}, "inip": "95", "form": "Luckily", "quote_level": "0", "affected_by_negation": "no", "separation": "1", "analysis_list": [{"lemma": "luckily", "tag": "ENMPN-", "original_form": "luckily"}], "id": "28"}], "separation": "1", "form": "Luckily", "quote_level": "0", "head": "28", "syntactic_tree_relation_list": [{"type": "isMannerComplement", "id": "31"}], "affected_by_negation": "no", "inip": "95", "analysis_list": [{"lemma": "luckily", "tag": "GEM--M--", "original_form": "Luckily"}], "type": "phrase", "id": "64"}, {"endp": "102", "style": {"isItalics": "no", "isUnderlined": "no", "isTitle": "no", "isBold": "no"}, "inip": "102", "form": ",", "quote_level": "0", "affected_by_negation": "no", "separation": "A", "analysis_list": [{"lemma": ",", "tag": "1D--", "original_form": ","}], "id": "29"}, {"endp": "105", "style": {"isItalics": "no", "isUnderlined": "no", "isTitle": "no", "isBold": "no"}, "token_list": [{"endp": "105", "style": {"isItalics": "no", "isUnderlined": "no", "isTitle": "no", "isBold": "no"}, "inip": "104", "form": "it", "quote_level": "0", "affected_by_negation": "no", "separation": "1", "analysis_list": [{"lemma": "it", "tag": "PP-S3NN8", "sense_id_list": [{"sense_id": "PRONNONHUMAN"}], "original_form": "it"}], "sense_list": [{"info": "semhum=nonhuman", "id": "PRONNONHUMAN", "form": "it"}], "id": "30"}], "separation": "1", "form": "it", "quote_level": "0", "head": "30", "syntactic_tree_relation_list": [{"type": "isAnaphora", "id": "51"}, {"type": "isSubject", "id": "31"}], "affected_by_negation": "no", "inip": "104", "analysis_list": [{"lemma": "it", "tag": "GN-S3S--", "original_form": "it"}], "type": "phrase", "id": "62"}, {"endp": "109", "style": {"isItalics": "no", "isUnderlined": "no", "isTitle": "no", "isBold": "no"}, "inip": "107", "form": "was", "quote_level": "0", "syntactic_tree_relation_list": [{"type": "iof_isMannerComplement", "id": "64"}, {"type": "iof_isSubject", "id": "62"}, {"type": "iof_isAttribute", "id": "60"}, {"type": "iof_isComplement", "id": "65"}], "affected_by_negation": "no", "separation": "1", "analysis_list": [{"lemma": "be", "tag": "VI-S3ASA-N-N9", "original_form": "was"}], "id": "31"}, {"endp": "115", "style": {"isItalics": "no", "isUnderlined": "no", "isTitle": "no", "isBold": "no"}, "token_list": [{"endp": "115", "style": {"isItalics": "no", "isUnderlined": "no", "isTitle": "no", "isBold": "no"}, "inip": "111", "form": "short", "quote_level": "0", "affected_by_negation": "no", "separation": "1", "analysis_list": [{"lemma": "short", "tag": "AP-N1", "original_form": "short"}], "id": "32"}], "separation": "1", "form": "short", "quote_level": "0", "head": "32", "syntactic_tree_relation_list": [{"type": "isAttribute", "id": "31"}], "affected_by_negation": "no", "inip": "111", "analysis_list": [{"lemma": "short", "tag": "GA---A--", "original_form": "short"}], "type": "phrase", "id": "60"}, {"endp": "116", "style": {"isItalics": "no", "isUnderlined": "no", "isTitle": "no", "isBold": "no"}, "inip": "116", "form": ",", "quote_level": "0", "affected_by_negation": "no", "separation": "A", "analysis_list": [{"lemma": ",", "tag": "1D--", "original_form": ","}], "id": "33"}, {"endp": "133", "style": {"isItalics": "no", "isUnderlined": "no", "isTitle": "no", "isBold": "no"}, "token_list": [{"endp": "119", "style": {"isItalics": "no", "isUnderlined": "no", "isTitle": "no", "isBold": "no"}, "inip": "118", "form": "so", "quote_level": "0", "affected_by_negation": "no", "separation": "1", "analysis_list": [{"lemma": "so", "tag": "CSLN7", "original_form": "so"}, {"lemma": "so", "tag": "CSFN7", "original_form": "so"}], "id": "34"}, {"endp": "122", "style": {"isItalics": "no", "isUnderlined": "no", "isTitle": "no", "isBold": "no"}, "token_list": [{"endp": "122", "style": {"isItalics": "no", "isUnderlined": "no", "isTitle": "no", "isBold": "no"}, "inip": "121", "form": "it", "quote_level": "0", "affected_by_negation": "no", "separation": "1", "analysis_list": [{"lemma": "it", "tag": "PP-S3NN8", "sense_id_list": [{"sense_id": "PRONNONHUMAN"}], "original_form": "it"}, {"lemma": "it", "tag": "PP-S3AN8", "sense_id_list": [{"sense_id": "PRONNONHUMAN"}], "original_form": "it"}], "sense_list": [{"info": "semhum=nonhuman", "id": "PRONNONHUMAN", "form": "it"}], "id": "35"}], "separation": "1", "form": "it", "quote_level": "0", "head": "35", "syntactic_tree_relation_list": [{"type": "isAnaphora", "id": "51"}, {"type": "isSubject", "id": "36"}], "affected_by_negation": "no", "inip": "121", "analysis_list": [{"lemma": "it", "tag": "GN-S3S--", "original_form": "it"}], "type": "phrase", "id": "61"}, {"endp": "129", "style": {"isItalics": "no", "isUnderlined": "no", "isTitle": "no", "isBold": "no"}, "inip": "124", "form": "worked", "quote_level": "0", "syntactic_tree_relation_list": [{"type": "iof_isSubject", "id": "61"}, {"type": "iof_isLocationComplement", "id": "63"}], "affected_by_negation": "no", "separation": "1", "analysis_list": [{"lemma": "work", "tag": "VP---ASA-N-N7", "sense_id_list": [{"sense_id": "ODENTITY_BIOLOGICAL_PROCESS"}, {"sense_id": "ODENTITY_INTENTIONAL_PROCESS"}, {"sense_id": "ODENTITY_INTENTIONAL_PSYCHOLOGICAL_PROCESS"}, {"sense_id": "ODENTITY_MAKING"}, {"sense_id": "ODENTITY_MANAGING"}, {"sense_id": "ODENTITY_MOTION"}, {"sense_id": "ODENTITY_PROCESS"}, {"sense_id": "ODENTITY_RECREATION_OR_EXERCISE"}, {"sense_id": "ODENTITY_SOCIAL_INTERACTION"}, {"sense_id": "ODENTITY_TRANSFER"}], "original_form": "worked"}, {"lemma": "work", "tag": "VI-UUASA-N-N7", "sense_id_list": [{"sense_id": "ODENTITY_BIOLOGICAL_PROCESS"}, {"sense_id": "ODENTITY_INTENTIONAL_PROCESS"}, {"sense_id": "ODENTITY_INTENTIONAL_PSYCHOLOGICAL_PROCESS"}, {"sense_id": "ODENTITY_MAKING"}, {"sense_id": "ODENTITY_MANAGING"}, {"sense_id": "ODENTITY_MOTION"}, {"sense_id": "ODENTITY_PROCESS"}, {"sense_id": "ODENTITY_RECREATION_OR_EXERCISE"}, {"sense_id": "ODENTITY_SOCIAL_INTERACTION"}, {"sense_id": "ODENTITY_TRANSFER"}], "original_form": "worked"}], "sense_list": [{"info": "sementity/id=ODENTITY_BIOLOGICAL_PROCESS@type=Top>Process>InternalChange>BiologicalProcess\tsemld_list=sumo:Entity", "id": "ODENTITY_BIOLOGICAL_PROCESS", "form": "work"}, {"info": "sementity/id=ODENTITY_INTENTIONAL_PROCESS@type=Top>Process>IntentionalProcess\tsemld_list=sumo:IntentionalProcess", "id": "ODENTITY_INTENTIONAL_PROCESS", "form": "work"}, {"info": "sementity/id=ODENTITY_INTENTIONAL_PSYCHOLOGICAL_PROCESS@type=Top>Process>IntentionalProcess>IntentionalPsychologicalProcess\tsemld_list=sumo:IntentionalProcess", "id": "ODENTITY_INTENTIONAL_PSYCHOLOGICAL_PROCESS", "form": "work"}, {"info": "sementity/id=ODENTITY_MAKING@type=Top>Process>IntentionalProcess>Making\tsemld_list=sumo:IntentionalProcess", "id": "ODENTITY_MAKING", "form": "work"}, {"info": "sementity/id=ODENTITY_MANAGING@type=Top>Process>IntentionalProcess>OrganizationalProcess>Managing\tsemld_list=sumo:IntentionalProcess", "id": "ODENTITY_MANAGING", "form": "work"}, {"info": "sementity/id=ODENTITY_MOTION@type=Top>Process>Motion\tsemld_list=sumo:Entity", "id": "ODENTITY_MOTION", "form": "work"}, {"info": "sementity/id=ODENTITY_PROCESS@type=Top>Process\tsemld_list=sumo:Entity", "id": "ODENTITY_PROCESS", "form": "work"}, {"info": "sementity/id=ODENTITY_RECREATION_OR_EXERCISE@type=Top>Process>IntentionalProcess>RecreationOrExercise\tsemld_list=sumo:IntentionalProcess", "id": "ODENTITY_RECREATION_OR_EXERCISE", "form": "work"}, {"info": "sementity/id=ODENTITY_SOCIAL_INTERACTION@type=Top>Process>IntentionalProcess>SocialInteraction\tsemld_list=sumo:IntentionalProcess", "id": "ODENTITY_SOCIAL_INTERACTION", "form": "work"}, {"info": "sementity/id=ODENTITY_TRANSFER@type=Top>Process>Motion>Translocation>Transfer\tsemld_list=sumo:Entity", "id": "ODENTITY_TRANSFER", "form": "work"}], "id": "36"}, {"endp": "133", "style": {"isItalics": "no", "isUnderlined": "no", "isTitle": "no", "isBold": "no"}, "token_list": [{"endp": "133", "style": {"isItalics": "no", "isUnderlined": "no", "isTitle": "no", "isBold": "no"}, "inip": "131", "form": "out", "quote_level": "0", "affected_by_negation": "no", "separation": "1", "analysis_list": [{"lemma": "out", "tag": "ENLPN4", "original_form": "out"}], "id": "37"}], "separation": "1", "form": "out", "quote_level": "0", "head": "37", "syntactic_tree_relation_list": [{"type": "isLocationComplement", "id": "36"}], "affected_by_negation": "no", "inip": "131", "analysis_list": [{"lemma": "out", "tag": "GEL--L--", "original_form": "out"}], "type": "phrase", "id": "63"}], "separation": "1", "form": "so it worked out", "quote_level": "0", "syntactic_tree_relation_list": [{"type": "isComplement", "id": "31"}], "affected_by_negation": "no", "inip": "118", "analysis_list": [{"lemma": "*", "tag": "ZE---CIA----", "original_form": "so it worked out"}, {"lemma": "*", "tag": "ZE---CA-----", "original_form": "so it worked out"}], "type": "phrase", "id": "65"}], "separation": "1", "form": "Luckily, it was short, so it worked out", "quote_level": "0", "affected_by_negation": "no", "inip": "95", "analysis_list": [{"lemma": "*", "tag": "Z-----------", "original_form": "Luckily, it was short, so it worked out"}], "type": "phrase", "id": "66"}, {"endp": "134", "style": {"isItalics": "no", "isUnderlined": "no", "isTitle": "no", "isBold": "no"}, "inip": "134", "form": ".", "quote_level": "0", "affected_by_negation": "no", "separation": "A", "analysis_list": [{"lemma": ".", "tag": "1D--", "original_form": "."}], "id": "38"}], "inip": "95", "quote_level": "0", "affected_by_negation": "no", "separation": "A", "type": "sentence", "id": "47"}]}