{"status": {"msg": "OK", "credits": "1", "remaining_credits": "39881", "code": "0"}, "token_list": [{"endp": "70", "style": {"isItalics": "no", "isUnderlined": "no", "isTitle": "no", "isBold": "no"}, "token_list": [{"endp": "42", "style": {"isItalics": "no", "isUnderlined": "no", "isTitle": "no", "isBold": "no"}, "token_list": [{"endp": "7", "style": {"isItalics": "no", "isUnderlined": "no", "isTitle": "no", "isBold": "no"}, "separation": "_", "form": "There is", "quote_level": "0", "head": "2", "syntactic_tree_relation_list": [{"type": "iof_isDirectObject", "id": "26"}], "affected_by_negation": "no", "inip": "0", "analysis_list": [{"lemma": "There is", "tag": "VI-S3PSA-N-N9", "original_form": "There is"}], "type": "multiword", "id": "23"}, {"endp": "42", "style": {"isItalics": "no", "isUnderlined": "no", "isTitle": "no", "isBold": "no"}, "token_list": [{"endp": "9", "style": {"isItalics": "no", "isUnderlined": "no", "isTitle": "no", "isBold": "no"}, "inip": "9", "form": "a", "quote_level": "0", "affected_by_negation": "no", "separation": "1", "analysis_list": [{"lemma": "a", "tag": "QD-SPN9", "original_form": "a"}], "id": "3"}, {"endp": "17", "style": {"isItalics": "no", "isUnderlined": "no", "isTitle": "no", "isBold": "no"}, "inip": "11", "form": "pilllar", "quote_level": "0", "affected_by_negation": "yes", "separation": "1", "analysis_list": [{"lemma": "pilllar", "tag": "NCUS-N-", "original_form": "pilllar"}], "id": "4"}, {"endp": "42", "style": {"isItalics": "no", "isUnderlined": "no", "isTitle": "no", "isBold": "no"}, "token_list": [{"endp": "25", "style": {"isItalics": "no", "isUnderlined": "no", "isTitle": "no", "isBold": "no"}, "inip": "19", "form": "between", "quote_level": "0", "affected_by_negation": "no", "separation": "1", "analysis_list": [{"lemma": "between", "tag": "YN7", "original_form": "between"}], "id": "5"}, {"endp": "42", "style": {"isItalics": "no", "isUnderlined": "no", "isTitle": "no", "isBold": "no"}, "token_list": [{"endp": "28", "style": {"isItalics": "no", "isUnderlined": "no", "isTitle": "no", "isBold": "no"}, "token_list": [{"endp": "28", "style": {"isItalics": "no", "isUnderlined": "no", "isTitle": "no", "isBold": "no"}, "inip": "27", "form": "me", "quote_level": "0", "affected_by_negation": "no", "separation": "1", "analysis_list": [{"lemma": "me", "tag": "PP-S1AN7", "sense_id_list": [{"sense_id": "PRONHUMAN"}], "original_form": "me"}], "sense_list": [{"info": "semhum=human", "id": "PRONHUMAN", "form": "me"}], "id": "6"}], "separation": "1", "form": "me", "quote_level": "0", "head": "6", "affected_by_negation": "no", "inip": "27", "analysis_list": [{"lemma": "me", "tag": "GN-S1---", "original_form": "me"}], "type": "phrase", "id": "30"}, {"endp": "32", "style": {"isItalics": "no", "isUnderlined": "no", "isTitle": "no", "isBold": "no"}, "inip": "30", "form": "and", "quote_level": "0", "affected_by_negation": "no", "separation": "1", "analysis_list": [{"lemma": "and", "tag": "CCYN9", "original_form": "and"}], "id": "7"}, {"endp": "42", "style": {"isItalics": "no", "isUnderlined": "no", "isTitle": "no", "isBold": "no"}, "token_list": [{"endp": "36", "style": {"isItalics": "no", "isUnderlined": "no", "isTitle": "no", "isBold": "no"}, "inip": "34", "form": "the", "quote_level": "0", "affected_by_negation": "no", "separation": "1", "analysis_list": [{"lemma": "the", "tag": "TD-SN9", "original_form": "the"}], "id": "8"}, {"endp": "42", "style": {"isItalics": "no", "isUnderlined": "no", "isTitle": "no", "isBold": "no"}, "inip": "38", "form": "stage", "quote_level": "0", "affected_by_negation": "yes", "separation": "1", "analysis_list": [{"lemma": "stage", "tag": "NC-S-N6", "sense_id_list": [{"sense_id": "0f888d3ee6"}, {"sense_id": "4ed2d13f88"}], "original_form": "stage"}], "sense_list": [{"info": "sementity/class=class@fiction=nonfiction@id=ODENTITY_FACILITY@type=Top>Location>Facility\tsemld_list=sumo:FacilityPartOther", "id": "0f888d3ee6", "form": "scenario"}, {"info": "sementity/class=class@fiction=nonfiction@id=ODENTITY_PERIOD@type=Top>Timex>Period\tsemld_list=sumo:TimeInterval", "id": "4ed2d13f88", "form": "stage"}], "id": "9"}], "separation": "1", "form": "the stage", "quote_level": "0", "head": "9", "affected_by_negation": "no", "inip": "34", "analysis_list": [{"lemma": "stage", "tag": "GN-S3---", "original_form": "the stage"}], "type": "phrase", "id": "27"}], "separation": "1", "form": "me and the stage", "quote_level": "0", "affected_by_negation": "no", "inip": "27", "analysis_list": [{"lemma": "*", "tag": "GN-P3---", "original_form": "me and the stage"}], "type": "phrase", "id": "32"}], "separation": "1", "form": "between me and the stage", "quote_level": "0", "head": "5", "affected_by_negation": "no", "inip": "19", "analysis_list": [{"lemma": "between", "tag": "GY------", "original_form": "between me and the stage"}], "type": "phrase", "id": "33"}], "separation": "1", "form": "a pilllar between me and the stage", "quote_level": "0", "head": "4", "syntactic_tree_relation_list": [{"type": "isDirectObject", "id": "23"}, {"type": "iof_isAnaphora", "id": "28"}], "affected_by_negation": "no", "inip": "9", "analysis_list": [{"lemma": "pilllar", "tag": "GNUS3D--", "original_form": "a pilllar"}], "type": "phrase", "id": "26"}], "separation": "_", "form": "There is a pilllar between me and the stage", "quote_level": "0", "affected_by_negation": "no", "inip": "0", "analysis_list": [{"lemma": "*", "tag": "ZC----------", "original_form": "There is a pilllar between me and the stage"}], "type": "phrase", "id": "34"}, {"endp": "43", "style": {"isItalics": "no", "isUnderlined": "no", "isTitle": "no", "isBold": "no"}, "inip": "43", "form": ",", "quote_level": "0", "affected_by_negation": "no", "separation": "A", "analysis_list": [{"lemma": ",", "tag": "1D--", "original_form": ","}], "id": "10"}, {"endp": "47", "style": {"isItalics": "no", "isUnderlined": "no", "isTitle": "no", "isBold": "no"}, "inip": "45", "form": "and", "quote_level": "0", "affected_by_negation": "no", "separation": "1", "analysis_list": [{"lemma": "and", "tag": "CCYN9", "original_form": "and"}], "id": "11"}, {"endp": "69", "style": {"isItalics": "no", "isUnderlined": "no", "isTitle": "no", "isBold": "no"}, "token_list": [{"endp": "49", "style": {"isItalics": "no", "isUnderlined": "no", "isTitle": "no", "isBold": "no"}, "token_list": [{"endp": "49", "style": {"isItalics": "no", "isUnderlined": "no", "isTitle": "no", "isBold": "no"}, "inip": "49", "form": "I", "quote_level": "0", "affected_by_negation": "no", "separation": "1", "analysis_list": [{"lemma": "I", "tag": "PP-S1NN-", "sense_id_list": [{"sense_id": "PRONHUMAN"}], "original_form": "I"}], "sense_list": [{"info": "semhum=human", "id": "PRONHUMAN", "form": "I"}], "id": "12"}], "separation": "1", "form": "I", "quote_level": "0", "head": "12", "syntactic_tree_relation_list": [{"type": "isSubject", "id": "22"}], "affected_by_negation": "no", "inip": "49", "analysis_list": [{"lemma": "I", "tag": "GN-S1S--", "original_form": "I"}], "type": "phrase", "id": "29"}, {"endp": "59", "style": {"isItalics": "no", "isUnderlined": "no", "isTitle": "no", "isBold": "no"}, "separation": "1", "form": "can't see", "quote_level": "0", "head": "21", "syntactic_tree_relation_list": [{"type": "iof_isSubject", "id": "29"}, {"type": "iof_isLocationComplement", "id": "31"}], "affected_by_negation": "yes", "inip": "51", "analysis_list": [{"lemma": "see", "tag": "VW-S1OSA-NNE3", "original_form": "can't see"}], "type": "multiword", "id": "22"}, {"endp": "66", "style": {"isItalics": "no", "isUnderlined": "no", "isTitle": "no", "isBold": "no"}, "token_list": [{"endp": "66", "style": {"isItalics": "no", "isUnderlined": "no", "isTitle": "no", "isBold": "no"}, "inip": "61", "form": "around", "quote_level": "0", "affected_by_negation": "no", "separation": "1", "analysis_list": [{"lemma": "around", "tag": "ENLPN6", "original_form": "around"}], "id": "17"}], "separation": "1", "form": "around", "quote_level": "0", "head": "17", "syntactic_tree_relation_list": [{"type": "isLocationComplement", "id": "22"}], "affected_by_negation": "no", "inip": "61", "analysis_list": [{"lemma": "around", "tag": "GEL--L--", "original_form": "around"}], "type": "phrase", "id": "31"}, {"endp": "69", "style": {"isItalics": "no", "isUnderlined": "no", "isTitle": "no", "isBold": "no"}, "token_list": [{"endp": "69", "style": {"isItalics": "no", "isUnderlined": "no", "isTitle": "no", "isBold": "no"}, "inip": "68", "form": "it", "quote_level": "0", "affected_by_negation": "no", "separation": "1", "analysis_list": [{"lemma": "it", "tag": "PP-S3NN8", "sense_id_list": [{"sense_id": "PRONNONHUMAN"}], "original_form": "it"}, {"lemma": "it", "tag": "PP-S3AN8", "sense_id_list": [{"sense_id": "PRONNONHUMAN"}], "original_form": "it"}], "sense_list": [{"info": "semhum=nonhuman", "id": "PRONNONHUMAN", "form": "it"}], "id": "18"}], "separation": "1", "form": "it", "quote_level": "0", "head": "18", "syntactic_tree_relation_list": [{"type": "isAnaphora", "id": "26"}], "affected_by_negation": "no", "inip": "68", "analysis_list": [{"lemma": "it", "tag": "GN-S3---", "original_form": "it"}], "type": "phrase", "id": "28"}], "separation": "1", "form": "I can't see around it", "quote_level": "0", "affected_by_negation": "no", "inip": "49", "analysis_list": [{"lemma": "*", "tag": "ZC----------", "original_form": "I can't see around it"}], "type": "phrase", "id": "35"}, {"endp": "70", "style": {"isItalics": "no", "isUnderlined": "no", "isTitle": "no", "isBold": "no"}, "inip": "70", "form": ".", "quote_level": "0", "affected_by_negation": "no", "separation": "A", "analysis_list": [{"lemma": ".", "tag": "1D--", "original_form": "."}], "id": "19"}], "inip": "0", "quote_level": "0", "affected_by_negation": "no", "separation": "A", "type": "sentence", "id": "24"}]}