{"status": {"msg": "OK", "credits": "1", "remaining_credits": "39880", "code": "0"}, "token_list": [{"endp": "62", "style": {"isItalics": "no", "isUnderlined": "no", "isTitle": "no", "isBold": "no"}, "token_list": [{"endp": "41", "style": {"isItalics": "no", "isUnderlined": "no", "isTitle": "no", "isBold": "no"}, "token_list": [{"endp": "7", "style": {"isItalics": "no", "isUnderlined": "no", "isTitle": "no", "isBold": "no"}, "separation": "_", "form": "There is", "quote_level": "0", "head": "2", "syntactic_tree_relation_list": [{"type": "iof_isDirectObject", "id": "25"}], "affected_by_negation": "no", "inip": "0", "analysis_list": [{"lemma": "There is", "tag": "VI-S3PSA-N-N9", "original_form": "There is"}], "type": "multiword", "id": "22"}, {"endp": "41", "style": {"isItalics": "no", "isUnderlined": "no", "isTitle": "no", "isBold": "no"}, "token_list": [{"endp": "9", "style": {"isItalics": "no", "isUnderlined": "no", "isTitle": "no", "isBold": "no"}, "inip": "9", "form": "a", "quote_level": "0", "affected_by_negation": "no", "separation": "1", "analysis_list": [{"lemma": "a", "tag": "QD-SPN9", "original_form": "a"}], "id": "3"}, {"endp": "16", "style": {"isItalics": "no", "isUnderlined": "no", "isTitle": "no", "isBold": "no"}, "inip": "11", "form": "pillar", "quote_level": "0", "affected_by_negation": "no", "separation": "1", "analysis_list": [{"lemma": "pillar", "tag": "NC-S-N3", "sense_id_list": [{"sense_id": "794f5cbea3"}], "original_form": "pillar"}], "sense_list": [{"info": "sementity/class=class@fiction=nonfiction@id=ODENTITY_TOP@type=Top\tsemld_list=sumo:Entity\tsemtheme_list/id=ODTHEME_ARCHITECTURE@type=Top>Arts>Architecture", "id": "794f5cbea3", "form": "column"}], "id": "4"}, {"endp": "41", "style": {"isItalics": "no", "isUnderlined": "no", "isTitle": "no", "isBold": "no"}, "token_list": [{"endp": "24", "style": {"isItalics": "no", "isUnderlined": "no", "isTitle": "no", "isBold": "no"}, "inip": "18", "form": "between", "quote_level": "0", "affected_by_negation": "no", "separation": "1", "analysis_list": [{"lemma": "between", "tag": "YN7", "original_form": "between"}], "id": "5"}, {"endp": "41", "style": {"isItalics": "no", "isUnderlined": "no", "isTitle": "no", "isBold": "no"}, "token_list": [{"endp": "27", "style": {"isItalics": "no", "isUnderlined": "no", "isTitle": "no", "isBold": "no"}, "token_list": [{"endp": "27", "style": {"isItalics": "no", "isUnderlined": "no", "isTitle": "no", "isBold": "no"}, "inip": "26", "form": "me", "quote_level": "0", "affected_by_negation": "no", "separation": "1", "analysis_list": [{"lemma": "me", "tag": "PP-S1AN7", "sense_id_list": [{"sense_id": "PRONHUMAN"}], "original_form": "me"}], "sense_list": [{"info": "semhum=human", "id": "PRONHUMAN", "form": "me"}], "id": "6"}], "separation": "1", "form": "me", "quote_level": "0", "head": "6", "affected_by_negation": "no", "inip": "26", "analysis_list": [{"lemma": "me", "tag": "GN-S1---", "original_form": "me"}], "type": "phrase", "id": "29"}, {"endp": "31", "style": {"isItalics": "no", "isUnderlined": "no", "isTitle": "no", "isBold": "no"}, "inip": "29", "form": "and", "quote_level": "0", "affected_by_negation": "no", "separation": "1", "analysis_list": [{"lemma": "and", "tag": "CCYN9", "original_form": "and"}], "id": "7"}, {"endp": "41", "style": {"isItalics": "no", "isUnderlined": "no", "isTitle": "no", "isBold": "no"}, "token_list": [{"endp": "35", "style": {"isItalics": "no", "isUnderlined": "no", "isTitle": "no", "isBold": "no"}, "inip": "33", "form": "the", "quote_level": "0", "affected_by_negation": "no", "separation": "1", "analysis_list": [{"lemma": "the", "tag": "TD-SN9", "original_form": "the"}], "id": "8"}, {"endp": "41", "style": {"isItalics": "no", "isUnderlined": "no", "isTitle": "no", "isBold": "no"}, "inip": "37", "form": "stage", "quote_level": "0", "affected_by_negation": "no", "separation": "1", "analysis_list": [{"lemma": "stage", "tag": "NC-S-N6", "sense_id_list": [{"sense_id": "0f888d3ee6"}, {"sense_id": "4ed2d13f88"}], "original_form": "stage"}], "sense_list": [{"info": "sementity/class=class@fiction=nonfiction@id=ODENTITY_FACILITY@type=Top>Location>Facility\tsemld_list=sumo:FacilityPartOther", "id": "0f888d3ee6", "form": "scenario"}, {"info": "sementity/class=class@fiction=nonfiction@id=ODENTITY_PERIOD@type=Top>Timex>Period\tsemld_list=sumo:TimeInterval", "id": "4ed2d13f88", "form": "stage"}], "id": "9"}], "separation": "1", "form": "the stage", "quote_level": "0", "head": "9", "affected_by_negation": "no", "inip": "33", "analysis_list": [{"lemma": "stage", "tag": "GN-S3---", "original_form": "the stage"}], "type": "phrase", "id": "26"}], "separation": "1", "form": "me and the stage", "quote_level": "0", "affected_by_negation": "no", "inip": "26", "analysis_list": [{"lemma": "*", "tag": "GN-P3---", "original_form": "me and the stage"}], "type": "phrase", "id": "30"}], "separation": "1", "form": "between me and the stage", "quote_level": "0", "head": "5", "affected_by_negation": "no", "inip": "18", "analysis_list": [{"lemma": "between", "tag": "GY------", "original_form": "between me and the stage"}], "type": "phrase", "id": "31"}], "separation": "1", "form": "a pillar between me and the stage", "quote_level": "0", "head": "4", "syntactic_tree_relation_list": [{"type": "isDirectObject", "id": "22"}, {"type": "iof_isAnaphora", "id": "27"}], "affected_by_negation": "no", "inip": "9", "analysis_list": [{"lemma": "pillar", "tag": "GN-S3D--", "original_form": "a pillar"}], "type": "phrase", "id": "25"}], "separation": "_", "form": "There is a pillar between me and the stage", "quote_level": "0", "affected_by_negation": "no", "inip": "0", "analysis_list": [{"lemma": "*", "tag": "ZC----------", "original_form": "There is a pillar between me and the stage"}], "type": "phrase", "id": "32"}, {"endp": "42", "style": {"isItalics": "no", "isUnderlined": "no", "isTitle": "no", "isBold": "no"}, "inip": "42", "form": ",", "quote_level": "0", "affected_by_negation": "no", "separation": "A", "analysis_list": [{"lemma": ",", "tag": "1D--", "original_form": ","}], "id": "10"}, {"endp": "46", "style": {"isItalics": "no", "isUnderlined": "no", "isTitle": "no", "isBold": "no"}, "inip": "44", "form": "and", "quote_level": "0", "affected_by_negation": "no", "separation": "1", "analysis_list": [{"lemma": "and", "tag": "CCYN9", "original_form": "and"}], "id": "11"}, {"endp": "61", "style": {"isItalics": "no", "isUnderlined": "no", "isTitle": "no", "isBold": "no"}, "token_list": [{"endp": "48", "style": {"isItalics": "no", "isUnderlined": "no", "isTitle": "no", "isBold": "no"}, "token_list": [{"endp": "48", "style": {"isItalics": "no", "isUnderlined": "no", "isTitle": "no", "isBold": "no"}, "inip": "48", "form": "I", "quote_level": "0", "affected_by_negation": "no", "separation": "1", "analysis_list": [{"lemma": "I", "tag": "PP-S1NN-", "sense_id_list": [{"sense_id": "PRONHUMAN"}], "original_form": "I"}], "sense_list": [{"info": "semhum=human", "id": "PRONHUMAN", "form": "I"}], "id": "12"}], "separation": "1", "form": "I", "quote_level": "0", "head": "12", "syntactic_tree_relation_list": [{"type": "isSubject", "id": "21"}], "affected_by_negation": "no", "inip": "48", "analysis_list": [{"lemma": "I", "tag": "GN-S1S--", "original_form": "I"}], "type": "phrase", "id": "28"}, {"endp": "58", "style": {"isItalics": "no", "isUnderlined": "no", "isTitle": "no", "isBold": "no"}, "separation": "1", "form": "can't see", "quote_level": "0", "head": "20", "syntactic_tree_relation_list": [{"type": "iof_isSubject", "id": "28"}, {"type": "iof_isDirectObject", "id": "27"}], "affected_by_negation": "yes", "inip": "50", "analysis_list": [{"lemma": "see", "tag": "VW-S1OSA-NNE3", "original_form": "can't see"}], "type": "multiword", "id": "21"}, {"endp": "61", "style": {"isItalics": "no", "isUnderlined": "no", "isTitle": "no", "isBold": "no"}, "token_list": [{"endp": "61", "style": {"isItalics": "no", "isUnderlined": "no", "isTitle": "no", "isBold": "no"}, "inip": "60", "form": "it", "quote_level": "0", "affected_by_negation": "no", "separation": "1", "analysis_list": [{"lemma": "it", "tag": "PP-S3AN8", "sense_id_list": [{"sense_id": "PRONNONHUMAN"}], "original_form": "it"}], "sense_list": [{"info": "semhum=nonhuman", "id": "PRONNONHUMAN", "form": "it"}], "id": "17"}], "separation": "1", "form": "it", "quote_level": "0", "head": "17", "syntactic_tree_relation_list": [{"type": "isAnaphora", "id": "25"}, {"type": "isDirectObject", "id": "21"}], "affected_by_negation": "no", "inip": "60", "analysis_list": [{"lemma": "it", "tag": "GN-S3D--", "original_form": "it"}], "type": "phrase", "id": "27"}], "separation": "1", "form": "I can't see it", "quote_level": "0", "affected_by_negation": "no", "inip": "48", "analysis_list": [{"lemma": "*", "tag": "ZC----------", "original_form": "I can't see it"}], "type": "phrase", "id": "33"}, {"endp": "62", "style": {"isItalics": "no", "isUnderlined": "no", "isTitle": "no", "isBold": "no"}, "inip": "62", "form": ".", "quote_level": "0", "affected_by_negation": "no", "separation": "A", "analysis_list": [{"lemma": ".", "tag": "1D--", "original_form": "."}], "id": "18"}], "inip": "0", "quote_level": "0", "affected_by_negation": "no", "separation": "A", "type": "sentence", "id": "23"}]}