{"status": {"msg": "OK", "credits": "1", "remaining_credits": "39878", "code": "0"}, "token_list": [{"endp": "93", "style": {"isItalics": "no", "isUnderlined": "no", "isTitle": "no", "isBold": "no"}, "token_list": [{"endp": "28", "style": {"isItalics": "no", "isUnderlined": "no", "isTitle": "no", "isBold": "no"}, "token_list": [{"endp": "3", "style": {"isItalics": "no", "isUnderlined": "no", "isTitle": "no", "isBold": "no"}, "token_list": [{"endp": "3", "style": {"isItalics": "no", "isUnderlined": "no", "isTitle": "no", "isBold": "no"}, "inip": "0", "form": "They", "quote_level": "0", "affected_by_negation": "no", "separation": "_", "analysis_list": [{"lemma": "they", "tag": "PP-P3NN8", "sense_id_list": [{"sense_id": "PRONBOTH"}], "original_form": "they"}], "sense_list": [{"info": "semhum=both", "id": "PRONBOTH", "form": "they"}], "id": "1"}], "separation": "_", "form": "They", "quote_level": "0", "head": "1", "syntactic_tree_relation_list": [{"type": "isSubject", "id": "2"}], "affected_by_negation": "no", "inip": "0", "analysis_list": [{"lemma": "they", "tag": "GN-P3S--", "original_form": "They"}], "type": "phrase", "id": "32"}, {"endp": "13", "style": {"isItalics": "no", "isUnderlined": "no", "isTitle": "no", "isBold": "no"}, "inip": "5", "form": "broadcast", "quote_level": "0", "syntactic_tree_relation_list": [{"type": "iof_isSubject", "id": "32"}, {"type": "iof_isDirectObject", "id": "27"}], "affected_by_negation": "no", "separation": "1", "analysis_list": [{"lemma": "broadcast", "tag": "VI-P3PSA-N-N3", "sense_id_list": [{"sense_id": "ODENTITY_DISSEMINATING"}, {"sense_id": "ODENTITY_TRANSLOCATION"}], "original_form": "broadcast"}], "sense_list": [{"info": "sementity/id=ODENTITY_DISSEMINATING@type=Top>Process>ContentBearingProcess>CommunicationProcess>Disseminating\tsemld_list=sumo:Entity", "id": "ODENTITY_DISSEMINATING", "form": "broadcast"}, {"info": "sementity/id=ODENTITY_TRANSLOCATION@type=Top>Process>Motion>Translocation\tsemld_list=sumo:Entity", "id": "ODENTITY_TRANSLOCATION", "form": "broadcast"}], "id": "2"}, {"endp": "28", "style": {"isItalics": "no", "isUnderlined": "no", "isTitle": "no", "isBold": "no"}, "token_list": [{"endp": "16", "style": {"isItalics": "no", "isUnderlined": "no", "isTitle": "no", "isBold": "no"}, "inip": "15", "form": "an", "quote_level": "0", "affected_by_negation": "no", "separation": "1", "analysis_list": [{"lemma": "an", "tag": "QD-SPN8", "original_form": "an"}], "id": "3"}, {"endp": "28", "style": {"isItalics": "no", "isUnderlined": "no", "isTitle": "no", "isBold": "no"}, "inip": "18", "form": "annoucement", "quote_level": "0", "affected_by_negation": "yes", "separation": "1", "analysis_list": [{"lemma": "annoucement", "tag": "NCUS-N-", "original_form": "annoucement"}], "id": "4"}], "separation": "1", "form": "an annoucement", "quote_level": "0", "head": "4", "syntactic_tree_relation_list": [{"type": "isDirectObject", "id": "2"}], "affected_by_negation": "no", "inip": "15", "analysis_list": [{"lemma": "annoucement", "tag": "GNUS3D--", "original_form": "an annoucement"}], "type": "phrase", "id": "27"}], "separation": "_", "form": "They broadcast an annoucement", "quote_level": "0", "affected_by_negation": "no", "inip": "0", "analysis_list": [{"lemma": "*", "tag": "ZC----------", "original_form": "They broadcast an annoucement"}], "type": "phrase", "id": "35"}, {"endp": "29", "style": {"isItalics": "no", "isUnderlined": "no", "isTitle": "no", "isBold": "no"}, "inip": "29", "form": ",", "quote_level": "0", "affected_by_negation": "no", "separation": "A", "analysis_list": [{"lemma": ",", "tag": "1D--", "original_form": ","}], "id": "5"}, {"endp": "33", "style": {"isItalics": "no", "isUnderlined": "no", "isTitle": "no", "isBold": "no"}, "inip": "31", "form": "but", "quote_level": "0", "affected_by_negation": "no", "separation": "1", "analysis_list": [{"lemma": "but", "tag": "CCAN8", "original_form": "but"}], "id": "6"}, {"endp": "64", "style": {"isItalics": "no", "isUnderlined": "no", "isTitle": "no", "isBold": "no"}, "token_list": [{"endp": "42", "style": {"isItalics": "no", "isUnderlined": "no", "isTitle": "no", "isBold": "no"}, "token_list": [{"endp": "35", "style": {"isItalics": "no", "isUnderlined": "no", "isTitle": "no", "isBold": "no"}, "inip": "35", "form": "a", "quote_level": "0", "affected_by_negation": "no", "separation": "1", "analysis_list": [{"lemma": "a", "tag": "QD-SPN9", "original_form": "a"}], "id": "7"}, {"endp": "42", "style": {"isItalics": "no", "isUnderlined": "no", "isTitle": "no", "isBold": "no"}, "inip": "37", "form": "subway", "quote_level": "0", "affected_by_negation": "no", "separation": "1", "analysis_list": [{"lemma": "subway", "tag": "NC-S-N-", "sense_id_list": [{"sense_id": "30bb3ff4b0"}], "original_form": "subway"}], "sense_list": [{"info": "sementity/class=class@fiction=nonfiction@id=ODENTITY_TRAIN@type=Top>Product>Machine>Vehicle>Train\tsemld_list=sumo:Train", "id": "30bb3ff4b0", "form": "underground"}], "id": "8"}], "separation": "1", "form": "a subway", "quote_level": "0", "head": "8", "syntactic_tree_relation_list": [{"type": "isSubject", "id": "9"}, {"type": "iof_isAnaphora", "id": "30"}], "affected_by_negation": "no", "inip": "35", "analysis_list": [{"lemma": "subway", "tag": "GN-S3S--", "original_form": "a subway"}], "type": "phrase", "id": "28"}, {"endp": "47", "style": {"isItalics": "no", "isUnderlined": "no", "isTitle": "no", "isBold": "no"}, "inip": "44", "form": "came", "quote_level": "0", "syntactic_tree_relation_list": [{"type": "iof_isSubject", "id": "28"}, {"type": "iof_isComplement", "id": "34"}], "affected_by_negation": "no", "separation": "1", "analysis_list": [{"lemma": "come", "tag": "VI-S3ASA-N-N7", "sense_id_list": [{"sense_id": "ODENTITY_BODY_MOTION"}, {"sense_id": "ODENTITY_CLASSIFYING"}, {"sense_id": "ODENTITY_COMMUNICATION_PROCESS"}, {"sense_id": "ODENTITY_TRANSLOCATION"}, {"sense_id": "ODENTITY_INTENTIONAL_PROCESS"}, {"sense_id": "ODENTITY_INTENTIONAL_PSYCHOLOGICAL_PROCESS"}, {"sense_id": "ODENTITY_MOTION"}, {"sense_id": "ODENTITY_BIOLOGICAL_PROCESS"}, {"sense_id": "ODENTITY_PROCESS"}], "original_form": "came"}], "sense_list": [{"info": "sementity/id=ODENTITY_BIOLOGICAL_PROCESS@type=Top>Process>InternalChange>BiologicalProcess\tsemld_list=sumo:Entity", "id": "ODENTITY_BIOLOGICAL_PROCESS", "form": "come"}, {"info": "sementity/id=ODENTITY_BODY_MOTION@type=Top>Process>Motion>BodyMotion\tsemld_list=sumo:Entity", "id": "ODENTITY_BODY_MOTION", "form": "come"}, {"info": "sementity/id=ODENTITY_CLASSIFYING@type=Top>Process>IntentionalProcess>IntentionalPsychologicalProcess>Classifying\tsemld_list=sumo:IntentionalProcess", "id": "ODENTITY_CLASSIFYING", "form": "come"}, {"info": "sementity/id=ODENTITY_COMMUNICATION_PROCESS@type=Top>Process>ContentBearingProcess>CommunicationProcess\tsemld_list=sumo:Entity", "id": "ODENTITY_COMMUNICATION_PROCESS", "form": "come"}, {"info": "sementity/id=ODENTITY_INTENTIONAL_PROCESS@type=Top>Process>IntentionalProcess\tsemld_list=sumo:IntentionalProcess", "id": "ODENTITY_INTENTIONAL_PROCESS", "form": "come"}, {"info": "sementity/id=ODENTITY_INTENTIONAL_PSYCHOLOGICAL_PROCESS@type=Top>Process>IntentionalProcess>IntentionalPsychologicalProcess\tsemld_list=sumo:IntentionalProcess", "id": "ODENTITY_INTENTIONAL_PSYCHOLOGICAL_PROCESS", "form": "come"}, {"info": "sementity/id=ODENTITY_MOTION@type=Top>Process>Motion\tsemld_list=sumo:Entity", "id": "ODENTITY_MOTION", "form": "come"}, {"info": "sementity/id=ODENTITY_PROCESS@type=Top>Process\tsemld_list=sumo:Entity", "id": "ODENTITY_PROCESS", "form": "come"}, {"info": "sementity/id=ODENTITY_TRANSLOCATION@type=Top>Process>Motion>Translocation\tsemld_list=sumo:Entity", "id": "ODENTITY_TRANSLOCATION", "form": "come"}], "id": "9"}, {"endp": "64", "style": {"isItalics": "no", "isUnderlined": "no", "isTitle": "no", "isBold": "no"}, "token_list": [{"endp": "52", "style": {"isItalics": "no", "isUnderlined": "no", "isTitle": "no", "isBold": "no"}, "inip": "49", "form": "into", "quote_level": "0", "affected_by_negation": "no", "separation": "1", "analysis_list": [{"lemma": "into", "tag": "YN7", "original_form": "into"}], "id": "10"}, {"endp": "64", "style": {"isItalics": "no", "isUnderlined": "no", "isTitle": "no", "isBold": "no"}, "token_list": [{"endp": "56", "style": {"isItalics": "no", "isUnderlined": "no", "isTitle": "no", "isBold": "no"}, "inip": "54", "form": "the", "quote_level": "0", "affected_by_negation": "no", "separation": "1", "analysis_list": [{"lemma": "the", "tag": "TD-SN9", "original_form": "the"}], "id": "11"}, {"endp": "64", "style": {"isItalics": "no", "isUnderlined": "no", "isTitle": "no", "isBold": "no"}, "inip": "58", "form": "station", "quote_level": "0", "affected_by_negation": "no", "separation": "1", "analysis_list": [{"lemma": "station", "tag": "NC-S-N5", "sense_id_list": [{"sense_id": "dec0ba5572"}], "original_form": "station"}], "sense_list": [{"info": "sementity/class=class@fiction=nonfiction@id=ODENTITY_STATION@type=Top>Location>Facility>StationTop>Station\tsemld_list=sumo:TrainStation", "id": "dec0ba5572", "form": "station"}], "id": "12"}], "separation": "1", "form": "the station", "quote_level": "0", "head": "12", "affected_by_negation": "no", "inip": "54", "analysis_list": [{"lemma": "station", "tag": "GN-S3---", "original_form": "the station"}], "type": "phrase", "id": "29"}], "separation": "1", "form": "into the station", "quote_level": "0", "head": "10", "syntactic_tree_relation_list": [{"type": "isComplement", "id": "9"}], "affected_by_negation": "no", "inip": "49", "analysis_list": [{"lemma": "into", "tag": "GY---C--", "original_form": "into the station"}], "type": "phrase", "id": "34"}], "separation": "1", "form": "a subway came into the station", "quote_level": "0", "affected_by_negation": "no", "inip": "35", "analysis_list": [{"lemma": "*", "tag": "ZC----------", "original_form": "a subway came into the station"}], "type": "phrase", "id": "36"}, {"endp": "68", "style": {"isItalics": "no", "isUnderlined": "no", "isTitle": "no", "isBold": "no"}, "inip": "66", "form": "and", "quote_level": "0", "affected_by_negation": "no", "separation": "1", "analysis_list": [{"lemma": "and", "tag": "CCYN9", "original_form": "and"}], "id": "13"}, {"endp": "92", "style": {"isItalics": "no", "isUnderlined": "no", "isTitle": "no", "isBold": "no"}, "token_list": [{"endp": "70", "style": {"isItalics": "no", "isUnderlined": "no", "isTitle": "no", "isBold": "no"}, "token_list": [{"endp": "70", "style": {"isItalics": "no", "isUnderlined": "no", "isTitle": "no", "isBold": "no"}, "inip": "70", "form": "I", "quote_level": "0", "affected_by_negation": "no", "separation": "1", "analysis_list": [{"lemma": "I", "tag": "PP-S1NN-", "sense_id_list": [{"sense_id": "PRONHUMAN"}], "original_form": "I"}], "sense_list": [{"info": "semhum=human", "id": "PRONHUMAN", "form": "I"}], "id": "14"}], "separation": "1", "form": "I", "quote_level": "0", "head": "14", "syntactic_tree_relation_list": [{"type": "isSubject", "id": "24"}], "affected_by_negation": "no", "inip": "70", "analysis_list": [{"lemma": "I", "tag": "GN-S1S--", "original_form": "I"}], "type": "phrase", "id": "31"}, {"endp": "84", "style": {"isItalics": "no", "isUnderlined": "no", "isTitle": "no", "isBold": "no"}, "separation": "1", "form": "couldn't hear", "quote_level": "0", "head": "23", "syntactic_tree_relation_list": [{"type": "iof_isSubject", "id": "31"}, {"type": "iof_isLocationComplement", "id": "33"}], "affected_by_negation": "yes", "inip": "72", "analysis_list": [{"lemma": "hear", "tag": "VW-S1OSA-NNE7", "original_form": "couldn't hear"}], "type": "multiword", "id": "24"}, {"endp": "89", "style": {"isItalics": "no", "isUnderlined": "no", "isTitle": "no", "isBold": "no"}, "token_list": [{"endp": "89", "style": {"isItalics": "no", "isUnderlined": "no", "isTitle": "no", "isBold": "no"}, "inip": "86", "form": "over", "quote_level": "0", "affected_by_negation": "no", "separation": "1", "analysis_list": [{"lemma": "over", "tag": "ENLPN4", "original_form": "over"}, {"lemma": "over", "tag": "ENMPN4", "original_form": "over"}, {"lemma": "over", "tag": "ENOPN4", "original_form": "over"}, {"lemma": "over", "tag": "ENQPN4", "original_form": "over"}], "id": "19"}], "separation": "1", "form": "over", "quote_level": "0", "head": "19", "syntactic_tree_relation_list": [{"type": "isLocationComplement", "id": "24"}], "affected_by_negation": "no", "inip": "86", "analysis_list": [{"lemma": "over", "tag": "GEL--L--", "original_form": "over"}, {"lemma": "over", "tag": "GEM--L--", "original_form": "over"}, {"lemma": "over", "tag": "GEO--L--", "original_form": "over"}, {"lemma": "over", "tag": "GEQ--L--", "original_form": "over"}], "type": "phrase", "id": "33"}, {"endp": "92", "style": {"isItalics": "no", "isUnderlined": "no", "isTitle": "no", "isBold": "no"}, "token_list": [{"endp": "92", "style": {"isItalics": "no", "isUnderlined": "no", "isTitle": "no", "isBold": "no"}, "inip": "91", "form": "it", "quote_level": "0", "affected_by_negation": "no", "separation": "1", "analysis_list": [{"lemma": "it", "tag": "PP-S3NN8", "sense_id_list": [{"sense_id": "PRONNONHUMAN"}], "original_form": "it"}, {"lemma": "it", "tag": "PP-S3AN8", "sense_id_list": [{"sense_id": "PRONNONHUMAN"}], "original_form": "it"}], "sense_list": [{"info": "semhum=nonhuman", "id": "PRONNONHUMAN", "form": "it"}], "id": "20"}], "separation": "1", "form": "it", "quote_level": "0", "head": "20", "syntactic_tree_relation_list": [{"type": "isAnaphora", "id": "28"}], "affected_by_negation": "no", "inip": "91", "analysis_list": [{"lemma": "it", "tag": "GN-S3---", "original_form": "it"}], "type": "phrase", "id": "30"}], "separation": "1", "form": "I couldn't hear over it", "quote_level": "0", "affected_by_negation": "no", "inip": "70", "analysis_list": [{"lemma": "*", "tag": "ZC----------", "original_form": "I couldn't hear over it"}], "type": "phrase", "id": "37"}, {"endp": "93", "style": {"isItalics": "no", "isUnderlined": "no", "isTitle": "no", "isBold": "no"}, "inip": "93", "form": ".", "quote_level": "0", "affected_by_negation": "no", "separation": "A", "analysis_list": [{"lemma": ".", "tag": "1D--", "original_form": "."}], "id": "21"}], "inip": "0", "quote_level": "0", "affected_by_negation": "no", "separation": "A", "type": "sentence", "id": "25"}]}