{"status": {"msg": "OK", "credits": "1", "remaining_credits": "39877", "code": "0"}, "token_list": [{"endp": "89", "style": {"isItalics": "no", "isUnderlined": "no", "isTitle": "no", "isBold": "no"}, "token_list": [{"endp": "36", "style": {"isItalics": "no", "isUnderlined": "no", "isTitle": "no", "isBold": "no"}, "token_list": [{"endp": "35", "style": {"isItalics": "no", "isUnderlined": "no", "isTitle": "no", "isBold": "no"}, "token_list": [{"endp": "1", "style": {"isItalics": "no", "isUnderlined": "no", "isTitle": "no", "isBold": "no"}, "inip": "0", "form": "In", "quote_level": "0", "affected_by_negation": "no", "separation": "_", "analysis_list": [{"lemma": "in", "tag": "YN6", "original_form": "in"}], "id": "1"}, {"endp": "35", "style": {"isItalics": "no", "isUnderlined": "no", "isTitle": "no", "isBold": "no"}, "token_list": [{"endp": "5", "style": {"isItalics": "no", "isUnderlined": "no", "isTitle": "no", "isBold": "no"}, "inip": "3", "form": "the", "quote_level": "0", "affected_by_negation": "no", "separation": "1", "analysis_list": [{"lemma": "the", "tag": "TD-SN9", "original_form": "the"}], "id": "2"}, {"endp": "12", "style": {"isItalics": "no", "isUnderlined": "no", "isTitle": "no", "isBold": "no"}, "inip": "7", "form": "middle", "quote_level": "0", "affected_by_negation": "no", "separation": "1", "analysis_list": [{"lemma": "middle", "tag": "NC-S-N5", "sense_id_list": [{"sense_id": "8a9aee8bf9"}], "original_form": "middle"}], "sense_list": [{"info": "sementity/class=class@fiction=nonfiction@id=ODENTITY_NUMEX@type=Top>Numex\tsemld_list=sumo:Quantity", "id": "8a9aee8bf9", "form": "average"}], "id": "3"}, {"endp": "35", "style": {"isItalics": "no", "isUnderlined": "no", "isTitle": "no", "isBold": "no"}, "token_list": [{"endp": "15", "style": {"isItalics": "no", "isUnderlined": "no", "isTitle": "no", "isBold": "no"}, "inip": "14", "form": "of", "quote_level": "0", "affected_by_negation": "no", "separation": "1", "analysis_list": [{"lemma": "of", "tag": "YN9", "original_form": "of"}], "id": "4"}, {"endp": "35", "style": {"isItalics": "no", "isUnderlined": "no", "isTitle": "no", "isBold": "no"}, "token_list": [{"endp": "19", "style": {"isItalics": "no", "isUnderlined": "no", "isTitle": "no", "isBold": "no"}, "inip": "17", "form": "the", "quote_level": "0", "affected_by_negation": "no", "separation": "1", "analysis_list": [{"lemma": "the", "tag": "TD-SN9", "original_form": "the"}], "id": "5"}, {"endp": "27", "style": {"isItalics": "no", "isUnderlined": "no", "isTitle": "no", "isBold": "no"}, "inip": "21", "form": "outdoor", "quote_level": "0", "affected_by_negation": "no", "separation": "1", "analysis_list": [{"lemma": "outdoor", "tag": "AP-N3", "original_form": "outdoor"}], "id": "6"}, {"endp": "35", "style": {"isItalics": "no", "isUnderlined": "no", "isTitle": "no", "isBold": "no"}, "inip": "29", "form": "concert", "quote_level": "0", "affected_by_negation": "no", "separation": "1", "analysis_list": [{"lemma": "concert", "tag": "NC-S-N4", "sense_id_list": [{"sense_id": "06b768e631"}], "original_form": "concert"}], "sense_list": [{"info": "sementity/class=class@fiction=nonfiction@id=ODENTITY_SHOW@type=Top>Product>CulturalProduct>Show\tsemld_list=sumo:Performance\tsemtheme_list/id=ODTHEME_MUSIC@type=Top>Arts>Music", "id": "06b768e631", "form": "concert"}], "id": "7"}], "separation": "1", "form": "the outdoor concert", "quote_level": "0", "head": "7", "affected_by_negation": "no", "inip": "17", "analysis_list": [{"lemma": "concert", "tag": "GN-S3---", "original_form": "the outdoor concert"}], "type": "phrase", "id": "25"}], "separation": "1", "form": "of the outdoor concert", "quote_level": "0", "head": "4", "affected_by_negation": "no", "inip": "14", "analysis_list": [{"lemma": "of", "tag": "GY------", "original_form": "of the outdoor concert"}], "type": "phrase", "id": "28"}], "separation": "1", "form": "the middle of the outdoor concert", "quote_level": "0", "head": "3", "affected_by_negation": "no", "inip": "3", "analysis_list": [{"lemma": "middle", "tag": "GN-S3---", "original_form": "the middle"}], "type": "phrase", "id": "24"}], "separation": "_", "form": "In the middle of the outdoor concert", "quote_level": "0", "head": "1", "syntactic_tree_relation_list": [{"type": "isComplement", "id": "11"}], "affected_by_negation": "no", "inip": "0", "analysis_list": [{"lemma": "in", "tag": "GY---C--", "original_form": "In the middle of the outdoor concert"}], "type": "phrase", "id": "29"}, {"endp": "36", "style": {"isItalics": "no", "isUnderlined": "no", "isTitle": "no", "isBold": "no"}, "inip": "36", "form": ",", "quote_level": "0", "affected_by_negation": "no", "separation": "A", "analysis_list": [{"lemma": ",", "tag": "1D--", "original_form": ","}], "id": "8"}], "separation": "_", "form": "In the middle of the outdoor concert,", "quote_level": "0", "affected_by_negation": "no", "inip": "0", "analysis_list": [{"lemma": "*", "tag": "Z-----------", "original_form": "In the middle of the outdoor concert,"}], "type": "phrase", "id": "33"}, {"endp": "61", "style": {"isItalics": "no", "isUnderlined": "no", "isTitle": "no", "isBold": "no"}, "token_list": [{"endp": "45", "style": {"isItalics": "no", "isUnderlined": "no", "isTitle": "no", "isBold": "no"}, "token_list": [{"endp": "40", "style": {"isItalics": "no", "isUnderlined": "no", "isTitle": "no", "isBold": "no"}, "inip": "38", "form": "the", "quote_level": "0", "affected_by_negation": "no", "separation": "1", "analysis_list": [{"lemma": "the", "tag": "TD-SN9", "original_form": "the"}], "id": "9"}, {"endp": "45", "style": {"isItalics": "no", "isUnderlined": "no", "isTitle": "no", "isBold": "no"}, "inip": "42", "form": "rain", "quote_level": "0", "affected_by_negation": "no", "separation": "1", "analysis_list": [{"lemma": "rain", "tag": "NC-S-N3", "sense_id_list": [{"sense_id": "94b6498268"}], "original_form": "rain"}], "sense_list": [{"info": "sementity/class=class@fiction=nonfiction@id=ODENTITY_NATURAL_PHENOMENA@type=Top>Event>NaturalPhenomena\tsemld_list=sumo:WeatherProcess", "id": "94b6498268", "form": "rain"}], "id": "10"}], "separation": "1", "form": "the rain", "quote_level": "0", "head": "10", "syntactic_tree_relation_list": [{"type": "isSubject", "id": "11"}, {"type": "iof_isAnaphora", "id": "27"}], "affected_by_negation": "no", "inip": "38", "analysis_list": [{"lemma": "rain", "tag": "GN-S3S--", "original_form": "the rain"}], "type": "phrase", "id": "26"}, {"endp": "53", "style": {"isItalics": "no", "isUnderlined": "no", "isTitle": "no", "isBold": "no"}, "inip": "47", "form": "started", "quote_level": "0", "syntactic_tree_relation_list": [{"type": "iof_isComplement", "id": "29"}, {"type": "iof_isSubject", "id": "26"}], "affected_by_negation": "no", "separation": "1", "analysis_list": [{"lemma": "start", "tag": "VI-S3ASA-N-N5", "sense_id_list": [{"sense_id": "ODENTITY_BODY_MOTION"}, {"sense_id": "ODENTITY_INTENTIONAL_PROCESS"}, {"sense_id": "ODENTITY_JOINING_AN_ORGANIZATION"}, {"sense_id": "ODENTITY_MOTION"}, {"sense_id": "ODENTITY_PROCESS"}, {"sense_id": "ODENTITY_GAMING"}], "original_form": "started"}], "sense_list": [{"info": "sementity/id=ODENTITY_BODY_MOTION@type=Top>Process>Motion>BodyMotion\tsemld_list=sumo:Entity", "id": "ODENTITY_BODY_MOTION", "form": "start"}, {"info": "sementity/id=ODENTITY_GAMING@type=Top>Process>IntentionalProcess>RecreationOrExercise>Gaming\tsemld_list=sumo:IntentionalProcess", "id": "ODENTITY_GAMING", "form": "start"}, {"info": "sementity/id=ODENTITY_INTENTIONAL_PROCESS@type=Top>Process>IntentionalProcess\tsemld_list=sumo:IntentionalProcess", "id": "ODENTITY_INTENTIONAL_PROCESS", "form": "start"}, {"info": "sementity/id=ODENTITY_JOINING_AN_ORGANIZATION@type=Top>Process>IntentionalProcess>OrganizationalProcess>JoiningAnOrganization\tsemld_list=sumo:IntentionalProcess", "id": "ODENTITY_JOINING_AN_ORGANIZATION", "form": "start"}, {"info": "sementity/id=ODENTITY_MOTION@type=Top>Process>Motion\tsemld_list=sumo:Entity", "id": "ODENTITY_MOTION", "form": "start"}, {"info": "sementity/id=ODENTITY_PROCESS@type=Top>Process\tsemld_list=sumo:Entity", "id": "ODENTITY_PROCESS", "form": "start"}], "id": "11"}, {"endp": "61", "style": {"isItalics": "no", "isUnderlined": "no", "isTitle": "no", "isBold": "no"}, "token_list": [{"endp": "61", "style": {"isItalics": "no", "isUnderlined": "no", "isTitle": "no", "isBold": "no"}, "inip": "55", "form": "falling", "quote_level": "0", "affected_by_negation": "no", "separation": "1", "analysis_list": [{"lemma": "fall", "tag": "VP---PSA-N-N5", "sense_id_list": [{"sense_id": "ODENTITY_BIOLOGICAL_PROCESS"}, {"sense_id": "ODENTITY_BODY_MOTION"}, {"sense_id": "ODENTITY_CLASSIFYING"}, {"sense_id": "ODENTITY_DECREASING"}, {"sense_id": "ODENTITY_CHANGE_OF_POSSESSION"}, {"sense_id": "ODENTITY_LEAVING_AN_ORGANIZATION"}, {"sense_id": "ODENTITY_MOTION"}, {"sense_id": "ODENTITY_PROCESS"}, {"sense_id": "ODENTITY_TRANSFER"}], "original_form": "falling"}], "sense_list": [{"info": "sementity/id=ODENTITY_BIOLOGICAL_PROCESS@type=Top>Process>InternalChange>BiologicalProcess\tsemld_list=sumo:Entity", "id": "ODENTITY_BIOLOGICAL_PROCESS", "form": "fall"}, {"info": "sementity/id=ODENTITY_BODY_MOTION@type=Top>Process>Motion>BodyMotion\tsemld_list=sumo:Entity", "id": "ODENTITY_BODY_MOTION", "form": "fall"}, {"info": "sementity/id=ODENTITY_CHANGE_OF_POSSESSION@type=Top>Process>IntentionalProcess>SocialInteraction>ChangeOfPossession\tsemld_list=sumo:IntentionalProcess", "id": "ODENTITY_CHANGE_OF_POSSESSION", "form": "fall"}, {"info": "sementity/id=ODENTITY_CLASSIFYING@type=Top>Process>IntentionalProcess>IntentionalPsychologicalProcess>Classifying\tsemld_list=sumo:IntentionalProcess", "id": "ODENTITY_CLASSIFYING", "form": "fall"}, {"info": "sementity/id=ODENTITY_DECREASING@type=Top>Process>InternalChange>QuantityChange>Decreasing\tsemld_list=sumo:Entity", "id": "ODENTITY_DECREASING", "form": "fall"}, {"info": "sementity/id=ODENTITY_LEAVING_AN_ORGANIZATION@type=Top>Process>IntentionalProcess>OrganizationalProcess>LeavingAnOrganization\tsemld_list=sumo:IntentionalProcess", "id": "ODENTITY_LEAVING_AN_ORGANIZATION", "form": "fall"}, {"info": "sementity/id=ODENTITY_MOTION@type=Top>Process>Motion\tsemld_list=sumo:Entity", "id": "ODENTITY_MOTION", "form": "fall"}, {"info": "sementity/id=ODENTITY_PROCESS@type=Top>Process\tsemld_list=sumo:Entity", "id": "ODENTITY_PROCESS", "form": "fall"}, {"info": "sementity/id=ODENTITY_TRANSFER@type=Top>Process>Motion>Translocation>Transfer\tsemld_list=sumo:Entity", "id": "ODENTITY_TRANSFER", "form": "fall"}], "id": "12"}], "separation": "1", "form": "falling", "quote_level": "0", "affected_by_negation": "no", "inip": "55", "analysis_list": [{"lemma": "*", "tag": "ZN-S3-PP----", "original_form": "falling"}], "type": "phrase", "id": "30"}], "separation": "1", "form": "the rain started falling", "quote_level": "0", "affected_by_negation": "no", "inip": "38", "analysis_list": [{"lemma": "*", "tag": "ZC----------", "original_form": "the rain started falling"}], "type": "phrase", "id": "31"}, {"endp": "62", "style": {"isItalics": "no", "isUnderlined": "no", "isTitle": "no", "isBold": "no"}, "inip": "62", "form": ",", "quote_level": "0", "affected_by_negation": "no", "separation": "A", "analysis_list": [{"lemma": ",", "tag": "1D--", "original_form": ","}], "id": "13"}, {"endp": "66", "style": {"isItalics": "no", "isUnderlined": "no", "isTitle": "no", "isBold": "no"}, "inip": "64", "form": "but", "quote_level": "0", "affected_by_negation": "no", "separation": "1", "analysis_list": [{"lemma": "but", "tag": "CCAN8", "original_form": "but"}], "id": "14"}, {"endp": "88", "style": {"isItalics": "no", "isUnderlined": "no", "isTitle": "no", "isBold": "no"}, "token_list": [{"endp": "69", "style": {"isItalics": "no", "isUnderlined": "no", "isTitle": "no", "isBold": "no"}, "token_list": [{"endp": "69", "style": {"isItalics": "no", "isUnderlined": "no", "isTitle": "no", "isBold": "no"}, "inip": "68", "form": "it", "quote_level": "0", "affected_by_negation": "no", "separation": "1", "analysis_list": [{"lemma": "it", "tag": "PP-S3NN8", "sense_id_list": [{"sense_id": "PRONNONHUMAN"}], "original_form": "it"}, {"lemma": "it", "tag": "PP-S3AN8", "sense_id_list": [{"sense_id": "PRONNONHUMAN"}], "original_form": "it"}], "sense_list": [{"info": "semhum=nonhuman", "id": "PRONNONHUMAN", "form": "it"}], "id": "15"}], "separation": "1", "form": "it", "quote_level": "0", "head": "15", "syntactic_tree_relation_list": [{"type": "isAnaphora", "id": "26"}, {"type": "isSubject", "id": "16"}], "affected_by_negation": "no", "inip": "68", "analysis_list": [{"lemma": "it", "tag": "GN-S3S--", "original_form": "it"}], "type": "phrase", "id": "27"}, {"endp": "79", "style": {"isItalics": "no", "isUnderlined": "no", "isTitle": "no", "isBold": "no"}, "inip": "71", "form": "continued", "quote_level": "0", "syntactic_tree_relation_list": [{"type": "iof_isSubject", "id": "27"}], "affected_by_negation": "no", "separation": "1", "analysis_list": [{"lemma": "continue", "tag": "VP---ASA-N-N6", "sense_id_list": [{"sense_id": "ODENTITY_COMMUNICATION_PROCESS"}, {"sense_id": "ODENTITY_INTENTIONAL_PROCESS"}, {"sense_id": "ODENTITY_MOTION"}, {"sense_id": "ODENTITY_PROCESS"}], "original_form": "continued"}, {"lemma": "continue", "tag": "VI-UUASA-N-N6", "sense_id_list": [{"sense_id": "ODENTITY_COMMUNICATION_PROCESS"}, {"sense_id": "ODENTITY_INTENTIONAL_PROCESS"}, {"sense_id": "ODENTITY_MOTION"}, {"sense_id": "ODENTITY_PROCESS"}], "original_form": "continued"}], "sense_list": [{"info": "sementity/id=ODENTITY_COMMUNICATION_PROCESS@type=Top>Process>ContentBearingProcess>CommunicationProcess\tsemld_list=sumo:Entity", "id": "ODENTITY_COMMUNICATION_PROCESS", "form": "continue"}, {"info": "sementity/id=ODENTITY_INTENTIONAL_PROCESS@type=Top>Process>IntentionalProcess\tsemld_list=sumo:IntentionalProcess", "id": "ODENTITY_INTENTIONAL_PROCESS", "form": "continue"}, {"info": "sementity/id=ODENTITY_MOTION@type=Top>Process>Motion\tsemld_list=sumo:Entity", "id": "ODENTITY_MOTION", "form": "continue"}, {"info": "sementity/id=ODENTITY_PROCESS@type=Top>Process\tsemld_list=sumo:Entity", "id": "ODENTITY_PROCESS", "form": "continue"}], "id": "16"}, {"endp": "85", "style": {"isItalics": "no", "isUnderlined": "no", "isTitle": "no", "isBold": "no"}, "inip": "81", "form": "until", "quote_level": "0", "affected_by_negation": "no", "separation": "1", "analysis_list": [{"lemma": "until", "tag": "YN5", "original_form": "until"}], "id": "17"}, {"endp": "88", "style": {"isItalics": "no", "isUnderlined": "no", "isTitle": "no", "isBold": "no"}, "separation": "1", "form": "10", "quote_level": "0", "affected_by_negation": "no", "inip": "87", "analysis_list": [{"lemma": "10", "tag": "MUUPCn-", "original_form": "10"}, {"lemma": "10", "tag": "NTUU-n-", "original_form": "10"}], "id": "18", "normalized_form": "date@|||||||10|||"}], "separation": "1", "form": "it continued until 10", "quote_level": "0", "affected_by_negation": "no", "inip": "68", "analysis_list": [{"lemma": "*", "tag": "ZC----------", "original_form": "it continued until 10"}], "type": "phrase", "id": "32"}, {"endp": "89", "style": {"isItalics": "no", "isUnderlined": "no", "isTitle": "no", "isBold": "no"}, "inip": "89", "form": ".", "quote_level": "0", "affected_by_negation": "no", "separation": "A", "analysis_list": [{"lemma": ".", "tag": "1D--", "original_form": "."}], "id": "19"}], "inip": "0", "quote_level": "0", "affected_by_negation": "no", "separation": "A", "type": "sentence", "id": "22"}]}