{"status": {"msg": "OK", "credits": "1", "remaining_credits": "39872", "code": "0"}, "token_list": [{"endp": "66", "style": {"isItalics": "no", "isUnderlined": "no", "isTitle": "no", "isBold": "no"}, "token_list": [{"endp": "8", "style": {"isItalics": "no", "isUnderlined": "no", "isTitle": "no", "isBold": "no"}, "token_list": [{"endp": "2", "style": {"isItalics": "no", "isUnderlined": "no", "isTitle": "no", "isBold": "no"}, "token_list": [{"endp": "2", "style": {"isItalics": "no", "isUnderlined": "no", "isTitle": "no", "isBold": "no"}, "inip": "0", "form": "Ann", "quote_level": "0", "affected_by_negation": "no", "separation": "_", "analysis_list": [{"lemma": "Ann", "tag": "NPFS-N-", "sense_id_list": [{"sense_id": "3b9fe5a78e"}], "original_form": "Ann"}], "sense_list": [{"info": "sementity/class=instance@fiction=nonfiction@id=ODENTITY_FIRST_NAME@type=Top>Person>FirstName\tsemld_list=sumo:FirstName", "id": "3b9fe5a78e", "form": "Ann"}], "id": "1"}], "separation": "_", "form": "Ann", "quote_level": "0", "head": "1", "syntactic_tree_relation_list": [{"type": "isSubject", "id": "2"}], "affected_by_negation": "no", "inip": "0", "analysis_list": [{"lemma": "Ann", "tag": "GNFS3S--", "original_form": "Ann"}], "type": "phrase", "id": "19"}, {"endp": "8", "style": {"isItalics": "no", "isUnderlined": "no", "isTitle": "no", "isBold": "no"}, "inip": "4", "form": "asked", "quote_level": "0", "syntactic_tree_relation_list": [{"type": "iof_isSubject", "id": "19"}], "affected_by_negation": "no", "separation": "1", "analysis_list": [{"lemma": "ask", "tag": "VI-S3ASA-N-N7", "sense_id_list": [{"sense_id": "ODENTITY_LINGUISTIC_COMMUNICATION"}], "original_form": "asked"}], "sense_list": [{"info": "sementity/id=ODENTITY_LINGUISTIC_COMMUNICATION@type=Top>Process>ContentBearingProcess>CommunicationProcess>LinguisticCommunication\tsemld_list=sumo:Entity", "id": "ODENTITY_LINGUISTIC_COMMUNICATION", "form": "ask"}], "id": "2"}], "separation": "_", "form": "Ann asked", "quote_level": "0", "affected_by_negation": "no", "inip": "0", "analysis_list": [{"lemma": "*", "tag": "Z-----------", "original_form": "Ann asked"}], "type": "phrase", "id": "27"}, {"endp": "42", "style": {"isItalics": "no", "isUnderlined": "no", "isTitle": "no", "isBold": "no"}, "token_list": [{"endp": "13", "style": {"isItalics": "no", "isUnderlined": "no", "isTitle": "no", "isBold": "no"}, "token_list": [{"endp": "13", "style": {"isItalics": "no", "isUnderlined": "no", "isTitle": "no", "isBold": "no"}, "inip": "10", "form": "Mary", "quote_level": "0", "affected_by_negation": "no", "separation": "1", "analysis_list": [{"lemma": "Mary", "tag": "NPFS-N-", "sense_id_list": [{"sense_id": "25653f61af"}], "original_form": "Mary"}], "sense_list": [{"info": "sementity/class=instance@fiction=nonfiction@id=ODENTITY_FIRST_NAME@type=Top>Person>FirstName\tsemld_list=sumo:FirstName", "id": "25653f61af", "form": "Mary"}], "id": "3"}], "separation": "1", "form": "Mary", "quote_level": "0", "head": "3", "syntactic_tree_relation_list": [{"type": "isSubject", "id": "8"}, {"type": "isSubject", "id": "5"}, {"type": "iof_isDirectObject", "id": "24"}, {"type": "iof_isAnaphora", "id": "22"}], "affected_by_negation": "no", "inip": "10", "analysis_list": [{"lemma": "Mary", "tag": "GNFS3---", "original_form": "Mary"}], "type": "phrase", "id": "20"}, {"endp": "35", "style": {"isItalics": "no", "isUnderlined": "no", "isTitle": "no", "isBold": "no"}, "token_list": [{"endp": "18", "style": {"isItalics": "no", "isUnderlined": "no", "isTitle": "no", "isBold": "no"}, "token_list": [{"endp": "18", "style": {"isItalics": "no", "isUnderlined": "no", "isTitle": "no", "isBold": "no"}, "inip": "15", "form": "what", "quote_level": "0", "affected_by_negation": "no", "separation": "1", "analysis_list": [{"lemma": "what", "tag": "IP-SN7", "sense_id_list": [{"sense_id": "PRONNONHUMAN"}], "original_form": "what"}], "sense_list": [{"info": "semhum=nonhuman", "id": "PRONNONHUMAN", "form": "what"}], "id": "4"}], "separation": "1", "form": "what", "quote_level": "0", "head": "4", "affected_by_negation": "no", "inip": "15", "analysis_list": [{"lemma": "what", "tag": "GN-S3---", "original_form": "what"}], "type": "phrase", "id": "23"}, {"endp": "23", "style": {"isItalics": "no", "isUnderlined": "no", "isTitle": "no", "isBold": "no"}, "inip": "20", "form": "time", "quote_level": "0", "syntactic_tree_relation_list": [{"type": "iof_isSubject", "id": "20"}, {"type": "iof_isDirectObject", "id": "21"}], "affected_by_negation": "no", "separation": "1", "analysis_list": [{"lemma": "time", "tag": "VI-P3PSA-N-N4", "sense_id_list": [{"sense_id": "ODENTITY_INTENTIONAL_PSYCHOLOGICAL_PROCESS"}, {"sense_id": "ODENTITY_MAINTAINING"}, {"sense_id": "ODENTITY_CALCULATING"}], "original_form": "time"}, {"lemma": "time", "tag": "VI-U1PSA-N-N4", "sense_id_list": [{"sense_id": "ODENTITY_INTENTIONAL_PSYCHOLOGICAL_PROCESS"}, {"sense_id": "ODENTITY_MAINTAINING"}, {"sense_id": "ODENTITY_CALCULATING"}], "original_form": "time"}, {"lemma": "time", "tag": "VI-U2PSA-N-N4", "sense_id_list": [{"sense_id": "ODENTITY_INTENTIONAL_PSYCHOLOGICAL_PROCESS"}, {"sense_id": "ODENTITY_MAINTAINING"}, {"sense_id": "ODENTITY_CALCULATING"}], "original_form": "time"}], "sense_list": [{"info": "sementity/id=ODENTITY_CALCULATING@type=Top>Process>IntentionalProcess>IntentionalPsychologicalProcess>Calculating\tsemld_list=sumo:IntentionalProcess", "id": "ODENTITY_CALCULATING", "form": "time"}, {"info": "sementity/id=ODENTITY_INTENTIONAL_PSYCHOLOGICAL_PROCESS@type=Top>Process>IntentionalProcess>IntentionalPsychologicalProcess\tsemld_list=sumo:IntentionalProcess", "id": "ODENTITY_INTENTIONAL_PSYCHOLOGICAL_PROCESS", "form": "time"}, {"info": "sementity/id=ODENTITY_MAINTAINING@type=Top>Process>IntentionalProcess>Maintaining\tsemld_list=sumo:IntentionalProcess", "id": "ODENTITY_MAINTAINING", "form": "time"}], "id": "5"}, {"endp": "35", "style": {"isItalics": "no", "isUnderlined": "no", "isTitle": "no", "isBold": "no"}, "token_list": [{"endp": "27", "style": {"isItalics": "no", "isUnderlined": "no", "isTitle": "no", "isBold": "no"}, "inip": "25", "form": "the", "quote_level": "0", "affected_by_negation": "no", "separation": "1", "analysis_list": [{"lemma": "the", "tag": "TD-SN9", "original_form": "the"}], "id": "6"}, {"endp": "35", "style": {"isItalics": "no", "isUnderlined": "no", "isTitle": "no", "isBold": "no"}, "inip": "29", "form": "library", "quote_level": "0", "affected_by_negation": "no", "separation": "1", "analysis_list": [{"lemma": "library", "tag": "NC-S-N5", "sense_id_list": [{"sense_id": "f96491ce30"}], "original_form": "library"}], "sense_list": [{"info": "sementity/class=class@fiction=nonfiction@id=ODENTITY_FACILITY@type=Top>Location>Facility\tsemld_list=sumo:FacilityPartOther", "id": "f96491ce30", "form": "library"}], "id": "7"}], "separation": "1", "form": "the library", "quote_level": "0", "head": "7", "syntactic_tree_relation_list": [{"type": "isDirectObject", "id": "5"}], "affected_by_negation": "no", "inip": "25", "analysis_list": [{"lemma": "library", "tag": "GN-S3D--", "original_form": "the library"}], "type": "phrase", "id": "21"}], "separation": "1", "form": "what time the library", "quote_level": "0", "syntactic_tree_relation_list": [{"type": "isDirectObject", "id": "20"}], "affected_by_negation": "no", "inip": "15", "analysis_list": [{"lemma": "*", "tag": "ZN---DIP----", "original_form": "what time the library"}], "type": "phrase", "id": "24"}, {"endp": "42", "style": {"isItalics": "no", "isUnderlined": "no", "isTitle": "no", "isBold": "no"}, "inip": "37", "form": "closes", "quote_level": "0", "syntactic_tree_relation_list": [{"type": "iof_isSubject", "id": "20"}], "affected_by_negation": "no", "separation": "1", "analysis_list": [{"lemma": "close", "tag": "VI-S3PSA-N-N5", "sense_id_list": [{"sense_id": "ODENTITY_DUAL_OBJECT_PROCESS"}, {"sense_id": "ODENTITY_BODY_MOTION"}, {"sense_id": "ODENTITY_LINGUISTIC_COMMUNICATION"}, {"sense_id": "ODENTITY_MOTION"}, {"sense_id": "ODENTITY_PROCESS"}, {"sense_id": "ODENTITY_TRANSLOCATION"}, {"sense_id": "ODENTITY_TRANSACTION"}, {"sense_id": "ODENTITY_CONTEST"}], "original_form": "closes"}], "sense_list": [{"info": "sementity/id=ODENTITY_BODY_MOTION@type=Top>Process>Motion>BodyMotion\tsemld_list=sumo:Entity", "id": "ODENTITY_BODY_MOTION", "form": "close"}, {"info": "sementity/id=ODENTITY_CONTEST@type=Top>Process>IntentionalProcess>SocialInteraction>Contest\tsemld_list=sumo:IntentionalProcess", "id": "ODENTITY_CONTEST", "form": "close"}, {"info": "sementity/id=ODENTITY_DUAL_OBJECT_PROCESS@type=Top>Process>DualObjectProcess\tsemld_list=sumo:Entity", "id": "ODENTITY_DUAL_OBJECT_PROCESS", "form": "close"}, {"info": "sementity/id=ODENTITY_LINGUISTIC_COMMUNICATION@type=Top>Process>ContentBearingProcess>CommunicationProcess>LinguisticCommunication\tsemld_list=sumo:Entity", "id": "ODENTITY_LINGUISTIC_COMMUNICATION", "form": "close"}, {"info": "sementity/id=ODENTITY_MOTION@type=Top>Process>Motion\tsemld_list=sumo:Entity", "id": "ODENTITY_MOTION", "form": "close"}, {"info": "sementity/id=ODENTITY_PROCESS@type=Top>Process\tsemld_list=sumo:Entity", "id": "ODENTITY_PROCESS", "form": "close"}, {"info": "sementity/id=ODENTITY_TRANSACTION@type=Top>Process>DualObjectProcess>Transaction\tsemld_list=sumo:Entity", "id": "ODENTITY_TRANSACTION", "form": "close"}, {"info": "sementity/id=ODENTITY_TRANSLOCATION@type=Top>Process>Motion>Translocation\tsemld_list=sumo:Entity", "id": "ODENTITY_TRANSLOCATION", "form": "close"}], "id": "8"}], "separation": "1", "form": "Mary what time the library closes", "quote_level": "0", "affected_by_negation": "no", "inip": "10", "analysis_list": [{"lemma": "*", "tag": "ZC----------", "original_form": "Mary what time the library closes"}], "type": "phrase", "id": "25"}, {"endp": "43", "style": {"isItalics": "no", "isUnderlined": "no", "isTitle": "no", "isBold": "no"}, "inip": "43", "form": ",", "quote_level": "0", "affected_by_negation": "no", "separation": "A", "analysis_list": [{"lemma": ",", "tag": "1D--", "original_form": ","}], "id": "9"}, {"endp": "47", "style": {"isItalics": "no", "isUnderlined": "no", "isTitle": "no", "isBold": "no"}, "inip": "45", "form": "but", "quote_level": "0", "affected_by_negation": "no", "separation": "1", "analysis_list": [{"lemma": "but", "tag": "CCAN8", "original_form": "but"}], "id": "10"}, {"endp": "65", "style": {"isItalics": "no", "isUnderlined": "no", "isTitle": "no", "isBold": "no"}, "token_list": [{"endp": "51", "style": {"isItalics": "no", "isUnderlined": "no", "isTitle": "no", "isBold": "no"}, "token_list": [{"endp": "51", "style": {"isItalics": "no", "isUnderlined": "no", "isTitle": "no", "isBold": "no"}, "inip": "49", "form": "she", "quote_level": "0", "affected_by_negation": "no", "separation": "1", "analysis_list": [{"lemma": "she", "tag": "PPFS3NN8", "sense_id_list": [{"sense_id": "PRONHUMAN"}], "original_form": "she"}], "sense_list": [{"info": "semhum=human", "id": "PRONHUMAN", "form": "she"}], "id": "11"}], "separation": "1", "form": "she", "quote_level": "0", "head": "11", "syntactic_tree_relation_list": [{"type": "isAnaphora", "id": "20"}, {"type": "isSubject", "id": "16"}], "affected_by_negation": "no", "inip": "49", "analysis_list": [{"lemma": "she", "tag": "GNFS3S--", "original_form": "she"}], "type": "phrase", "id": "22"}, {"endp": "65", "style": {"isItalics": "no", "isUnderlined": "no", "isTitle": "no", "isBold": "no"}, "separation": "1", "form": "had forgotten", "quote_level": "0", "head": "12", "syntactic_tree_relation_list": [{"type": "iof_isSubject", "id": "22"}], "affected_by_negation": "no", "inip": "53", "analysis_list": [{"lemma": "forget", "tag": "VI-S3APA-N-N9", "original_form": "had forgotten"}], "type": "multiword", "id": "16"}], "separation": "1", "form": "she had forgotten", "quote_level": "0", "affected_by_negation": "no", "inip": "49", "analysis_list": [{"lemma": "*", "tag": "ZC----------", "original_form": "she had forgotten"}], "type": "phrase", "id": "26"}, {"endp": "66", "style": {"isItalics": "no", "isUnderlined": "no", "isTitle": "no", "isBold": "no"}, "inip": "66", "form": ".", "quote_level": "0", "affected_by_negation": "no", "separation": "A", "analysis_list": [{"lemma": ".", "tag": "1D--", "original_form": "."}], "id": "14"}], "inip": "0", "quote_level": "0", "affected_by_negation": "no", "separation": "A", "type": "sentence", "id": "17"}]}