{"status": {"msg": "OK", "credits": "1", "remaining_credits": "39870", "code": "0"}, "token_list": [{"endp": "71", "style": {"isItalics": "no", "isUnderlined": "no", "isTitle": "no", "isBold": "no"}, "token_list": [{"endp": "70", "style": {"isItalics": "no", "isUnderlined": "no", "isTitle": "no", "isBold": "no"}, "token_list": [{"endp": "0", "style": {"isItalics": "no", "isUnderlined": "no", "isTitle": "no", "isBold": "no"}, "token_list": [{"endp": "0", "style": {"isItalics": "no", "isUnderlined": "no", "isTitle": "no", "isBold": "no"}, "inip": "0", "form": "I", "quote_level": "0", "affected_by_negation": "no", "separation": "_", "analysis_list": [{"lemma": "I", "tag": "PP-S1NN-", "sense_id_list": [{"sense_id": "PRONHUMAN"}], "original_form": "I"}], "sense_list": [{"info": "semhum=human", "id": "PRONHUMAN", "form": "I"}], "id": "1"}], "separation": "_", "form": "I", "quote_level": "0", "head": "1", "syntactic_tree_relation_list": [{"type": "isSubject", "id": "2"}], "affected_by_negation": "no", "inip": "0", "analysis_list": [{"lemma": "I", "tag": "GN-S1S--", "original_form": "I"}], "type": "phrase", "id": "28"}, {"endp": "5", "style": {"isItalics": "no", "isUnderlined": "no", "isTitle": "no", "isBold": "no"}, "inip": "2", "form": "took", "quote_level": "0", "syntactic_tree_relation_list": [{"type": "iof_isSubject", "id": "28"}, {"type": "iof_isDirectObject", "id": "24"}, {"type": "iof_isComplement", "id": "30"}], "affected_by_negation": "no", "separation": "1", "analysis_list": [{"lemma": "take", "tag": "VI-S1ASA-N-N7", "sense_id_list": [{"sense_id": "ODENTITY_BODY_MOTION"}, {"sense_id": "ODENTITY_TRANSACTION"}, {"sense_id": "ODENTITY_CONTENT_DEVELOPMENT"}, {"sense_id": "ODENTITY_CONTEST"}, {"sense_id": "ODENTITY_CHANGE_OF_POSSESSION"}, {"sense_id": "ODENTITY_INTENTIONAL_PROCESS"}, {"sense_id": "ODENTITY_BIOLOGICAL_PROCESS"}, {"sense_id": "ODENTITY_INTENTIONAL_PSYCHOLOGICAL_PROCESS"}, {"sense_id": "ODENTITY_LEARNING"}, {"sense_id": "ODENTITY_MOTION"}, {"sense_id": "ODENTITY_SOCIAL_INTERACTION"}, {"sense_id": "ODENTITY_PROCESS"}, {"sense_id": "ODENTITY_TRANSFER"}, {"sense_id": "ODENTITY_SELECTING"}, {"sense_id": "ODENTITY_LINGUISTIC_COMMUNICATION"}, {"sense_id": "ODENTITY_TRANSPORTATION"}], "original_form": "took"}], "sense_list": [{"info": "sementity/id=ODENTITY_BIOLOGICAL_PROCESS@type=Top>Process>InternalChange>BiologicalProcess\tsemld_list=sumo:Entity", "id": "ODENTITY_BIOLOGICAL_PROCESS", "form": "take"}, {"info": "sementity/id=ODENTITY_BODY_MOTION@type=Top>Process>Motion>BodyMotion\tsemld_list=sumo:Entity", "id": "ODENTITY_BODY_MOTION", "form": "take"}, {"info": "sementity/id=ODENTITY_CHANGE_OF_POSSESSION@type=Top>Process>IntentionalProcess>SocialInteraction>ChangeOfPossession\tsemld_list=sumo:IntentionalProcess", "id": "ODENTITY_CHANGE_OF_POSSESSION", "form": "take"}, {"info": "sementity/id=ODENTITY_CONTENT_DEVELOPMENT@type=Top>Process>IntentionalProcess>ContentDevelopment\tsemld_list=sumo:IntentionalProcess", "id": "ODENTITY_CONTENT_DEVELOPMENT", "form": "take"}, {"info": "sementity/id=ODENTITY_CONTEST@type=Top>Process>IntentionalProcess>SocialInteraction>Contest\tsemld_list=sumo:IntentionalProcess", "id": "ODENTITY_CONTEST", "form": "take"}, {"info": "sementity/id=ODENTITY_INTENTIONAL_PROCESS@type=Top>Process>IntentionalProcess\tsemld_list=sumo:IntentionalProcess", "id": "ODENTITY_INTENTIONAL_PROCESS", "form": "take"}, {"info": "sementity/id=ODENTITY_INTENTIONAL_PSYCHOLOGICAL_PROCESS@type=Top>Process>IntentionalProcess>IntentionalPsychologicalProcess\tsemld_list=sumo:IntentionalProcess", "id": "ODENTITY_INTENTIONAL_PSYCHOLOGICAL_PROCESS", "form": "take"}, {"info": "sementity/id=ODENTITY_LEARNING@type=Top>Process>IntentionalProcess>IntentionalPsychologicalProcess>Learning\tsemld_list=sumo:IntentionalProcess", "id": "ODENTITY_LEARNING", "form": "take"}, {"info": "sementity/id=ODENTITY_LINGUISTIC_COMMUNICATION@type=Top>Process>ContentBearingProcess>CommunicationProcess>LinguisticCommunication\tsemld_list=sumo:Entity", "id": "ODENTITY_LINGUISTIC_COMMUNICATION", "form": "take"}, {"info": "sementity/id=ODENTITY_MOTION@type=Top>Process>Motion\tsemld_list=sumo:Entity", "id": "ODENTITY_MOTION", "form": "take"}, {"info": "sementity/id=ODENTITY_PROCESS@type=Top>Process\tsemld_list=sumo:Entity", "id": "ODENTITY_PROCESS", "form": "take"}, {"info": "sementity/id=ODENTITY_SELECTING@type=Top>Process>IntentionalProcess>IntentionalPsychologicalProcess>Selecting\tsemld_list=sumo:IntentionalProcess", "id": "ODENTITY_SELECTING", "form": "take"}, {"info": "sementity/id=ODENTITY_SOCIAL_INTERACTION@type=Top>Process>IntentionalProcess>SocialInteraction\tsemld_list=sumo:IntentionalProcess", "id": "ODENTITY_SOCIAL_INTERACTION", "form": "take"}, {"info": "sementity/id=ODENTITY_TRANSACTION@type=Top>Process>DualObjectProcess>Transaction\tsemld_list=sumo:Entity", "id": "ODENTITY_TRANSACTION", "form": "take"}, {"info": "sementity/id=ODENTITY_TRANSFER@type=Top>Process>Motion>Translocation>Transfer\tsemld_list=sumo:Entity", "id": "ODENTITY_TRANSFER", "form": "take"}, {"info": "sementity/id=ODENTITY_TRANSPORTATION@type=Top>Process>Motion>Translocation>Transportation\tsemld_list=sumo:Entity", "id": "ODENTITY_TRANSPORTATION", "form": "take"}], "id": "2"}, {"endp": "42", "style": {"isItalics": "no", "isUnderlined": "no", "isTitle": "no", "isBold": "no"}, "token_list": [{"endp": "9", "style": {"isItalics": "no", "isUnderlined": "no", "isTitle": "no", "isBold": "no"}, "inip": "7", "form": "the", "quote_level": "0", "affected_by_negation": "no", "separation": "1", "analysis_list": [{"lemma": "the", "tag": "TD-SN9", "original_form": "the"}], "id": "3"}, {"endp": "15", "style": {"isItalics": "no", "isUnderlined": "no", "isTitle": "no", "isBold": "no"}, "inip": "11", "form": "water", "quote_level": "0", "affected_by_negation": "no", "separation": "1", "analysis_list": [{"lemma": "water", "tag": "NC-S-N6", "original_form": "water"}], "id": "4"}, {"endp": "22", "style": {"isItalics": "no", "isUnderlined": "no", "isTitle": "no", "isBold": "no"}, "inip": "17", "form": "bottle", "quote_level": "0", "affected_by_negation": "no", "separation": "1", "analysis_list": [{"lemma": "bottle", "tag": "NC-S-N5", "sense_id_list": [{"sense_id": "cd3d97d73e"}], "original_form": "bottle"}], "sense_list": [{"info": "sementity/class=class@fiction=nonfiction@id=ODENTITY_PRODUCT@type=Top>Product\tsemld_list=sumo:Artifact", "id": "cd3d97d73e", "form": "bottle"}], "id": "5"}, {"endp": "42", "style": {"isItalics": "no", "isUnderlined": "no", "isTitle": "no", "isBold": "no"}, "token_list": [{"endp": "29", "style": {"isItalics": "no", "isUnderlined": "no", "isTitle": "no", "isBold": "no"}, "inip": "24", "form": "out of", "quote_level": "0", "affected_by_negation": "no", "separation": "1", "analysis_list": [{"lemma": "out of", "tag": "YN-", "original_form": "out of"}], "id": "19"}, {"endp": "42", "style": {"isItalics": "no", "isUnderlined": "no", "isTitle": "no", "isBold": "no"}, "token_list": [{"endp": "33", "style": {"isItalics": "no", "isUnderlined": "no", "isTitle": "no", "isBold": "no"}, "inip": "31", "form": "the", "quote_level": "0", "affected_by_negation": "no", "separation": "1", "analysis_list": [{"lemma": "the", "tag": "TD-SN9", "original_form": "the"}], "id": "8"}, {"endp": "42", "style": {"isItalics": "no", "isUnderlined": "no", "isTitle": "no", "isBold": "no"}, "inip": "35", "form": "backpack", "quote_level": "0", "affected_by_negation": "no", "separation": "1", "analysis_list": [{"lemma": "backpack", "tag": "NC-S-N-", "original_form": "backpack"}], "id": "9"}], "separation": "1", "form": "the backpack", "quote_level": "0", "head": "9", "affected_by_negation": "no", "inip": "31", "analysis_list": [{"lemma": "backpack", "tag": "GN-S3---", "original_form": "the backpack"}], "type": "phrase", "id": "25"}], "separation": "1", "form": "out of the backpack", "quote_level": "0", "head": "19", "affected_by_negation": "no", "inip": "24", "analysis_list": [{"lemma": "out of", "tag": "GY------", "original_form": "out of the backpack"}], "type": "phrase", "id": "29"}], "separation": "1", "form": "the water bottle out of the backpack", "quote_level": "0", "head": "5", "syntactic_tree_relation_list": [{"type": "isDirectObject", "id": "2"}, {"type": "iof_isAnaphora", "id": "27"}], "affected_by_negation": "no", "inip": "7", "analysis_list": [{"lemma": "bottle", "tag": "GN-S3D--", "original_form": "the water bottle"}], "type": "phrase", "id": "24"}, {"endp": "70", "style": {"isItalics": "no", "isUnderlined": "no", "isTitle": "no", "isBold": "no"}, "token_list": [{"endp": "50", "style": {"isItalics": "no", "isUnderlined": "no", "isTitle": "no", "isBold": "no"}, "inip": "44", "form": "so that", "quote_level": "0", "affected_by_negation": "no", "separation": "1", "analysis_list": [{"lemma": "so that", "tag": "CSFN-", "original_form": "so that"}, {"lemma": "so that", "tag": "CSLN-", "original_form": "so that"}], "id": "18"}, {"endp": "53", "style": {"isItalics": "no", "isUnderlined": "no", "isTitle": "no", "isBold": "no"}, "token_list": [{"endp": "53", "style": {"isItalics": "no", "isUnderlined": "no", "isTitle": "no", "isBold": "no"}, "inip": "52", "form": "it", "quote_level": "0", "affected_by_negation": "no", "separation": "1", "analysis_list": [{"lemma": "it", "tag": "PP-S3NN8", "sense_id_list": [{"sense_id": "PRONNONHUMAN"}], "original_form": "it"}], "sense_list": [{"info": "semhum=nonhuman", "id": "PRONNONHUMAN", "form": "it"}], "id": "12"}], "separation": "1", "form": "it", "quote_level": "0", "head": "12", "syntactic_tree_relation_list": [{"type": "isAnaphora", "id": "24"}, {"type": "isSubject", "id": "20"}], "affected_by_negation": "no", "inip": "52", "analysis_list": [{"lemma": "it", "tag": "GN-S3S--", "original_form": "it"}], "type": "phrase", "id": "27"}, {"endp": "62", "style": {"isItalics": "no", "isUnderlined": "no", "isTitle": "no", "isBold": "no"}, "separation": "1", "form": "would be", "quote_level": "0", "head": "13", "syntactic_tree_relation_list": [{"type": "iof_isSubject", "id": "27"}, {"type": "iof_isAttribute", "id": "26"}], "affected_by_negation": "no", "inip": "55", "analysis_list": [{"lemma": "be", "tag": "VI-UUCSA-N-N8", "original_form": "would be"}], "type": "multiword", "id": "20"}, {"endp": "70", "style": {"isItalics": "no", "isUnderlined": "no", "isTitle": "no", "isBold": "no"}, "token_list": [{"endp": "70", "style": {"isItalics": "no", "isUnderlined": "no", "isTitle": "no", "isBold": "no"}, "inip": "64", "form": "lighter", "quote_level": "0", "affected_by_negation": "no", "separation": "1", "analysis_list": [{"lemma": "light", "tag": "AC-N5", "original_form": "lighter"}], "id": "15"}], "separation": "1", "form": "lighter", "quote_level": "0", "head": "15", "syntactic_tree_relation_list": [{"type": "isAttribute", "id": "20"}], "affected_by_negation": "no", "inip": "64", "analysis_list": [{"lemma": "light", "tag": "GA---A--", "original_form": "lighter"}], "type": "phrase", "id": "26"}], "separation": "1", "form": "so that it would be lighter", "quote_level": "0", "syntactic_tree_relation_list": [{"type": "isComplement", "id": "2"}], "affected_by_negation": "no", "inip": "44", "analysis_list": [{"lemma": "*", "tag": "ZE---CIC----", "original_form": "so that it would be lighter"}], "type": "phrase", "id": "30"}], "separation": "_", "form": "I took the water bottle out of the backpack so that it would be lighter", "quote_level": "0", "affected_by_negation": "no", "inip": "0", "analysis_list": [{"lemma": "*", "tag": "Z-----------", "original_form": "I took the water bottle out of the backpack so that it would be lighter"}], "type": "phrase", "id": "31"}, {"endp": "71", "style": {"isItalics": "no", "isUnderlined": "no", "isTitle": "no", "isBold": "no"}, "inip": "71", "form": ".", "quote_level": "0", "affected_by_negation": "no", "separation": "A", "analysis_list": [{"lemma": ".", "tag": "1D--", "original_form": "."}], "id": "16"}], "inip": "0", "quote_level": "0", "affected_by_negation": "no", "separation": "A", "type": "sentence", "id": "21"}]}