{"status": {"msg": "OK", "credits": "1", "remaining_credits": "39866", "code": "0"}, "token_list": [{"endp": "44", "style": {"isItalics": "no", "isUnderlined": "no", "isTitle": "no", "isBold": "no"}, "token_list": [{"endp": "43", "style": {"isItalics": "no", "isUnderlined": "no", "isTitle": "no", "isBold": "no"}, "token_list": [{"endp": "0", "style": {"isItalics": "no", "isUnderlined": "no", "isTitle": "no", "isBold": "no"}, "token_list": [{"endp": "0", "style": {"isItalics": "no", "isUnderlined": "no", "isTitle": "no", "isBold": "no"}, "inip": "0", "form": "I", "quote_level": "0", "affected_by_negation": "no", "separation": "_", "analysis_list": [{"lemma": "I", "tag": "PP-S1NN-", "sense_id_list": [{"sense_id": "PRONHUMAN"}], "original_form": "I"}], "sense_list": [{"info": "semhum=human", "id": "PRONHUMAN", "form": "I"}], "id": "1"}], "separation": "_", "form": "I", "quote_level": "0", "head": "1", "syntactic_tree_relation_list": [{"type": "isSubject", "id": "20"}, {"type": "isSubject", "id": "19"}, {"type": "iof_isAnaphora", "id": "28"}], "affected_by_negation": "no", "inip": "0", "analysis_list": [{"lemma": "I", "tag": "GN-S1S--", "original_form": "I"}], "type": "phrase", "id": "29"}, {"endp": "2", "style": {"isItalics": "no", "isUnderlined": "no", "isTitle": "no", "isBold": "no"}, "inip": "1", "form": "'m", "quote_level": "0", "syntactic_tree_relation_list": [{"type": "iof_isSubject", "id": "29"}, {"type": "iof_isAttribute", "id": "25"}], "affected_by_negation": "no", "separation": "A", "analysis_list": [{"lemma": "be", "tag": "VI-S1PSA-N-E9", "original_form": "'m"}], "id": "19"}, {"endp": "43", "style": {"isItalics": "no", "isUnderlined": "no", "isTitle": "no", "isBold": "no"}, "token_list": [{"endp": "7", "style": {"isItalics": "no", "isUnderlined": "no", "isTitle": "no", "isBold": "no"}, "inip": "4", "form": "sure", "quote_level": "0", "affected_by_negation": "no", "separation": "1", "analysis_list": [{"lemma": "sure", "tag": "AP-N5", "original_form": "sure"}], "id": "4"}, {"endp": "43", "style": {"isItalics": "no", "isUnderlined": "no", "isTitle": "no", "isBold": "no"}, "token_list": [{"endp": "12", "style": {"isItalics": "no", "isUnderlined": "no", "isTitle": "no", "isBold": "no"}, "token_list": [{"endp": "12", "style": {"isItalics": "no", "isUnderlined": "no", "isTitle": "no", "isBold": "no"}, "inip": "9", "form": "that", "quote_level": "0", "affected_by_negation": "no", "separation": "1", "analysis_list": [{"lemma": "that", "tag": "RP-SN5", "original_form": "that"}, {"lemma": "that", "tag": "RP-PN5", "original_form": "that"}, {"lemma": "that", "tag": "DP-SN5", "original_form": "that"}], "id": "5"}], "separation": "1", "form": "that", "quote_level": "0", "head": "5", "syntactic_tree_relation_list": [{"type": "isAnaphora", "id": "29"}], "affected_by_negation": "no", "inip": "9", "analysis_list": [{"lemma": "that", "tag": "GN-S3---", "original_form": "that"}, {"lemma": "that", "tag": "GN-P3---", "original_form": "that"}], "type": "phrase", "id": "28"}, {"endp": "19", "style": {"isItalics": "no", "isUnderlined": "no", "isTitle": "no", "isBold": "no"}, "token_list": [{"endp": "15", "style": {"isItalics": "no", "isUnderlined": "no", "isTitle": "no", "isBold": "no"}, "inip": "14", "form": "my", "quote_level": "0", "affected_by_negation": "no", "separation": "1", "analysis_list": [{"lemma": "my", "tag": "SD-SMS1N7", "sense_id_list": [{"sense_id": "PRONHUMAN"}], "original_form": "my"}, {"lemma": "my", "tag": "SD-SFS1N7", "sense_id_list": [{"sense_id": "PRONHUMAN"}], "original_form": "my"}], "sense_list": [{"info": "semhum=human", "id": "PRONHUMAN", "form": "my"}], "id": "6"}, {"endp": "19", "style": {"isItalics": "no", "isUnderlined": "no", "isTitle": "no", "isBold": "no"}, "inip": "17", "form": "map", "quote_level": "0", "affected_by_negation": "no", "separation": "1", "analysis_list": [{"lemma": "map", "tag": "NC-S-N3", "original_form": "map"}], "id": "7"}], "separation": "1", "form": "my map", "quote_level": "0", "head": "7", "affected_by_negation": "no", "inip": "14", "analysis_list": [{"lemma": "map", "tag": "GN-S3---", "original_form": "my map"}], "type": "phrase", "id": "26"}, {"endp": "29", "style": {"isItalics": "no", "isUnderlined": "no", "isTitle": "no", "isBold": "no"}, "separation": "1", "form": "will show", "quote_level": "0", "head": "8", "syntactic_tree_relation_list": [{"type": "iof_isSubject", "id": "29"}, {"type": "iof_isDirectObject", "id": "27"}], "affected_by_negation": "no", "inip": "21", "analysis_list": [{"lemma": "show", "tag": "VI-UUFSA-N-N4", "original_form": "will show"}], "type": "multiword", "id": "20"}, {"endp": "43", "style": {"isItalics": "no", "isUnderlined": "no", "isTitle": "no", "isBold": "no"}, "token_list": [{"endp": "34", "style": {"isItalics": "no", "isUnderlined": "no", "isTitle": "no", "isBold": "no"}, "inip": "31", "form": "this", "quote_level": "0", "affected_by_negation": "no", "separation": "1", "analysis_list": [{"lemma": "this", "tag": "DD-SN3", "original_form": "this"}], "id": "10"}, {"endp": "43", "style": {"isItalics": "no", "isUnderlined": "no", "isTitle": "no", "isBold": "no"}, "inip": "36", "form": "building", "quote_level": "0", "affected_by_negation": "no", "separation": "1", "analysis_list": [{"lemma": "building", "tag": "NC-S-N6", "sense_id_list": [{"sense_id": "6b31c986bf"}, {"sense_id": "b56ade78ab"}, {"sense_id": "0ddfc2c3d2"}], "original_form": "building"}], "sense_list": [{"info": "sementity/class=class@fiction=nonfiction@id=ODENTITY_FACILITY@type=Top>Location>Facility\tsemld_list=sumo:FacilityPartOther", "id": "0ddfc2c3d2", "form": "construction"}, {"info": "sementity/class=class@fiction=nonfiction@id=ODENTITY_FACILITY@type=Top>Location>Facility\tsemld_list=sumo:FacilityPartOther", "id": "6b31c986bf", "form": "farm"}, {"info": "sementity/class=class@fiction=nonfiction@id=ODENTITY_FACILITY@type=Top>Location>Facility\tsemld_list=sumo:FacilityPartOther", "id": "b56ade78ab", "form": "building"}], "id": "11"}], "separation": "1", "form": "this building", "quote_level": "0", "head": "11", "syntactic_tree_relation_list": [{"type": "isDirectObject", "id": "20"}, {"type": "iof_isAnaphora", "id": "34"}], "affected_by_negation": "no", "inip": "31", "analysis_list": [{"lemma": "building", "tag": "GN-S3D--", "original_form": "this building"}], "type": "phrase", "id": "27"}], "separation": "1", "form": "that my map will show this building", "quote_level": "0", "affected_by_negation": "no", "inip": "9", "analysis_list": [{"lemma": "*", "tag": "ZN----IF----", "original_form": "that my map will show this building"}], "type": "phrase", "id": "30"}], "separation": "1", "form": "sure that my map will show this building", "quote_level": "0", "head": "4", "syntactic_tree_relation_list": [{"type": "isAttribute", "id": "19"}], "affected_by_negation": "no", "inip": "4", "analysis_list": [{"lemma": "sure", "tag": "GA---A--", "original_form": "sure"}], "type": "phrase", "id": "25"}], "separation": "_", "form": "I'm sure that my map will show this building", "quote_level": "0", "affected_by_negation": "no", "inip": "0", "analysis_list": [{"lemma": "*", "tag": "Z-----------", "original_form": "I'm sure that my map will show this building"}], "type": "phrase", "id": "31"}, {"endp": "44", "style": {"isItalics": "no", "isUnderlined": "no", "isTitle": "no", "isBold": "no"}, "inip": "44", "form": ";", "quote_level": "0", "affected_by_negation": "no", "separation": "A", "analysis_list": [{"lemma": ";", "tag": "1D--", "original_form": ";"}], "id": "12"}], "inip": "0", "quote_level": "0", "affected_by_negation": "no", "separation": "A", "type": "sentence", "id": "21"}, {"endp": "63", "style": {"isItalics": "no", "isUnderlined": "no", "isTitle": "no", "isBold": "no"}, "token_list": [{"endp": "62", "style": {"isItalics": "no", "isUnderlined": "no", "isTitle": "no", "isBold": "no"}, "token_list": [{"endp": "47", "style": {"isItalics": "no", "isUnderlined": "no", "isTitle": "no", "isBold": "no"}, "token_list": [{"endp": "47", "style": {"isItalics": "no", "isUnderlined": "no", "isTitle": "no", "isBold": "no"}, "inip": "46", "form": "it", "quote_level": "0", "affected_by_negation": "no", "separation": "1", "analysis_list": [{"lemma": "it", "tag": "PP-S3NN8", "sense_id_list": [{"sense_id": "PRONNONHUMAN"}], "original_form": "it"}], "sense_list": [{"info": "semhum=nonhuman", "id": "PRONNONHUMAN", "form": "it"}], "id": "13"}], "separation": "1", "form": "it", "quote_level": "0", "head": "13", "syntactic_tree_relation_list": [{"type": "isAnaphora", "id": "27"}, {"type": "isSubject", "id": "14"}], "affected_by_negation": "no", "inip": "46", "analysis_list": [{"lemma": "it", "tag": "GN-S3S--", "original_form": "it"}], "type": "phrase", "id": "34"}, {"endp": "50", "style": {"isItalics": "no", "isUnderlined": "no", "isTitle": "no", "isBold": "no"}, "inip": "49", "form": "is", "quote_level": "0", "syntactic_tree_relation_list": [{"type": "iof_isSubject", "id": "34"}, {"type": "iof_isAttribute", "id": "33"}], "affected_by_negation": "no", "separation": "1", "analysis_list": [{"lemma": "be", "tag": "VI-S3PSA-N-N9", "original_form": "is"}], "id": "14"}, {"endp": "62", "style": {"isItalics": "no", "isUnderlined": "no", "isTitle": "no", "isBold": "no"}, "token_list": [{"endp": "55", "style": {"isItalics": "no", "isUnderlined": "no", "isTitle": "no", "isBold": "no"}, "inip": "52", "form": "very", "quote_level": "0", "affected_by_negation": "no", "separation": "1", "analysis_list": [{"lemma": "very", "tag": "ENMSN5", "original_form": "very"}], "id": "15"}, {"endp": "62", "style": {"isItalics": "no", "isUnderlined": "no", "isTitle": "no", "isBold": "no"}, "inip": "57", "form": "famous", "quote_level": "0", "affected_by_negation": "no", "separation": "1", "analysis_list": [{"lemma": "famous", "tag": "AP-N5", "sense_id_list": [{"sense_id": "11bc38dd67"}], "original_form": "famous"}], "sense_list": [{"info": "sementity/class=class@fiction=nonfiction@id=ODENTITY_PERSON@type=Top>Person\tsemld_list=sumo:Human\tsemtheme_list/id=ODTHEME_MEDIA@type=Top>Society>Media", "id": "11bc38dd67", "form": "famous"}], "id": "16"}], "separation": "1", "form": "very famous", "quote_level": "0", "head": "16", "syntactic_tree_relation_list": [{"type": "isAttribute", "id": "14"}], "affected_by_negation": "no", "inip": "52", "analysis_list": [{"lemma": "famous", "tag": "GA---A--", "original_form": "very famous"}], "type": "phrase", "id": "33"}], "separation": "1", "form": "it is very famous", "quote_level": "0", "affected_by_negation": "no", "inip": "46", "analysis_list": [{"lemma": "*", "tag": "Z-----------", "original_form": "it is very famous"}], "type": "phrase", "id": "35"}, {"endp": "63", "style": {"isItalics": "no", "isUnderlined": "no", "isTitle": "no", "isBold": "no"}, "inip": "63", "form": ".", "quote_level": "0", "affected_by_negation": "no", "separation": "A", "analysis_list": [{"lemma": ".", "tag": "1D--", "original_form": "."}], "id": "17"}], "inip": "46", "quote_level": "0", "affected_by_negation": "no", "separation": "A", "type": "sentence", "id": "23"}]}