{"status": {"msg": "OK", "credits": "1", "remaining_credits": "39864", "code": "0"}, "token_list": [{"endp": "40", "style": {"isItalics": "no", "isUnderlined": "no", "isTitle": "no", "isBold": "no"}, "token_list": [{"endp": "39", "style": {"isItalics": "no", "isUnderlined": "no", "isTitle": "no", "isBold": "no"}, "token_list": [{"endp": "2", "style": {"isItalics": "no", "isUnderlined": "no", "isTitle": "no", "isBold": "no"}, "token_list": [{"endp": "2", "style": {"isItalics": "no", "isUnderlined": "no", "isTitle": "no", "isBold": "no"}, "inip": "0", "form": "Bob", "quote_level": "0", "affected_by_negation": "no", "separation": "_", "analysis_list": [{"lemma": "bob", "tag": "NC-S-N-", "original_form": "bob"}], "id": "1"}], "separation": "_", "form": "Bob", "quote_level": "0", "head": "1", "syntactic_tree_relation_list": [{"type": "isSubject", "id": "2"}, {"type": "iof_isAnaphora", "id": "30"}], "affected_by_negation": "no", "inip": "0", "analysis_list": [{"lemma": "bob", "tag": "GN-S3S--", "original_form": "Bob"}], "type": "phrase", "id": "22"}, {"endp": "7", "style": {"isItalics": "no", "isUnderlined": "no", "isTitle": "no", "isBold": "no"}, "inip": "4", "form": "paid", "quote_level": "0", "syntactic_tree_relation_list": [{"type": "iof_isSubject", "id": "22"}, {"type": "iof_isComplement", "id": "26"}], "affected_by_negation": "no", "separation": "1", "analysis_list": [{"lemma": "pay", "tag": "VI-S3ASA-N-N5", "sense_id_list": [{"sense_id": "ODENTITY_TRANSACTION"}, {"sense_id": "ODENTITY_COMMUNICATION_PROCESS"}, {"sense_id": "ODENTITY_CHANGE_OF_POSSESSION"}, {"sense_id": "ODENTITY_INTENTIONAL_PROCESS"}, {"sense_id": "ODENTITY_INTENTIONAL_PSYCHOLOGICAL_PROCESS"}, {"sense_id": "ODENTITY_MEETING"}], "original_form": "paid"}], "sense_list": [{"info": "sementity/id=ODENTITY_CHANGE_OF_POSSESSION@type=Top>Process>IntentionalProcess>SocialInteraction>ChangeOfPossession\tsemld_list=sumo:IntentionalProcess", "id": "ODENTITY_CHANGE_OF_POSSESSION", "form": "pay"}, {"info": "sementity/id=ODENTITY_COMMUNICATION_PROCESS@type=Top>Process>ContentBearingProcess>CommunicationProcess\tsemld_list=sumo:Entity", "id": "ODENTITY_COMMUNICATION_PROCESS", "form": "pay"}, {"info": "sementity/id=ODENTITY_INTENTIONAL_PROCESS@type=Top>Process>IntentionalProcess\tsemld_list=sumo:IntentionalProcess", "id": "ODENTITY_INTENTIONAL_PROCESS", "form": "pay"}, {"info": "sementity/id=ODENTITY_INTENTIONAL_PSYCHOLOGICAL_PROCESS@type=Top>Process>IntentionalProcess>IntentionalPsychologicalProcess\tsemld_list=sumo:IntentionalProcess", "id": "ODENTITY_INTENTIONAL_PSYCHOLOGICAL_PROCESS", "form": "pay"}, {"info": "sementity/id=ODENTITY_MEETING@type=Top>Process>IntentionalProcess>SocialInteraction>Meeting\tsemld_list=sumo:IntentionalProcess", "id": "ODENTITY_MEETING", "form": "pay"}, {"info": "sementity/id=ODENTITY_TRANSACTION@type=Top>Process>DualObjectProcess>Transaction\tsemld_list=sumo:Entity", "id": "ODENTITY_TRANSACTION", "form": "pay"}], "id": "2"}, {"endp": "39", "style": {"isItalics": "no", "isUnderlined": "no", "isTitle": "no", "isBold": "no"}, "token_list": [{"endp": "11", "style": {"isItalics": "no", "isUnderlined": "no", "isTitle": "no", "isBold": "no"}, "inip": "9", "form": "for", "quote_level": "0", "affected_by_negation": "no", "separation": "1", "analysis_list": [{"lemma": "for", "tag": "YN5", "original_form": "for"}], "id": "3"}, {"endp": "39", "style": {"isItalics": "no", "isUnderlined": "no", "isTitle": "no", "isBold": "no"}, "token_list": [{"endp": "19", "style": {"isItalics": "no", "isUnderlined": "no", "isTitle": "no", "isBold": "no"}, "token_list": [{"endp": "19", "style": {"isItalics": "no", "isUnderlined": "no", "isTitle": "no", "isBold": "no"}, "inip": "13", "form": "Charlie", "quote_level": "0", "affected_by_negation": "no", "separation": "1", "analysis_list": [{"lemma": "Charlie", "tag": "NPMS-N-", "sense_id_list": [{"sense_id": "b79445014b"}], "original_form": "Charlie"}], "sense_list": [{"info": "sementity/class=instance@fiction=nonfiction@id=ODENTITY_FIRST_NAME@type=Top>Person>FirstName\tsemld_list=sumo:FirstName", "id": "b79445014b", "form": "Charlie"}], "id": "4"}], "separation": "1", "form": "Charlie", "quote_level": "0", "head": "4", "affected_by_negation": "no", "inip": "13", "analysis_list": [{"lemma": "Charlie", "tag": "GNMS3---", "original_form": "Charlie"}], "type": "phrase", "id": "23"}, {"endp": "21", "style": {"isItalics": "no", "isUnderlined": "no", "isTitle": "no", "isBold": "no"}, "inip": "20", "form": "'s", "quote_level": "0", "affected_by_negation": "no", "separation": "A", "analysis_list": [{"lemma": "'s", "tag": "WN-", "original_form": "'s"}], "id": "16"}, {"endp": "39", "style": {"isItalics": "no", "isUnderlined": "no", "isTitle": "no", "isBold": "no"}, "token_list": [{"endp": "29", "style": {"isItalics": "no", "isUnderlined": "no", "isTitle": "no", "isBold": "no"}, "inip": "23", "form": "college", "quote_level": "0", "affected_by_negation": "no", "separation": "1", "analysis_list": [{"lemma": "college", "tag": "NC-S-N5", "original_form": "college"}], "id": "7"}, {"endp": "39", "style": {"isItalics": "no", "isUnderlined": "no", "isTitle": "no", "isBold": "no"}, "inip": "31", "form": "education", "quote_level": "0", "affected_by_negation": "no", "separation": "1", "analysis_list": [{"lemma": "education", "tag": "NC-S-N6", "sense_id_list": [{"sense_id": "725ec6984e"}], "original_form": "education"}], "sense_list": [{"info": "sementity/class=class@fiction=nonfiction@id=ODENTITY_TOP@type=Top\tsemld_list=sumo:Entity\tsemtheme_list/id=ODTHEME_EDUCATION@type=Top>Society>Education", "id": "725ec6984e", "form": "education"}], "id": "8"}], "separation": "1", "form": "college education", "quote_level": "0", "head": "8", "affected_by_negation": "no", "inip": "23", "analysis_list": [{"lemma": "education", "tag": "GN-S3---", "original_form": "college education"}], "type": "phrase", "id": "24"}], "separation": "1", "form": "Charlie's college education", "quote_level": "0", "head": "24", "affected_by_negation": "no", "inip": "13", "analysis_list": [{"lemma": "education", "tag": "GN-S3---", "original_form": "Charlie's college education"}], "type": "phrase", "id": "25"}], "separation": "1", "form": "for Charlie's college education", "quote_level": "0", "head": "3", "syntactic_tree_relation_list": [{"type": "isComplement", "id": "2"}], "affected_by_negation": "no", "inip": "9", "analysis_list": [{"lemma": "for", "tag": "GY---C--", "original_form": "for Charlie's college education"}], "type": "phrase", "id": "26"}], "separation": "_", "form": "Bob paid for Charlie's college education", "quote_level": "0", "affected_by_negation": "no", "inip": "0", "analysis_list": [{"lemma": "*", "tag": "Z-----------", "original_form": "Bob paid for Charlie's college education"}], "type": "phrase", "id": "27"}, {"endp": "40", "style": {"isItalics": "no", "isUnderlined": "no", "isTitle": "no", "isBold": "no"}, "inip": "40", "form": ".", "quote_level": "0", "affected_by_negation": "no", "separation": "A", "analysis_list": [{"lemma": ".", "tag": "1D--", "original_form": "."}], "id": "9"}], "inip": "0", "quote_level": "0", "affected_by_negation": "no", "separation": "A", "type": "sentence", "id": "17"}, {"endp": "61", "style": {"isItalics": "no", "isUnderlined": "no", "isTitle": "no", "isBold": "no"}, "token_list": [{"endp": "60", "style": {"isItalics": "no", "isUnderlined": "no", "isTitle": "no", "isBold": "no"}, "token_list": [{"endp": "43", "style": {"isItalics": "no", "isUnderlined": "no", "isTitle": "no", "isBold": "no"}, "token_list": [{"endp": "43", "style": {"isItalics": "no", "isUnderlined": "no", "isTitle": "no", "isBold": "no"}, "inip": "42", "form": "He", "quote_level": "0", "affected_by_negation": "no", "separation": "1", "analysis_list": [{"lemma": "he", "tag": "PPMS3NN8", "sense_id_list": [{"sense_id": "PRONHUMAN"}], "original_form": "he"}], "sense_list": [{"info": "semhum=human", "id": "PRONHUMAN", "form": "he"}], "id": "10"}], "separation": "1", "form": "He", "quote_level": "0", "head": "10", "syntactic_tree_relation_list": [{"type": "isAnaphora", "id": "22"}, {"type": "isSubject", "id": "11"}], "affected_by_negation": "no", "inip": "42", "analysis_list": [{"lemma": "he", "tag": "GNMS3S--", "original_form": "He"}], "type": "phrase", "id": "30"}, {"endp": "46", "style": {"isItalics": "no", "isUnderlined": "no", "isTitle": "no", "isBold": "no"}, "inip": "45", "form": "is", "quote_level": "0", "syntactic_tree_relation_list": [{"type": "iof_isSubject", "id": "30"}, {"type": "iof_isAttribute", "id": "29"}], "affected_by_negation": "no", "separation": "1", "analysis_list": [{"lemma": "be", "tag": "VI-S3PSA-N-N9", "original_form": "is"}], "id": "11"}, {"endp": "60", "style": {"isItalics": "no", "isUnderlined": "no", "isTitle": "no", "isBold": "no"}, "token_list": [{"endp": "51", "style": {"isItalics": "no", "isUnderlined": "no", "isTitle": "no", "isBold": "no"}, "inip": "48", "form": "very", "quote_level": "0", "affected_by_negation": "no", "separation": "1", "analysis_list": [{"lemma": "very", "tag": "ENMSN5", "original_form": "very"}], "id": "12"}, {"endp": "60", "style": {"isItalics": "no", "isUnderlined": "no", "isTitle": "no", "isBold": "no"}, "inip": "53", "form": "grateful", "quote_level": "0", "affected_by_negation": "no", "separation": "1", "analysis_list": [{"lemma": "grateful", "tag": "AP-N4", "sense_id_list": [{"sense_id": "b0ae7b1025"}], "original_form": "grateful"}], "sense_list": [{"info": "sementity/class=class@fiction=nonfiction@id=ODENTITY_PERSON@type=Top>Person\tsemld_list=sumo:Human", "id": "b0ae7b1025", "form": "grateful"}], "id": "13"}], "separation": "1", "form": "very grateful", "quote_level": "0", "head": "13", "syntactic_tree_relation_list": [{"type": "isAttribute", "id": "11"}], "affected_by_negation": "no", "inip": "48", "analysis_list": [{"lemma": "grateful", "tag": "GA---A--", "original_form": "very grateful"}], "type": "phrase", "id": "29"}], "separation": "1", "form": "He is very grateful", "quote_level": "0", "affected_by_negation": "no", "inip": "42", "analysis_list": [{"lemma": "*", "tag": "Z-----------", "original_form": "He is very grateful"}], "type": "phrase", "id": "31"}, {"endp": "61", "style": {"isItalics": "no", "isUnderlined": "no", "isTitle": "no", "isBold": "no"}, "inip": "61", "form": ".", "quote_level": "0", "affected_by_negation": "no", "separation": "A", "analysis_list": [{"lemma": ".", "tag": "1D--", "original_form": "."}], "id": "14"}], "inip": "42", "quote_level": "0", "affected_by_negation": "no", "separation": "A", "type": "sentence", "id": "19"}]}