{"status": {"msg": "OK", "credits": "1", "remaining_credits": "39936", "code": "0"}, "token_list": [{"endp": "59", "style": {"isItalics": "no", "isUnderlined": "no", "isTitle": "no", "isBold": "no"}, "token_list": [{"endp": "59", "style": {"isItalics": "no", "isUnderlined": "no", "isTitle": "no", "isBold": "no"}, "token_list": [{"endp": "3", "style": {"isItalics": "no", "isUnderlined": "no", "isTitle": "no", "isBold": "no"}, "token_list": [{"endp": "3", "style": {"isItalics": "no", "isUnderlined": "no", "isTitle": "no", "isBold": "no"}, "inip": "0", "form": "Joan", "quote_level": "0", "affected_by_negation": "no", "separation": "_", "analysis_list": [{"lemma": "Joan", "tag": "NPUU-N-", "sense_id_list": [{"sense_id": "__7073644403249831756"}], "original_form": "Joan"}], "sense_list": [{"info": "sementity/class=instance@fiction=nonfiction@type=Top>Person@confidence=uncertain", "id": "__7073644403249831756", "form": "Joan"}], "id": "1"}], "separation": "_", "form": "Joan", "quote_level": "0", "head": "1", "syntactic_tree_relation_list": [{"type": "isSubject", "id": "2"}], "affected_by_negation": "no", "inip": "0", "analysis_list": [{"lemma": "Joan", "tag": "GNUU3S--", "original_form": "Joan"}], "type": "phrase", "id": "19"}, {"endp": "8", "style": {"isItalics": "no", "isUnderlined": "no", "isTitle": "no", "isBold": "no"}, "inip": "5", "form": "made", "quote_level": "0", "syntactic_tree_relation_list": [{"type": "iof_isSubject", "id": "19"}, {"type": "iof_isComplement", "id": "25"}], "affected_by_negation": "no", "separation": "1", "analysis_list": [{"lemma": "make", "tag": "VI-U3ASA-N-N2", "sense_id_list": [{"sense_id": "ODENTITY_CALCULATING"}, {"sense_id": "ODENTITY_CHEMICAL_PROCESS"}, {"sense_id": "ODENTITY_COMMUNICATION_PROCESS"}, {"sense_id": "ODENTITY_CONTENT_DEVELOPMENT"}, {"sense_id": "ODENTITY_MAKING"}, {"sense_id": "ODENTITY_CREATION"}, {"sense_id": "ODENTITY_LINGUISTIC_COMMUNICATION"}, {"sense_id": "ODENTITY_CHANGE_OF_POSSESSION"}, {"sense_id": "ODENTITY_INCREASING"}, {"sense_id": "ODENTITY_INTENTIONAL_PROCESS"}, {"sense_id": "ODENTITY_INTENTIONAL_PSYCHOLOGICAL_PROCESS"}, {"sense_id": "ODENTITY_MOTION"}, {"sense_id": "ODENTITY_SOCIAL_INTERACTION"}, {"sense_id": "ODENTITY_PROCESS"}, {"sense_id": "ODENTITY_TRANSFER"}, {"sense_id": "ODENTITY_BIOLOGICAL_PROCESS"}], "original_form": "made"}], "sense_list": [{"info": "sementity/id=ODENTITY_BIOLOGICAL_PROCESS@type=Top>Process>InternalChange>BiologicalProcess\tsemld_list=sumo:Entity", "id": "ODENTITY_BIOLOGICAL_PROCESS", "form": "make"}, {"info": "sementity/id=ODENTITY_CALCULATING@type=Top>Process>IntentionalProcess>IntentionalPsychologicalProcess>Calculating\tsemld_list=sumo:IntentionalProcess", "id": "ODENTITY_CALCULATING", "form": "make"}, {"info": "sementity/id=ODENTITY_CHANGE_OF_POSSESSION@type=Top>Process>IntentionalProcess>SocialInteraction>ChangeOfPossession\tsemld_list=sumo:IntentionalProcess", "id": "ODENTITY_CHANGE_OF_POSSESSION", "form": "make"}, {"info": "sementity/id=ODENTITY_CHEMICAL_PROCESS@type=Top>Process>InternalChange>ChemicalProcess\tsemld_list=sumo:Entity", "id": "ODENTITY_CHEMICAL_PROCESS", "form": "make"}, {"info": "sementity/id=ODENTITY_COMMUNICATION_PROCESS@type=Top>Process>ContentBearingProcess>CommunicationProcess\tsemld_list=sumo:Entity", "id": "ODENTITY_COMMUNICATION_PROCESS", "form": "make"}, {"info": "sementity/id=ODENTITY_CONTENT_DEVELOPMENT@type=Top>Process>IntentionalProcess>ContentDevelopment\tsemld_list=sumo:IntentionalProcess", "id": "ODENTITY_CONTENT_DEVELOPMENT", "form": "make"}, {"info": "sementity/id=ODENTITY_CREATION@type=Top>Process>InternalChange>Creation\tsemld_list=sumo:Entity", "id": "ODENTITY_CREATION", "form": "make"}, {"info": "sementity/id=ODENTITY_INCREASING@type=Top>Process>InternalChange>QuantityChange>Increasing\tsemld_list=sumo:Entity", "id": "ODENTITY_INCREASING", "form": "make"}, {"info": "sementity/id=ODENTITY_INTENTIONAL_PROCESS@type=Top>Process>IntentionalProcess\tsemld_list=sumo:IntentionalProcess", "id": "ODENTITY_INTENTIONAL_PROCESS", "form": "make"}, {"info": "sementity/id=ODENTITY_INTENTIONAL_PSYCHOLOGICAL_PROCESS@type=Top>Process>IntentionalProcess>IntentionalPsychologicalProcess\tsemld_list=sumo:IntentionalProcess", "id": "ODENTITY_INTENTIONAL_PSYCHOLOGICAL_PROCESS", "form": "make"}, {"info": "sementity/id=ODENTITY_LINGUISTIC_COMMUNICATION@type=Top>Process>ContentBearingProcess>CommunicationProcess>LinguisticCommunication\tsemld_list=sumo:Entity", "id": "ODENTITY_LINGUISTIC_COMMUNICATION", "form": "make"}, {"info": "sementity/id=ODENTITY_MAKING@type=Top>Process>IntentionalProcess>Making\tsemld_list=sumo:IntentionalProcess", "id": "ODENTITY_MAKING", "form": "make"}, {"info": "sementity/id=ODENTITY_MOTION@type=Top>Process>Motion\tsemld_list=sumo:Entity", "id": "ODENTITY_MOTION", "form": "make"}, {"info": "sementity/id=ODENTITY_PROCESS@type=Top>Process\tsemld_list=sumo:Entity", "id": "ODENTITY_PROCESS", "form": "make"}, {"info": "sementity/id=ODENTITY_SOCIAL_INTERACTION@type=Top>Process>IntentionalProcess>SocialInteraction\tsemld_list=sumo:IntentionalProcess", "id": "ODENTITY_SOCIAL_INTERACTION", "form": "make"}, {"info": "sementity/id=ODENTITY_TRANSFER@type=Top>Process>Motion>Translocation>Transfer\tsemld_list=sumo:Entity", "id": "ODENTITY_TRANSFER", "form": "make"}], "id": "2"}, {"endp": "13", "style": {"isItalics": "no", "isUnderlined": "no", "isTitle": "no", "isBold": "no"}, "token_list": [{"endp": "13", "style": {"isItalics": "no", "isUnderlined": "no", "isTitle": "no", "isBold": "no"}, "inip": "10", "form": "sure", "quote_level": "0", "affected_by_negation": "no", "separation": "1", "analysis_list": [{"lemma": "sure", "tag": "ENOPN5", "original_form": "sure"}], "id": "3"}], "separation": "1", "form": "sure", "quote_level": "0", "head": "3", "syntactic_tree_relation_list": [{"type": "isComplement", "id": "2"}], "affected_by_negation": "no", "inip": "10", "analysis_list": [{"lemma": "sure", "tag": "GEO--C--", "original_form": "sure"}], "type": "phrase", "id": "25"}, {"endp": "22", "style": {"isItalics": "no", "isUnderlined": "no", "isTitle": "no", "isBold": "no"}, "separation": "1", "form": "to thank", "quote_level": "0", "head": "5", "syntactic_tree_relation_list": [{"type": "iof_isDirectObject", "id": "21"}, {"type": "iof_isComplement", "id": "24"}], "affected_by_negation": "no", "inip": "15", "analysis_list": [{"lemma": "thank", "tag": "VF---OSA-N-N6", "sense_id_list": [{"sense_id": "ODENTITY_COMMUNICATION_PROCESS"}], "original_form": "to thank"}], "sense_list": [{"info": "sementity/id=ODENTITY_COMMUNICATION_PROCESS@type=Top>Process>ContentBearingProcess>CommunicationProcess\tsemld_list=sumo:Entity", "id": "ODENTITY_COMMUNICATION_PROCESS", "form": "thank"}], "type": "multiword", "id": "20"}, {"endp": "28", "style": {"isItalics": "no", "isUnderlined": "no", "isTitle": "no", "isBold": "no"}, "token_list": [{"endp": "28", "style": {"isItalics": "no", "isUnderlined": "no", "isTitle": "no", "isBold": "no"}, "inip": "24", "form": "Susan", "quote_level": "0", "affected_by_negation": "no", "separation": "1", "analysis_list": [{"lemma": "Susan", "tag": "NPFS-N-", "sense_id_list": [{"sense_id": "f7c08a2cbb"}], "original_form": "Susan"}, {"lemma": "Susan", "tag": "NP-S-N-", "sense_id_list": [{"sense_id": "a63c714954"}], "original_form": "Susan"}], "sense_list": [{"info": "sementity/class=instance@fiction=nonfiction@id=ODENTITY_RIVER@type=Top>Location>GeographicalEntity>WaterForm>River\tsemld_list=sumo:River", "id": "a63c714954", "form": "Susan"}, {"info": "sementity/class=instance@fiction=nonfiction@id=ODENTITY_FIRST_NAME@type=Top>Person>FirstName\tsemld_list=sumo:FirstName", "id": "f7c08a2cbb", "form": "Susan"}], "id": "6"}], "separation": "1", "form": "Susan", "quote_level": "0", "head": "6", "syntactic_tree_relation_list": [{"type": "isSubject", "id": "15"}, {"type": "isDirectObject", "id": "20"}, {"type": "iof_isAnaphora", "id": "23"}], "affected_by_negation": "no", "inip": "24", "analysis_list": [{"lemma": "Susan", "tag": "GNFS3D--", "original_form": "Susan"}, {"lemma": "Susan", "tag": "GN-S3D--", "original_form": "Susan"}], "type": "phrase", "id": "21"}, {"endp": "59", "style": {"isItalics": "no", "isUnderlined": "no", "isTitle": "no", "isBold": "no"}, "token_list": [{"endp": "32", "style": {"isItalics": "no", "isUnderlined": "no", "isTitle": "no", "isBold": "no"}, "inip": "30", "form": "for", "quote_level": "0", "affected_by_negation": "no", "separation": "1", "analysis_list": [{"lemma": "for", "tag": "YN5", "original_form": "for"}], "id": "7"}, {"endp": "45", "style": {"isItalics": "no", "isUnderlined": "no", "isTitle": "no", "isBold": "no"}, "token_list": [{"endp": "36", "style": {"isItalics": "no", "isUnderlined": "no", "isTitle": "no", "isBold": "no"}, "inip": "34", "form": "all", "quote_level": "0", "affected_by_negation": "no", "separation": "1", "analysis_list": [{"lemma": "all", "tag": "QD-SPN6", "original_form": "all"}], "id": "8"}, {"endp": "40", "style": {"isItalics": "no", "isUnderlined": "no", "isTitle": "no", "isBold": "no"}, "inip": "38", "form": "the", "quote_level": "0", "affected_by_negation": "no", "separation": "1", "analysis_list": [{"lemma": "the", "tag": "TD-SN9", "original_form": "the"}], "id": "9"}, {"endp": "45", "style": {"isItalics": "no", "isUnderlined": "no", "isTitle": "no", "isBold": "no"}, "inip": "42", "form": "help", "quote_level": "0", "affected_by_negation": "no", "separation": "1", "analysis_list": [{"lemma": "help", "tag": "NC-S-N5", "original_form": "help"}], "id": "10"}], "separation": "1", "form": "all the help", "quote_level": "0", "head": "10", "affected_by_negation": "no", "inip": "34", "analysis_list": [{"lemma": "help", "tag": "GN-S3---", "original_form": "all the help"}], "type": "phrase", "id": "22"}, {"endp": "59", "style": {"isItalics": "no", "isUnderlined": "no", "isTitle": "no", "isBold": "no"}, "token_list": [{"endp": "49", "style": {"isItalics": "no", "isUnderlined": "no", "isTitle": "no", "isBold": "no"}, "token_list": [{"endp": "49", "style": {"isItalics": "no", "isUnderlined": "no", "isTitle": "no", "isBold": "no"}, "inip": "47", "form": "she", "quote_level": "0", "affected_by_negation": "no", "separation": "1", "analysis_list": [{"lemma": "she", "tag": "PPFS3NN8", "sense_id_list": [{"sense_id": "PRONHUMAN"}], "original_form": "she"}], "sense_list": [{"info": "semhum=human", "id": "PRONHUMAN", "form": "she"}], "id": "11"}], "separation": "1", "form": "she", "quote_level": "0", "head": "11", "syntactic_tree_relation_list": [{"type": "isAnaphora", "id": "21"}], "affected_by_negation": "no", "inip": "47", "analysis_list": [{"lemma": "she", "tag": "GNFS3---", "original_form": "she"}], "type": "phrase", "id": "23"}, {"endp": "59", "style": {"isItalics": "no", "isUnderlined": "no", "isTitle": "no", "isBold": "no"}, "separation": "1", "form": "had given", "quote_level": "0", "head": "12", "syntactic_tree_relation_list": [{"type": "iof_isSubject", "id": "21"}], "affected_by_negation": "no", "inip": "51", "analysis_list": [{"lemma": "give", "tag": "VI-UUAPA-N-N9", "original_form": "had given"}], "type": "multiword", "id": "15"}], "separation": "1", "form": "she had given", "quote_level": "0", "affected_by_negation": "no", "inip": "47", "analysis_list": [{"lemma": "*", "tag": "ZA----IA----", "original_form": "she had given"}], "type": "phrase", "id": "26"}], "separation": "1", "form": "for all the help she had given", "quote_level": "0", "head": "7", "syntactic_tree_relation_list": [{"type": "isComplement", "id": "20"}], "affected_by_negation": "no", "inip": "30", "analysis_list": [{"lemma": "for", "tag": "GY---C--", "original_form": "for all the help"}], "type": "phrase", "id": "24"}], "separation": "_", "form": "Joan made sure to thank Susan for all the help she had given", "quote_level": "0", "affected_by_negation": "no", "inip": "0", "analysis_list": [{"lemma": "*", "tag": "Z-----------", "original_form": "Joan made sure to thank Susan for all the help she had given"}], "type": "phrase", "id": "27"}], "inip": "0", "quote_level": "0", "affected_by_negation": "no", "separation": "A", "type": "sentence", "id": "16"}]}