{"status": {"msg": "OK", "credits": "1", "remaining_credits": "39863", "code": "0"}, "token_list": [{"endp": "90", "style": {"isItalics": "no", "isUnderlined": "no", "isTitle": "no", "isBold": "no"}, "token_list": [{"endp": "39", "style": {"isItalics": "no", "isUnderlined": "no", "isTitle": "no", "isBold": "no"}, "token_list": [{"endp": "2", "style": {"isItalics": "no", "isUnderlined": "no", "isTitle": "no", "isBold": "no"}, "token_list": [{"endp": "2", "style": {"isItalics": "no", "isUnderlined": "no", "isTitle": "no", "isBold": "no"}, "inip": "0", "form": "Bob", "quote_level": "0", "affected_by_negation": "no", "separation": "_", "analysis_list": [{"lemma": "bob", "tag": "NC-S-N-", "original_form": "bob"}], "id": "1"}], "separation": "_", "form": "Bob", "quote_level": "0", "head": "1", "syntactic_tree_relation_list": [{"type": "isSubject", "id": "2"}], "affected_by_negation": "no", "inip": "0", "analysis_list": [{"lemma": "bob", "tag": "GN-S3S--", "original_form": "Bob"}], "type": "phrase", "id": "33"}, {"endp": "7", "style": {"isItalics": "no", "isUnderlined": "no", "isTitle": "no", "isBold": "no"}, "inip": "4", "form": "paid", "quote_level": "0", "syntactic_tree_relation_list": [{"type": "iof_isSubject", "id": "33"}, {"type": "iof_isComplement", "id": "43"}], "affected_by_negation": "no", "separation": "1", "analysis_list": [{"lemma": "pay", "tag": "VI-S3ASA-N-N5", "sense_id_list": [{"sense_id": "ODENTITY_TRANSACTION"}, {"sense_id": "ODENTITY_COMMUNICATION_PROCESS"}, {"sense_id": "ODENTITY_CHANGE_OF_POSSESSION"}, {"sense_id": "ODENTITY_INTENTIONAL_PROCESS"}, {"sense_id": "ODENTITY_INTENTIONAL_PSYCHOLOGICAL_PROCESS"}, {"sense_id": "ODENTITY_MEETING"}], "original_form": "paid"}], "sense_list": [{"info": "sementity/id=ODENTITY_CHANGE_OF_POSSESSION@type=Top>Process>IntentionalProcess>SocialInteraction>ChangeOfPossession\tsemld_list=sumo:IntentionalProcess", "id": "ODENTITY_CHANGE_OF_POSSESSION", "form": "pay"}, {"info": "sementity/id=ODENTITY_COMMUNICATION_PROCESS@type=Top>Process>ContentBearingProcess>CommunicationProcess\tsemld_list=sumo:Entity", "id": "ODENTITY_COMMUNICATION_PROCESS", "form": "pay"}, {"info": "sementity/id=ODENTITY_INTENTIONAL_PROCESS@type=Top>Process>IntentionalProcess\tsemld_list=sumo:IntentionalProcess", "id": "ODENTITY_INTENTIONAL_PROCESS", "form": "pay"}, {"info": "sementity/id=ODENTITY_INTENTIONAL_PSYCHOLOGICAL_PROCESS@type=Top>Process>IntentionalProcess>IntentionalPsychologicalProcess\tsemld_list=sumo:IntentionalProcess", "id": "ODENTITY_INTENTIONAL_PSYCHOLOGICAL_PROCESS", "form": "pay"}, {"info": "sementity/id=ODENTITY_MEETING@type=Top>Process>IntentionalProcess>SocialInteraction>Meeting\tsemld_list=sumo:IntentionalProcess", "id": "ODENTITY_MEETING", "form": "pay"}, {"info": "sementity/id=ODENTITY_TRANSACTION@type=Top>Process>DualObjectProcess>Transaction\tsemld_list=sumo:Entity", "id": "ODENTITY_TRANSACTION", "form": "pay"}], "id": "2"}, {"endp": "39", "style": {"isItalics": "no", "isUnderlined": "no", "isTitle": "no", "isBold": "no"}, "token_list": [{"endp": "11", "style": {"isItalics": "no", "isUnderlined": "no", "isTitle": "no", "isBold": "no"}, "inip": "9", "form": "for", "quote_level": "0", "affected_by_negation": "no", "separation": "1", "analysis_list": [{"lemma": "for", "tag": "YN5", "original_form": "for"}], "id": "3"}, {"endp": "39", "style": {"isItalics": "no", "isUnderlined": "no", "isTitle": "no", "isBold": "no"}, "token_list": [{"endp": "19", "style": {"isItalics": "no", "isUnderlined": "no", "isTitle": "no", "isBold": "no"}, "token_list": [{"endp": "19", "style": {"isItalics": "no", "isUnderlined": "no", "isTitle": "no", "isBold": "no"}, "inip": "13", "form": "Charlie", "quote_level": "0", "affected_by_negation": "no", "separation": "1", "analysis_list": [{"lemma": "Charlie", "tag": "NPMS-N-", "sense_id_list": [{"sense_id": "b79445014b"}], "original_form": "Charlie"}], "sense_list": [{"info": "sementity/class=instance@fiction=nonfiction@id=ODENTITY_FIRST_NAME@type=Top>Person>FirstName\tsemld_list=sumo:FirstName", "id": "b79445014b", "form": "Charlie"}], "id": "4"}], "separation": "1", "form": "Charlie", "quote_level": "0", "head": "4", "affected_by_negation": "no", "inip": "13", "analysis_list": [{"lemma": "Charlie", "tag": "GNMS3---", "original_form": "Charlie"}], "type": "phrase", "id": "34"}, {"endp": "21", "style": {"isItalics": "no", "isUnderlined": "no", "isTitle": "no", "isBold": "no"}, "inip": "20", "form": "'s", "quote_level": "0", "affected_by_negation": "no", "separation": "A", "analysis_list": [{"lemma": "'s", "tag": "WN-", "original_form": "'s"}], "id": "26"}, {"endp": "39", "style": {"isItalics": "no", "isUnderlined": "no", "isTitle": "no", "isBold": "no"}, "token_list": [{"endp": "29", "style": {"isItalics": "no", "isUnderlined": "no", "isTitle": "no", "isBold": "no"}, "inip": "23", "form": "college", "quote_level": "0", "affected_by_negation": "no", "separation": "1", "analysis_list": [{"lemma": "college", "tag": "NC-S-N5", "original_form": "college"}], "id": "7"}, {"endp": "39", "style": {"isItalics": "no", "isUnderlined": "no", "isTitle": "no", "isBold": "no"}, "inip": "31", "form": "education", "quote_level": "0", "affected_by_negation": "no", "separation": "1", "analysis_list": [{"lemma": "education", "tag": "NC-S-N6", "sense_id_list": [{"sense_id": "725ec6984e"}], "original_form": "education"}], "sense_list": [{"info": "sementity/class=class@fiction=nonfiction@id=ODENTITY_TOP@type=Top\tsemld_list=sumo:Entity\tsemtheme_list/id=ODTHEME_EDUCATION@type=Top>Society>Education", "id": "725ec6984e", "form": "education"}], "id": "8"}], "separation": "1", "form": "college education", "quote_level": "0", "head": "8", "affected_by_negation": "no", "inip": "23", "analysis_list": [{"lemma": "education", "tag": "GN-S3---", "original_form": "college education"}], "type": "phrase", "id": "35"}], "separation": "1", "form": "Charlie's college education", "quote_level": "0", "head": "35", "affected_by_negation": "no", "inip": "13", "analysis_list": [{"lemma": "education", "tag": "GN-S3---", "original_form": "Charlie's college education"}], "type": "phrase", "id": "42"}], "separation": "1", "form": "for Charlie's college education", "quote_level": "0", "head": "3", "syntactic_tree_relation_list": [{"type": "isComplement", "id": "2"}], "affected_by_negation": "no", "inip": "9", "analysis_list": [{"lemma": "for", "tag": "GY---C--", "original_form": "for Charlie's college education"}], "type": "phrase", "id": "43"}], "separation": "_", "form": "Bob paid for Charlie's college education", "quote_level": "0", "affected_by_negation": "no", "inip": "0", "analysis_list": [{"lemma": "*", "tag": "ZC----------", "original_form": "Bob paid for Charlie's college education"}], "type": "phrase", "id": "44"}, {"endp": "40", "style": {"isItalics": "no", "isUnderlined": "no", "isTitle": "no", "isBold": "no"}, "inip": "40", "form": ",", "quote_level": "0", "affected_by_negation": "no", "separation": "A", "analysis_list": [{"lemma": ",", "tag": "1D--", "original_form": ","}], "id": "9"}, {"endp": "44", "style": {"isItalics": "no", "isUnderlined": "no", "isTitle": "no", "isBold": "no"}, "inip": "42", "form": "but", "quote_level": "0", "affected_by_negation": "no", "separation": "1", "analysis_list": [{"lemma": "but", "tag": "CCAN8", "original_form": "but"}], "id": "10"}, {"endp": "80", "style": {"isItalics": "no", "isUnderlined": "no", "isTitle": "no", "isBold": "no"}, "token_list": [{"endp": "48", "style": {"isItalics": "no", "isUnderlined": "no", "isTitle": "no", "isBold": "no"}, "token_list": [{"endp": "48", "style": {"isItalics": "no", "isUnderlined": "no", "isTitle": "no", "isBold": "no"}, "separation": "1", "form": "now", "quote_level": "0", "affected_by_negation": "no", "inip": "46", "analysis_list": [{"lemma": "now", "tag": "ENTPN7", "original_form": "now"}], "id": "11", "normalized_form": "date@||||||+0|+0|||"}], "separation": "1", "form": "now", "quote_level": "0", "head": "11", "syntactic_tree_relation_list": [{"type": "isTimeComplement", "id": "13"}], "affected_by_negation": "no", "inip": "46", "analysis_list": [{"lemma": "now", "tag": "GET--T--", "original_form": "now"}], "type": "phrase", "id": "41", "normalized_form": "date@||||||+0|+0|||"}, {"endp": "56", "style": {"isItalics": "no", "isUnderlined": "no", "isTitle": "no", "isBold": "no"}, "token_list": [{"endp": "56", "style": {"isItalics": "no", "isUnderlined": "no", "isTitle": "no", "isBold": "no"}, "inip": "50", "form": "Charlie", "quote_level": "0", "affected_by_negation": "no", "separation": "1", "analysis_list": [{"lemma": "Charlie", "tag": "NPMS-N-", "sense_id_list": [{"sense_id": "b79445014b"}], "original_form": "Charlie"}], "sense_list": [{"info": "sementity/class=instance@fiction=nonfiction@id=ODENTITY_FIRST_NAME@type=Top>Person>FirstName\tsemld_list=sumo:FirstName", "id": "b79445014b", "form": "Charlie"}], "id": "12"}], "separation": "1", "form": "Charlie", "quote_level": "0", "head": "12", "syntactic_tree_relation_list": [{"type": "isSubject", "id": "18"}, {"type": "isSubject", "id": "13"}, {"type": "iof_isAnaphora", "id": "40"}, {"type": "iof_isAnaphora", "id": "47"}], "affected_by_negation": "no", "inip": "50", "analysis_list": [{"lemma": "Charlie", "tag": "GNMS3S--", "original_form": "Charlie"}], "type": "phrase", "id": "36"}, {"endp": "61", "style": {"isItalics": "no", "isUnderlined": "no", "isTitle": "no", "isBold": "no"}, "inip": "58", "form": "acts", "quote_level": "0", "syntactic_tree_relation_list": [{"type": "iof_isTimeComplement", "id": "41"}, {"type": "iof_isSubject", "id": "36"}, {"type": "iof_isComplement", "id": "40"}, {"type": "iof_isTimeComplement", "id": "38"}], "affected_by_negation": "no", "separation": "1", "analysis_list": [{"lemma": "act", "tag": "VI-S3PSA-N-N6", "sense_id_list": [{"sense_id": "ODENTITY_BODY_MOTION"}, {"sense_id": "ODENTITY_ORGANIZATIONAL_PROCESS"}, {"sense_id": "ODENTITY_SOCIAL_INTERACTION"}], "original_form": "acts"}], "sense_list": [{"info": "sementity/id=ODENTITY_BODY_MOTION@type=Top>Process>Motion>BodyMotion\tsemld_list=sumo:Entity", "id": "ODENTITY_BODY_MOTION", "form": "act"}, {"info": "sementity/id=ODENTITY_ORGANIZATIONAL_PROCESS@type=Top>Process>IntentionalProcess>OrganizationalProcess\tsemld_list=sumo:IntentionalProcess", "id": "ODENTITY_ORGANIZATIONAL_PROCESS", "form": "act"}, {"info": "sementity/id=ODENTITY_SOCIAL_INTERACTION@type=Top>Process>IntentionalProcess>SocialInteraction\tsemld_list=sumo:IntentionalProcess", "id": "ODENTITY_SOCIAL_INTERACTION", "form": "act"}], "id": "13"}, {"endp": "74", "style": {"isItalics": "no", "isUnderlined": "no", "isTitle": "no", "isBold": "no"}, "token_list": [{"endp": "64", "style": {"isItalics": "no", "isUnderlined": "no", "isTitle": "no", "isBold": "no"}, "inip": "63", "form": "as", "quote_level": "0", "affected_by_negation": "no", "separation": "1", "analysis_list": [{"lemma": "as", "tag": "YN7", "original_form": "as"}], "id": "14"}, {"endp": "71", "style": {"isItalics": "no", "isUnderlined": "no", "isTitle": "no", "isBold": "no"}, "token_list": [{"endp": "71", "style": {"isItalics": "no", "isUnderlined": "no", "isTitle": "no", "isBold": "no"}, "inip": "66", "form": "though", "quote_level": "0", "affected_by_negation": "no", "separation": "1", "analysis_list": [{"lemma": "though", "tag": "ENOPN5", "original_form": "though"}], "id": "15"}], "separation": "1", "form": "though", "quote_level": "0", "head": "15", "affected_by_negation": "no", "inip": "66", "analysis_list": [{"lemma": "though", "tag": "GEO--C--", "original_form": "though"}], "type": "phrase", "id": "39"}, {"endp": "74", "style": {"isItalics": "no", "isUnderlined": "no", "isTitle": "no", "isBold": "no"}, "token_list": [{"endp": "74", "style": {"isItalics": "no", "isUnderlined": "no", "isTitle": "no", "isBold": "no"}, "inip": "73", "form": "it", "quote_level": "0", "affected_by_negation": "no", "separation": "1", "analysis_list": [{"lemma": "it", "tag": "PP-S3NN8", "sense_id_list": [{"sense_id": "PRONNONHUMAN"}], "original_form": "it"}, {"lemma": "it", "tag": "PP-S3AN8", "sense_id_list": [{"sense_id": "PRONNONHUMAN"}], "original_form": "it"}], "sense_list": [{"info": "semhum=nonhuman", "id": "PRONNONHUMAN", "form": "it"}], "id": "16"}], "separation": "1", "form": "it", "quote_level": "0", "head": "16", "affected_by_negation": "no", "inip": "73", "analysis_list": [{"lemma": "it", "tag": "GN-S3---", "original_form": "it"}], "type": "phrase", "id": "37"}], "separation": "1", "form": "as though it", "quote_level": "0", "head": "14", "syntactic_tree_relation_list": [{"type": "isComplement", "id": "13"}, {"type": "isAnaphora", "id": "36"}], "affected_by_negation": "no", "inip": "63", "analysis_list": [{"lemma": "as", "tag": "GY---C--", "original_form": "as though it"}], "type": "phrase", "id": "40"}, {"endp": "80", "style": {"isItalics": "no", "isUnderlined": "no", "isTitle": "no", "isBold": "no"}, "token_list": [{"endp": "80", "style": {"isItalics": "no", "isUnderlined": "no", "isTitle": "no", "isBold": "no"}, "inip": "76", "form": "never", "quote_level": "0", "affected_by_negation": "no", "separation": "1", "analysis_list": [{"lemma": "never", "tag": "ENNPN6", "original_form": "never"}, {"lemma": "never", "tag": "ENTPN6", "original_form": "never"}], "id": "17"}], "separation": "1", "form": "never", "quote_level": "0", "head": "17", "syntactic_tree_relation_list": [{"type": "isTimeComplement", "id": "13"}], "affected_by_negation": "no", "inip": "76", "analysis_list": [{"lemma": "never", "tag": "GEN--T--", "original_form": "never"}, {"lemma": "never", "tag": "GET--T--", "original_form": "never"}], "type": "phrase", "id": "38"}], "separation": "1", "form": "now Charlie acts as though it never", "quote_level": "0", "affected_by_negation": "no", "inip": "46", "analysis_list": [{"lemma": "*", "tag": "ZC----------", "original_form": "now Charlie acts as though it never"}], "type": "phrase", "id": "45"}, {"endp": "89", "style": {"isItalics": "no", "isUnderlined": "no", "isTitle": "no", "isBold": "no"}, "token_list": [{"endp": "89", "style": {"isItalics": "no", "isUnderlined": "no", "isTitle": "no", "isBold": "no"}, "inip": "82", "form": "happened", "quote_level": "0", "syntactic_tree_relation_list": [{"type": "iof_isSubject", "id": "36"}], "affected_by_negation": "no", "separation": "1", "analysis_list": [{"lemma": "happen", "tag": "VP---ASA-N-N6", "sense_id_list": [{"sense_id": "ODENTITY_LEARNING"}, {"sense_id": "ODENTITY_PROCESS"}], "original_form": "happened"}, {"lemma": "happen", "tag": "VI-UUASA-N-N6", "sense_id_list": [{"sense_id": "ODENTITY_LEARNING"}, {"sense_id": "ODENTITY_PROCESS"}], "original_form": "happened"}], "sense_list": [{"info": "sementity/id=ODENTITY_LEARNING@type=Top>Process>IntentionalProcess>IntentionalPsychologicalProcess>Learning\tsemld_list=sumo:IntentionalProcess", "id": "ODENTITY_LEARNING", "form": "happen"}, {"info": "sementity/id=ODENTITY_PROCESS@type=Top>Process\tsemld_list=sumo:Entity", "id": "ODENTITY_PROCESS", "form": "happen"}], "id": "18"}], "separation": "1", "form": "happened", "quote_level": "0", "affected_by_negation": "no", "inip": "82", "analysis_list": [{"lemma": "*", "tag": "Z-----------", "original_form": "happened"}], "type": "phrase", "id": "46"}, {"endp": "90", "style": {"isItalics": "no", "isUnderlined": "no", "isTitle": "no", "isBold": "no"}, "inip": "90", "form": ".", "quote_level": "0", "affected_by_negation": "no", "separation": "A", "analysis_list": [{"lemma": ".", "tag": "1D--", "original_form": "."}], "id": "19"}], "inip": "0", "quote_level": "0", "affected_by_negation": "no", "separation": "A", "type": "sentence", "id": "28"}, {"endp": "107", "style": {"isItalics": "no", "isUnderlined": "no", "isTitle": "no", "isBold": "no"}, "token_list": [{"endp": "106", "style": {"isItalics": "no", "isUnderlined": "no", "isTitle": "no", "isBold": "no"}, "token_list": [{"endp": "93", "style": {"isItalics": "no", "isUnderlined": "no", "isTitle": "no", "isBold": "no"}, "token_list": [{"endp": "93", "style": {"isItalics": "no", "isUnderlined": "no", "isTitle": "no", "isBold": "no"}, "inip": "92", "form": "He", "quote_level": "0", "affected_by_negation": "no", "separation": "1", "analysis_list": [{"lemma": "he", "tag": "PPMS3NN8", "sense_id_list": [{"sense_id": "PRONHUMAN"}], "original_form": "he"}], "sense_list": [{"info": "semhum=human", "id": "PRONHUMAN", "form": "he"}], "id": "20"}], "separation": "1", "form": "He", "quote_level": "0", "head": "20", "syntactic_tree_relation_list": [{"type": "isAnaphora", "id": "36"}, {"type": "isSubject", "id": "27"}], "affected_by_negation": "no", "inip": "92", "analysis_list": [{"lemma": "he", "tag": "GNMS3S--", "original_form": "He"}], "type": "phrase", "id": "47"}, {"endp": "101", "style": {"isItalics": "no", "isUnderlined": "no", "isTitle": "no", "isBold": "no"}, "token_list": [{"endp": "101", "style": {"isItalics": "no", "isUnderlined": "no", "isTitle": "no", "isBold": "no"}, "inip": "98", "form": "very", "quote_level": "0", "affected_by_negation": "no", "separation": "1", "analysis_list": [{"lemma": "very", "tag": "ENMSN5", "original_form": "very"}], "id": "22"}], "separation": "1", "form": "very", "quote_level": "0", "head": "22", "syntactic_tree_relation_list": [{"type": "isMannerComplement", "id": "27"}], "affected_by_negation": "no", "inip": "98", "analysis_list": [{"lemma": "very", "tag": "GEM--M--", "original_form": "very"}], "type": "phrase", "id": "48"}, {"endp": "106", "style": {"isItalics": "no", "isUnderlined": "no", "isTitle": "no", "isBold": "no"}, "separation": "1", "form": "is hurt", "quote_level": "0", "head": "21", "syntactic_tree_relation_list": [{"type": "iof_isSubject", "id": "47"}, {"type": "iof_isMannerComplement", "id": "48"}], "affected_by_negation": "no", "inip": "95", "analysis_list": [{"lemma": "hurt", "tag": "VI-S3PSP-Y-N9", "original_form": "is hurt"}], "type": "multiword", "id": "27"}], "separation": "1", "form": "He very is hurt", "quote_level": "0", "affected_by_negation": "no", "inip": "92", "analysis_list": [{"lemma": "*", "tag": "Z-----------", "original_form": "He very is hurt"}], "type": "phrase", "id": "49"}, {"endp": "107", "style": {"isItalics": "no", "isUnderlined": "no", "isTitle": "no", "isBold": "no"}, "inip": "107", "form": ".", "quote_level": "0", "affected_by_negation": "no", "separation": "A", "analysis_list": [{"lemma": ".", "tag": "1D--", "original_form": "."}], "id": "24"}], "inip": "92", "quote_level": "0", "affected_by_negation": "no", "separation": "A", "type": "sentence", "id": "30"}]}