{"status": {"msg": "OK", "credits": "1", "remaining_credits": "39861", "code": "0"}, "token_list": [{"endp": "49", "style": {"isItalics": "no", "isUnderlined": "no", "isTitle": "no", "isBold": "no"}, "token_list": [{"endp": "30", "style": {"isItalics": "no", "isUnderlined": "no", "isTitle": "no", "isBold": "no"}, "token_list": [{"endp": "2", "style": {"isItalics": "no", "isUnderlined": "no", "isTitle": "no", "isBold": "no"}, "token_list": [{"endp": "2", "style": {"isItalics": "no", "isUnderlined": "no", "isTitle": "no", "isBold": "no"}, "inip": "0", "form": "Bob", "quote_level": "0", "affected_by_negation": "no", "separation": "_", "analysis_list": [{"lemma": "bob", "tag": "NC-S-N-", "original_form": "bob"}], "id": "1"}], "separation": "_", "form": "Bob", "quote_level": "0", "head": "1", "syntactic_tree_relation_list": [{"type": "isSubject", "id": "8"}, {"type": "isSubject", "id": "35"}], "affected_by_negation": "no", "inip": "0", "analysis_list": [{"lemma": "bob", "tag": "GN-S3S--", "original_form": "Bob"}], "type": "phrase", "id": "40"}, {"endp": "14", "style": {"isItalics": "no", "isUnderlined": "no", "isTitle": "no", "isBold": "no"}, "separation": "1", "form": "was playing", "quote_level": "0", "head": "2", "syntactic_tree_relation_list": [{"type": "iof_isSubject", "id": "40"}, {"type": "iof_isDirectObject", "id": "41"}], "affected_by_negation": "no", "inip": "4", "analysis_list": [{"lemma": "play", "tag": "VI-S3ACA-N-N9", "original_form": "was playing"}], "type": "multiword", "id": "35"}, {"endp": "30", "style": {"isItalics": "no", "isUnderlined": "no", "isTitle": "no", "isBold": "no"}, "token_list": [{"endp": "20", "style": {"isItalics": "no", "isUnderlined": "no", "isTitle": "no", "isBold": "no"}, "inip": "16", "form": "cards", "quote_level": "0", "affected_by_negation": "no", "separation": "1", "analysis_list": [{"lemma": "card", "tag": "NC-P-N5", "original_form": "cards"}], "id": "4"}, {"endp": "30", "style": {"isItalics": "no", "isUnderlined": "no", "isTitle": "no", "isBold": "no"}, "token_list": [{"endp": "25", "style": {"isItalics": "no", "isUnderlined": "no", "isTitle": "no", "isBold": "no"}, "inip": "22", "form": "with", "quote_level": "0", "affected_by_negation": "no", "separation": "1", "analysis_list": [{"lemma": "with", "tag": "YN8", "original_form": "with"}], "id": "5"}, {"endp": "30", "style": {"isItalics": "no", "isUnderlined": "no", "isTitle": "no", "isBold": "no"}, "token_list": [{"endp": "30", "style": {"isItalics": "no", "isUnderlined": "no", "isTitle": "no", "isBold": "no"}, "inip": "27", "form": "Adam", "quote_level": "0", "affected_by_negation": "no", "separation": "1", "analysis_list": [{"lemma": "Adam", "tag": "NPUU-N-", "sense_id_list": [{"sense_id": "__18051277442308609257"}], "original_form": "Adam"}], "sense_list": [{"info": "sementity/class=instance@fiction=nonfiction@type=Top>Person@confidence=uncertain", "id": "__18051277442308609257", "form": "Adam"}], "id": "6"}], "separation": "1", "form": "Adam", "quote_level": "0", "head": "6", "affected_by_negation": "no", "inip": "27", "analysis_list": [{"lemma": "Adam", "tag": "GNUU3---", "original_form": "Adam"}], "type": "phrase", "id": "42"}], "separation": "1", "form": "with Adam", "quote_level": "0", "head": "5", "affected_by_negation": "no", "inip": "22", "analysis_list": [{"lemma": "with", "tag": "GY------", "original_form": "with Adam"}], "type": "phrase", "id": "45"}], "separation": "1", "form": "cards with Adam", "quote_level": "0", "head": "4", "syntactic_tree_relation_list": [{"type": "isDirectObject", "id": "35"}], "affected_by_negation": "no", "inip": "16", "analysis_list": [{"lemma": "card", "tag": "GN-P3D--", "original_form": "cards"}], "type": "phrase", "id": "41"}], "separation": "_", "form": "Bob was playing cards with Adam", "quote_level": "0", "affected_by_negation": "no", "inip": "0", "analysis_list": [{"lemma": "*", "tag": "ZC----------", "original_form": "Bob was playing cards with Adam"}], "type": "phrase", "id": "46"}, {"endp": "34", "style": {"isItalics": "no", "isUnderlined": "no", "isTitle": "no", "isBold": "no"}, "inip": "32", "form": "and", "quote_level": "0", "affected_by_negation": "no", "separation": "1", "analysis_list": [{"lemma": "and", "tag": "CCYN9", "original_form": "and"}], "id": "7"}, {"endp": "48", "style": {"isItalics": "no", "isUnderlined": "no", "isTitle": "no", "isBold": "no"}, "token_list": [{"endp": "38", "style": {"isItalics": "no", "isUnderlined": "no", "isTitle": "no", "isBold": "no"}, "inip": "36", "form": "was", "quote_level": "0", "syntactic_tree_relation_list": [{"type": "iof_isSubject", "id": "40"}, {"type": "iof_isAttribute", "id": "43"}, {"type": "iof_isLocationComplement", "id": "44"}], "affected_by_negation": "no", "separation": "1", "analysis_list": [{"lemma": "be", "tag": "VI-S1ASA-N-N9", "original_form": "was"}, {"lemma": "be", "tag": "VI-S3ASA-N-N9", "original_form": "was"}], "id": "8"}, {"endp": "42", "style": {"isItalics": "no", "isUnderlined": "no", "isTitle": "no", "isBold": "no"}, "token_list": [{"endp": "42", "style": {"isItalics": "no", "isUnderlined": "no", "isTitle": "no", "isBold": "no"}, "inip": "40", "form": "way", "quote_level": "0", "affected_by_negation": "no", "separation": "1", "analysis_list": [{"lemma": "way", "tag": "NC-S-N7", "original_form": "way"}], "id": "9"}], "separation": "1", "form": "way", "quote_level": "0", "head": "9", "syntactic_tree_relation_list": [{"type": "isAttribute", "id": "8"}], "affected_by_negation": "no", "inip": "40", "analysis_list": [{"lemma": "way", "tag": "GN-S3A--", "original_form": "way"}], "type": "phrase", "id": "43"}, {"endp": "48", "style": {"isItalics": "no", "isUnderlined": "no", "isTitle": "no", "isBold": "no"}, "token_list": [{"endp": "48", "style": {"isItalics": "no", "isUnderlined": "no", "isTitle": "no", "isBold": "no"}, "inip": "44", "form": "ahead", "quote_level": "0", "affected_by_negation": "no", "separation": "1", "analysis_list": [{"lemma": "ahead", "tag": "ENLPN5", "original_form": "ahead"}], "id": "10"}], "separation": "1", "form": "ahead", "quote_level": "0", "head": "10", "syntactic_tree_relation_list": [{"type": "isLocationComplement", "id": "8"}], "affected_by_negation": "no", "inip": "44", "analysis_list": [{"lemma": "ahead", "tag": "GEL--L--", "original_form": "ahead"}], "type": "phrase", "id": "44"}], "separation": "1", "form": "was way ahead", "quote_level": "0", "affected_by_negation": "no", "inip": "36", "analysis_list": [{"lemma": "*", "tag": "ZC----------", "original_form": "was way ahead"}], "type": "phrase", "id": "47"}, {"endp": "49", "style": {"isItalics": "no", "isUnderlined": "no", "isTitle": "no", "isBold": "no"}, "inip": "49", "form": ".", "quote_level": "0", "affected_by_negation": "no", "separation": "A", "analysis_list": [{"lemma": ".", "tag": "1D--", "original_form": "."}], "id": "11"}], "inip": "0", "quote_level": "0", "affected_by_negation": "no", "separation": "A", "type": "sentence", "id": "36"}, {"endp": "114", "style": {"isItalics": "no", "isUnderlined": "no", "isTitle": "no", "isBold": "no"}, "token_list": [{"endp": "94", "style": {"isItalics": "no", "isUnderlined": "no", "isTitle": "no", "isBold": "no"}, "token_list": [{"endp": "52", "style": {"isItalics": "no", "isUnderlined": "no", "isTitle": "no", "isBold": "no"}, "inip": "51", "form": "If", "quote_level": "0", "affected_by_negation": "no", "separation": "1", "analysis_list": [{"lemma": "if", "tag": "CSBN7", "original_form": "if"}], "id": "12"}, {"endp": "57", "style": {"isItalics": "no", "isUnderlined": "no", "isTitle": "no", "isBold": "no"}, "token_list": [{"endp": "57", "style": {"isItalics": "no", "isUnderlined": "no", "isTitle": "no", "isBold": "no"}, "inip": "54", "form": "Adam", "quote_level": "0", "affected_by_negation": "no", "separation": "1", "analysis_list": [{"lemma": "Adam", "tag": "NPUU-N-", "sense_id_list": [{"sense_id": "__18051277442308609257"}], "original_form": "Adam"}], "sense_list": [{"info": "sementity/class=instance@fiction=nonfiction@type=Top>Person@confidence=uncertain", "id": "__18051277442308609257", "form": "Adam"}], "id": "13"}], "separation": "1", "form": "Adam", "quote_level": "0", "head": "13", "syntactic_tree_relation_list": [{"type": "isSubject", "id": "34"}, {"type": "iof_isAnaphora", "id": "52"}], "affected_by_negation": "no", "inip": "54", "analysis_list": [{"lemma": "Adam", "tag": "GNUU3---", "original_form": "Adam"}], "type": "phrase", "id": "49"}, {"endp": "68", "style": {"isItalics": "no", "isUnderlined": "no", "isTitle": "no", "isBold": "no"}, "separation": "1", "form": "hadn't had", "quote_level": "0", "head": "31", "syntactic_tree_relation_list": [{"type": "iof_isSubject", "id": "49"}, {"type": "iof_isDirectObject", "id": "50"}], "affected_by_negation": "yes", "inip": "59", "analysis_list": [{"lemma": "have", "tag": "VI-UUAPA-NNE9", "original_form": "hadn't had"}], "type": "multiword", "id": "34"}, {"endp": "94", "style": {"isItalics": "no", "isUnderlined": "no", "isTitle": "no", "isBold": "no"}, "token_list": [{"endp": "70", "style": {"isItalics": "no", "isUnderlined": "no", "isTitle": "no", "isBold": "no"}, "inip": "70", "form": "a", "quote_level": "0", "affected_by_negation": "no", "separation": "1", "analysis_list": [{"lemma": "a", "tag": "QD-SPN9", "original_form": "a"}], "id": "18"}, {"endp": "77", "style": {"isItalics": "no", "isUnderlined": "no", "isTitle": "no", "isBold": "no"}, "inip": "72", "form": "sudden", "quote_level": "0", "affected_by_negation": "no", "separation": "1", "analysis_list": [{"lemma": "sudden", "tag": "AP-N5", "original_form": "sudden"}], "id": "19"}, {"endp": "81", "style": {"isItalics": "no", "isUnderlined": "no", "isTitle": "no", "isBold": "no"}, "inip": "79", "form": "run", "quote_level": "0", "affected_by_negation": "no", "separation": "1", "analysis_list": [{"lemma": "run", "tag": "NC-S-N5", "original_form": "run"}], "id": "20"}, {"endp": "94", "style": {"isItalics": "no", "isUnderlined": "no", "isTitle": "no", "isBold": "no"}, "token_list": [{"endp": "84", "style": {"isItalics": "no", "isUnderlined": "no", "isTitle": "no", "isBold": "no"}, "inip": "83", "form": "of", "quote_level": "0", "affected_by_negation": "no", "separation": "1", "analysis_list": [{"lemma": "of", "tag": "YN9", "original_form": "of"}], "id": "21"}, {"endp": "94", "style": {"isItalics": "no", "isUnderlined": "no", "isTitle": "no", "isBold": "no"}, "token_list": [{"endp": "89", "style": {"isItalics": "no", "isUnderlined": "no", "isTitle": "no", "isBold": "no"}, "inip": "86", "form": "good", "quote_level": "0", "affected_by_negation": "no", "separation": "1", "analysis_list": [{"lemma": "good", "tag": "NC-S-N5", "original_form": "good"}], "id": "22"}, {"endp": "94", "style": {"isItalics": "no", "isUnderlined": "no", "isTitle": "no", "isBold": "no"}, "inip": "91", "form": "luck", "quote_level": "0", "affected_by_negation": "no", "separation": "1", "analysis_list": [{"lemma": "luck", "tag": "NC-S-N4", "original_form": "luck"}], "id": "23"}], "separation": "1", "form": "good luck", "quote_level": "0", "head": "23", "affected_by_negation": "no", "inip": "86", "analysis_list": [{"lemma": "luck", "tag": "GN-S3---", "original_form": "good luck"}], "type": "phrase", "id": "51"}], "separation": "1", "form": "of good luck", "quote_level": "0", "head": "21", "affected_by_negation": "no", "inip": "83", "analysis_list": [{"lemma": "of", "tag": "GY------", "original_form": "of good luck"}], "type": "phrase", "id": "53"}], "separation": "1", "form": "a sudden run of good luck", "quote_level": "0", "head": "20", "syntactic_tree_relation_list": [{"type": "isDirectObject", "id": "34"}], "affected_by_negation": "no", "inip": "70", "analysis_list": [{"lemma": "run", "tag": "GN-S3D--", "original_form": "a sudden run"}], "type": "phrase", "id": "50"}], "separation": "1", "form": "If Adam hadn't had a sudden run of good luck", "quote_level": "0", "syntactic_tree_relation_list": [{"type": "isComplement", "id": "33"}], "affected_by_negation": "no", "inip": "51", "analysis_list": [{"lemma": "*", "tag": "ZE---CIA----", "original_form": "If Adam hadn't had a sudden run of good luck"}], "type": "phrase", "id": "54"}, {"endp": "95", "style": {"isItalics": "no", "isUnderlined": "no", "isTitle": "no", "isBold": "no"}, "inip": "95", "form": ",", "quote_level": "0", "affected_by_negation": "no", "separation": "A", "analysis_list": [{"lemma": ",", "tag": "1D--", "original_form": ","}], "id": "24"}, {"endp": "113", "style": {"isItalics": "no", "isUnderlined": "no", "isTitle": "no", "isBold": "no"}, "token_list": [{"endp": "98", "style": {"isItalics": "no", "isUnderlined": "no", "isTitle": "no", "isBold": "no"}, "token_list": [{"endp": "98", "style": {"isItalics": "no", "isUnderlined": "no", "isTitle": "no", "isBold": "no"}, "inip": "97", "form": "he", "quote_level": "0", "affected_by_negation": "no", "separation": "1", "analysis_list": [{"lemma": "he", "tag": "PPMS3NN8", "sense_id_list": [{"sense_id": "PRONHUMAN"}], "original_form": "he"}], "sense_list": [{"info": "semhum=human", "id": "PRONHUMAN", "form": "he"}], "id": "25"}], "separation": "1", "form": "he", "quote_level": "0", "head": "25", "syntactic_tree_relation_list": [{"type": "isAnaphora", "id": "49"}, {"type": "isSubject", "id": "33"}], "affected_by_negation": "no", "inip": "97", "analysis_list": [{"lemma": "he", "tag": "GNMS3S--", "original_form": "he"}], "type": "phrase", "id": "52"}, {"endp": "113", "style": {"isItalics": "no", "isUnderlined": "no", "isTitle": "no", "isBold": "no"}, "separation": "1", "form": "would have won", "quote_level": "0", "head": "26", "syntactic_tree_relation_list": [{"type": "iof_isComplement", "id": "54"}, {"type": "iof_isSubject", "id": "52"}], "affected_by_negation": "no", "inip": "100", "analysis_list": [{"lemma": "win", "tag": "VI-UUCPA-N-N8", "original_form": "would have won"}], "type": "multiword", "id": "33"}], "separation": "1", "form": "he would have won", "quote_level": "0", "affected_by_negation": "no", "inip": "97", "analysis_list": [{"lemma": "*", "tag": "Z-----------", "original_form": "he would have won"}], "type": "phrase", "id": "55"}, {"endp": "114", "style": {"isItalics": "no", "isUnderlined": "no", "isTitle": "no", "isBold": "no"}, "inip": "114", "form": ".", "quote_level": "0", "affected_by_negation": "no", "separation": "A", "analysis_list": [{"lemma": ".", "tag": "1D--", "original_form": "."}], "id": "29"}], "inip": "51", "quote_level": "0", "affected_by_negation": "no", "separation": "A", "type": "sentence", "id": "38"}]}