{"status": {"msg": "OK", "credits": "1", "remaining_credits": "39858", "code": "0"}, "token_list": [{"endp": "59", "style": {"isItalics": "no", "isUnderlined": "no", "isTitle": "no", "isBold": "no"}, "token_list": [{"endp": "58", "style": {"isItalics": "no", "isUnderlined": "no", "isTitle": "no", "isBold": "no"}, "token_list": [{"endp": "3", "style": {"isItalics": "no", "isUnderlined": "no", "isTitle": "no", "isBold": "no"}, "token_list": [{"endp": "3", "style": {"isItalics": "no", "isUnderlined": "no", "isTitle": "no", "isBold": "no"}, "inip": "0", "form": "Adam", "quote_level": "0", "affected_by_negation": "no", "separation": "_", "analysis_list": [{"lemma": "Adam", "tag": "NPUU-N-", "sense_id_list": [{"sense_id": "__18051277442308609257"}], "original_form": "Adam"}], "sense_list": [{"info": "sementity/class=instance@fiction=nonfiction@type=Top>Person@confidence=uncertain", "id": "__18051277442308609257", "form": "Adam"}], "id": "1"}], "separation": "_", "form": "Adam", "quote_level": "0", "head": "1", "syntactic_tree_relation_list": [{"type": "isSubject", "id": "10"}, {"type": "isSubject", "id": "38"}, {"type": "iof_isAnaphora", "id": "47"}], "affected_by_negation": "no", "inip": "0", "analysis_list": [{"lemma": "Adam", "tag": "GNUU3S--", "original_form": "Adam"}], "type": "phrase", "id": "43"}, {"endp": "15", "style": {"isItalics": "no", "isUnderlined": "no", "isTitle": "no", "isBold": "no"}, "separation": "1", "form": "can't leave", "quote_level": "0", "head": "35", "syntactic_tree_relation_list": [{"type": "iof_isSubject", "id": "43"}, {"type": "iof_isDirectObject", "id": "44"}, {"type": "iof_isLocationComplement", "id": "48"}, {"type": "iof_isTimeComplement", "id": "49"}], "affected_by_negation": "yes", "inip": "5", "analysis_list": [{"lemma": "leave", "tag": "VW-U3OSA-NNE3", "original_form": "can't leave"}], "type": "multiword", "id": "38"}, {"endp": "20", "style": {"isItalics": "no", "isUnderlined": "no", "isTitle": "no", "isBold": "no"}, "token_list": [{"endp": "20", "style": {"isItalics": "no", "isUnderlined": "no", "isTitle": "no", "isBold": "no"}, "inip": "17", "form": "work", "quote_level": "0", "affected_by_negation": "yes", "separation": "1", "analysis_list": [{"lemma": "work", "tag": "NC-S-N7", "sense_id_list": [{"sense_id": "3a2809b5b8"}, {"sense_id": "7aa7306d3d"}], "original_form": "work"}], "sense_list": [{"info": "sementity/class=class@fiction=nonfiction@id=ODENTITY_CULTURAL_PRODUCT@type=Top>Product>CulturalProduct\tsemld_list=sumo:CulturalProduct", "id": "3a2809b5b8", "form": "work"}, {"info": "sementity/class=class@fiction=nonfiction@id=ODENTITY_VOCATION@type=Top>OtherEntity>Vocation\tsemld_list=sumo:Position", "id": "7aa7306d3d", "form": "job"}], "id": "6"}], "separation": "1", "form": "work", "quote_level": "0", "head": "6", "syntactic_tree_relation_list": [{"type": "isDirectObject", "id": "38"}], "affected_by_negation": "no", "inip": "17", "analysis_list": [{"lemma": "work", "tag": "GN-S3D--", "original_form": "work"}], "type": "phrase", "id": "44"}, {"endp": "25", "style": {"isItalics": "no", "isUnderlined": "no", "isTitle": "no", "isBold": "no"}, "token_list": [{"endp": "25", "style": {"isItalics": "no", "isUnderlined": "no", "isTitle": "no", "isBold": "no"}, "inip": "22", "form": "here", "quote_level": "0", "affected_by_negation": "no", "separation": "1", "analysis_list": [{"lemma": "here", "tag": "ENLPN7", "original_form": "here"}], "id": "7"}], "separation": "1", "form": "here", "quote_level": "0", "head": "7", "syntactic_tree_relation_list": [{"type": "isLocationComplement", "id": "38"}], "affected_by_negation": "no", "inip": "22", "analysis_list": [{"lemma": "here", "tag": "GEL--L--", "original_form": "here"}], "type": "phrase", "id": "48"}, {"endp": "58", "style": {"isItalics": "no", "isUnderlined": "no", "isTitle": "no", "isBold": "no"}, "token_list": [{"endp": "31", "style": {"isItalics": "no", "isUnderlined": "no", "isTitle": "no", "isBold": "no"}, "inip": "27", "form": "until", "quote_level": "0", "affected_by_negation": "no", "separation": "1", "analysis_list": [{"lemma": "until", "tag": "CSCN5", "original_form": "until"}], "id": "8"}, {"endp": "35", "style": {"isItalics": "no", "isUnderlined": "no", "isTitle": "no", "isBold": "no"}, "token_list": [{"endp": "35", "style": {"isItalics": "no", "isUnderlined": "no", "isTitle": "no", "isBold": "no"}, "inip": "33", "form": "Bob", "quote_level": "0", "affected_by_negation": "no", "separation": "1", "analysis_list": [{"lemma": "Bob", "tag": "NPMS-N-", "sense_id_list": [{"sense_id": "8e4a3df3fb"}], "original_form": "Bob"}], "sense_list": [{"info": "sementity/class=instance@fiction=nonfiction@id=ODENTITY_FIRST_NAME@type=Top>Person>FirstName\tsemld_list=sumo:FirstName", "id": "8e4a3df3fb", "form": "Bob"}], "id": "9"}], "separation": "1", "form": "Bob", "quote_level": "0", "head": "9", "affected_by_negation": "no", "inip": "33", "analysis_list": [{"lemma": "Bob", "tag": "GNMS3---", "original_form": "Bob"}], "type": "phrase", "id": "45"}, {"endp": "43", "style": {"isItalics": "no", "isUnderlined": "no", "isTitle": "no", "isBold": "no"}, "inip": "37", "form": "arrives", "quote_level": "0", "syntactic_tree_relation_list": [{"type": "iof_isSubject", "id": "43"}], "affected_by_negation": "no", "separation": "1", "analysis_list": [{"lemma": "arrive", "tag": "VI-S3PSA-N-N6", "sense_id_list": [{"sense_id": "ODENTITY_MOTION"}], "original_form": "arrives"}], "sense_list": [{"info": "sementity/id=ODENTITY_MOTION@type=Top>Process>Motion\tsemld_list=sumo:Entity", "id": "ODENTITY_MOTION", "form": "arrive"}], "id": "10"}, {"endp": "54", "style": {"isItalics": "no", "isUnderlined": "no", "isTitle": "no", "isBold": "no"}, "separation": "1", "form": "to replace", "quote_level": "0", "head": "12", "syntactic_tree_relation_list": [{"type": "iof_isDirectObject", "id": "47"}], "affected_by_negation": "no", "inip": "45", "analysis_list": [{"lemma": "replace", "tag": "VF---OSA-N-N5", "sense_id_list": [{"sense_id": "ODENTITY_TRANSLOCATION"}, {"sense_id": "ODENTITY_REPAIRING"}, {"sense_id": "ODENTITY_SUBSTITUTING"}], "original_form": "to replace"}], "sense_list": [{"info": "sementity/id=ODENTITY_REPAIRING@type=Top>Process>IntentionalProcess>Repairing\tsemld_list=sumo:IntentionalProcess", "id": "ODENTITY_REPAIRING", "form": "replace"}, {"info": "sementity/id=ODENTITY_SUBSTITUTING@type=Top>Process>DualObjectProcess>Substituting\tsemld_list=sumo:Entity", "id": "ODENTITY_SUBSTITUTING", "form": "replace"}, {"info": "sementity/id=ODENTITY_TRANSLOCATION@type=Top>Process>Motion>Translocation\tsemld_list=sumo:Entity", "id": "ODENTITY_TRANSLOCATION", "form": "replace"}], "type": "multiword", "id": "46"}, {"endp": "58", "style": {"isItalics": "no", "isUnderlined": "no", "isTitle": "no", "isBold": "no"}, "token_list": [{"endp": "58", "style": {"isItalics": "no", "isUnderlined": "no", "isTitle": "no", "isBold": "no"}, "inip": "56", "form": "him", "quote_level": "0", "affected_by_negation": "no", "separation": "1", "analysis_list": [{"lemma": "him", "tag": "PP-S3AN7", "sense_id_list": [{"sense_id": "PRONHUMAN"}], "original_form": "him"}], "sense_list": [{"info": "semhum=human", "id": "PRONHUMAN", "form": "him"}], "id": "13"}], "separation": "1", "form": "him", "quote_level": "0", "head": "13", "syntactic_tree_relation_list": [{"type": "isAnaphora", "id": "43"}, {"type": "isDirectObject", "id": "46"}], "affected_by_negation": "no", "inip": "56", "analysis_list": [{"lemma": "him", "tag": "GN-S3D--", "original_form": "him"}], "type": "phrase", "id": "47"}], "separation": "1", "form": "until Bob arrives to replace him", "quote_level": "0", "syntactic_tree_relation_list": [{"type": "isTimeComplement", "id": "38"}], "affected_by_negation": "no", "inip": "27", "analysis_list": [{"lemma": "*", "tag": "ZE---TIP----", "original_form": "until Bob arrives to replace him"}], "type": "phrase", "id": "49"}], "separation": "_", "form": "Adam can't leave work here until Bob arrives to replace him", "quote_level": "0", "affected_by_negation": "no", "inip": "0", "analysis_list": [{"lemma": "*", "tag": "Z-----------", "original_form": "Adam can't leave work here until Bob arrives to replace him"}], "type": "phrase", "id": "50"}, {"endp": "59", "style": {"isItalics": "no", "isUnderlined": "no", "isTitle": "no", "isBold": "no"}, "inip": "59", "form": ".", "quote_level": "0", "affected_by_negation": "no", "separation": "A", "analysis_list": [{"lemma": ".", "tag": "1D--", "original_form": "."}], "id": "14"}], "inip": "0", "quote_level": "0", "affected_by_negation": "no", "separation": "A", "type": "sentence", "id": "39"}, {"endp": "129", "style": {"isItalics": "no", "isUnderlined": "no", "isTitle": "no", "isBold": "no"}, "token_list": [{"endp": "97", "style": {"isItalics": "no", "isUnderlined": "no", "isTitle": "no", "isBold": "no"}, "token_list": [{"endp": "62", "style": {"isItalics": "no", "isUnderlined": "no", "isTitle": "no", "isBold": "no"}, "inip": "61", "form": "If", "quote_level": "0", "affected_by_negation": "no", "separation": "1", "analysis_list": [{"lemma": "if", "tag": "CSBN7", "original_form": "if"}], "id": "15"}, {"endp": "66", "style": {"isItalics": "no", "isUnderlined": "no", "isTitle": "no", "isBold": "no"}, "token_list": [{"endp": "66", "style": {"isItalics": "no", "isUnderlined": "no", "isTitle": "no", "isBold": "no"}, "inip": "64", "form": "Bob", "quote_level": "0", "affected_by_negation": "no", "separation": "1", "analysis_list": [{"lemma": "Bob", "tag": "NPMS-N-", "sense_id_list": [{"sense_id": "8e4a3df3fb"}], "original_form": "Bob"}], "sense_list": [{"info": "sementity/class=instance@fiction=nonfiction@id=ODENTITY_FIRST_NAME@type=Top>Person>FirstName\tsemld_list=sumo:FirstName", "id": "8e4a3df3fb", "form": "Bob"}], "id": "16"}], "separation": "1", "form": "Bob", "quote_level": "0", "head": "16", "syntactic_tree_relation_list": [{"type": "isSubject", "id": "37"}, {"type": "iof_isAnaphora", "id": "56"}], "affected_by_negation": "no", "inip": "64", "analysis_list": [{"lemma": "Bob", "tag": "GNMS3---", "original_form": "Bob"}], "type": "phrase", "id": "52"}, {"endp": "75", "style": {"isItalics": "no", "isUnderlined": "no", "isTitle": "no", "isBold": "no"}, "separation": "1", "form": "had left", "quote_level": "0", "head": "17", "syntactic_tree_relation_list": [{"type": "iof_isSubject", "id": "52"}, {"type": "iof_isDirectObject", "id": "53"}, {"type": "iof_isTimeComplement", "id": "58"}], "affected_by_negation": "no", "inip": "68", "analysis_list": [{"lemma": "leave", "tag": "VI-UUAPA-N-N9", "original_form": "had left"}], "type": "multiword", "id": "37"}, {"endp": "89", "style": {"isItalics": "no", "isUnderlined": "no", "isTitle": "no", "isBold": "no"}, "token_list": [{"endp": "80", "style": {"isItalics": "no", "isUnderlined": "no", "isTitle": "no", "isBold": "no"}, "inip": "77", "form": "home", "quote_level": "0", "affected_by_negation": "no", "separation": "1", "analysis_list": [{"lemma": "home", "tag": "NC-S-N6", "sense_id_list": [{"sense_id": "144b5c0ed4"}], "original_form": "home"}], "sense_list": [{"info": "sementity/class=class@fiction=nonfiction@id=ODENTITY_FACILITY@type=Top>Location>Facility\tsemld_list=sumo:FacilityPartOther", "id": "144b5c0ed4", "form": "home"}], "id": "19"}, {"endp": "89", "style": {"isItalics": "no", "isUnderlined": "no", "isTitle": "no", "isBold": "no"}, "token_list": [{"endp": "84", "style": {"isItalics": "no", "isUnderlined": "no", "isTitle": "no", "isBold": "no"}, "inip": "82", "form": "for", "quote_level": "0", "affected_by_negation": "no", "separation": "1", "analysis_list": [{"lemma": "for", "tag": "YN5", "original_form": "for"}], "id": "20"}, {"endp": "89", "style": {"isItalics": "no", "isUnderlined": "no", "isTitle": "no", "isBold": "no"}, "token_list": [{"endp": "89", "style": {"isItalics": "no", "isUnderlined": "no", "isTitle": "no", "isBold": "no"}, "inip": "86", "form": "work", "quote_level": "0", "affected_by_negation": "no", "separation": "1", "analysis_list": [{"lemma": "work", "tag": "NC-S-N7", "sense_id_list": [{"sense_id": "3a2809b5b8"}, {"sense_id": "7aa7306d3d"}], "original_form": "work"}], "sense_list": [{"info": "sementity/class=class@fiction=nonfiction@id=ODENTITY_CULTURAL_PRODUCT@type=Top>Product>CulturalProduct\tsemld_list=sumo:CulturalProduct", "id": "3a2809b5b8", "form": "work"}, {"info": "sementity/class=class@fiction=nonfiction@id=ODENTITY_VOCATION@type=Top>OtherEntity>Vocation\tsemld_list=sumo:Position", "id": "7aa7306d3d", "form": "job"}], "id": "21"}], "separation": "1", "form": "work", "quote_level": "0", "head": "21", "affected_by_negation": "no", "inip": "86", "analysis_list": [{"lemma": "work", "tag": "GN-S3---", "original_form": "work"}], "type": "phrase", "id": "54"}], "separation": "1", "form": "for work", "quote_level": "0", "head": "20", "affected_by_negation": "no", "inip": "82", "analysis_list": [{"lemma": "for", "tag": "GY------", "original_form": "for work"}], "type": "phrase", "id": "59"}], "separation": "1", "form": "home for work", "quote_level": "0", "head": "19", "syntactic_tree_relation_list": [{"type": "isDirectObject", "id": "37"}], "affected_by_negation": "no", "inip": "77", "analysis_list": [{"lemma": "home", "tag": "GN-S3D--", "original_form": "home"}], "type": "phrase", "id": "53"}, {"endp": "97", "style": {"isItalics": "no", "isUnderlined": "no", "isTitle": "no", "isBold": "no"}, "token_list": [{"endp": "97", "style": {"isItalics": "no", "isUnderlined": "no", "isTitle": "no", "isBold": "no"}, "inip": "91", "form": "on time", "quote_level": "0", "affected_by_negation": "no", "separation": "1", "analysis_list": [{"lemma": "on time", "tag": "ENTPN-", "original_form": "on time"}], "id": "34"}], "separation": "1", "form": "on time", "quote_level": "0", "head": "34", "syntactic_tree_relation_list": [{"type": "isTimeComplement", "id": "37"}], "affected_by_negation": "no", "inip": "91", "analysis_list": [{"lemma": "on time", "tag": "GET--T--", "original_form": "on time"}], "type": "phrase", "id": "58"}], "separation": "1", "form": "If Bob had left home for work on time", "quote_level": "0", "syntactic_tree_relation_list": [{"type": "isComplement", "id": "36"}], "affected_by_negation": "no", "inip": "61", "analysis_list": [{"lemma": "*", "tag": "ZE---CIA----", "original_form": "If Bob had left home for work on time"}], "type": "phrase", "id": "60"}, {"endp": "98", "style": {"isItalics": "no", "isUnderlined": "no", "isTitle": "no", "isBold": "no"}, "inip": "98", "form": ",", "quote_level": "0", "affected_by_negation": "no", "separation": "A", "analysis_list": [{"lemma": ",", "tag": "1D--", "original_form": ","}], "id": "24"}, {"endp": "128", "style": {"isItalics": "no", "isUnderlined": "no", "isTitle": "no", "isBold": "no"}, "token_list": [{"endp": "101", "style": {"isItalics": "no", "isUnderlined": "no", "isTitle": "no", "isBold": "no"}, "token_list": [{"endp": "101", "style": {"isItalics": "no", "isUnderlined": "no", "isTitle": "no", "isBold": "no"}, "inip": "100", "form": "he", "quote_level": "0", "affected_by_negation": "no", "separation": "1", "analysis_list": [{"lemma": "he", "tag": "PPMS3NN8", "sense_id_list": [{"sense_id": "PRONHUMAN"}], "original_form": "he"}], "sense_list": [{"info": "semhum=human", "id": "PRONHUMAN", "form": "he"}], "id": "25"}], "separation": "1", "form": "he", "quote_level": "0", "head": "25", "syntactic_tree_relation_list": [{"type": "isAnaphora", "id": "52"}, {"type": "isSubject", "id": "36"}], "affected_by_negation": "no", "inip": "100", "analysis_list": [{"lemma": "he", "tag": "GNMS3S--", "original_form": "he"}], "type": "phrase", "id": "56"}, {"endp": "110", "style": {"isItalics": "no", "isUnderlined": "no", "isTitle": "no", "isBold": "no"}, "separation": "1", "form": "would be", "quote_level": "0", "head": "26", "syntactic_tree_relation_list": [{"type": "iof_isComplement", "id": "60"}, {"type": "iof_isSubject", "id": "56"}, {"type": "iof_isTimeComplement", "id": "57"}], "affected_by_negation": "no", "inip": "103", "analysis_list": [{"lemma": "be", "tag": "VI-UUCSA-N-N8", "original_form": "would be"}], "type": "multiword", "id": "36"}, {"endp": "128", "style": {"isItalics": "no", "isUnderlined": "no", "isTitle": "no", "isBold": "no"}, "token_list": [{"endp": "115", "style": {"isItalics": "no", "isUnderlined": "no", "isTitle": "no", "isBold": "no"}, "inip": "112", "form": "here", "quote_level": "0", "affected_by_negation": "no", "separation": "1", "analysis_list": [{"lemma": "here", "tag": "ENLPN7", "original_form": "here"}], "id": "28"}, {"endp": "118", "style": {"isItalics": "no", "isUnderlined": "no", "isTitle": "no", "isBold": "no"}, "inip": "117", "form": "by", "quote_level": "0", "affected_by_negation": "no", "separation": "1", "analysis_list": [{"lemma": "by", "tag": "YN4", "original_form": "by"}], "id": "29"}, {"endp": "128", "style": {"isItalics": "no", "isUnderlined": "no", "isTitle": "no", "isBold": "no"}, "token_list": [{"endp": "123", "style": {"isItalics": "no", "isUnderlined": "no", "isTitle": "no", "isBold": "no"}, "inip": "120", "form": "this", "quote_level": "0", "affected_by_negation": "no", "separation": "1", "analysis_list": [{"lemma": "this", "tag": "DD-SN3", "original_form": "this"}], "id": "30"}, {"endp": "128", "style": {"isItalics": "no", "isUnderlined": "no", "isTitle": "no", "isBold": "no"}, "inip": "125", "form": "time", "quote_level": "0", "affected_by_negation": "no", "separation": "1", "analysis_list": [{"lemma": "time", "tag": "NC-S-N4", "sense_id_list": [{"sense_id": "cc1779f52b"}, {"sense_id": "630eb4088a"}, {"sense_id": "e0a232e11e"}], "original_form": "time"}], "sense_list": [{"info": "sementity/class=class@fiction=nonfiction@id=ODENTITY_PERIOD@type=Top>Timex>Period\tsemld_list=sumo:TimeInterval", "id": "630eb4088a", "form": "moment"}, {"info": "sementity/class=class@fiction=nonfiction@id=ODENTITY_PERIOD@type=Top>Timex>Period\tsemld_list=sumo:TimeInterval", "id": "cc1779f52b", "form": "period"}, {"info": "sementity/class=class@fiction=nonfiction@id=ODENTITY_PERIOD@type=Top>Timex>Period\tsemld_list=sumo:TimeInterval", "id": "e0a232e11e", "form": "time"}], "id": "31"}], "separation": "1", "form": "this time", "quote_level": "0", "head": "31", "affected_by_negation": "no", "inip": "120", "analysis_list": [{"lemma": "time", "tag": "GN-S3T--", "original_form": "this time"}], "type": "phrase", "id": "55"}], "separation": "1", "form": "here by this time", "quote_level": "0", "head": "29", "syntactic_tree_relation_list": [{"type": "isTimeComplement", "id": "36"}], "affected_by_negation": "no", "inip": "112", "analysis_list": [{"lemma": "by", "tag": "GY---T--", "original_form": "here by this time"}], "type": "phrase", "id": "57"}], "separation": "1", "form": "he would be here by this time", "quote_level": "0", "affected_by_negation": "no", "inip": "100", "analysis_list": [{"lemma": "*", "tag": "Z-----------", "original_form": "he would be here by this time"}], "type": "phrase", "id": "61"}, {"endp": "129", "style": {"isItalics": "no", "isUnderlined": "no", "isTitle": "no", "isBold": "no"}, "inip": "129", "form": ".", "quote_level": "0", "affected_by_negation": "no", "separation": "A", "analysis_list": [{"lemma": ".", "tag": "1D--", "original_form": "."}], "id": "32"}], "inip": "61", "quote_level": "0", "affected_by_negation": "no", "separation": "A", "type": "sentence", "id": "41"}]}