{"status": {"msg": "OK", "credits": "1", "remaining_credits": "39856", "code": "0"}, "token_list": [{"endp": "81", "style": {"isItalics": "no", "isUnderlined": "no", "isTitle": "no", "isBold": "no"}, "token_list": [{"endp": "45", "style": {"isItalics": "no", "isUnderlined": "no", "isTitle": "no", "isBold": "no"}, "token_list": [{"endp": "1", "style": {"isItalics": "no", "isUnderlined": "no", "isTitle": "no", "isBold": "no"}, "inip": "0", "form": "If", "quote_level": "0", "affected_by_negation": "no", "separation": "_", "analysis_list": [{"lemma": "if", "tag": "CSBN7", "original_form": "if"}], "id": "1"}, {"endp": "16", "style": {"isItalics": "no", "isUnderlined": "no", "isTitle": "no", "isBold": "no"}, "token_list": [{"endp": "5", "style": {"isItalics": "no", "isUnderlined": "no", "isTitle": "no", "isBold": "no"}, "inip": "3", "form": "the", "quote_level": "0", "affected_by_negation": "no", "separation": "1", "analysis_list": [{"lemma": "the", "tag": "TD-SN9", "original_form": "the"}], "id": "2"}, {"endp": "9", "style": {"isItalics": "no", "isUnderlined": "no", "isTitle": "no", "isBold": "no"}, "inip": "7", "form": "con", "quote_level": "0", "affected_by_negation": "no", "separation": "1", "analysis_list": [{"lemma": "con", "tag": "NC-S-N-", "original_form": "con"}], "id": "3"}, {"endp": "16", "style": {"isItalics": "no", "isUnderlined": "no", "isTitle": "no", "isBold": "no"}, "inip": "11", "form": "artist", "quote_level": "0", "affected_by_negation": "no", "separation": "1", "analysis_list": [{"lemma": "artist", "tag": "NC-S-N5", "sense_id_list": [{"sense_id": "e68d68a59d"}], "original_form": "artist"}], "sense_list": [{"info": "sementity/class=class@fiction=nonfiction@id=ODENTITY_VOCATION@type=Top>OtherEntity>Vocation\tsemld_list=sumo:Position\tsemtheme_list/id=ODTHEME_ARTS@type=Top>Arts", "id": "e68d68a59d", "form": "artist"}], "id": "4"}], "separation": "1", "form": "the con artist", "quote_level": "0", "head": "4", "syntactic_tree_relation_list": [{"type": "isSubject", "id": "24"}], "affected_by_negation": "no", "inip": "3", "analysis_list": [{"lemma": "artist", "tag": "GN-S3---", "original_form": "the con artist"}], "type": "phrase", "id": "28"}, {"endp": "30", "style": {"isItalics": "no", "isUnderlined": "no", "isTitle": "no", "isBold": "no"}, "separation": "1", "form": "has succeeded", "quote_level": "0", "head": "5", "syntactic_tree_relation_list": [{"type": "iof_isSubject", "id": "28"}], "affected_by_negation": "no", "inip": "18", "analysis_list": [{"lemma": "succeed", "tag": "VI-S3PPA-N-N9", "original_form": "has succeeded"}], "type": "multiword", "id": "24"}, {"endp": "33", "style": {"isItalics": "no", "isUnderlined": "no", "isTitle": "no", "isBold": "no"}, "inip": "32", "form": "in", "quote_level": "0", "affected_by_negation": "no", "separation": "1", "analysis_list": [{"lemma": "in", "tag": "YN6", "original_form": "in"}], "id": "7"}, {"endp": "45", "style": {"isItalics": "no", "isUnderlined": "no", "isTitle": "no", "isBold": "no"}, "token_list": [{"endp": "41", "style": {"isItalics": "no", "isUnderlined": "no", "isTitle": "no", "isBold": "no"}, "inip": "35", "form": "fooling", "quote_level": "0", "syntactic_tree_relation_list": [{"type": "iof_isDirectObject", "id": "29"}], "affected_by_negation": "no", "separation": "1", "analysis_list": [{"lemma": "fool", "tag": "VP---PSA-N-N2", "sense_id_list": [{"sense_id": "ODENTITY_TRANSACTION"}, {"sense_id": "ODENTITY_SOCIAL_INTERACTION"}], "original_form": "fooling"}], "sense_list": [{"info": "sementity/id=ODENTITY_SOCIAL_INTERACTION@type=Top>Process>IntentionalProcess>SocialInteraction\tsemld_list=sumo:IntentionalProcess", "id": "ODENTITY_SOCIAL_INTERACTION", "form": "fool"}, {"info": "sementity/id=ODENTITY_TRANSACTION@type=Top>Process>DualObjectProcess>Transaction\tsemld_list=sumo:Entity", "id": "ODENTITY_TRANSACTION", "form": "fool"}], "id": "8"}, {"endp": "45", "style": {"isItalics": "no", "isUnderlined": "no", "isTitle": "no", "isBold": "no"}, "token_list": [{"endp": "45", "style": {"isItalics": "no", "isUnderlined": "no", "isTitle": "no", "isBold": "no"}, "inip": "43", "form": "Sam", "quote_level": "0", "affected_by_negation": "no", "separation": "1", "analysis_list": [{"lemma": "Sam", "tag": "NPUS-N-", "sense_id_list": [{"sense_id": "0bd9abb268"}], "original_form": "Sam"}], "sense_list": [{"info": "sementity/class=instance@fiction=nonfiction@id=ODENTITY_FIRST_NAME@type=Top>Person>FirstName\tsemld_list=sumo:FirstName", "id": "0bd9abb268", "form": "Sam"}], "id": "9"}], "separation": "1", "form": "Sam", "quote_level": "0", "head": "9", "syntactic_tree_relation_list": [{"type": "isDirectObject", "id": "8"}, {"type": "iof_isAnaphora", "id": "31"}], "affected_by_negation": "no", "inip": "43", "analysis_list": [{"lemma": "Sam", "tag": "GNUS3D--", "original_form": "Sam"}], "type": "phrase", "id": "29"}], "separation": "1", "form": "fooling Sam", "quote_level": "0", "affected_by_negation": "no", "inip": "35", "analysis_list": [{"lemma": "*", "tag": "ZN-S3-PP----", "original_form": "fooling Sam"}], "type": "phrase", "id": "32"}], "separation": "_", "form": "If the con artist has succeeded in fooling Sam", "quote_level": "0", "syntactic_tree_relation_list": [{"type": "isComplement", "id": "23"}], "affected_by_negation": "no", "inip": "0", "analysis_list": [{"lemma": "*", "tag": "ZE---CIP----", "original_form": "If the con artist has succeeded in fooling Sam"}], "type": "phrase", "id": "33"}, {"endp": "46", "style": {"isItalics": "no", "isUnderlined": "no", "isTitle": "no", "isBold": "no"}, "inip": "46", "form": ",", "quote_level": "0", "affected_by_negation": "no", "separation": "A", "analysis_list": [{"lemma": ",", "tag": "1D--", "original_form": ","}], "id": "10"}, {"endp": "80", "style": {"isItalics": "no", "isUnderlined": "no", "isTitle": "no", "isBold": "no"}, "token_list": [{"endp": "49", "style": {"isItalics": "no", "isUnderlined": "no", "isTitle": "no", "isBold": "no"}, "token_list": [{"endp": "49", "style": {"isItalics": "no", "isUnderlined": "no", "isTitle": "no", "isBold": "no"}, "inip": "48", "form": "he", "quote_level": "0", "affected_by_negation": "no", "separation": "1", "analysis_list": [{"lemma": "he", "tag": "PPMS3NN8", "sense_id_list": [{"sense_id": "PRONHUMAN"}], "original_form": "he"}], "sense_list": [{"info": "semhum=human", "id": "PRONHUMAN", "form": "he"}], "id": "11"}], "separation": "1", "form": "he", "quote_level": "0", "head": "11", "syntactic_tree_relation_list": [{"type": "isAnaphora", "id": "29"}, {"type": "isSubject", "id": "23"}], "affected_by_negation": "no", "inip": "48", "analysis_list": [{"lemma": "he", "tag": "GNMS3S--", "original_form": "he"}], "type": "phrase", "id": "31"}, {"endp": "65", "style": {"isItalics": "no", "isUnderlined": "no", "isTitle": "no", "isBold": "no"}, "separation": "1", "form": "would have lost", "quote_level": "0", "head": "12", "syntactic_tree_relation_list": [{"type": "iof_isComplement", "id": "33"}, {"type": "iof_isSubject", "id": "31"}, {"type": "iof_isDirectObject", "id": "30"}], "affected_by_negation": "no", "inip": "51", "analysis_list": [{"lemma": "lose", "tag": "VI-UUCPA-N-N8", "original_form": "would have lost"}], "type": "multiword", "id": "23"}, {"endp": "80", "style": {"isItalics": "no", "isUnderlined": "no", "isTitle": "no", "isBold": "no"}, "token_list": [{"endp": "74", "style": {"isItalics": "no", "isUnderlined": "no", "isTitle": "no", "isBold": "no"}, "inip": "67", "form": "a lot of", "quote_level": "0", "affected_by_negation": "no", "separation": "1", "analysis_list": [{"lemma": "a lot of", "tag": "QD-SPN-", "original_form": "a lot of"}], "id": "21"}, {"endp": "80", "style": {"isItalics": "no", "isUnderlined": "no", "isTitle": "no", "isBold": "no"}, "inip": "76", "form": "money", "quote_level": "0", "affected_by_negation": "no", "separation": "1", "analysis_list": [{"lemma": "money", "tag": "NC-S-N6", "sense_id_list": [{"sense_id": "03c33194d1"}], "original_form": "money"}], "sense_list": [{"info": "sementity/class=class@fiction=nonfiction@id=ODENTITY_MONEY@type=Top>Numex>Money\tsemld_list=sumo:FinancialInstrument\tsemtheme_list/id=ODTHEME_ECONOMY@type=Top>SocialSciences>Economy", "id": "03c33194d1", "form": "money"}], "id": "18"}], "separation": "1", "form": "a lot of money", "quote_level": "0", "head": "18", "syntactic_tree_relation_list": [{"type": "isDirectObject", "id": "23"}], "affected_by_negation": "no", "inip": "67", "analysis_list": [{"lemma": "money", "tag": "GN-S3D--", "original_form": "a lot of money"}], "type": "phrase", "id": "30"}], "separation": "1", "form": "he would have lost a lot of money", "quote_level": "0", "affected_by_negation": "no", "inip": "48", "analysis_list": [{"lemma": "*", "tag": "Z-----------", "original_form": "he would have lost a lot of money"}], "type": "phrase", "id": "34"}, {"endp": "81", "style": {"isItalics": "no", "isUnderlined": "no", "isTitle": "no", "isBold": "no"}, "inip": "81", "form": ".", "quote_level": "0", "affected_by_negation": "no", "separation": "A", "analysis_list": [{"lemma": ".", "tag": "1D--", "original_form": "."}], "id": "19"}], "inip": "0", "quote_level": "0", "affected_by_negation": "no", "separation": "A", "type": "sentence", "id": "25"}]}