{"status": {"msg": "OK", "credits": "1", "remaining_credits": "39855", "code": "0"}, "token_list": [{"endp": "76", "style": {"isItalics": "no", "isUnderlined": "no", "isTitle": "no", "isBold": "no"}, "token_list": [{"endp": "24", "style": {"isItalics": "no", "isUnderlined": "no", "isTitle": "no", "isBold": "no"}, "token_list": [{"endp": "1", "style": {"isItalics": "no", "isUnderlined": "no", "isTitle": "no", "isBold": "no"}, "token_list": [{"endp": "1", "style": {"isItalics": "no", "isUnderlined": "no", "isTitle": "no", "isBold": "no"}, "inip": "0", "form": "It", "quote_level": "0", "affected_by_negation": "no", "separation": "_", "analysis_list": [{"lemma": "it", "tag": "PP-S3NN8", "sense_id_list": [{"sense_id": "PRONNONHUMAN"}], "original_form": "it"}], "sense_list": [{"info": "semhum=nonhuman", "id": "PRONNONHUMAN", "form": "it"}], "id": "1"}], "separation": "_", "form": "It", "quote_level": "0", "head": "1", "syntactic_tree_relation_list": [{"type": "isSubject", "id": "2"}], "affected_by_negation": "no", "inip": "0", "analysis_list": [{"lemma": "it", "tag": "GN-S3S--", "original_form": "It"}], "type": "phrase", "id": "51"}, {"endp": "5", "style": {"isItalics": "no", "isUnderlined": "no", "isTitle": "no", "isBold": "no"}, "inip": "3", "form": "was", "quote_level": "0", "syntactic_tree_relation_list": [{"type": "iof_isSubject", "id": "51"}, {"type": "iof_isTimeComplement", "id": "47"}], "affected_by_negation": "no", "separation": "1", "analysis_list": [{"lemma": "be", "tag": "VI-S3ASA-N-N9", "original_form": "was"}], "id": "2"}, {"endp": "24", "style": {"isItalics": "no", "isUnderlined": "no", "isTitle": "no", "isBold": "no"}, "token_list": [{"endp": "7", "style": {"isItalics": "no", "isUnderlined": "no", "isTitle": "no", "isBold": "no"}, "inip": "7", "form": "a", "quote_level": "0", "affected_by_negation": "no", "separation": "1", "analysis_list": [{"lemma": "a", "tag": "QD-SPN9", "original_form": "a"}], "id": "3"}, {"endp": "14", "style": {"isItalics": "no", "isUnderlined": "no", "isTitle": "no", "isBold": "no"}, "separation": "1", "form": "summer", "quote_level": "0", "affected_by_negation": "no", "inip": "9", "analysis_list": [{"lemma": "Summer", "tag": "NPFS-N-", "sense_id_list": [{"sense_id": "0b21b097c4"}], "check_info": {"form_list": [{"form": "Summer"}], "tag": "7"}, "original_form": "Summer"}, {"lemma": "Summer", "tag": "ND-S-N-", "sense_id_list": [{"sense_id": "c65a15c9ad"}], "check_info": {"form_list": [{"form": "Summer"}], "tag": "7"}, "original_form": "Summer"}], "sense_list": [{"info": "sementity/class=instance@fiction=nonfiction@id=ODENTITY_FIRST_NAME@type=Top>Person>FirstName\tsemld_list=sumo:FirstName", "id": "0b21b097c4", "form": "Summer"}, {"info": "sementity/class=class@fiction=nonfiction@id=ODENTITY_TIMEX@type=Top>Timex\tsemld_list=sumo:TimeInterval", "id": "c65a15c9ad", "form": "Summer"}], "id": "4", "normalized_form": "date@||v||||||||"}, {"endp": "24", "style": {"isItalics": "no", "isUnderlined": "no", "isTitle": "no", "isBold": "no"}, "inip": "16", "form": "afternoon", "quote_level": "0", "affected_by_negation": "no", "separation": "1", "analysis_list": [{"lemma": "afternoon", "tag": "NC-S-N5", "sense_id_list": [{"sense_id": "16fc46de57"}], "original_form": "afternoon"}], "sense_list": [{"info": "sementity/class=class@fiction=nonfiction@id=ODENTITY_PERIOD@type=Top>Timex>Period\tsemld_list=sumo:TimeInterval", "id": "16fc46de57", "form": "afternoon"}], "id": "5"}], "separation": "1", "form": "a summer afternoon", "quote_level": "0", "head": "5", "syntactic_tree_relation_list": [{"type": "isTimeComplement", "id": "2"}, {"type": "iof_isAnaphora", "id": "61"}, {"type": "iof_isAnaphora", "id": "60"}], "affected_by_negation": "no", "inip": "7", "analysis_list": [{"lemma": "afternoon", "tag": "GN-S3T--", "original_form": "a summer afternoon"}], "type": "phrase", "id": "47", "normalized_form": "date@||v||||||||"}], "separation": "_", "form": "It was a summer afternoon", "quote_level": "0", "affected_by_negation": "no", "inip": "0", "analysis_list": [{"lemma": "*", "tag": "ZC----------", "original_form": "It was a summer afternoon"}], "type": "phrase", "id": "54"}, {"endp": "25", "style": {"isItalics": "no", "isUnderlined": "no", "isTitle": "no", "isBold": "no"}, "inip": "25", "form": ",", "quote_level": "0", "affected_by_negation": "no", "separation": "A", "analysis_list": [{"lemma": ",", "tag": "1D--", "original_form": ","}], "id": "6"}, {"endp": "29", "style": {"isItalics": "no", "isUnderlined": "no", "isTitle": "no", "isBold": "no"}, "inip": "27", "form": "and", "quote_level": "0", "affected_by_negation": "no", "separation": "1", "analysis_list": [{"lemma": "and", "tag": "CCYN9", "original_form": "and"}], "id": "7"}, {"endp": "75", "style": {"isItalics": "no", "isUnderlined": "no", "isTitle": "no", "isBold": "no"}, "token_list": [{"endp": "37", "style": {"isItalics": "no", "isUnderlined": "no", "isTitle": "no", "isBold": "no"}, "token_list": [{"endp": "33", "style": {"isItalics": "no", "isUnderlined": "no", "isTitle": "no", "isBold": "no"}, "inip": "31", "form": "the", "quote_level": "0", "affected_by_negation": "no", "separation": "1", "analysis_list": [{"lemma": "the", "tag": "TD-SN9", "original_form": "the"}], "id": "8"}, {"endp": "37", "style": {"isItalics": "no", "isUnderlined": "no", "isTitle": "no", "isBold": "no"}, "inip": "35", "form": "dog", "quote_level": "0", "affected_by_negation": "no", "separation": "1", "analysis_list": [{"lemma": "dog", "tag": "NC-S-N5", "sense_id_list": [{"sense_id": "587be6b063"}], "original_form": "dog"}], "sense_list": [{"info": "sementity/class=class@fiction=nonfiction@id=ODENTITY_MAMMAL@type=Top>LivingThing>Animal>Vertebrate>Mammal\tsemld_list=sumo:Mammal\tsemtheme_list/id=ODTHEME_ZOOLOGY@type=Top>NaturalSciences>Zoology", "id": "587be6b063", "form": "dog"}], "id": "9"}], "separation": "1", "form": "the dog", "quote_level": "0", "head": "9", "syntactic_tree_relation_list": [{"type": "isSubject", "id": "41"}], "affected_by_negation": "no", "inip": "31", "analysis_list": [{"lemma": "dog", "tag": "GN-S3S--", "original_form": "the dog"}], "type": "phrase", "id": "48"}, {"endp": "49", "style": {"isItalics": "no", "isUnderlined": "no", "isTitle": "no", "isBold": "no"}, "separation": "1", "form": "was sitting", "quote_level": "0", "head": "10", "syntactic_tree_relation_list": [{"type": "iof_isSubject", "id": "48"}, {"type": "iof_isComplement", "id": "53"}], "affected_by_negation": "no", "inip": "39", "analysis_list": [{"lemma": "sit", "tag": "VI-S3ACA-N-N9", "original_form": "was sitting"}], "type": "multiword", "id": "41"}, {"endp": "75", "style": {"isItalics": "no", "isUnderlined": "no", "isTitle": "no", "isBold": "no"}, "token_list": [{"endp": "52", "style": {"isItalics": "no", "isUnderlined": "no", "isTitle": "no", "isBold": "no"}, "inip": "51", "form": "in", "quote_level": "0", "affected_by_negation": "no", "separation": "1", "analysis_list": [{"lemma": "in", "tag": "YN6", "original_form": "in"}], "id": "12"}, {"endp": "75", "style": {"isItalics": "no", "isUnderlined": "no", "isTitle": "no", "isBold": "no"}, "token_list": [{"endp": "56", "style": {"isItalics": "no", "isUnderlined": "no", "isTitle": "no", "isBold": "no"}, "inip": "54", "form": "the", "quote_level": "0", "affected_by_negation": "no", "separation": "1", "analysis_list": [{"lemma": "the", "tag": "TD-SN9", "original_form": "the"}], "id": "13"}, {"endp": "63", "style": {"isItalics": "no", "isUnderlined": "no", "isTitle": "no", "isBold": "no"}, "inip": "58", "form": "middle", "quote_level": "0", "affected_by_negation": "no", "separation": "1", "analysis_list": [{"lemma": "middle", "tag": "NC-S-N5", "sense_id_list": [{"sense_id": "8a9aee8bf9"}], "original_form": "middle"}], "sense_list": [{"info": "sementity/class=class@fiction=nonfiction@id=ODENTITY_NUMEX@type=Top>Numex\tsemld_list=sumo:Quantity", "id": "8a9aee8bf9", "form": "average"}], "id": "14"}, {"endp": "75", "style": {"isItalics": "no", "isUnderlined": "no", "isTitle": "no", "isBold": "no"}, "token_list": [{"endp": "66", "style": {"isItalics": "no", "isUnderlined": "no", "isTitle": "no", "isBold": "no"}, "inip": "65", "form": "of", "quote_level": "0", "affected_by_negation": "no", "separation": "1", "analysis_list": [{"lemma": "of", "tag": "YN9", "original_form": "of"}], "id": "15"}, {"endp": "75", "style": {"isItalics": "no", "isUnderlined": "no", "isTitle": "no", "isBold": "no"}, "token_list": [{"endp": "70", "style": {"isItalics": "no", "isUnderlined": "no", "isTitle": "no", "isBold": "no"}, "inip": "68", "form": "the", "quote_level": "0", "affected_by_negation": "no", "separation": "1", "analysis_list": [{"lemma": "the", "tag": "TD-SN9", "original_form": "the"}], "id": "16"}, {"endp": "75", "style": {"isItalics": "no", "isUnderlined": "no", "isTitle": "no", "isBold": "no"}, "inip": "72", "form": "lawn", "quote_level": "0", "affected_by_negation": "no", "separation": "1", "analysis_list": [{"lemma": "lawn", "tag": "NC-S-N4", "original_form": "lawn"}], "id": "17"}], "separation": "1", "form": "the lawn", "quote_level": "0", "head": "17", "affected_by_negation": "no", "inip": "68", "analysis_list": [{"lemma": "lawn", "tag": "GN-S3---", "original_form": "the lawn"}], "type": "phrase", "id": "50"}], "separation": "1", "form": "of the lawn", "quote_level": "0", "head": "15", "affected_by_negation": "no", "inip": "65", "analysis_list": [{"lemma": "of", "tag": "GY------", "original_form": "of the lawn"}], "type": "phrase", "id": "52"}], "separation": "1", "form": "the middle of the lawn", "quote_level": "0", "head": "14", "affected_by_negation": "no", "inip": "54", "analysis_list": [{"lemma": "middle", "tag": "GN-S3---", "original_form": "the middle"}], "type": "phrase", "id": "49"}], "separation": "1", "form": "in the middle of the lawn", "quote_level": "0", "head": "12", "syntactic_tree_relation_list": [{"type": "isComplement", "id": "41"}], "affected_by_negation": "no", "inip": "51", "analysis_list": [{"lemma": "in", "tag": "GY---C--", "original_form": "in the middle of the lawn"}], "type": "phrase", "id": "53"}], "separation": "1", "form": "the dog was sitting in the middle of the lawn", "quote_level": "0", "affected_by_negation": "no", "inip": "31", "analysis_list": [{"lemma": "*", "tag": "ZC----------", "original_form": "the dog was sitting in the middle of the lawn"}], "type": "phrase", "id": "55"}, {"endp": "76", "style": {"isItalics": "no", "isUnderlined": "no", "isTitle": "no", "isBold": "no"}, "inip": "76", "form": ".", "quote_level": "0", "affected_by_negation": "no", "separation": "A", "analysis_list": [{"lemma": ".", "tag": "1D--", "original_form": "."}], "id": "18"}], "inip": "0", "quote_level": "0", "affected_by_negation": "no", "separation": "A", "type": "sentence", "id": "42"}, {"endp": "157", "style": {"isItalics": "no", "isUnderlined": "no", "isTitle": "no", "isBold": "no"}, "token_list": [{"endp": "91", "style": {"isItalics": "no", "isUnderlined": "no", "isTitle": "no", "isBold": "no"}, "token_list": [{"endp": "90", "style": {"isItalics": "no", "isUnderlined": "no", "isTitle": "no", "isBold": "no"}, "token_list": [{"endp": "82", "style": {"isItalics": "no", "isUnderlined": "no", "isTitle": "no", "isBold": "no"}, "inip": "78", "form": "After", "quote_level": "0", "affected_by_negation": "no", "separation": "1", "analysis_list": [{"lemma": "after", "tag": "YN6", "original_form": "after"}], "id": "19"}, {"endp": "90", "style": {"isItalics": "no", "isUnderlined": "no", "isTitle": "no", "isBold": "no"}, "token_list": [{"endp": "84", "style": {"isItalics": "no", "isUnderlined": "no", "isTitle": "no", "isBold": "no"}, "inip": "84", "form": "a", "quote_level": "0", "affected_by_negation": "no", "separation": "1", "analysis_list": [{"lemma": "a", "tag": "QD-SPN9", "original_form": "a"}], "id": "20"}, {"endp": "90", "style": {"isItalics": "no", "isUnderlined": "no", "isTitle": "no", "isBold": "no"}, "inip": "86", "form": "while", "quote_level": "0", "affected_by_negation": "no", "separation": "1", "analysis_list": [{"lemma": "while", "tag": "NC-S-N5", "sense_id_list": [{"sense_id": "eaf05d5025"}], "original_form": "while"}], "sense_list": [{"info": "sementity/class=class@fiction=nonfiction@id=ODENTITY_PERIOD@type=Top>Timex>Period\tsemld_list=sumo:TimeInterval", "id": "eaf05d5025", "form": "while"}], "id": "21"}], "separation": "1", "form": "a while", "quote_level": "0", "head": "21", "affected_by_negation": "no", "inip": "84", "analysis_list": [{"lemma": "while", "tag": "GN-S3---", "original_form": "a while"}], "type": "phrase", "id": "56"}], "separation": "1", "form": "After a while", "quote_level": "0", "head": "19", "syntactic_tree_relation_list": [{"type": "isComplement", "id": "24"}], "affected_by_negation": "no", "inip": "78", "analysis_list": [{"lemma": "after", "tag": "GY---C--", "original_form": "After a while"}], "type": "phrase", "id": "65"}, {"endp": "91", "style": {"isItalics": "no", "isUnderlined": "no", "isTitle": "no", "isBold": "no"}, "inip": "91", "form": ",", "quote_level": "0", "affected_by_negation": "no", "separation": "A", "analysis_list": [{"lemma": ",", "tag": "1D--", "original_form": ","}], "id": "22"}], "separation": "1", "form": "After a while,", "quote_level": "0", "affected_by_negation": "no", "inip": "78", "analysis_list": [{"lemma": "*", "tag": "Z-----------", "original_form": "After a while,"}], "type": "phrase", "id": "69"}, {"endp": "101", "style": {"isItalics": "no", "isUnderlined": "no", "isTitle": "no", "isBold": "no"}, "token_list": [{"endp": "94", "style": {"isItalics": "no", "isUnderlined": "no", "isTitle": "no", "isBold": "no"}, "token_list": [{"endp": "94", "style": {"isItalics": "no", "isUnderlined": "no", "isTitle": "no", "isBold": "no"}, "inip": "93", "form": "it", "quote_level": "0", "affected_by_negation": "no", "separation": "1", "analysis_list": [{"lemma": "it", "tag": "PP-S3NN8", "sense_id_list": [{"sense_id": "PRONNONHUMAN"}], "original_form": "it"}], "sense_list": [{"info": "semhum=nonhuman", "id": "PRONNONHUMAN", "form": "it"}], "id": "23"}], "separation": "1", "form": "it", "quote_level": "0", "head": "23", "syntactic_tree_relation_list": [{"type": "isSubject", "id": "27"}, {"type": "isAnaphora", "id": "47"}, {"type": "isSubject", "id": "24"}], "affected_by_negation": "no", "inip": "93", "analysis_list": [{"lemma": "it", "tag": "GN-S3S--", "original_form": "it"}], "type": "phrase", "id": "61"}, {"endp": "98", "style": {"isItalics": "no", "isUnderlined": "no", "isTitle": "no", "isBold": "no"}, "inip": "96", "form": "got", "quote_level": "0", "syntactic_tree_relation_list": [{"type": "iof_isComplement", "id": "65"}, {"type": "iof_isSubject", "id": "61"}, {"type": "iof_isLocationComplement", "id": "64"}], "affected_by_negation": "no", "separation": "1", "analysis_list": [{"lemma": "get", "tag": "VI-S3ASA-N-N7", "original_form": "got"}], "id": "24"}, {"endp": "101", "style": {"isItalics": "no", "isUnderlined": "no", "isTitle": "no", "isBold": "no"}, "token_list": [{"endp": "101", "style": {"isItalics": "no", "isUnderlined": "no", "isTitle": "no", "isBold": "no"}, "inip": "100", "form": "up", "quote_level": "0", "affected_by_negation": "no", "separation": "1", "analysis_list": [{"lemma": "up", "tag": "ENLPN6", "original_form": "up"}], "id": "25"}], "separation": "1", "form": "up", "quote_level": "0", "head": "25", "syntactic_tree_relation_list": [{"type": "isLocationComplement", "id": "24"}], "affected_by_negation": "no", "inip": "100", "analysis_list": [{"lemma": "up", "tag": "GEL--L--", "original_form": "up"}], "type": "phrase", "id": "64"}], "separation": "1", "form": "it got up", "quote_level": "0", "affected_by_negation": "no", "inip": "93", "analysis_list": [{"lemma": "*", "tag": "ZC----------", "original_form": "it got up"}], "type": "phrase", "id": "67"}, {"endp": "105", "style": {"isItalics": "no", "isUnderlined": "no", "isTitle": "no", "isBold": "no"}, "inip": "103", "form": "and", "quote_level": "0", "affected_by_negation": "no", "separation": "1", "analysis_list": [{"lemma": "and", "tag": "CCYN9", "original_form": "and"}], "id": "26"}, {"endp": "136", "style": {"isItalics": "no", "isUnderlined": "no", "isTitle": "no", "isBold": "no"}, "token_list": [{"endp": "111", "style": {"isItalics": "no", "isUnderlined": "no", "isTitle": "no", "isBold": "no"}, "inip": "107", "form": "moved", "quote_level": "0", "syntactic_tree_relation_list": [{"type": "iof_isSubject", "id": "61"}, {"type": "iof_isLocationComplement", "id": "63"}, {"type": "iof_isComplement", "id": "66"}], "affected_by_negation": "no", "separation": "1", "analysis_list": [{"lemma": "move", "tag": "VP---ASA-N-N5", "sense_id_list": [{"sense_id": "ODENTITY_BODY_MOTION"}, {"sense_id": "ODENTITY_COMMUNICATION_PROCESS"}, {"sense_id": "ODENTITY_CONTENT_DEVELOPMENT"}, {"sense_id": "ODENTITY_GAME"}, {"sense_id": "ODENTITY_INTENTIONAL_PROCESS"}, {"sense_id": "ODENTITY_INTENTIONAL_PSYCHOLOGICAL_PROCESS"}, {"sense_id": "ODENTITY_MOTION"}, {"sense_id": "ODENTITY_ORGANIZATIONAL_PROCESS"}, {"sense_id": "ODENTITY_PROCESS"}, {"sense_id": "ODENTITY_TRANSACTION"}, {"sense_id": "ODENTITY_SOCIAL_INTERACTION"}, {"sense_id": "ODENTITY_TRANSFER"}], "original_form": "moved"}, {"lemma": "move", "tag": "VI-UUASA-N-N5", "sense_id_list": [{"sense_id": "ODENTITY_BODY_MOTION"}, {"sense_id": "ODENTITY_COMMUNICATION_PROCESS"}, {"sense_id": "ODENTITY_CONTENT_DEVELOPMENT"}, {"sense_id": "ODENTITY_GAME"}, {"sense_id": "ODENTITY_INTENTIONAL_PROCESS"}, {"sense_id": "ODENTITY_INTENTIONAL_PSYCHOLOGICAL_PROCESS"}, {"sense_id": "ODENTITY_MOTION"}, {"sense_id": "ODENTITY_ORGANIZATIONAL_PROCESS"}, {"sense_id": "ODENTITY_PROCESS"}, {"sense_id": "ODENTITY_TRANSACTION"}, {"sense_id": "ODENTITY_SOCIAL_INTERACTION"}, {"sense_id": "ODENTITY_TRANSFER"}], "original_form": "moved"}], "sense_list": [{"info": "sementity/id=ODENTITY_BODY_MOTION@type=Top>Process>Motion>BodyMotion\tsemld_list=sumo:Entity", "id": "ODENTITY_BODY_MOTION", "form": "move"}, {"info": "sementity/id=ODENTITY_COMMUNICATION_PROCESS@type=Top>Process>ContentBearingProcess>CommunicationProcess\tsemld_list=sumo:Entity", "id": "ODENTITY_COMMUNICATION_PROCESS", "form": "move"}, {"info": "sementity/id=ODENTITY_CONTENT_DEVELOPMENT@type=Top>Process>IntentionalProcess>ContentDevelopment\tsemld_list=sumo:IntentionalProcess", "id": "ODENTITY_CONTENT_DEVELOPMENT", "form": "move"}, {"info": "sementity/id=ODENTITY_GAME@type=Top>Product>CulturalProduct>Game\tsemld_list=sumo:CulturalProduct", "id": "ODENTITY_GAME", "form": "move"}, {"info": "sementity/id=ODENTITY_INTENTIONAL_PROCESS@type=Top>Process>IntentionalProcess\tsemld_list=sumo:IntentionalProcess", "id": "ODENTITY_INTENTIONAL_PROCESS", "form": "move"}, {"info": "sementity/id=ODENTITY_INTENTIONAL_PSYCHOLOGICAL_PROCESS@type=Top>Process>IntentionalProcess>IntentionalPsychologicalProcess\tsemld_list=sumo:IntentionalProcess", "id": "ODENTITY_INTENTIONAL_PSYCHOLOGICAL_PROCESS", "form": "move"}, {"info": "sementity/id=ODENTITY_MOTION@type=Top>Process>Motion\tsemld_list=sumo:Entity", "id": "ODENTITY_MOTION", "form": "move"}, {"info": "sementity/id=ODENTITY_ORGANIZATIONAL_PROCESS@type=Top>Process>IntentionalProcess>OrganizationalProcess\tsemld_list=sumo:IntentionalProcess", "id": "ODENTITY_ORGANIZATIONAL_PROCESS", "form": "move"}, {"info": "sementity/id=ODENTITY_PROCESS@type=Top>Process\tsemld_list=sumo:Entity", "id": "ODENTITY_PROCESS", "form": "move"}, {"info": "sementity/id=ODENTITY_SOCIAL_INTERACTION@type=Top>Process>IntentionalProcess>SocialInteraction\tsemld_list=sumo:IntentionalProcess", "id": "ODENTITY_SOCIAL_INTERACTION", "form": "move"}, {"info": "sementity/id=ODENTITY_TRANSACTION@type=Top>Process>DualObjectProcess>Transaction\tsemld_list=sumo:Entity", "id": "ODENTITY_TRANSACTION", "form": "move"}, {"info": "sementity/id=ODENTITY_TRANSFER@type=Top>Process>Motion>Translocation>Transfer\tsemld_list=sumo:Entity", "id": "ODENTITY_TRANSFER", "form": "move"}], "id": "27"}, {"endp": "136", "style": {"isItalics": "no", "isUnderlined": "no", "isTitle": "no", "isBold": "no"}, "token_list": [{"endp": "114", "style": {"isItalics": "no", "isUnderlined": "no", "isTitle": "no", "isBold": "no"}, "inip": "113", "form": "to", "quote_level": "0", "affected_by_negation": "no", "separation": "1", "analysis_list": [{"lemma": "to", "tag": "YN6", "original_form": "to"}], "id": "28"}, {"endp": "136", "style": {"isItalics": "no", "isUnderlined": "no", "isTitle": "no", "isBold": "no"}, "token_list": [{"endp": "116", "style": {"isItalics": "no", "isUnderlined": "no", "isTitle": "no", "isBold": "no"}, "inip": "116", "form": "a", "quote_level": "0", "affected_by_negation": "no", "separation": "1", "analysis_list": [{"lemma": "a", "tag": "QD-SPN9", "original_form": "a"}], "id": "29"}, {"endp": "121", "style": {"isItalics": "no", "isUnderlined": "no", "isTitle": "no", "isBold": "no"}, "inip": "118", "form": "spot", "quote_level": "0", "affected_by_negation": "no", "separation": "1", "analysis_list": [{"lemma": "spot", "tag": "NC-S-N4", "sense_id_list": [{"sense_id": "f375cc2023"}, {"sense_id": "142503c34c"}], "original_form": "spot"}], "sense_list": [{"info": "sementity/class=class@fiction=nonfiction@id=ODENTITY_BROADCAST@type=Top>Product>CulturalProduct>Broadcast\tsemld_list=sumo:BroadcastProgram\tsemtheme_list/id=ODTHEME_MEDIA@type=Top>Society>Media\tsemtheme_list/id=ODTHEME_SOCIAL_SCIENCES@type=Top>SocialSciences", "id": "142503c34c", "form": "advertisement"}, {"info": "sementity/class=class@fiction=nonfiction@id=ODENTITY_DISEASE@type=Top>OtherEntity>Disease\tsemld_list=sumo:DiseaseOrSyndrome\tsemtheme_list/id=ODTHEME_MEDICINE@type=Top>LifeSciences>Medicine", "id": "f375cc2023", "form": "spot"}], "id": "30"}, {"endp": "136", "style": {"isItalics": "no", "isUnderlined": "no", "isTitle": "no", "isBold": "no"}, "token_list": [{"endp": "127", "style": {"isItalics": "no", "isUnderlined": "no", "isTitle": "no", "isBold": "no"}, "inip": "123", "form": "under", "quote_level": "0", "affected_by_negation": "no", "separation": "1", "analysis_list": [{"lemma": "under", "tag": "YN5", "original_form": "under"}], "id": "31"}, {"endp": "136", "style": {"isItalics": "no", "isUnderlined": "no", "isTitle": "no", "isBold": "no"}, "token_list": [{"endp": "131", "style": {"isItalics": "no", "isUnderlined": "no", "isTitle": "no", "isBold": "no"}, "inip": "129", "form": "the", "quote_level": "0", "affected_by_negation": "no", "separation": "1", "analysis_list": [{"lemma": "the", "tag": "TD-SN9", "original_form": "the"}], "id": "32"}, {"endp": "136", "style": {"isItalics": "no", "isUnderlined": "no", "isTitle": "no", "isBold": "no"}, "inip": "133", "form": "tree", "quote_level": "0", "affected_by_negation": "no", "separation": "1", "analysis_list": [{"lemma": "tree", "tag": "NC-S-N6", "sense_id_list": [{"sense_id": "35f20d6542"}], "original_form": "tree"}], "sense_list": [{"info": "sementity/class=class@fiction=nonfiction@id=ODENTITY_FLORA@type=Top>LivingThing>Flora\tsemld_list=sumo:Plant\tsemtheme_list/id=ODTHEME_BOTANY@type=Top>NaturalSciences>Botany", "id": "35f20d6542", "form": "tree"}], "id": "33"}], "separation": "1", "form": "the tree", "quote_level": "0", "head": "33", "affected_by_negation": "no", "inip": "129", "analysis_list": [{"lemma": "tree", "tag": "GN-S3---", "original_form": "the tree"}], "type": "phrase", "id": "58"}], "separation": "1", "form": "under the tree", "quote_level": "0", "head": "31", "affected_by_negation": "no", "inip": "123", "analysis_list": [{"lemma": "under", "tag": "GY------", "original_form": "under the tree"}], "type": "phrase", "id": "62"}], "separation": "1", "form": "a spot under the tree", "quote_level": "0", "head": "30", "affected_by_negation": "no", "inip": "116", "analysis_list": [{"lemma": "spot", "tag": "GN-S3---", "original_form": "a spot"}], "type": "phrase", "id": "57"}], "separation": "1", "form": "to a spot under the tree", "quote_level": "0", "head": "28", "syntactic_tree_relation_list": [{"type": "isLocationComplement", "id": "27"}], "affected_by_negation": "no", "inip": "113", "analysis_list": [{"lemma": "to", "tag": "GY---L--", "original_form": "to a spot under the tree"}], "type": "phrase", "id": "63"}], "separation": "1", "form": "moved to a spot under the tree", "quote_level": "0", "affected_by_negation": "no", "inip": "107", "analysis_list": [{"lemma": "*", "tag": "ZC----------", "original_form": "moved to a spot under the tree"}], "type": "phrase", "id": "68"}, {"endp": "137", "style": {"isItalics": "no", "isUnderlined": "no", "isTitle": "no", "isBold": "no"}, "inip": "137", "form": ",", "quote_level": "0", "affected_by_negation": "no", "separation": "A", "analysis_list": [{"lemma": ",", "tag": "1D--", "original_form": ","}], "id": "34"}, {"endp": "156", "style": {"isItalics": "no", "isUnderlined": "no", "isTitle": "no", "isBold": "no"}, "token_list": [{"endp": "145", "style": {"isItalics": "no", "isUnderlined": "no", "isTitle": "no", "isBold": "no"}, "inip": "139", "form": "because", "quote_level": "0", "affected_by_negation": "no", "separation": "1", "analysis_list": [{"lemma": "because", "tag": "CSPN7", "original_form": "because"}], "id": "35"}, {"endp": "148", "style": {"isItalics": "no", "isUnderlined": "no", "isTitle": "no", "isBold": "no"}, "token_list": [{"endp": "148", "style": {"isItalics": "no", "isUnderlined": "no", "isTitle": "no", "isBold": "no"}, "inip": "147", "form": "it", "quote_level": "0", "affected_by_negation": "no", "separation": "1", "analysis_list": [{"lemma": "it", "tag": "PP-S3NN8", "sense_id_list": [{"sense_id": "PRONNONHUMAN"}], "original_form": "it"}], "sense_list": [{"info": "semhum=nonhuman", "id": "PRONNONHUMAN", "form": "it"}], "id": "36"}], "separation": "1", "form": "it", "quote_level": "0", "head": "36", "syntactic_tree_relation_list": [{"type": "isAnaphora", "id": "47"}, {"type": "isSubject", "id": "37"}], "affected_by_negation": "no", "inip": "147", "analysis_list": [{"lemma": "it", "tag": "GN-S3S--", "original_form": "it"}], "type": "phrase", "id": "60"}, {"endp": "152", "style": {"isItalics": "no", "isUnderlined": "no", "isTitle": "no", "isBold": "no"}, "inip": "150", "form": "was", "quote_level": "0", "syntactic_tree_relation_list": [{"type": "iof_isSubject", "id": "60"}, {"type": "iof_isAttribute", "id": "59"}], "affected_by_negation": "no", "separation": "1", "analysis_list": [{"lemma": "be", "tag": "VI-S1ASA-N-N9", "original_form": "was"}, {"lemma": "be", "tag": "VI-S3ASA-N-N9", "original_form": "was"}], "id": "37"}, {"endp": "156", "style": {"isItalics": "no", "isUnderlined": "no", "isTitle": "no", "isBold": "no"}, "token_list": [{"endp": "156", "style": {"isItalics": "no", "isUnderlined": "no", "isTitle": "no", "isBold": "no"}, "inip": "154", "form": "hot", "quote_level": "0", "affected_by_negation": "no", "separation": "1", "analysis_list": [{"lemma": "hot", "tag": "AP-N5", "original_form": "hot"}], "id": "38"}], "separation": "1", "form": "hot", "quote_level": "0", "head": "38", "syntactic_tree_relation_list": [{"type": "isAttribute", "id": "37"}], "affected_by_negation": "no", "inip": "154", "analysis_list": [{"lemma": "hot", "tag": "GA---A--", "original_form": "hot"}], "type": "phrase", "id": "59"}], "separation": "1", "form": "because it was hot", "quote_level": "0", "syntactic_tree_relation_list": [{"type": "isComplement", "id": "27"}], "affected_by_negation": "no", "inip": "139", "analysis_list": [{"lemma": "*", "tag": "ZE---CIA----", "original_form": "because it was hot"}], "type": "phrase", "id": "66"}, {"endp": "157", "style": {"isItalics": "no", "isUnderlined": "no", "isTitle": "no", "isBold": "no"}, "inip": "157", "form": ".", "quote_level": "0", "affected_by_negation": "no", "separation": "A", "analysis_list": [{"lemma": ".", "tag": "1D--", "original_form": "."}], "id": "39"}], "inip": "78", "quote_level": "0", "affected_by_negation": "no", "separation": "A", "type": "sentence", "id": "44"}]}