{"status": {"msg": "OK", "credits": "1", "remaining_credits": "39935", "code": "0"}, "token_list": [{"endp": "63", "style": {"isItalics": "no", "isUnderlined": "no", "isTitle": "no", "isBold": "no"}, "token_list": [{"endp": "37", "style": {"isItalics": "no", "isUnderlined": "no", "isTitle": "no", "isBold": "no"}, "token_list": [{"endp": "3", "style": {"isItalics": "no", "isUnderlined": "no", "isTitle": "no", "isBold": "no"}, "token_list": [{"endp": "3", "style": {"isItalics": "no", "isUnderlined": "no", "isTitle": "no", "isBold": "no"}, "inip": "0", "form": "Paul", "quote_level": "0", "affected_by_negation": "no", "separation": "_", "analysis_list": [{"lemma": "Paul", "tag": "NPUU-N-", "sense_id_list": [{"sense_id": "__9550648342474512805"}], "original_form": "Paul"}], "sense_list": [{"info": "sementity/class=instance@fiction=nonfiction@type=Top>Person@confidence=uncertain", "id": "__9550648342474512805", "form": "Paul"}], "id": "1"}], "separation": "_", "form": "Paul", "quote_level": "0", "head": "1", "syntactic_tree_relation_list": [{"type": "isSubject", "id": "2"}, {"type": "iof_isAnaphora", "id": "25"}], "affected_by_negation": "no", "inip": "0", "analysis_list": [{"lemma": "Paul", "tag": "GNUU3S--", "original_form": "Paul"}], "type": "phrase", "id": "20"}, {"endp": "9", "style": {"isItalics": "no", "isUnderlined": "no", "isTitle": "no", "isBold": "no"}, "inip": "5", "form": "tried", "quote_level": "0", "syntactic_tree_relation_list": [{"type": "iof_isSubject", "id": "20"}, {"type": "iof_isDirectObject", "id": "27"}], "affected_by_negation": "no", "separation": "1", "analysis_list": [{"lemma": "try", "tag": "VI-U3ASA-N-N4", "sense_id_list": [{"sense_id": "ODENTITY_BIOLOGICAL_PROCESS"}, {"sense_id": "ODENTITY_INCREASING"}, {"sense_id": "ODENTITY_INTENTIONAL_PROCESS"}, {"sense_id": "ODENTITY_INTENTIONAL_PSYCHOLOGICAL_PROCESS"}, {"sense_id": "ODENTITY_INVESTIGATING"}, {"sense_id": "ODENTITY_TRANSLOCATION"}], "original_form": "tried"}], "sense_list": [{"info": "sementity/id=ODENTITY_BIOLOGICAL_PROCESS@type=Top>Process>InternalChange>BiologicalProcess\tsemld_list=sumo:Entity", "id": "ODENTITY_BIOLOGICAL_PROCESS", "form": "try"}, {"info": "sementity/id=ODENTITY_INCREASING@type=Top>Process>InternalChange>QuantityChange>Increasing\tsemld_list=sumo:Entity", "id": "ODENTITY_INCREASING", "form": "try"}, {"info": "sementity/id=ODENTITY_INTENTIONAL_PROCESS@type=Top>Process>IntentionalProcess\tsemld_list=sumo:IntentionalProcess", "id": "ODENTITY_INTENTIONAL_PROCESS", "form": "try"}, {"info": "sementity/id=ODENTITY_INTENTIONAL_PSYCHOLOGICAL_PROCESS@type=Top>Process>IntentionalProcess>IntentionalPsychologicalProcess\tsemld_list=sumo:IntentionalProcess", "id": "ODENTITY_INTENTIONAL_PSYCHOLOGICAL_PROCESS", "form": "try"}, {"info": "sementity/id=ODENTITY_INVESTIGATING@type=Top>Process>IntentionalProcess>IntentionalPsychologicalProcess>Investigating\tsemld_list=sumo:IntentionalProcess", "id": "ODENTITY_INVESTIGATING", "form": "try"}, {"info": "sementity/id=ODENTITY_TRANSLOCATION@type=Top>Process>Motion>Translocation\tsemld_list=sumo:Entity", "id": "ODENTITY_TRANSLOCATION", "form": "try"}], "id": "2"}, {"endp": "37", "style": {"isItalics": "no", "isUnderlined": "no", "isTitle": "no", "isBold": "no"}, "token_list": [{"endp": "17", "style": {"isItalics": "no", "isUnderlined": "no", "isTitle": "no", "isBold": "no"}, "separation": "1", "form": "to call", "quote_level": "0", "head": "4", "syntactic_tree_relation_list": [{"type": "iof_isDirectObject", "id": "22"}, {"type": "iof_isComplement", "id": "26"}], "affected_by_negation": "no", "inip": "11", "analysis_list": [{"lemma": "call", "tag": "VF---OSA-N-N5", "sense_id_list": [{"sense_id": "ODENTITY_COMMUNICATION_PROCESS"}, {"sense_id": "ODENTITY_LINGUISTIC_COMMUNICATION"}, {"sense_id": "ODENTITY_INTENTIONAL_PROCESS"}, {"sense_id": "ODENTITY_INTENTIONAL_PSYCHOLOGICAL_PROCESS"}, {"sense_id": "ODENTITY_MEETING"}, {"sense_id": "ODENTITY_RADIATING"}, {"sense_id": "ODENTITY_TRANSFER"}], "original_form": "to call"}], "sense_list": [{"info": "sementity/id=ODENTITY_COMMUNICATION_PROCESS@type=Top>Process>ContentBearingProcess>CommunicationProcess\tsemld_list=sumo:Entity", "id": "ODENTITY_COMMUNICATION_PROCESS", "form": "call"}, {"info": "sementity/id=ODENTITY_INTENTIONAL_PROCESS@type=Top>Process>IntentionalProcess\tsemld_list=sumo:IntentionalProcess", "id": "ODENTITY_INTENTIONAL_PROCESS", "form": "call"}, {"info": "sementity/id=ODENTITY_INTENTIONAL_PSYCHOLOGICAL_PROCESS@type=Top>Process>IntentionalProcess>IntentionalPsychologicalProcess\tsemld_list=sumo:IntentionalProcess", "id": "ODENTITY_INTENTIONAL_PSYCHOLOGICAL_PROCESS", "form": "call"}, {"info": "sementity/id=ODENTITY_LINGUISTIC_COMMUNICATION@type=Top>Process>ContentBearingProcess>CommunicationProcess>LinguisticCommunication\tsemld_list=sumo:Entity", "id": "ODENTITY_LINGUISTIC_COMMUNICATION", "form": "call"}, {"info": "sementity/id=ODENTITY_MEETING@type=Top>Process>IntentionalProcess>SocialInteraction>Meeting\tsemld_list=sumo:IntentionalProcess", "id": "ODENTITY_MEETING", "form": "call"}, {"info": "sementity/id=ODENTITY_RADIATING@type=Top>Process>Motion>Radiating\tsemld_list=sumo:Entity", "id": "ODENTITY_RADIATING", "form": "call"}, {"info": "sementity/id=ODENTITY_TRANSFER@type=Top>Process>Motion>Translocation>Transfer\tsemld_list=sumo:Entity", "id": "ODENTITY_TRANSFER", "form": "call"}], "type": "multiword", "id": "21"}, {"endp": "24", "style": {"isItalics": "no", "isUnderlined": "no", "isTitle": "no", "isBold": "no"}, "token_list": [{"endp": "24", "style": {"isItalics": "no", "isUnderlined": "no", "isTitle": "no", "isBold": "no"}, "inip": "19", "form": "George", "quote_level": "0", "affected_by_negation": "no", "separation": "1", "analysis_list": [{"lemma": "George", "tag": "NPUU-N-", "sense_id_list": [{"sense_id": "__3963275184705949731"}], "original_form": "George"}], "sense_list": [{"info": "sementity/class=instance@fiction=nonfiction@type=Top>Person@confidence=uncertain", "id": "__3963275184705949731", "form": "George"}], "id": "5"}], "separation": "1", "form": "George", "quote_level": "0", "head": "5", "syntactic_tree_relation_list": [{"type": "isDirectObject", "id": "21"}], "affected_by_negation": "no", "inip": "19", "analysis_list": [{"lemma": "George", "tag": "GNUU3D--", "original_form": "George"}], "type": "phrase", "id": "22"}, {"endp": "37", "style": {"isItalics": "no", "isUnderlined": "no", "isTitle": "no", "isBold": "no"}, "token_list": [{"endp": "27", "style": {"isItalics": "no", "isUnderlined": "no", "isTitle": "no", "isBold": "no"}, "inip": "26", "form": "on", "quote_level": "0", "affected_by_negation": "no", "separation": "1", "analysis_list": [{"lemma": "on", "tag": "YN7", "original_form": "on"}], "id": "6"}, {"endp": "37", "style": {"isItalics": "no", "isUnderlined": "no", "isTitle": "no", "isBold": "no"}, "token_list": [{"endp": "31", "style": {"isItalics": "no", "isUnderlined": "no", "isTitle": "no", "isBold": "no"}, "inip": "29", "form": "the", "quote_level": "0", "affected_by_negation": "no", "separation": "1", "analysis_list": [{"lemma": "the", "tag": "TD-SN9", "original_form": "the"}], "id": "7"}, {"endp": "37", "style": {"isItalics": "no", "isUnderlined": "no", "isTitle": "no", "isBold": "no"}, "inip": "33", "form": "phone", "quote_level": "0", "affected_by_negation": "no", "separation": "1", "analysis_list": [{"lemma": "phone", "tag": "NC-S-N4", "sense_id_list": [{"sense_id": "69fec62055"}], "original_form": "phone"}], "sense_list": [{"info": "sementity/class=class@fiction=nonfiction@id=ODENTITY_PHONE_NUMBER@type=Top>Id>PhoneNumber\tsemld_list=sumo:PhoneNumber", "id": "69fec62055", "form": "telephone"}], "id": "8"}], "separation": "1", "form": "the phone", "quote_level": "0", "head": "8", "affected_by_negation": "no", "inip": "29", "analysis_list": [{"lemma": "phone", "tag": "GN-S3---", "original_form": "the phone"}], "type": "phrase", "id": "23"}], "separation": "1", "form": "on the phone", "quote_level": "0", "head": "6", "syntactic_tree_relation_list": [{"type": "isComplement", "id": "21"}], "affected_by_negation": "no", "inip": "26", "analysis_list": [{"lemma": "on", "tag": "GY---C--", "original_form": "on the phone"}], "type": "phrase", "id": "26"}], "separation": "1", "form": "to call George on the phone", "quote_level": "0", "syntactic_tree_relation_list": [{"type": "isDirectObject", "id": "2"}], "affected_by_negation": "no", "inip": "11", "analysis_list": [{"lemma": "*", "tag": "ZN---DFO----", "original_form": "to call George on the phone"}], "type": "phrase", "id": "27"}], "separation": "_", "form": "Paul tried to call George on the phone", "quote_level": "0", "affected_by_negation": "no", "inip": "0", "analysis_list": [{"lemma": "*", "tag": "ZC----------", "original_form": "Paul tried to call George on the phone"}], "type": "phrase", "id": "28"}, {"endp": "38", "style": {"isItalics": "no", "isUnderlined": "no", "isTitle": "no", "isBold": "no"}, "inip": "38", "form": ",", "quote_level": "0", "affected_by_negation": "no", "separation": "A", "analysis_list": [{"lemma": ",", "tag": "1D--", "original_form": ","}], "id": "9"}, {"endp": "42", "style": {"isItalics": "no", "isUnderlined": "no", "isTitle": "no", "isBold": "no"}, "inip": "40", "form": "but", "quote_level": "0", "affected_by_negation": "no", "separation": "1", "analysis_list": [{"lemma": "but", "tag": "CCAN8", "original_form": "but"}], "id": "10"}, {"endp": "63", "style": {"isItalics": "no", "isUnderlined": "no", "isTitle": "no", "isBold": "no"}, "token_list": [{"endp": "45", "style": {"isItalics": "no", "isUnderlined": "no", "isTitle": "no", "isBold": "no"}, "token_list": [{"endp": "45", "style": {"isItalics": "no", "isUnderlined": "no", "isTitle": "no", "isBold": "no"}, "inip": "44", "form": "he", "quote_level": "0", "affected_by_negation": "no", "separation": "1", "analysis_list": [{"lemma": "he", "tag": "PPMS3NN8", "sense_id_list": [{"sense_id": "PRONHUMAN"}], "original_form": "he"}], "sense_list": [{"info": "semhum=human", "id": "PRONHUMAN", "form": "he"}], "id": "11"}], "separation": "1", "form": "he", "quote_level": "0", "head": "11", "syntactic_tree_relation_list": [{"type": "isAnaphora", "id": "20"}, {"type": "isSubject", "id": "17"}], "affected_by_negation": "no", "inip": "44", "analysis_list": [{"lemma": "he", "tag": "GNMS3S--", "original_form": "he"}], "type": "phrase", "id": "25"}, {"endp": "52", "style": {"isItalics": "no", "isUnderlined": "no", "isTitle": "no", "isBold": "no"}, "inip": "47", "form": "wasn't", "quote_level": "0", "syntactic_tree_relation_list": [{"type": "iof_isSubject", "id": "25"}, {"type": "iof_isAttribute", "id": "24"}], "affected_by_negation": "yes", "separation": "1", "analysis_list": [{"lemma": "be", "tag": "VI-S3ASA-NNE9", "original_form": "wasn't"}], "id": "17"}, {"endp": "63", "style": {"isItalics": "no", "isUnderlined": "no", "isTitle": "no", "isBold": "no"}, "token_list": [{"endp": "63", "style": {"isItalics": "no", "isUnderlined": "no", "isTitle": "no", "isBold": "no"}, "inip": "54", "form": "successful", "quote_level": "0", "affected_by_negation": "no", "separation": "1", "analysis_list": [{"lemma": "successful", "tag": "AP-N5", "original_form": "successful"}], "id": "15"}], "separation": "1", "form": "successful", "quote_level": "0", "head": "15", "syntactic_tree_relation_list": [{"type": "isAttribute", "id": "17"}], "affected_by_negation": "no", "inip": "54", "analysis_list": [{"lemma": "successful", "tag": "GA---A--", "original_form": "successful"}], "type": "phrase", "id": "24"}], "separation": "1", "form": "he wasn't successful", "quote_level": "0", "affected_by_negation": "no", "inip": "44", "analysis_list": [{"lemma": "*", "tag": "ZC----------", "original_form": "he wasn't successful"}], "type": "phrase", "id": "29"}], "inip": "0", "quote_level": "0", "affected_by_negation": "no", "separation": "A", "type": "sentence", "id": "18"}]}