{"status": {"msg": "OK", "credits": "1", "remaining_credits": "39853", "code": "0"}, "token_list": [{"endp": "83", "style": {"isItalics": "no", "isUnderlined": "no", "isTitle": "no", "isBold": "no"}, "token_list": [{"endp": "56", "style": {"isItalics": "no", "isUnderlined": "no", "isTitle": "no", "isBold": "no"}, "token_list": [{"endp": "6", "style": {"isItalics": "no", "isUnderlined": "no", "isTitle": "no", "isBold": "no"}, "token_list": [{"endp": "2", "style": {"isItalics": "no", "isUnderlined": "no", "isTitle": "no", "isBold": "no"}, "inip": "0", "form": "The", "quote_level": "0", "affected_by_negation": "no", "separation": "_", "analysis_list": [{"lemma": "the", "tag": "TD-SN9", "original_form": "the"}], "id": "1"}, {"endp": "6", "style": {"isItalics": "no", "isUnderlined": "no", "isTitle": "no", "isBold": "no"}, "inip": "4", "form": "cat", "quote_level": "0", "affected_by_negation": "no", "separation": "1", "analysis_list": [{"lemma": "cat", "tag": "NC-S-N5", "sense_id_list": [{"sense_id": "af2c7e7b16"}], "original_form": "cat"}], "sense_list": [{"info": "sementity/class=class@fiction=nonfiction@id=ODENTITY_MAMMAL@type=Top>LivingThing>Animal>Vertebrate>Mammal\tsemld_list=sumo:Mammal\tsemtheme_list/id=ODTHEME_ZOOLOGY@type=Top>NaturalSciences>Zoology", "id": "af2c7e7b16", "form": "cat"}], "id": "2"}], "separation": "_", "form": "The cat", "quote_level": "0", "head": "2", "syntactic_tree_relation_list": [{"type": "isSubject", "id": "21"}, {"type": "iof_isAnaphora", "id": "30"}], "affected_by_negation": "no", "inip": "0", "analysis_list": [{"lemma": "cat", "tag": "GN-S3S--", "original_form": "The cat"}], "type": "phrase", "id": "26"}, {"endp": "16", "style": {"isItalics": "no", "isUnderlined": "no", "isTitle": "no", "isBold": "no"}, "separation": "1", "form": "was lying", "quote_level": "0", "head": "3", "syntactic_tree_relation_list": [{"type": "iof_isSubject", "id": "26"}, {"type": "iof_isComplement", "id": "32"}], "affected_by_negation": "no", "inip": "8", "analysis_list": [{"lemma": "lie", "tag": "VI-S3ACA-N-N9", "original_form": "was lying"}], "type": "multiword", "id": "21"}, {"endp": "56", "style": {"isItalics": "no", "isUnderlined": "no", "isTitle": "no", "isBold": "no"}, "token_list": [{"endp": "19", "style": {"isItalics": "no", "isUnderlined": "no", "isTitle": "no", "isBold": "no"}, "inip": "18", "form": "by", "quote_level": "0", "affected_by_negation": "no", "separation": "1", "analysis_list": [{"lemma": "by", "tag": "YN4", "original_form": "by"}], "id": "5"}, {"endp": "56", "style": {"isItalics": "no", "isUnderlined": "no", "isTitle": "no", "isBold": "no"}, "token_list": [{"endp": "23", "style": {"isItalics": "no", "isUnderlined": "no", "isTitle": "no", "isBold": "no"}, "inip": "21", "form": "the", "quote_level": "0", "affected_by_negation": "no", "separation": "1", "analysis_list": [{"lemma": "the", "tag": "TD-SN9", "original_form": "the"}], "id": "6"}, {"endp": "29", "style": {"isItalics": "no", "isUnderlined": "no", "isTitle": "no", "isBold": "no"}, "inip": "25", "form": "mouse", "quote_level": "0", "affected_by_negation": "no", "separation": "1", "analysis_list": [{"lemma": "mouse", "tag": "NC-S-N4", "sense_id_list": [{"sense_id": "bbdfc45fe2"}], "original_form": "mouse"}], "sense_list": [{"info": "sementity/class=class@fiction=nonfiction@id=ODENTITY_MAMMAL@type=Top>LivingThing>Animal>Vertebrate>Mammal\tsemld_list=sumo:Mammal\tsemtheme_list/id=ODTHEME_ZOOLOGY@type=Top>NaturalSciences>Zoology", "id": "bbdfc45fe2", "form": "mouse"}], "id": "7"}, {"endp": "34", "style": {"isItalics": "no", "isUnderlined": "no", "isTitle": "no", "isBold": "no"}, "inip": "31", "form": "hole", "quote_level": "0", "affected_by_negation": "no", "separation": "1", "analysis_list": [{"lemma": "hole", "tag": "NC-S-N5", "sense_id_list": [{"sense_id": "d38c91c383"}, {"sense_id": "0a94ee7790"}], "original_form": "hole"}], "sense_list": [{"info": "sementity/class=class@fiction=nonfiction@id=ODENTITY_BASIN@type=Top>Location>GeographicalEntity>LandForm>Basin\tsemld_list=sumo:Basin", "id": "0a94ee7790", "form": "hole"}, {"info": "sementity/class=class@fiction=nonfiction@id=ODENTITY_LOCATION@type=Top>Location\tsemld_list=sumo:Region", "id": "d38c91c383", "form": "hole"}], "id": "8"}, {"endp": "42", "style": {"isItalics": "no", "isUnderlined": "no", "isTitle": "no", "isBold": "no"}, "inip": "36", "form": "waiting", "quote_level": "0", "affected_by_negation": "no", "separation": "1", "analysis_list": [{"lemma": "waiting", "tag": "NC-S-N4", "original_form": "waiting"}], "id": "9"}, {"endp": "56", "style": {"isItalics": "no", "isUnderlined": "no", "isTitle": "no", "isBold": "no"}, "token_list": [{"endp": "46", "style": {"isItalics": "no", "isUnderlined": "no", "isTitle": "no", "isBold": "no"}, "inip": "44", "form": "for", "quote_level": "0", "affected_by_negation": "no", "separation": "1", "analysis_list": [{"lemma": "for", "tag": "YN5", "original_form": "for"}], "id": "10"}, {"endp": "56", "style": {"isItalics": "no", "isUnderlined": "no", "isTitle": "no", "isBold": "no"}, "token_list": [{"endp": "50", "style": {"isItalics": "no", "isUnderlined": "no", "isTitle": "no", "isBold": "no"}, "inip": "48", "form": "the", "quote_level": "0", "affected_by_negation": "no", "separation": "1", "analysis_list": [{"lemma": "the", "tag": "TD-SN9", "original_form": "the"}], "id": "11"}, {"endp": "56", "style": {"isItalics": "no", "isUnderlined": "no", "isTitle": "no", "isBold": "no"}, "inip": "52", "form": "mouse", "quote_level": "0", "affected_by_negation": "no", "separation": "1", "analysis_list": [{"lemma": "mouse", "tag": "NC-S-N4", "sense_id_list": [{"sense_id": "bbdfc45fe2"}], "original_form": "mouse"}], "sense_list": [{"info": "sementity/class=class@fiction=nonfiction@id=ODENTITY_MAMMAL@type=Top>LivingThing>Animal>Vertebrate>Mammal\tsemld_list=sumo:Mammal\tsemtheme_list/id=ODTHEME_ZOOLOGY@type=Top>NaturalSciences>Zoology", "id": "bbdfc45fe2", "form": "mouse"}], "id": "12"}], "separation": "1", "form": "the mouse", "quote_level": "0", "head": "12", "affected_by_negation": "no", "inip": "48", "analysis_list": [{"lemma": "mouse", "tag": "GN-S3---", "original_form": "the mouse"}], "type": "phrase", "id": "28"}], "separation": "1", "form": "for the mouse", "quote_level": "0", "head": "10", "affected_by_negation": "no", "inip": "44", "analysis_list": [{"lemma": "for", "tag": "GY------", "original_form": "for the mouse"}], "type": "phrase", "id": "31"}], "separation": "1", "form": "the mouse hole waiting for the mouse", "quote_level": "0", "head": "9", "affected_by_negation": "no", "inip": "21", "analysis_list": [{"lemma": "waiting", "tag": "GN-S3---", "original_form": "the mouse hole waiting"}], "type": "phrase", "id": "27"}], "separation": "1", "form": "by the mouse hole waiting for the mouse", "quote_level": "0", "head": "5", "syntactic_tree_relation_list": [{"type": "isComplement", "id": "21"}], "affected_by_negation": "no", "inip": "18", "analysis_list": [{"lemma": "by", "tag": "GY---C--", "original_form": "by the mouse hole waiting for the mouse"}], "type": "phrase", "id": "32"}], "separation": "_", "form": "The cat was lying by the mouse hole waiting for the mouse", "quote_level": "0", "affected_by_negation": "no", "inip": "0", "analysis_list": [{"lemma": "*", "tag": "ZC----------", "original_form": "The cat was lying by the mouse hole waiting for the mouse"}], "type": "phrase", "id": "33"}, {"endp": "57", "style": {"isItalics": "no", "isUnderlined": "no", "isTitle": "no", "isBold": "no"}, "inip": "57", "form": ",", "quote_level": "0", "affected_by_negation": "no", "separation": "A", "analysis_list": [{"lemma": ",", "tag": "1D--", "original_form": ","}], "id": "13"}, {"endp": "61", "style": {"isItalics": "no", "isUnderlined": "no", "isTitle": "no", "isBold": "no"}, "inip": "59", "form": "but", "quote_level": "0", "affected_by_negation": "no", "separation": "1", "analysis_list": [{"lemma": "but", "tag": "CCAN8", "original_form": "but"}], "id": "14"}, {"endp": "82", "style": {"isItalics": "no", "isUnderlined": "no", "isTitle": "no", "isBold": "no"}, "token_list": [{"endp": "64", "style": {"isItalics": "no", "isUnderlined": "no", "isTitle": "no", "isBold": "no"}, "token_list": [{"endp": "64", "style": {"isItalics": "no", "isUnderlined": "no", "isTitle": "no", "isBold": "no"}, "inip": "63", "form": "it", "quote_level": "0", "affected_by_negation": "no", "separation": "1", "analysis_list": [{"lemma": "it", "tag": "PP-S3NN8", "sense_id_list": [{"sense_id": "PRONNONHUMAN"}], "original_form": "it"}], "sense_list": [{"info": "semhum=nonhuman", "id": "PRONNONHUMAN", "form": "it"}], "id": "15"}], "separation": "1", "form": "it", "quote_level": "0", "head": "15", "syntactic_tree_relation_list": [{"type": "isAnaphora", "id": "26"}, {"type": "isSubject", "id": "16"}], "affected_by_negation": "no", "inip": "63", "analysis_list": [{"lemma": "it", "tag": "GN-S3S--", "original_form": "it"}], "type": "phrase", "id": "30"}, {"endp": "68", "style": {"isItalics": "no", "isUnderlined": "no", "isTitle": "no", "isBold": "no"}, "inip": "66", "form": "was", "quote_level": "0", "syntactic_tree_relation_list": [{"type": "iof_isSubject", "id": "30"}, {"type": "iof_isAttribute", "id": "29"}], "affected_by_negation": "no", "separation": "1", "analysis_list": [{"lemma": "be", "tag": "VI-S3ASA-N-N9", "original_form": "was"}], "id": "16"}, {"endp": "82", "style": {"isItalics": "no", "isUnderlined": "no", "isTitle": "no", "isBold": "no"}, "token_list": [{"endp": "72", "style": {"isItalics": "no", "isUnderlined": "no", "isTitle": "no", "isBold": "no"}, "inip": "70", "form": "too", "quote_level": "0", "affected_by_negation": "no", "separation": "1", "analysis_list": [{"lemma": "too", "tag": "ENQSN7", "original_form": "too"}], "id": "17"}, {"endp": "82", "style": {"isItalics": "no", "isUnderlined": "no", "isTitle": "no", "isBold": "no"}, "inip": "74", "form": "impatient", "quote_level": "0", "affected_by_negation": "no", "separation": "1", "analysis_list": [{"lemma": "impatient", "tag": "AP-N-", "original_form": "impatient"}], "id": "18"}], "separation": "1", "form": "too impatient", "quote_level": "0", "head": "18", "syntactic_tree_relation_list": [{"type": "isAttribute", "id": "16"}], "affected_by_negation": "no", "inip": "70", "analysis_list": [{"lemma": "impatient", "tag": "GA---A--", "original_form": "too impatient"}], "type": "phrase", "id": "29"}], "separation": "1", "form": "it was too impatient", "quote_level": "0", "affected_by_negation": "no", "inip": "63", "analysis_list": [{"lemma": "*", "tag": "ZC----------", "original_form": "it was too impatient"}], "type": "phrase", "id": "34"}, {"endp": "83", "style": {"isItalics": "no", "isUnderlined": "no", "isTitle": "no", "isBold": "no"}, "inip": "83", "form": ".", "quote_level": "0", "affected_by_negation": "no", "separation": "A", "analysis_list": [{"lemma": ".", "tag": "1D--", "original_form": "."}], "id": "19"}], "inip": "0", "quote_level": "0", "affected_by_negation": "no", "separation": "A", "type": "sentence", "id": "22"}]}