{"status": {"msg": "OK", "credits": "1", "remaining_credits": "39850", "code": "0"}, "token_list": [{"endp": "40", "style": {"isItalics": "no", "isUnderlined": "no", "isTitle": "no", "isBold": "no"}, "token_list": [{"endp": "39", "style": {"isItalics": "no", "isUnderlined": "no", "isTitle": "no", "isBold": "no"}, "token_list": [{"endp": "3", "style": {"isItalics": "no", "isUnderlined": "no", "isTitle": "no", "isBold": "no"}, "token_list": [{"endp": "3", "style": {"isItalics": "no", "isUnderlined": "no", "isTitle": "no", "isBold": "no"}, "inip": "0", "form": "Anne", "quote_level": "0", "affected_by_negation": "no", "separation": "_", "analysis_list": [{"lemma": "Anne", "tag": "NPFS-N-", "sense_id_list": [{"sense_id": "79f45887c5"}], "original_form": "Anne"}], "sense_list": [{"info": "sementity/class=instance@fiction=nonfiction@id=ODENTITY_FIRST_NAME@type=Top>Person>FirstName\tsemld_list=sumo:FirstName", "id": "79f45887c5", "form": "Anne"}], "id": "1"}], "separation": "_", "form": "Anne", "quote_level": "0", "head": "1", "syntactic_tree_relation_list": [{"type": "isSubject", "id": "2"}, {"type": "iof_isAnaphora", "id": "30"}], "affected_by_negation": "no", "inip": "0", "analysis_list": [{"lemma": "Anne", "tag": "GNFS3S--", "original_form": "Anne"}], "type": "phrase", "id": "23"}, {"endp": "8", "style": {"isItalics": "no", "isUnderlined": "no", "isTitle": "no", "isBold": "no"}, "inip": "5", "form": "gave", "quote_level": "0", "syntactic_tree_relation_list": [{"type": "iof_isSubject", "id": "23"}, {"type": "iof_isDirectObject", "id": "24"}], "affected_by_negation": "no", "separation": "1", "analysis_list": [{"lemma": "give", "tag": "VI-S3ASA-N-N7", "original_form": "gave"}], "id": "2"}, {"endp": "39", "style": {"isItalics": "no", "isUnderlined": "no", "isTitle": "no", "isBold": "no"}, "token_list": [{"endp": "14", "style": {"isItalics": "no", "isUnderlined": "no", "isTitle": "no", "isBold": "no"}, "inip": "10", "form": "birth", "quote_level": "0", "affected_by_negation": "no", "separation": "1", "analysis_list": [{"lemma": "birth", "tag": "NC-S-N5", "sense_id_list": [{"sense_id": "bc5b75d63c"}], "original_form": "birth"}], "sense_list": [{"info": "sementity/class=class@fiction=nonfiction@id=ODENTITY_EVENT@type=Top>Event\tsemld_list=sumo:Meeting", "id": "bc5b75d63c", "form": "birth"}], "id": "3"}, {"endp": "39", "style": {"isItalics": "no", "isUnderlined": "no", "isTitle": "no", "isBold": "no"}, "token_list": [{"endp": "17", "style": {"isItalics": "no", "isUnderlined": "no", "isTitle": "no", "isBold": "no"}, "inip": "16", "form": "to", "quote_level": "0", "affected_by_negation": "no", "separation": "1", "analysis_list": [{"lemma": "to", "tag": "YN6", "original_form": "to"}], "id": "4"}, {"endp": "39", "style": {"isItalics": "no", "isUnderlined": "no", "isTitle": "no", "isBold": "no"}, "token_list": [{"endp": "19", "style": {"isItalics": "no", "isUnderlined": "no", "isTitle": "no", "isBold": "no"}, "inip": "19", "form": "a", "quote_level": "0", "affected_by_negation": "no", "separation": "1", "analysis_list": [{"lemma": "a", "tag": "QD-SPN9", "original_form": "a"}], "id": "5"}, {"endp": "28", "style": {"isItalics": "no", "isUnderlined": "no", "isTitle": "no", "isBold": "no"}, "inip": "21", "form": "daughter", "quote_level": "0", "affected_by_negation": "no", "separation": "1", "analysis_list": [{"lemma": "daughter", "tag": "NC-S-N5", "original_form": "daughter"}], "id": "6"}, {"endp": "33", "style": {"isItalics": "no", "isUnderlined": "no", "isTitle": "no", "isBold": "no"}, "inip": "30", "form": "last", "quote_level": "0", "affected_by_negation": "no", "separation": "1", "analysis_list": [{"lemma": "last", "tag": "NC-S-N5", "original_form": "last"}], "id": "7"}, {"endp": "39", "style": {"isItalics": "no", "isUnderlined": "no", "isTitle": "no", "isBold": "no"}, "inip": "35", "form": "month", "quote_level": "0", "affected_by_negation": "no", "separation": "1", "analysis_list": [{"lemma": "month", "tag": "NC-S-N6", "sense_id_list": [{"sense_id": "c03f3cd884"}, {"sense_id": "45413b7063"}], "original_form": "month"}], "sense_list": [{"info": "sementity/class=class@fiction=nonfiction@id=ODENTITY_DATE@type=Top>Timex>Date\tsemld_list=sumo:DatePeriod", "id": "45413b7063", "form": "month"}, {"info": "sementity/class=class@fiction=nonfiction@id=ODENTITY_PERIOD@type=Top>Timex>Period\tsemld_list=sumo:TimeInterval", "id": "c03f3cd884", "form": "month"}], "id": "8"}], "separation": "1", "form": "a daughter last month", "quote_level": "0", "head": "8", "affected_by_negation": "no", "inip": "19", "analysis_list": [{"lemma": "month", "tag": "GN-S3T--", "original_form": "a daughter last month"}], "type": "phrase", "id": "25"}], "separation": "1", "form": "to a daughter last month", "quote_level": "0", "head": "4", "affected_by_negation": "no", "inip": "16", "analysis_list": [{"lemma": "to", "tag": "GY------", "original_form": "to a daughter last month"}], "type": "phrase", "id": "26"}], "separation": "1", "form": "birth to a daughter last month", "quote_level": "0", "head": "3", "syntactic_tree_relation_list": [{"type": "isDirectObject", "id": "2"}], "affected_by_negation": "no", "inip": "10", "analysis_list": [{"lemma": "birth", "tag": "GN-S3D--", "original_form": "birth"}], "type": "phrase", "id": "24"}], "separation": "_", "form": "Anne gave birth to a daughter last month", "quote_level": "0", "affected_by_negation": "no", "inip": "0", "analysis_list": [{"lemma": "*", "tag": "Z-----------", "original_form": "Anne gave birth to a daughter last month"}], "type": "phrase", "id": "27"}, {"endp": "40", "style": {"isItalics": "no", "isUnderlined": "no", "isTitle": "no", "isBold": "no"}, "inip": "40", "form": ".", "quote_level": "0", "affected_by_negation": "no", "separation": "A", "analysis_list": [{"lemma": ".", "tag": "1D--", "original_form": "."}], "id": "9"}], "inip": "0", "quote_level": "0", "affected_by_negation": "no", "separation": "A", "type": "sentence", "id": "18"}, {"endp": "69", "style": {"isItalics": "no", "isUnderlined": "no", "isTitle": "no", "isBold": "no"}, "token_list": [{"endp": "68", "style": {"isItalics": "no", "isUnderlined": "no", "isTitle": "no", "isBold": "no"}, "token_list": [{"endp": "44", "style": {"isItalics": "no", "isUnderlined": "no", "isTitle": "no", "isBold": "no"}, "token_list": [{"endp": "44", "style": {"isItalics": "no", "isUnderlined": "no", "isTitle": "no", "isBold": "no"}, "inip": "42", "form": "She", "quote_level": "0", "affected_by_negation": "no", "separation": "1", "analysis_list": [{"lemma": "she", "tag": "PPFS3NN8", "sense_id_list": [{"sense_id": "PRONHUMAN"}], "original_form": "she"}], "sense_list": [{"info": "semhum=human", "id": "PRONHUMAN", "form": "she"}], "id": "10"}], "separation": "1", "form": "She", "quote_level": "0", "head": "10", "syntactic_tree_relation_list": [{"type": "isAnaphora", "id": "23"}, {"type": "isSubject", "id": "11"}], "affected_by_negation": "no", "inip": "42", "analysis_list": [{"lemma": "she", "tag": "GNFS3S--", "original_form": "She"}], "type": "phrase", "id": "30"}, {"endp": "47", "style": {"isItalics": "no", "isUnderlined": "no", "isTitle": "no", "isBold": "no"}, "inip": "46", "form": "is", "quote_level": "0", "syntactic_tree_relation_list": [{"type": "iof_isSubject", "id": "30"}, {"type": "iof_isAttribute", "id": "29"}], "affected_by_negation": "no", "separation": "1", "analysis_list": [{"lemma": "be", "tag": "VI-S3PSA-N-N9", "original_form": "is"}], "id": "11"}, {"endp": "68", "style": {"isItalics": "no", "isUnderlined": "no", "isTitle": "no", "isBold": "no"}, "token_list": [{"endp": "49", "style": {"isItalics": "no", "isUnderlined": "no", "isTitle": "no", "isBold": "no"}, "inip": "49", "form": "a", "quote_level": "0", "affected_by_negation": "no", "separation": "1", "analysis_list": [{"lemma": "a", "tag": "QD-SPN9", "original_form": "a"}], "id": "12"}, {"endp": "54", "style": {"isItalics": "no", "isUnderlined": "no", "isTitle": "no", "isBold": "no"}, "inip": "51", "form": "very", "quote_level": "0", "affected_by_negation": "no", "separation": "1", "analysis_list": [{"lemma": "very", "tag": "ENMSN5", "original_form": "very"}], "id": "13"}, {"endp": "63", "style": {"isItalics": "no", "isUnderlined": "no", "isTitle": "no", "isBold": "no"}, "inip": "56", "form": "charming", "quote_level": "0", "affected_by_negation": "no", "separation": "1", "analysis_list": [{"lemma": "charming", "tag": "AP-N4", "original_form": "charming"}], "id": "14"}, {"endp": "68", "style": {"isItalics": "no", "isUnderlined": "no", "isTitle": "no", "isBold": "no"}, "inip": "65", "form": "baby", "quote_level": "0", "affected_by_negation": "no", "separation": "1", "analysis_list": [{"lemma": "baby", "tag": "NC-S-N5", "sense_id_list": [{"sense_id": "65f9ab7453"}], "original_form": "baby"}], "sense_list": [{"info": "sementity/class=class@fiction=nonfiction@id=ODENTITY_PERSON@type=Top>Person\tsemld_list=sumo:Human", "id": "65f9ab7453", "form": "baby"}], "id": "15"}], "separation": "1", "form": "a very charming baby", "quote_level": "0", "head": "15", "syntactic_tree_relation_list": [{"type": "isAttribute", "id": "11"}], "affected_by_negation": "no", "inip": "49", "analysis_list": [{"lemma": "baby", "tag": "GN-S3A--", "original_form": "a very charming baby"}], "type": "phrase", "id": "29"}], "separation": "1", "form": "She is a very charming baby", "quote_level": "0", "affected_by_negation": "no", "inip": "42", "analysis_list": [{"lemma": "*", "tag": "Z-----------", "original_form": "She is a very charming baby"}], "type": "phrase", "id": "31"}, {"endp": "69", "style": {"isItalics": "no", "isUnderlined": "no", "isTitle": "no", "isBold": "no"}, "inip": "69", "form": ".", "quote_level": "0", "affected_by_negation": "no", "separation": "A", "analysis_list": [{"lemma": ".", "tag": "1D--", "original_form": "."}], "id": "16"}], "inip": "42", "quote_level": "0", "affected_by_negation": "no", "separation": "A", "type": "sentence", "id": "20"}]}