{"status": {"msg": "OK", "credits": "1", "remaining_credits": "39849", "code": "0"}, "token_list": [{"endp": "127", "style": {"isItalics": "no", "isUnderlined": "no", "isTitle": "no", "isBold": "no"}, "token_list": [{"endp": "126", "style": {"isItalics": "no", "isUnderlined": "no", "isTitle": "no", "isBold": "no"}, "token_list": [{"endp": "4", "style": {"isItalics": "no", "isUnderlined": "no", "isTitle": "no", "isBold": "no"}, "token_list": [{"endp": "4", "style": {"isItalics": "no", "isUnderlined": "no", "isTitle": "no", "isBold": "no"}, "inip": "0", "form": "Alice", "quote_level": "0", "affected_by_negation": "no", "separation": "_", "analysis_list": [{"lemma": "Alice", "tag": "NPFS-N-", "sense_id_list": [{"sense_id": "30e28ef660"}], "original_form": "Alice"}], "sense_list": [{"info": "sementity/class=instance@fiction=nonfiction@id=ODENTITY_FIRST_NAME@type=Top>Person>FirstName\tsemld_list=sumo:FirstName", "id": "30e28ef660", "form": "Alice"}], "id": "1"}], "separation": "_", "form": "Alice", "quote_level": "0", "head": "1", "syntactic_tree_relation_list": [{"type": "isSubject", "id": "2"}, {"type": "iof_isPossessor", "id": "31"}, {"type": "iof_isAnaphora", "id": "34"}], "affected_by_negation": "no", "inip": "0", "analysis_list": [{"lemma": "Alice", "tag": "GNFS3S--", "original_form": "Alice"}], "type": "phrase", "id": "29"}, {"endp": "10", "style": {"isItalics": "no", "isUnderlined": "no", "isTitle": "no", "isBold": "no"}, "inip": "6", "form": "tried", "quote_level": "0", "syntactic_tree_relation_list": [{"type": "iof_isSubject", "id": "29"}, {"type": "iof_isMannerComplement", "id": "39"}, {"type": "iof_isDirectObject", "id": "43"}], "affected_by_negation": "no", "separation": "1", "analysis_list": [{"lemma": "try", "tag": "VI-S3ASA-N-N4", "sense_id_list": [{"sense_id": "ODENTITY_BIOLOGICAL_PROCESS"}, {"sense_id": "ODENTITY_INCREASING"}, {"sense_id": "ODENTITY_INTENTIONAL_PROCESS"}, {"sense_id": "ODENTITY_INTENTIONAL_PSYCHOLOGICAL_PROCESS"}, {"sense_id": "ODENTITY_INVESTIGATING"}, {"sense_id": "ODENTITY_TRANSLOCATION"}], "original_form": "tried"}], "sense_list": [{"info": "sementity/id=ODENTITY_BIOLOGICAL_PROCESS@type=Top>Process>InternalChange>BiologicalProcess\tsemld_list=sumo:Entity", "id": "ODENTITY_BIOLOGICAL_PROCESS", "form": "try"}, {"info": "sementity/id=ODENTITY_INCREASING@type=Top>Process>InternalChange>QuantityChange>Increasing\tsemld_list=sumo:Entity", "id": "ODENTITY_INCREASING", "form": "try"}, {"info": "sementity/id=ODENTITY_INTENTIONAL_PROCESS@type=Top>Process>IntentionalProcess\tsemld_list=sumo:IntentionalProcess", "id": "ODENTITY_INTENTIONAL_PROCESS", "form": "try"}, {"info": "sementity/id=ODENTITY_INTENTIONAL_PSYCHOLOGICAL_PROCESS@type=Top>Process>IntentionalProcess>IntentionalPsychologicalProcess\tsemld_list=sumo:IntentionalProcess", "id": "ODENTITY_INTENTIONAL_PSYCHOLOGICAL_PROCESS", "form": "try"}, {"info": "sementity/id=ODENTITY_INVESTIGATING@type=Top>Process>IntentionalProcess>IntentionalPsychologicalProcess>Investigating\tsemld_list=sumo:IntentionalProcess", "id": "ODENTITY_INVESTIGATING", "form": "try"}, {"info": "sementity/id=ODENTITY_TRANSLOCATION@type=Top>Process>Motion>Translocation\tsemld_list=sumo:Entity", "id": "ODENTITY_TRANSLOCATION", "form": "try"}], "id": "2"}, {"endp": "22", "style": {"isItalics": "no", "isUnderlined": "no", "isTitle": "no", "isBold": "no"}, "token_list": [{"endp": "22", "style": {"isItalics": "no", "isUnderlined": "no", "isTitle": "no", "isBold": "no"}, "inip": "12", "form": "frantically", "quote_level": "0", "affected_by_negation": "no", "separation": "1", "analysis_list": [{"lemma": "frantically", "tag": "ENMPN-", "original_form": "frantically"}], "id": "3"}], "separation": "1", "form": "frantically", "quote_level": "0", "head": "3", "syntactic_tree_relation_list": [{"type": "isMannerComplement", "id": "2"}], "affected_by_negation": "no", "inip": "12", "analysis_list": [{"lemma": "frantically", "tag": "GEM--M--", "original_form": "frantically"}], "type": "phrase", "id": "39"}, {"endp": "126", "style": {"isItalics": "no", "isUnderlined": "no", "isTitle": "no", "isBold": "no"}, "token_list": [{"endp": "30", "style": {"isItalics": "no", "isUnderlined": "no", "isTitle": "no", "isBold": "no"}, "separation": "1", "form": "to stop", "quote_level": "0", "head": "5", "syntactic_tree_relation_list": [{"type": "iof_isDirectObject", "id": "31"}], "affected_by_negation": "no", "inip": "24", "analysis_list": [{"lemma": "stop", "tag": "VF---OSA-N-N4", "sense_id_list": [{"sense_id": "ODENTITY_INTENTIONAL_PROCESS"}, {"sense_id": "ODENTITY_KEEPING"}, {"sense_id": "ODENTITY_PROCESS"}], "original_form": "to stop"}], "sense_list": [{"info": "sementity/id=ODENTITY_INTENTIONAL_PROCESS@type=Top>Process>IntentionalProcess\tsemld_list=sumo:IntentionalProcess", "id": "ODENTITY_INTENTIONAL_PROCESS", "form": "stop"}, {"info": "sementity/id=ODENTITY_KEEPING@type=Top>Process>IntentionalProcess>Keeping\tsemld_list=sumo:Keeping", "id": "ODENTITY_KEEPING", "form": "stop"}, {"info": "sementity/id=ODENTITY_PROCESS@type=Top>Process\tsemld_list=sumo:Entity", "id": "ODENTITY_PROCESS", "form": "stop"}], "type": "multiword", "id": "30"}, {"endp": "43", "style": {"isItalics": "no", "isUnderlined": "no", "isTitle": "no", "isBold": "no"}, "token_list": [{"endp": "34", "style": {"isItalics": "no", "isUnderlined": "no", "isTitle": "no", "isBold": "no"}, "inip": "32", "form": "her", "quote_level": "0", "affected_by_negation": "no", "separation": "1", "analysis_list": [{"lemma": "her", "tag": "SD-SFS3N7", "sense_id_list": [{"sense_id": "PRONHUMAN"}], "original_form": "her"}], "sense_list": [{"info": "semhum=human", "id": "PRONHUMAN", "form": "her"}], "id": "6"}, {"endp": "43", "style": {"isItalics": "no", "isUnderlined": "no", "isTitle": "no", "isBold": "no"}, "inip": "36", "form": "daughter", "quote_level": "0", "affected_by_negation": "no", "separation": "1", "analysis_list": [{"lemma": "daughter", "tag": "NC-S-N5", "original_form": "daughter"}], "id": "7"}], "separation": "1", "form": "her daughter", "quote_level": "0", "head": "7", "syntactic_tree_relation_list": [{"type": "isPossessor", "id": "29"}, {"type": "isDirectObject", "id": "30"}], "affected_by_negation": "no", "inip": "32", "analysis_list": [{"lemma": "daughter", "tag": "GN-S3D--", "original_form": "her daughter"}], "type": "phrase", "id": "31"}, {"endp": "48", "style": {"isItalics": "no", "isUnderlined": "no", "isTitle": "no", "isBold": "no"}, "inip": "45", "form": "from", "quote_level": "0", "affected_by_negation": "no", "separation": "1", "analysis_list": [{"lemma": "from", "tag": "YN8", "original_form": "from"}], "id": "8"}, {"endp": "126", "style": {"isItalics": "no", "isUnderlined": "no", "isTitle": "no", "isBold": "no"}, "token_list": [{"endp": "57", "style": {"isItalics": "no", "isUnderlined": "no", "isTitle": "no", "isBold": "no"}, "inip": "50", "form": "chatting", "quote_level": "0", "syntactic_tree_relation_list": [{"type": "iof_isComplement", "id": "38"}], "affected_by_negation": "no", "separation": "1", "analysis_list": [{"lemma": "chat", "tag": "VP---PSA-N-N3", "sense_id_list": [{"sense_id": "ODENTITY_COMMUNICATION_PROCESS"}], "original_form": "chatting"}], "sense_list": [{"info": "sementity/id=ODENTITY_COMMUNICATION_PROCESS@type=Top>Process>ContentBearingProcess>CommunicationProcess\tsemld_list=sumo:Entity", "id": "ODENTITY_COMMUNICATION_PROCESS", "form": "chat"}], "id": "9"}, {"endp": "126", "style": {"isItalics": "no", "isUnderlined": "no", "isTitle": "no", "isBold": "no"}, "token_list": [{"endp": "60", "style": {"isItalics": "no", "isUnderlined": "no", "isTitle": "no", "isBold": "no"}, "inip": "59", "form": "at", "quote_level": "0", "affected_by_negation": "no", "separation": "1", "analysis_list": [{"lemma": "at", "tag": "YN8", "original_form": "at"}], "id": "10"}, {"endp": "70", "style": {"isItalics": "no", "isUnderlined": "no", "isTitle": "no", "isBold": "no"}, "token_list": [{"endp": "64", "style": {"isItalics": "no", "isUnderlined": "no", "isTitle": "no", "isBold": "no"}, "inip": "62", "form": "the", "quote_level": "0", "affected_by_negation": "no", "separation": "1", "analysis_list": [{"lemma": "the", "tag": "TD-SN9", "original_form": "the"}], "id": "11"}, {"endp": "70", "style": {"isItalics": "no", "isUnderlined": "no", "isTitle": "no", "isBold": "no"}, "inip": "66", "form": "party", "quote_level": "0", "affected_by_negation": "no", "separation": "1", "analysis_list": [{"lemma": "party", "tag": "NC-S-N6", "original_form": "party"}], "id": "12"}], "separation": "1", "form": "the party", "quote_level": "0", "head": "12", "affected_by_negation": "no", "inip": "62", "analysis_list": [{"lemma": "party", "tag": "GN-S3---", "original_form": "the party"}], "type": "phrase", "id": "32"}, {"endp": "71", "style": {"isItalics": "no", "isUnderlined": "no", "isTitle": "no", "isBold": "no"}, "inip": "71", "form": ",", "quote_level": "0", "affected_by_negation": "no", "separation": "A", "analysis_list": [{"lemma": ",", "tag": "1D--", "original_form": ","}], "id": "13"}, {"endp": "126", "style": {"isItalics": "no", "isUnderlined": "no", "isTitle": "no", "isBold": "no"}, "token_list": [{"endp": "79", "style": {"isItalics": "no", "isUnderlined": "no", "isTitle": "no", "isBold": "no"}, "inip": "73", "form": "leaving", "quote_level": "0", "affected_by_negation": "no", "separation": "1", "analysis_list": [{"lemma": "leave", "tag": "VP---PSA-N-N4", "original_form": "leaving"}], "id": "14"}, {"endp": "100", "style": {"isItalics": "no", "isUnderlined": "no", "isTitle": "no", "isBold": "no"}, "token_list": [{"endp": "82", "style": {"isItalics": "no", "isUnderlined": "no", "isTitle": "no", "isBold": "no"}, "token_list": [{"endp": "82", "style": {"isItalics": "no", "isUnderlined": "no", "isTitle": "no", "isBold": "no"}, "inip": "81", "form": "us", "quote_level": "0", "affected_by_negation": "no", "separation": "1", "analysis_list": [{"lemma": "us", "tag": "PP-P1AN7", "sense_id_list": [{"sense_id": "PRONHUMAN"}], "original_form": "us"}], "sense_list": [{"info": "semhum=human", "id": "PRONHUMAN", "form": "us"}], "id": "15"}], "separation": "1", "form": "us", "quote_level": "0", "head": "15", "affected_by_negation": "no", "inip": "81", "analysis_list": [{"lemma": "us", "tag": "GN-P1---", "original_form": "us"}], "type": "phrase", "id": "35"}, {"endp": "92", "style": {"isItalics": "no", "isUnderlined": "no", "isTitle": "no", "isBold": "no"}, "separation": "1", "form": "to wonder", "quote_level": "0", "head": "17", "syntactic_tree_relation_list": [{"type": "iof_isComplement", "id": "37"}], "affected_by_negation": "no", "inip": "84", "analysis_list": [{"lemma": "wonder", "tag": "VF---OSA-N-N4", "sense_id_list": [{"sense_id": "ODENTITY_INTENTIONAL_PSYCHOLOGICAL_PROCESS"}], "original_form": "to wonder"}], "sense_list": [{"info": "sementity/id=ODENTITY_INTENTIONAL_PSYCHOLOGICAL_PROCESS@type=Top>Process>IntentionalProcess>IntentionalPsychologicalProcess\tsemld_list=sumo:IntentionalProcess", "id": "ODENTITY_INTENTIONAL_PSYCHOLOGICAL_PROCESS", "form": "wonder"}], "type": "multiword", "id": "33"}, {"endp": "96", "style": {"isItalics": "no", "isUnderlined": "no", "isTitle": "no", "isBold": "no"}, "token_list": [{"endp": "96", "style": {"isItalics": "no", "isUnderlined": "no", "isTitle": "no", "isBold": "no"}, "inip": "94", "form": "why", "quote_level": "0", "affected_by_negation": "no", "separation": "1", "analysis_list": [{"lemma": "why", "tag": "EROPN6", "original_form": "why"}, {"lemma": "why", "tag": "EIOPN6", "original_form": "why"}], "id": "18"}], "separation": "1", "form": "why", "quote_level": "0", "head": "18", "syntactic_tree_relation_list": [{"type": "isComplement", "id": "33"}], "affected_by_negation": "no", "inip": "94", "analysis_list": [{"lemma": "why", "tag": "GEO--C--", "original_form": "why"}], "type": "phrase", "id": "37"}, {"endp": "100", "style": {"isItalics": "no", "isUnderlined": "no", "isTitle": "no", "isBold": "no"}, "token_list": [{"endp": "100", "style": {"isItalics": "no", "isUnderlined": "no", "isTitle": "no", "isBold": "no"}, "inip": "98", "form": "she", "quote_level": "0", "affected_by_negation": "no", "separation": "1", "analysis_list": [{"lemma": "she", "tag": "PPFS3NN8", "sense_id_list": [{"sense_id": "PRONHUMAN"}], "original_form": "she"}], "sense_list": [{"info": "semhum=human", "id": "PRONHUMAN", "form": "she"}], "id": "19"}], "separation": "1", "form": "she", "quote_level": "0", "head": "19", "syntactic_tree_relation_list": [{"type": "isAnaphora", "id": "29"}, {"type": "isSubject", "id": "26"}], "affected_by_negation": "no", "inip": "98", "analysis_list": [{"lemma": "she", "tag": "GNFS3S--", "original_form": "she"}], "type": "phrase", "id": "34"}], "separation": "1", "form": "us to wonder why she", "quote_level": "0", "affected_by_negation": "no", "inip": "81", "analysis_list": [{"lemma": "*", "tag": "ZN-S3DFO----", "original_form": "us to wonder why she"}], "type": "phrase", "id": "40"}, {"endp": "113", "style": {"isItalics": "no", "isUnderlined": "no", "isTitle": "no", "isBold": "no"}, "separation": "1", "form": "was behaving", "quote_level": "0", "head": "20", "syntactic_tree_relation_list": [{"type": "iof_isSubject", "id": "34"}], "affected_by_negation": "no", "inip": "102", "analysis_list": [{"lemma": "behave", "tag": "VI-S3ACA-N-N9", "original_form": "was behaving"}, {"lemma": "behave", "tag": "VI-S1ACA-N-N9", "original_form": "was behaving"}], "type": "multiword", "id": "26"}, {"endp": "116", "style": {"isItalics": "no", "isUnderlined": "no", "isTitle": "no", "isBold": "no"}, "inip": "115", "form": "so", "quote_level": "0", "affected_by_negation": "no", "separation": "1", "analysis_list": [{"lemma": "so", "tag": "ENMPN7", "original_form": "so"}, {"lemma": "so", "tag": "ENQPN7", "original_form": "so"}, {"lemma": "so", "tag": "CSLN7", "original_form": "so"}, {"lemma": "so", "tag": "CSFN7", "original_form": "so"}], "id": "22"}, {"endp": "126", "style": {"isItalics": "no", "isUnderlined": "no", "isTitle": "no", "isBold": "no"}, "token_list": [{"endp": "126", "style": {"isItalics": "no", "isUnderlined": "no", "isTitle": "no", "isBold": "no"}, "inip": "118", "form": "strangely", "quote_level": "0", "affected_by_negation": "no", "separation": "1", "analysis_list": [{"lemma": "strangely", "tag": "ENMPN3", "original_form": "strangely"}], "id": "23"}], "separation": "1", "form": "strangely", "quote_level": "0", "head": "23", "affected_by_negation": "no", "inip": "118", "analysis_list": [{"lemma": "strangely", "tag": "GEM--M--", "original_form": "strangely"}], "type": "phrase", "id": "36"}], "separation": "1", "form": "leaving us to wonder why she was behaving so strangely", "quote_level": "0", "affected_by_negation": "no", "inip": "73", "analysis_list": [{"lemma": "*", "tag": "ZA---XPP----", "original_form": "leaving us to wonder why she was behaving so strangely"}], "type": "phrase", "id": "41"}], "separation": "1", "form": "at the party, leaving us to wonder why she was behaving so strangely", "quote_level": "0", "head": "10", "syntactic_tree_relation_list": [{"type": "isComplement", "id": "9"}, {"type": "isNonRestrictiveApposition", "id": "38"}, {"type": "iof_isNonRestrictiveApposition", "id": "38"}], "affected_by_negation": "no", "inip": "59", "analysis_list": [{"lemma": "at", "tag": "GY---C--", "original_form": "at the party"}], "type": "phrase", "id": "38"}], "separation": "1", "form": "chatting at the party, leaving us to wonder why she was behaving so strangely", "quote_level": "0", "affected_by_negation": "no", "inip": "50", "analysis_list": [{"lemma": "*", "tag": "ZN-S3-PP----", "original_form": "chatting at the party, leaving us to wonder why she was behaving so strangely"}], "type": "phrase", "id": "42"}], "separation": "1", "form": "to stop her daughter from chatting at the party, leaving us to wonder why she was behaving so strangely", "quote_level": "0", "syntactic_tree_relation_list": [{"type": "isDirectObject", "id": "2"}], "affected_by_negation": "no", "inip": "24", "analysis_list": [{"lemma": "*", "tag": "ZN---DFO----", "original_form": "to stop her daughter from chatting at the party, leaving us to wonder why she was behaving so strangely"}], "type": "phrase", "id": "43"}], "separation": "_", "form": "Alice tried frantically to stop her daughter from chatting at the party, leaving us to wonder why she was behaving so strangely", "quote_level": "0", "affected_by_negation": "no", "inip": "0", "analysis_list": [{"lemma": "*", "tag": "Z-----------", "original_form": "Alice tried frantically to stop her daughter from chatting at the party, leaving us to wonder why she was behaving so strangely"}], "type": "phrase", "id": "44"}, {"endp": "127", "style": {"isItalics": "no", "isUnderlined": "no", "isTitle": "no", "isBold": "no"}, "inip": "127", "form": ".", "quote_level": "0", "affected_by_negation": "no", "separation": "A", "analysis_list": [{"lemma": ".", "tag": "1D--", "original_form": "."}], "id": "24"}], "inip": "0", "quote_level": "0", "affected_by_negation": "no", "separation": "A", "type": "sentence", "id": "27"}]}