{"status": {"msg": "OK", "credits": "1", "remaining_credits": "39848", "code": "0"}, "token_list": [{"endp": "125", "style": {"isItalics": "no", "isUnderlined": "no", "isTitle": "no", "isBold": "no"}, "token_list": [{"endp": "124", "style": {"isItalics": "no", "isUnderlined": "no", "isTitle": "no", "isBold": "no"}, "token_list": [{"endp": "4", "style": {"isItalics": "no", "isUnderlined": "no", "isTitle": "no", "isBold": "no"}, "token_list": [{"endp": "4", "style": {"isItalics": "no", "isUnderlined": "no", "isTitle": "no", "isBold": "no"}, "inip": "0", "form": "Alice", "quote_level": "0", "affected_by_negation": "no", "separation": "_", "analysis_list": [{"lemma": "Alice", "tag": "NPFS-N-", "sense_id_list": [{"sense_id": "30e28ef660"}], "original_form": "Alice"}], "sense_list": [{"info": "sementity/class=instance@fiction=nonfiction@id=ODENTITY_FIRST_NAME@type=Top>Person>FirstName\tsemld_list=sumo:FirstName", "id": "30e28ef660", "form": "Alice"}], "id": "1"}], "separation": "_", "form": "Alice", "quote_level": "0", "head": "1", "syntactic_tree_relation_list": [{"type": "isSubject", "id": "2"}, {"type": "iof_isPossessor", "id": "29"}, {"type": "iof_isAnaphora", "id": "32"}], "affected_by_negation": "no", "inip": "0", "analysis_list": [{"lemma": "Alice", "tag": "GNFS3S--", "original_form": "Alice"}], "type": "phrase", "id": "27"}, {"endp": "10", "style": {"isItalics": "no", "isUnderlined": "no", "isTitle": "no", "isBold": "no"}, "inip": "6", "form": "tried", "quote_level": "0", "syntactic_tree_relation_list": [{"type": "iof_isSubject", "id": "27"}, {"type": "iof_isMannerComplement", "id": "37"}, {"type": "iof_isDirectObject", "id": "41"}], "affected_by_negation": "no", "separation": "1", "analysis_list": [{"lemma": "try", "tag": "VI-S3ASA-N-N4", "sense_id_list": [{"sense_id": "ODENTITY_BIOLOGICAL_PROCESS"}, {"sense_id": "ODENTITY_INCREASING"}, {"sense_id": "ODENTITY_INTENTIONAL_PROCESS"}, {"sense_id": "ODENTITY_INTENTIONAL_PSYCHOLOGICAL_PROCESS"}, {"sense_id": "ODENTITY_INVESTIGATING"}, {"sense_id": "ODENTITY_TRANSLOCATION"}], "original_form": "tried"}], "sense_list": [{"info": "sementity/id=ODENTITY_BIOLOGICAL_PROCESS@type=Top>Process>InternalChange>BiologicalProcess\tsemld_list=sumo:Entity", "id": "ODENTITY_BIOLOGICAL_PROCESS", "form": "try"}, {"info": "sementity/id=ODENTITY_INCREASING@type=Top>Process>InternalChange>QuantityChange>Increasing\tsemld_list=sumo:Entity", "id": "ODENTITY_INCREASING", "form": "try"}, {"info": "sementity/id=ODENTITY_INTENTIONAL_PROCESS@type=Top>Process>IntentionalProcess\tsemld_list=sumo:IntentionalProcess", "id": "ODENTITY_INTENTIONAL_PROCESS", "form": "try"}, {"info": "sementity/id=ODENTITY_INTENTIONAL_PSYCHOLOGICAL_PROCESS@type=Top>Process>IntentionalProcess>IntentionalPsychologicalProcess\tsemld_list=sumo:IntentionalProcess", "id": "ODENTITY_INTENTIONAL_PSYCHOLOGICAL_PROCESS", "form": "try"}, {"info": "sementity/id=ODENTITY_INVESTIGATING@type=Top>Process>IntentionalProcess>IntentionalPsychologicalProcess>Investigating\tsemld_list=sumo:IntentionalProcess", "id": "ODENTITY_INVESTIGATING", "form": "try"}, {"info": "sementity/id=ODENTITY_TRANSLOCATION@type=Top>Process>Motion>Translocation\tsemld_list=sumo:Entity", "id": "ODENTITY_TRANSLOCATION", "form": "try"}], "id": "2"}, {"endp": "22", "style": {"isItalics": "no", "isUnderlined": "no", "isTitle": "no", "isBold": "no"}, "token_list": [{"endp": "22", "style": {"isItalics": "no", "isUnderlined": "no", "isTitle": "no", "isBold": "no"}, "inip": "12", "form": "frantically", "quote_level": "0", "affected_by_negation": "no", "separation": "1", "analysis_list": [{"lemma": "frantically", "tag": "ENMPN-", "original_form": "frantically"}], "id": "3"}], "separation": "1", "form": "frantically", "quote_level": "0", "head": "3", "syntactic_tree_relation_list": [{"type": "isMannerComplement", "id": "2"}], "affected_by_negation": "no", "inip": "12", "analysis_list": [{"lemma": "frantically", "tag": "GEM--M--", "original_form": "frantically"}], "type": "phrase", "id": "37"}, {"endp": "124", "style": {"isItalics": "no", "isUnderlined": "no", "isTitle": "no", "isBold": "no"}, "token_list": [{"endp": "30", "style": {"isItalics": "no", "isUnderlined": "no", "isTitle": "no", "isBold": "no"}, "separation": "1", "form": "to stop", "quote_level": "0", "head": "5", "syntactic_tree_relation_list": [{"type": "iof_isDirectObject", "id": "29"}], "affected_by_negation": "no", "inip": "24", "analysis_list": [{"lemma": "stop", "tag": "VF---OSA-N-N4", "sense_id_list": [{"sense_id": "ODENTITY_INTENTIONAL_PROCESS"}, {"sense_id": "ODENTITY_KEEPING"}, {"sense_id": "ODENTITY_PROCESS"}], "original_form": "to stop"}], "sense_list": [{"info": "sementity/id=ODENTITY_INTENTIONAL_PROCESS@type=Top>Process>IntentionalProcess\tsemld_list=sumo:IntentionalProcess", "id": "ODENTITY_INTENTIONAL_PROCESS", "form": "stop"}, {"info": "sementity/id=ODENTITY_KEEPING@type=Top>Process>IntentionalProcess>Keeping\tsemld_list=sumo:Keeping", "id": "ODENTITY_KEEPING", "form": "stop"}, {"info": "sementity/id=ODENTITY_PROCESS@type=Top>Process\tsemld_list=sumo:Entity", "id": "ODENTITY_PROCESS", "form": "stop"}], "type": "multiword", "id": "28"}, {"endp": "43", "style": {"isItalics": "no", "isUnderlined": "no", "isTitle": "no", "isBold": "no"}, "token_list": [{"endp": "34", "style": {"isItalics": "no", "isUnderlined": "no", "isTitle": "no", "isBold": "no"}, "inip": "32", "form": "her", "quote_level": "0", "affected_by_negation": "no", "separation": "1", "analysis_list": [{"lemma": "her", "tag": "SD-SFS3N7", "sense_id_list": [{"sense_id": "PRONHUMAN"}], "original_form": "her"}], "sense_list": [{"info": "semhum=human", "id": "PRONHUMAN", "form": "her"}], "id": "6"}, {"endp": "43", "style": {"isItalics": "no", "isUnderlined": "no", "isTitle": "no", "isBold": "no"}, "inip": "36", "form": "daughter", "quote_level": "0", "affected_by_negation": "no", "separation": "1", "analysis_list": [{"lemma": "daughter", "tag": "NC-S-N5", "original_form": "daughter"}], "id": "7"}], "separation": "1", "form": "her daughter", "quote_level": "0", "head": "7", "syntactic_tree_relation_list": [{"type": "isPossessor", "id": "27"}, {"type": "isDirectObject", "id": "28"}], "affected_by_negation": "no", "inip": "32", "analysis_list": [{"lemma": "daughter", "tag": "GN-S3D--", "original_form": "her daughter"}], "type": "phrase", "id": "29"}, {"endp": "48", "style": {"isItalics": "no", "isUnderlined": "no", "isTitle": "no", "isBold": "no"}, "inip": "45", "form": "from", "quote_level": "0", "affected_by_negation": "no", "separation": "1", "analysis_list": [{"lemma": "from", "tag": "YN8", "original_form": "from"}], "id": "8"}, {"endp": "124", "style": {"isItalics": "no", "isUnderlined": "no", "isTitle": "no", "isBold": "no"}, "token_list": [{"endp": "56", "style": {"isItalics": "no", "isUnderlined": "no", "isTitle": "no", "isBold": "no"}, "inip": "50", "form": "barking", "quote_level": "0", "syntactic_tree_relation_list": [{"type": "iof_isComplement", "id": "36"}], "affected_by_negation": "no", "separation": "1", "analysis_list": [{"lemma": "bark", "tag": "VP---PSA-N-N-", "sense_id_list": [{"sense_id": "ODENTITY_COMBINING"}, {"sense_id": "ODENTITY_COMMUNICATION_PROCESS"}, {"sense_id": "ODENTITY_TRANSLOCATION"}, {"sense_id": "ODENTITY_RADIATING"}, {"sense_id": "ODENTITY_SEPARATING"}], "original_form": "barking"}], "sense_list": [{"info": "sementity/id=ODENTITY_COMBINING@type=Top>Process>DualObjectProcess>Combining\tsemld_list=sumo:Entity", "id": "ODENTITY_COMBINING", "form": "bark"}, {"info": "sementity/id=ODENTITY_COMMUNICATION_PROCESS@type=Top>Process>ContentBearingProcess>CommunicationProcess\tsemld_list=sumo:Entity", "id": "ODENTITY_COMMUNICATION_PROCESS", "form": "bark"}, {"info": "sementity/id=ODENTITY_RADIATING@type=Top>Process>Motion>Radiating\tsemld_list=sumo:Entity", "id": "ODENTITY_RADIATING", "form": "bark"}, {"info": "sementity/id=ODENTITY_SEPARATING@type=Top>Process>DualObjectProcess>Separating\tsemld_list=sumo:Entity", "id": "ODENTITY_SEPARATING", "form": "bark"}, {"info": "sementity/id=ODENTITY_TRANSLOCATION@type=Top>Process>Motion>Translocation\tsemld_list=sumo:Entity", "id": "ODENTITY_TRANSLOCATION", "form": "bark"}], "id": "9"}, {"endp": "124", "style": {"isItalics": "no", "isUnderlined": "no", "isTitle": "no", "isBold": "no"}, "token_list": [{"endp": "59", "style": {"isItalics": "no", "isUnderlined": "no", "isTitle": "no", "isBold": "no"}, "inip": "58", "form": "at", "quote_level": "0", "affected_by_negation": "no", "separation": "1", "analysis_list": [{"lemma": "at", "tag": "YN8", "original_form": "at"}], "id": "10"}, {"endp": "69", "style": {"isItalics": "no", "isUnderlined": "no", "isTitle": "no", "isBold": "no"}, "token_list": [{"endp": "63", "style": {"isItalics": "no", "isUnderlined": "no", "isTitle": "no", "isBold": "no"}, "inip": "61", "form": "the", "quote_level": "0", "affected_by_negation": "no", "separation": "1", "analysis_list": [{"lemma": "the", "tag": "TD-SN9", "original_form": "the"}], "id": "11"}, {"endp": "69", "style": {"isItalics": "no", "isUnderlined": "no", "isTitle": "no", "isBold": "no"}, "inip": "65", "form": "party", "quote_level": "0", "affected_by_negation": "no", "separation": "1", "analysis_list": [{"lemma": "party", "tag": "NC-S-N6", "original_form": "party"}], "id": "12"}], "separation": "1", "form": "the party", "quote_level": "0", "head": "12", "affected_by_negation": "no", "inip": "61", "analysis_list": [{"lemma": "party", "tag": "GN-S3---", "original_form": "the party"}], "type": "phrase", "id": "30"}, {"endp": "70", "style": {"isItalics": "no", "isUnderlined": "no", "isTitle": "no", "isBold": "no"}, "inip": "70", "form": ",", "quote_level": "0", "affected_by_negation": "no", "separation": "A", "analysis_list": [{"lemma": ",", "tag": "1D--", "original_form": ","}], "id": "13"}, {"endp": "124", "style": {"isItalics": "no", "isUnderlined": "no", "isTitle": "no", "isBold": "no"}, "token_list": [{"endp": "78", "style": {"isItalics": "no", "isUnderlined": "no", "isTitle": "no", "isBold": "no"}, "inip": "72", "form": "leaving", "quote_level": "0", "affected_by_negation": "no", "separation": "1", "analysis_list": [{"lemma": "leave", "tag": "VP---PSA-N-N4", "original_form": "leaving"}], "id": "14"}, {"endp": "111", "style": {"isItalics": "no", "isUnderlined": "no", "isTitle": "no", "isBold": "no"}, "token_list": [{"endp": "81", "style": {"isItalics": "no", "isUnderlined": "no", "isTitle": "no", "isBold": "no"}, "token_list": [{"endp": "81", "style": {"isItalics": "no", "isUnderlined": "no", "isTitle": "no", "isBold": "no"}, "inip": "80", "form": "us", "quote_level": "0", "affected_by_negation": "no", "separation": "1", "analysis_list": [{"lemma": "us", "tag": "PP-P1AN7", "sense_id_list": [{"sense_id": "PRONHUMAN"}], "original_form": "us"}], "sense_list": [{"info": "semhum=human", "id": "PRONHUMAN", "form": "us"}], "id": "15"}], "separation": "1", "form": "us", "quote_level": "0", "head": "15", "affected_by_negation": "no", "inip": "80", "analysis_list": [{"lemma": "us", "tag": "GN-P1---", "original_form": "us"}], "type": "phrase", "id": "33"}, {"endp": "91", "style": {"isItalics": "no", "isUnderlined": "no", "isTitle": "no", "isBold": "no"}, "separation": "1", "form": "to wonder", "quote_level": "0", "head": "17", "syntactic_tree_relation_list": [{"type": "iof_isComplement", "id": "35"}], "affected_by_negation": "no", "inip": "83", "analysis_list": [{"lemma": "wonder", "tag": "VF---OSA-N-N4", "sense_id_list": [{"sense_id": "ODENTITY_INTENTIONAL_PSYCHOLOGICAL_PROCESS"}], "original_form": "to wonder"}], "sense_list": [{"info": "sementity/id=ODENTITY_INTENTIONAL_PSYCHOLOGICAL_PROCESS@type=Top>Process>IntentionalProcess>IntentionalPsychologicalProcess\tsemld_list=sumo:IntentionalProcess", "id": "ODENTITY_INTENTIONAL_PSYCHOLOGICAL_PROCESS", "form": "wonder"}], "type": "multiword", "id": "31"}, {"endp": "95", "style": {"isItalics": "no", "isUnderlined": "no", "isTitle": "no", "isBold": "no"}, "token_list": [{"endp": "95", "style": {"isItalics": "no", "isUnderlined": "no", "isTitle": "no", "isBold": "no"}, "inip": "93", "form": "why", "quote_level": "0", "affected_by_negation": "no", "separation": "1", "analysis_list": [{"lemma": "why", "tag": "EROPN6", "original_form": "why"}, {"lemma": "why", "tag": "EIOPN6", "original_form": "why"}], "id": "18"}], "separation": "1", "form": "why", "quote_level": "0", "head": "18", "syntactic_tree_relation_list": [{"type": "isComplement", "id": "31"}], "affected_by_negation": "no", "inip": "93", "analysis_list": [{"lemma": "why", "tag": "GEO--C--", "original_form": "why"}], "type": "phrase", "id": "35"}, {"endp": "99", "style": {"isItalics": "no", "isUnderlined": "no", "isTitle": "no", "isBold": "no"}, "token_list": [{"endp": "99", "style": {"isItalics": "no", "isUnderlined": "no", "isTitle": "no", "isBold": "no"}, "inip": "97", "form": "she", "quote_level": "0", "affected_by_negation": "no", "separation": "1", "analysis_list": [{"lemma": "she", "tag": "PPFS3NN8", "sense_id_list": [{"sense_id": "PRONHUMAN"}], "original_form": "she"}], "sense_list": [{"info": "semhum=human", "id": "PRONHUMAN", "form": "she"}], "id": "19"}], "separation": "1", "form": "she", "quote_level": "0", "head": "19", "syntactic_tree_relation_list": [{"type": "isAnaphora", "id": "27"}], "affected_by_negation": "no", "inip": "97", "analysis_list": [{"lemma": "she", "tag": "GNFS3---", "original_form": "she"}], "type": "phrase", "id": "32"}, {"endp": "111", "style": {"isItalics": "no", "isUnderlined": "no", "isTitle": "no", "isBold": "no"}, "inip": "101", "form": "wasbehaving", "quote_level": "0", "affected_by_negation": "no", "separation": "1", "id": "20"}], "separation": "1", "form": "us to wonder why she wasbehaving", "quote_level": "0", "affected_by_negation": "no", "inip": "80", "analysis_list": [{"lemma": "*", "tag": "ZN-S3DFO----", "original_form": "us to wonder why she wasbehaving"}], "type": "phrase", "id": "38"}, {"endp": "114", "style": {"isItalics": "no", "isUnderlined": "no", "isTitle": "no", "isBold": "no"}, "inip": "113", "form": "so", "quote_level": "0", "affected_by_negation": "no", "separation": "1", "analysis_list": [{"lemma": "so", "tag": "ENMPN7", "original_form": "so"}, {"lemma": "so", "tag": "ENQPN7", "original_form": "so"}, {"lemma": "so", "tag": "CSLN7", "original_form": "so"}, {"lemma": "so", "tag": "CSFN7", "original_form": "so"}], "id": "21"}, {"endp": "124", "style": {"isItalics": "no", "isUnderlined": "no", "isTitle": "no", "isBold": "no"}, "token_list": [{"endp": "124", "style": {"isItalics": "no", "isUnderlined": "no", "isTitle": "no", "isBold": "no"}, "inip": "116", "form": "strangely", "quote_level": "0", "affected_by_negation": "no", "separation": "1", "analysis_list": [{"lemma": "strangely", "tag": "ENMPN3", "original_form": "strangely"}], "id": "22"}], "separation": "1", "form": "strangely", "quote_level": "0", "head": "22", "affected_by_negation": "no", "inip": "116", "analysis_list": [{"lemma": "strangely", "tag": "GEM--M--", "original_form": "strangely"}], "type": "phrase", "id": "34"}], "separation": "1", "form": "leaving us to wonder why she wasbehaving so strangely", "quote_level": "0", "affected_by_negation": "no", "inip": "72", "analysis_list": [{"lemma": "*", "tag": "ZA---XPP----", "original_form": "leaving us to wonder why she wasbehaving so strangely"}], "type": "phrase", "id": "39"}], "separation": "1", "form": "at the party, leaving us to wonder why she wasbehaving so strangely", "quote_level": "0", "head": "10", "syntactic_tree_relation_list": [{"type": "isComplement", "id": "9"}, {"type": "isNonRestrictiveApposition", "id": "36"}, {"type": "iof_isNonRestrictiveApposition", "id": "36"}], "affected_by_negation": "no", "inip": "58", "analysis_list": [{"lemma": "at", "tag": "GY---C--", "original_form": "at the party"}], "type": "phrase", "id": "36"}], "separation": "1", "form": "barking at the party, leaving us to wonder why she wasbehaving so strangely", "quote_level": "0", "affected_by_negation": "no", "inip": "50", "analysis_list": [{"lemma": "*", "tag": "ZN-S3-PP----", "original_form": "barking at the party, leaving us to wonder why she wasbehaving so strangely"}], "type": "phrase", "id": "40"}], "separation": "1", "form": "to stop her daughter from barking at the party, leaving us to wonder why she wasbehaving so strangely", "quote_level": "0", "syntactic_tree_relation_list": [{"type": "isDirectObject", "id": "2"}], "affected_by_negation": "no", "inip": "24", "analysis_list": [{"lemma": "*", "tag": "ZN---DFO----", "original_form": "to stop her daughter from barking at the party, leaving us to wonder why she wasbehaving so strangely"}], "type": "phrase", "id": "41"}], "separation": "_", "form": "Alice tried frantically to stop her daughter from barking at the party, leaving us to wonder why she wasbehaving so strangely", "quote_level": "0", "affected_by_negation": "no", "inip": "0", "analysis_list": [{"lemma": "*", "tag": "Z-----------", "original_form": "Alice tried frantically to stop her daughter from barking at the party, leaving us to wonder why she wasbehaving so strangely"}], "type": "phrase", "id": "42"}, {"endp": "125", "style": {"isItalics": "no", "isUnderlined": "no", "isTitle": "no", "isBold": "no"}, "inip": "125", "form": ".", "quote_level": "0", "affected_by_negation": "no", "separation": "A", "analysis_list": [{"lemma": ".", "tag": "1D--", "original_form": "."}], "id": "23"}], "inip": "0", "quote_level": "0", "affected_by_negation": "no", "separation": "A", "type": "sentence", "id": "25"}]}