{"status": {"msg": "OK", "credits": "1", "remaining_credits": "39846", "code": "0"}, "token_list": [{"endp": "73", "style": {"isItalics": "no", "isUnderlined": "no", "isTitle": "no", "isBold": "no"}, "token_list": [{"endp": "72", "style": {"isItalics": "no", "isUnderlined": "no", "isTitle": "no", "isBold": "no"}, "token_list": [{"endp": "0", "style": {"isItalics": "no", "isUnderlined": "no", "isTitle": "no", "isBold": "no"}, "token_list": [{"endp": "0", "style": {"isItalics": "no", "isUnderlined": "no", "isTitle": "no", "isBold": "no"}, "inip": "0", "form": "I", "quote_level": "0", "affected_by_negation": "no", "separation": "_", "analysis_list": [{"lemma": "I", "tag": "PP-S1NN-", "sense_id_list": [{"sense_id": "PRONHUMAN"}], "original_form": "I"}], "sense_list": [{"info": "semhum=human", "id": "PRONHUMAN", "form": "I"}], "id": "1"}], "separation": "_", "form": "I", "quote_level": "0", "head": "1", "syntactic_tree_relation_list": [{"type": "isSubject", "id": "2"}], "affected_by_negation": "no", "inip": "0", "analysis_list": [{"lemma": "I", "tag": "GN-S1S--", "original_form": "I"}], "type": "phrase", "id": "45"}, {"endp": "4", "style": {"isItalics": "no", "isUnderlined": "no", "isTitle": "no", "isBold": "no"}, "inip": "2", "form": "saw", "quote_level": "0", "syntactic_tree_relation_list": [{"type": "iof_isSubject", "id": "45"}, {"type": "iof_isDirectObject", "id": "41"}], "affected_by_negation": "no", "separation": "1", "analysis_list": [{"lemma": "saw", "tag": "VI-S1PSA-N-N-", "original_form": "saw"}, {"lemma": "see", "tag": "VI-S1ASA-N-N7", "original_form": "saw"}], "id": "2"}, {"endp": "72", "style": {"isItalics": "no", "isUnderlined": "no", "isTitle": "no", "isBold": "no"}, "token_list": [{"endp": "8", "style": {"isItalics": "no", "isUnderlined": "no", "isTitle": "no", "isBold": "no"}, "inip": "6", "form": "Jim", "quote_level": "0", "affected_by_negation": "no", "separation": "1", "analysis_list": [{"lemma": "Jim", "tag": "NPMS-N-", "sense_id_list": [{"sense_id": "a322d7a57a"}], "original_form": "Jim"}], "sense_list": [{"info": "sementity/class=instance@fiction=nonfiction@id=ODENTITY_FIRST_NAME@type=Top>Person>FirstName\tsemld_list=sumo:FirstName", "id": "a322d7a57a", "form": "Jim"}], "id": "3"}, {"endp": "72", "style": {"isItalics": "no", "isUnderlined": "no", "isTitle": "no", "isBold": "no"}, "token_list": [{"endp": "16", "style": {"isItalics": "no", "isUnderlined": "no", "isTitle": "no", "isBold": "no"}, "inip": "10", "form": "yelling", "quote_level": "0", "syntactic_tree_relation_list": [{"type": "iof_isComplement", "id": "48"}, {"type": "iof_isComplement", "id": "47"}], "affected_by_negation": "no", "separation": "1", "analysis_list": [{"lemma": "yell", "tag": "VP---PSA-N-N3", "sense_id_list": [{"sense_id": "ODENTITY_COMMUNICATION_PROCESS"}, {"sense_id": "ODENTITY_RADIATING"}], "original_form": "yelling"}], "sense_list": [{"info": "sementity/id=ODENTITY_COMMUNICATION_PROCESS@type=Top>Process>ContentBearingProcess>CommunicationProcess\tsemld_list=sumo:Entity", "id": "ODENTITY_COMMUNICATION_PROCESS", "form": "yell"}, {"info": "sementity/id=ODENTITY_RADIATING@type=Top>Process>Motion>Radiating\tsemld_list=sumo:Entity", "id": "ODENTITY_RADIATING", "form": "yell"}], "id": "4"}, {"endp": "28", "style": {"isItalics": "no", "isUnderlined": "no", "isTitle": "no", "isBold": "no"}, "token_list": [{"endp": "19", "style": {"isItalics": "no", "isUnderlined": "no", "isTitle": "no", "isBold": "no"}, "inip": "18", "form": "at", "quote_level": "0", "affected_by_negation": "no", "separation": "1", "analysis_list": [{"lemma": "at", "tag": "YN8", "original_form": "at"}], "id": "5"}, {"endp": "28", "style": {"isItalics": "no", "isUnderlined": "no", "isTitle": "no", "isBold": "no"}, "token_list": [{"endp": "24", "style": {"isItalics": "no", "isUnderlined": "no", "isTitle": "no", "isBold": "no"}, "inip": "21", "form": "some", "quote_level": "0", "affected_by_negation": "no", "separation": "1", "analysis_list": [{"lemma": "some", "tag": "QD-SPN7", "original_form": "some"}], "id": "6"}, {"endp": "28", "style": {"isItalics": "no", "isUnderlined": "no", "isTitle": "no", "isBold": "no"}, "inip": "26", "form": "guy", "quote_level": "0", "affected_by_negation": "no", "separation": "1", "analysis_list": [{"lemma": "guy", "tag": "NC-S-N5", "sense_id_list": [{"sense_id": "892278f516"}], "original_form": "guy"}], "sense_list": [{"info": "sementity/class=class@fiction=nonfiction@id=ODENTITY_PERSON@type=Top>Person\tsemld_list=sumo:Human", "id": "892278f516", "form": "guy"}], "id": "7"}], "separation": "1", "form": "some guy", "quote_level": "0", "head": "7", "affected_by_negation": "no", "inip": "21", "analysis_list": [{"lemma": "guy", "tag": "GN-S3---", "original_form": "some guy"}], "type": "phrase", "id": "42"}], "separation": "1", "form": "at some guy", "quote_level": "0", "head": "5", "syntactic_tree_relation_list": [{"type": "isComplement", "id": "4"}], "affected_by_negation": "no", "inip": "18", "analysis_list": [{"lemma": "at", "tag": "GY---C--", "original_form": "at some guy"}], "type": "phrase", "id": "48"}, {"endp": "72", "style": {"isItalics": "no", "isUnderlined": "no", "isTitle": "no", "isBold": "no"}, "token_list": [{"endp": "31", "style": {"isItalics": "no", "isUnderlined": "no", "isTitle": "no", "isBold": "no"}, "inip": "30", "form": "in", "quote_level": "0", "affected_by_negation": "no", "separation": "1", "analysis_list": [{"lemma": "in", "tag": "YN6", "original_form": "in"}], "id": "8"}, {"endp": "72", "style": {"isItalics": "no", "isUnderlined": "no", "isTitle": "no", "isBold": "no"}, "token_list": [{"endp": "33", "style": {"isItalics": "no", "isUnderlined": "no", "isTitle": "no", "isBold": "no"}, "inip": "33", "form": "a", "quote_level": "0", "affected_by_negation": "no", "separation": "1", "analysis_list": [{"lemma": "a", "tag": "QD-SPN9", "original_form": "a"}], "id": "9"}, {"endp": "42", "style": {"isItalics": "no", "isUnderlined": "no", "isTitle": "no", "isBold": "no"}, "inip": "35", "form": "military", "quote_level": "0", "affected_by_negation": "no", "separation": "1", "analysis_list": [{"lemma": "military", "tag": "AP-N5", "sense_id_list": [{"sense_id": "0ac543c739"}], "original_form": "military"}], "sense_list": [{"info": "sementity/class=class@fiction=nonfiction@id=ODENTITY_TOP@type=Top\tsemld_list=sumo:Entity\tsemtheme_list/id=ODTHEME_MILITARY@type=Top>Society>Militar", "id": "0ac543c739", "form": "military"}], "id": "10"}, {"endp": "50", "style": {"isItalics": "no", "isUnderlined": "no", "isTitle": "no", "isBold": "no"}, "inip": "44", "form": "uniform", "quote_level": "0", "affected_by_negation": "no", "separation": "1", "analysis_list": [{"lemma": "uniform", "tag": "NC-S-N3", "sense_id_list": [{"sense_id": "24652cc9e1"}], "original_form": "uniform"}], "sense_list": [{"info": "sementity/class=class@fiction=nonfiction@id=ODENTITY_TOP@type=Top\tsemld_list=sumo:Entity", "id": "24652cc9e1", "form": "uniform"}], "id": "11"}, {"endp": "72", "style": {"isItalics": "no", "isUnderlined": "no", "isTitle": "no", "isBold": "no"}, "token_list": [{"endp": "55", "style": {"isItalics": "no", "isUnderlined": "no", "isTitle": "no", "isBold": "no"}, "inip": "52", "form": "with", "quote_level": "0", "affected_by_negation": "no", "separation": "1", "analysis_list": [{"lemma": "with", "tag": "YN8", "original_form": "with"}], "id": "12"}, {"endp": "72", "style": {"isItalics": "no", "isUnderlined": "no", "isTitle": "no", "isBold": "no"}, "token_list": [{"endp": "57", "style": {"isItalics": "no", "isUnderlined": "no", "isTitle": "no", "isBold": "no"}, "inip": "57", "form": "a", "quote_level": "0", "affected_by_negation": "no", "separation": "1", "analysis_list": [{"lemma": "a", "tag": "QD-SPN9", "original_form": "a"}], "id": "13"}, {"endp": "62", "style": {"isItalics": "no", "isUnderlined": "no", "isTitle": "no", "isBold": "no"}, "inip": "59", "form": "huge", "quote_level": "0", "affected_by_negation": "no", "separation": "1", "analysis_list": [{"lemma": "huge", "tag": "AP-N5", "original_form": "huge"}], "id": "14"}, {"endp": "66", "style": {"isItalics": "no", "isUnderlined": "no", "isTitle": "no", "isBold": "no"}, "inip": "64", "form": "red", "quote_level": "0", "affected_by_negation": "no", "separation": "1", "analysis_list": [{"lemma": "red", "tag": "NC-S-N4", "sense_id_list": [{"sense_id": "a08884fc88"}], "original_form": "red"}], "sense_list": [{"info": "sementity/class=class@fiction=nonfiction@id=ODENTITY_COLOR@type=Top>OtherEntity>Color\tsemld_list=sumo:ColorAttribute", "id": "a08884fc88", "form": "red"}], "id": "15"}, {"endp": "72", "style": {"isItalics": "no", "isUnderlined": "no", "isTitle": "no", "isBold": "no"}, "inip": "68", "form": "beard", "quote_level": "0", "affected_by_negation": "no", "separation": "1", "analysis_list": [{"lemma": "beard", "tag": "NC-S-N3", "original_form": "beard"}], "id": "16"}], "separation": "1", "form": "a huge red beard", "quote_level": "0", "head": "16", "affected_by_negation": "no", "inip": "57", "analysis_list": [{"lemma": "beard", "tag": "GN-S3---", "original_form": "a huge red beard"}], "type": "phrase", "id": "44"}], "separation": "1", "form": "with a huge red beard", "quote_level": "0", "head": "12", "affected_by_negation": "no", "inip": "52", "analysis_list": [{"lemma": "with", "tag": "GY------", "original_form": "with a huge red beard"}], "type": "phrase", "id": "46"}], "separation": "1", "form": "a military uniform with a huge red beard", "quote_level": "0", "head": "11", "affected_by_negation": "no", "inip": "33", "analysis_list": [{"lemma": "uniform", "tag": "GN-S3---", "original_form": "a military uniform"}], "type": "phrase", "id": "43"}], "separation": "1", "form": "in a military uniform with a huge red beard", "quote_level": "0", "head": "8", "syntactic_tree_relation_list": [{"type": "isComplement", "id": "4"}], "affected_by_negation": "no", "inip": "30", "analysis_list": [{"lemma": "in", "tag": "GY---C--", "original_form": "in a military uniform with a huge red beard"}], "type": "phrase", "id": "47"}], "separation": "1", "form": "yelling at some guy in a military uniform with a huge red beard", "quote_level": "0", "affected_by_negation": "no", "inip": "10", "analysis_list": [{"lemma": "*", "tag": "ZA----PP----", "original_form": "yelling at some guy in a military uniform with a huge red beard"}], "type": "phrase", "id": "49"}], "separation": "1", "form": "Jim yelling at some guy in a military uniform with a huge red beard", "quote_level": "0", "head": "3", "syntactic_tree_relation_list": [{"type": "isDirectObject", "id": "2"}, {"type": "iof_isAnaphora", "id": "54"}, {"type": "iof_isAnaphora", "id": "53"}], "affected_by_negation": "no", "inip": "6", "analysis_list": [{"lemma": "Jim", "tag": "GNMS3D--", "original_form": "Jim"}], "type": "phrase", "id": "41"}], "separation": "_", "form": "I saw Jim yelling at some guy in a military uniform with a huge red beard", "quote_level": "0", "affected_by_negation": "no", "inip": "0", "analysis_list": [{"lemma": "*", "tag": "Z-----------", "original_form": "I saw Jim yelling at some guy in a military uniform with a huge red beard"}], "type": "phrase", "id": "50"}, {"endp": "73", "style": {"isItalics": "no", "isUnderlined": "no", "isTitle": "no", "isBold": "no"}, "inip": "73", "form": ".", "quote_level": "0", "affected_by_negation": "no", "separation": "A", "analysis_list": [{"lemma": ".", "tag": "1D--", "original_form": "."}], "id": "17"}], "inip": "0", "quote_level": "0", "affected_by_negation": "no", "separation": "A", "type": "sentence", "id": "36"}, {"endp": "126", "style": {"isItalics": "no", "isUnderlined": "no", "isTitle": "no", "isBold": "no"}, "token_list": [{"endp": "97", "style": {"isItalics": "no", "isUnderlined": "no", "isTitle": "no", "isBold": "no"}, "token_list": [{"endp": "75", "style": {"isItalics": "no", "isUnderlined": "no", "isTitle": "no", "isBold": "no"}, "token_list": [{"endp": "75", "style": {"isItalics": "no", "isUnderlined": "no", "isTitle": "no", "isBold": "no"}, "inip": "75", "form": "I", "quote_level": "0", "affected_by_negation": "no", "separation": "1", "analysis_list": [{"lemma": "I", "tag": "PP-S1NN-", "sense_id_list": [{"sense_id": "PRONHUMAN"}], "original_form": "I"}], "sense_list": [{"info": "semhum=human", "id": "PRONHUMAN", "form": "I"}], "id": "18"}], "separation": "1", "form": "I", "quote_level": "0", "head": "18", "syntactic_tree_relation_list": [{"type": "isSubject", "id": "35"}], "affected_by_negation": "no", "inip": "75", "analysis_list": [{"lemma": "I", "tag": "GN-S1S--", "original_form": "I"}], "type": "phrase", "id": "56"}, {"endp": "86", "style": {"isItalics": "no", "isUnderlined": "no", "isTitle": "no", "isBold": "no"}, "separation": "1", "form": "don't know", "quote_level": "0", "head": "34", "syntactic_tree_relation_list": [{"type": "iof_isSubject", "id": "56"}, {"type": "iof_isDirectObject", "id": "57"}], "affected_by_negation": "yes", "inip": "77", "analysis_list": [{"lemma": "know", "tag": "VI-S1PSA-NNE8", "original_form": "don't know"}], "type": "multiword", "id": "35"}, {"endp": "97", "style": {"isItalics": "no", "isUnderlined": "no", "isTitle": "no", "isBold": "no"}, "token_list": [{"endp": "90", "style": {"isItalics": "no", "isUnderlined": "no", "isTitle": "no", "isBold": "no"}, "token_list": [{"endp": "90", "style": {"isItalics": "no", "isUnderlined": "no", "isTitle": "no", "isBold": "no"}, "inip": "88", "form": "who", "quote_level": "0", "affected_by_negation": "no", "separation": "1", "analysis_list": [{"lemma": "who", "tag": "IP-SN7", "sense_id_list": [{"sense_id": "PRONHUMAN"}], "original_form": "who"}, {"lemma": "who", "tag": "IP-PN7", "sense_id_list": [{"sense_id": "PRONHUMAN"}], "original_form": "who"}], "sense_list": [{"info": "semhum=human", "id": "PRONHUMAN", "form": "who"}], "id": "23"}], "separation": "1", "form": "who", "quote_level": "0", "head": "23", "affected_by_negation": "no", "inip": "88", "analysis_list": [{"lemma": "who", "tag": "GN-S3---", "original_form": "who"}, {"lemma": "who", "tag": "GN-P3---", "original_form": "who"}], "type": "phrase", "id": "55"}, {"endp": "93", "style": {"isItalics": "no", "isUnderlined": "no", "isTitle": "no", "isBold": "no"}, "token_list": [{"endp": "93", "style": {"isItalics": "no", "isUnderlined": "no", "isTitle": "no", "isBold": "no"}, "inip": "92", "form": "he", "quote_level": "0", "affected_by_negation": "no", "separation": "1", "analysis_list": [{"lemma": "he", "tag": "PPMS3NN8", "sense_id_list": [{"sense_id": "PRONHUMAN"}], "original_form": "he"}], "sense_list": [{"info": "semhum=human", "id": "PRONHUMAN", "form": "he"}], "id": "24"}], "separation": "1", "form": "he", "quote_level": "0", "head": "24", "syntactic_tree_relation_list": [{"type": "isAnaphora", "id": "41"}, {"type": "isSubject", "id": "25"}], "affected_by_negation": "no", "inip": "92", "analysis_list": [{"lemma": "he", "tag": "GNMS3S--", "original_form": "he"}], "type": "phrase", "id": "54"}, {"endp": "97", "style": {"isItalics": "no", "isUnderlined": "no", "isTitle": "no", "isBold": "no"}, "inip": "95", "form": "was", "quote_level": "0", "syntactic_tree_relation_list": [{"type": "iof_isSubject", "id": "54"}], "affected_by_negation": "no", "separation": "1", "analysis_list": [{"lemma": "be", "tag": "VI-S3ASA-N-N9", "original_form": "was"}], "id": "25"}], "separation": "1", "form": "who he was", "quote_level": "0", "syntactic_tree_relation_list": [{"type": "isDirectObject", "id": "35"}], "affected_by_negation": "no", "inip": "88", "analysis_list": [{"lemma": "*", "tag": "ZN---DIA----", "original_form": "who he was"}], "type": "phrase", "id": "57"}], "separation": "1", "form": "I don't know who he was", "quote_level": "0", "affected_by_negation": "no", "inip": "75", "analysis_list": [{"lemma": "*", "tag": "ZC----------", "original_form": "I don't know who he was"}], "type": "phrase", "id": "58"}, {"endp": "98", "style": {"isItalics": "no", "isUnderlined": "no", "isTitle": "no", "isBold": "no"}, "inip": "98", "form": ",", "quote_level": "0", "affected_by_negation": "no", "separation": "A", "analysis_list": [{"lemma": ",", "tag": "1D--", "original_form": ","}], "id": "26"}, {"endp": "102", "style": {"isItalics": "no", "isUnderlined": "no", "isTitle": "no", "isBold": "no"}, "inip": "100", "form": "but", "quote_level": "0", "affected_by_negation": "no", "separation": "1", "analysis_list": [{"lemma": "but", "tag": "CCAN8", "original_form": "but"}], "id": "27"}, {"endp": "125", "style": {"isItalics": "no", "isUnderlined": "no", "isTitle": "no", "isBold": "no"}, "token_list": [{"endp": "105", "style": {"isItalics": "no", "isUnderlined": "no", "isTitle": "no", "isBold": "no"}, "token_list": [{"endp": "105", "style": {"isItalics": "no", "isUnderlined": "no", "isTitle": "no", "isBold": "no"}, "inip": "104", "form": "he", "quote_level": "0", "affected_by_negation": "no", "separation": "1", "analysis_list": [{"lemma": "he", "tag": "PPMS3NN8", "sense_id_list": [{"sense_id": "PRONHUMAN"}], "original_form": "he"}], "sense_list": [{"info": "semhum=human", "id": "PRONHUMAN", "form": "he"}], "id": "28"}], "separation": "1", "form": "he", "quote_level": "0", "head": "28", "syntactic_tree_relation_list": [{"type": "isAnaphora", "id": "41"}, {"type": "isSubject", "id": "29"}], "affected_by_negation": "no", "inip": "104", "analysis_list": [{"lemma": "he", "tag": "GNMS3S--", "original_form": "he"}], "type": "phrase", "id": "53"}, {"endp": "112", "style": {"isItalics": "no", "isUnderlined": "no", "isTitle": "no", "isBold": "no"}, "inip": "107", "form": "looked", "quote_level": "0", "syntactic_tree_relation_list": [{"type": "iof_isSubject", "id": "53"}], "affected_by_negation": "no", "separation": "1", "analysis_list": [{"lemma": "look", "tag": "VI-S3ASA-N-N6", "sense_id_list": [{"sense_id": "ODENTITY_BODY_MOTION"}, {"sense_id": "ODENTITY_COMMUNICATION_PROCESS"}, {"sense_id": "ODENTITY_INTENTIONAL_PSYCHOLOGICAL_PROCESS"}, {"sense_id": "ODENTITY_PURSUING"}, {"sense_id": "ODENTITY_BIOLOGICAL_PROCESS"}], "original_form": "looked"}], "sense_list": [{"info": "sementity/id=ODENTITY_BIOLOGICAL_PROCESS@type=Top>Process>InternalChange>BiologicalProcess\tsemld_list=sumo:Entity", "id": "ODENTITY_BIOLOGICAL_PROCESS", "form": "look"}, {"info": "sementity/id=ODENTITY_BODY_MOTION@type=Top>Process>Motion>BodyMotion\tsemld_list=sumo:Entity", "id": "ODENTITY_BODY_MOTION", "form": "look"}, {"info": "sementity/id=ODENTITY_COMMUNICATION_PROCESS@type=Top>Process>ContentBearingProcess>CommunicationProcess\tsemld_list=sumo:Entity", "id": "ODENTITY_COMMUNICATION_PROCESS", "form": "look"}, {"info": "sementity/id=ODENTITY_INTENTIONAL_PSYCHOLOGICAL_PROCESS@type=Top>Process>IntentionalProcess>IntentionalPsychologicalProcess\tsemld_list=sumo:IntentionalProcess", "id": "ODENTITY_INTENTIONAL_PSYCHOLOGICAL_PROCESS", "form": "look"}, {"info": "sementity/id=ODENTITY_PURSUING@type=Top>Process>IntentionalProcess>Pursuing\tsemld_list=sumo:IntentionalProcess", "id": "ODENTITY_PURSUING", "form": "look"}], "id": "29"}, {"endp": "125", "style": {"isItalics": "no", "isUnderlined": "no", "isTitle": "no", "isBold": "no"}, "token_list": [{"endp": "117", "style": {"isItalics": "no", "isUnderlined": "no", "isTitle": "no", "isBold": "no"}, "inip": "114", "form": "very", "quote_level": "0", "affected_by_negation": "no", "separation": "1", "analysis_list": [{"lemma": "very", "tag": "ENMSN5", "original_form": "very"}], "id": "30"}, {"endp": "125", "style": {"isItalics": "no", "isUnderlined": "no", "isTitle": "no", "isBold": "no"}, "inip": "119", "form": "unhappy", "quote_level": "0", "affected_by_negation": "no", "separation": "1", "analysis_list": [{"lemma": "unhappy", "tag": "AP-N4", "original_form": "unhappy"}], "id": "31"}], "separation": "1", "form": "very unhappy", "quote_level": "0", "head": "31", "affected_by_negation": "no", "inip": "114", "analysis_list": [{"lemma": "unhappy", "tag": "GA------", "original_form": "very unhappy"}], "type": "phrase", "id": "52"}], "separation": "1", "form": "he looked very unhappy", "quote_level": "0", "affected_by_negation": "no", "inip": "104", "analysis_list": [{"lemma": "*", "tag": "ZC----------", "original_form": "he looked very unhappy"}], "type": "phrase", "id": "59"}, {"endp": "126", "style": {"isItalics": "no", "isUnderlined": "no", "isTitle": "no", "isBold": "no"}, "inip": "126", "form": ".", "quote_level": "0", "affected_by_negation": "no", "separation": "A", "analysis_list": [{"lemma": ".", "tag": "1D--", "original_form": "."}], "id": "32"}], "inip": "75", "quote_level": "0", "affected_by_negation": "no", "separation": "A", "type": "sentence", "id": "38"}]}