{"status": {"msg": "OK", "credits": "1", "remaining_credits": "39845", "code": "0"}, "token_list": [{"endp": "21", "style": {"isItalics": "no", "isUnderlined": "no", "isTitle": "no", "isBold": "no"}, "token_list": [{"endp": "20", "style": {"isItalics": "no", "isUnderlined": "no", "isTitle": "no", "isBold": "no"}, "token_list": [{"endp": "7", "style": {"isItalics": "no", "isUnderlined": "no", "isTitle": "no", "isBold": "no"}, "token_list": [{"endp": "2", "style": {"isItalics": "no", "isUnderlined": "no", "isTitle": "no", "isBold": "no"}, "inip": "0", "form": "The", "quote_level": "0", "affected_by_negation": "no", "separation": "_", "analysis_list": [{"lemma": "the", "tag": "TD-SN9", "original_form": "the"}, {"lemma": "the", "tag": "TD-PN9", "original_form": "the"}], "id": "1"}, {"endp": "7", "style": {"isItalics": "no", "isUnderlined": "no", "isTitle": "no", "isBold": "no"}, "inip": "4", "form": "fish", "quote_level": "0", "affected_by_negation": "no", "separation": "1", "analysis_list": [{"lemma": "fish", "tag": "NC-S-N4", "sense_id_list": [{"sense_id": "69051fbe59"}], "original_form": "fish"}, {"lemma": "fish", "tag": "NC-P-N4", "sense_id_list": [{"sense_id": "69051fbe59"}], "original_form": "fish"}], "sense_list": [{"info": "sementity/class=class@fiction=nonfiction@id=ODENTITY_FISH@type=Top>LivingThing>Animal>Vertebrate>Fish\tsemld_list=sumo:Fish\tsemtheme_list/id=ODTHEME_ZOOLOGY@type=Top>NaturalSciences>Zoology", "id": "69051fbe59", "form": "fish"}], "id": "2"}], "separation": "_", "form": "The fish", "quote_level": "0", "head": "2", "syntactic_tree_relation_list": [{"type": "isSubject", "id": "3"}], "affected_by_negation": "no", "inip": "0", "analysis_list": [{"lemma": "fish", "tag": "GN-S3S--", "original_form": "The fish"}, {"lemma": "fish", "tag": "GN-P3S--", "original_form": "The fish"}], "type": "phrase", "id": "16"}, {"endp": "11", "style": {"isItalics": "no", "isUnderlined": "no", "isTitle": "no", "isBold": "no"}, "inip": "9", "form": "ate", "quote_level": "0", "syntactic_tree_relation_list": [{"type": "iof_isSubject", "id": "16"}, {"type": "iof_isDirectObject", "id": "17"}], "affected_by_negation": "no", "separation": "1", "analysis_list": [{"lemma": "eat", "tag": "VI-U3ASA-N-N6", "original_form": "ate"}], "id": "3"}, {"endp": "20", "style": {"isItalics": "no", "isUnderlined": "no", "isTitle": "no", "isBold": "no"}, "token_list": [{"endp": "15", "style": {"isItalics": "no", "isUnderlined": "no", "isTitle": "no", "isBold": "no"}, "inip": "13", "form": "the", "quote_level": "0", "affected_by_negation": "no", "separation": "1", "analysis_list": [{"lemma": "the", "tag": "TD-SN9", "original_form": "the"}], "id": "4"}, {"endp": "20", "style": {"isItalics": "no", "isUnderlined": "no", "isTitle": "no", "isBold": "no"}, "inip": "17", "form": "worm", "quote_level": "0", "affected_by_negation": "no", "separation": "1", "analysis_list": [{"lemma": "worm", "tag": "NC-S-N3", "sense_id_list": [{"sense_id": "828164367a"}], "original_form": "worm"}, {"lemma": "worm", "tag": "NC-S-N3", "sense_id_list": [{"sense_id": "a0cd62ef8a"}], "original_form": "worm"}, {"lemma": "worm", "tag": "NC-S-N3", "sense_id_list": [{"sense_id": "340032da7e"}], "original_form": "worm"}], "sense_list": [{"info": "sementity/class=class@fiction=nonfiction@id=ODENTITY_TOP@type=Top\tsemld_list=sumo:Entity\tsemtheme_list/id=ODTHEME_COMPUTING@type=Top>Technology>Computing", "id": "340032da7e", "form": "worm"}, {"info": "sementity/class=class@fiction=nonfiction@id=ODENTITY_PERSON@type=Top>Person\tsemld_list=sumo:Human", "id": "828164367a", "form": "worm"}, {"info": "sementity/class=class@fiction=nonfiction@id=ODENTITY_INVERTEBRATE@type=Top>LivingThing>Animal>Invertebrate\tsemld_list=sumo:Invertebrate\tsemtheme_list/id=ODTHEME_ZOOLOGY@type=Top>NaturalSciences>Zoology", "id": "a0cd62ef8a", "form": "worm"}], "id": "5"}], "separation": "1", "form": "the worm", "quote_level": "0", "head": "5", "syntactic_tree_relation_list": [{"type": "isDirectObject", "id": "3"}, {"type": "iof_isAnaphora", "id": "20"}], "affected_by_negation": "no", "inip": "13", "analysis_list": [{"lemma": "worm", "tag": "GN-S3D--", "original_form": "the worm"}], "type": "phrase", "id": "17"}], "separation": "_", "form": "The fish ate the worm", "quote_level": "0", "affected_by_negation": "no", "inip": "0", "analysis_list": [{"lemma": "*", "tag": "Z-----------", "original_form": "The fish ate the worm"}], "type": "phrase", "id": "18"}, {"endp": "21", "style": {"isItalics": "no", "isUnderlined": "no", "isTitle": "no", "isBold": "no"}, "inip": "21", "form": ".", "quote_level": "0", "affected_by_negation": "no", "separation": "A", "analysis_list": [{"lemma": ".", "tag": "1D--", "original_form": "."}], "id": "6"}], "inip": "0", "quote_level": "0", "affected_by_negation": "no", "separation": "A", "type": "sentence", "id": "12"}, {"endp": "36", "style": {"isItalics": "no", "isUnderlined": "no", "isTitle": "no", "isBold": "no"}, "token_list": [{"endp": "35", "style": {"isItalics": "no", "isUnderlined": "no", "isTitle": "no", "isBold": "no"}, "token_list": [{"endp": "24", "style": {"isItalics": "no", "isUnderlined": "no", "isTitle": "no", "isBold": "no"}, "token_list": [{"endp": "24", "style": {"isItalics": "no", "isUnderlined": "no", "isTitle": "no", "isBold": "no"}, "inip": "23", "form": "It", "quote_level": "0", "affected_by_negation": "no", "separation": "1", "analysis_list": [{"lemma": "it", "tag": "PP-S3NN8", "sense_id_list": [{"sense_id": "PRONNONHUMAN"}], "original_form": "it"}], "sense_list": [{"info": "semhum=nonhuman", "id": "PRONNONHUMAN", "form": "it"}], "id": "7"}], "separation": "1", "form": "It", "quote_level": "0", "head": "7", "syntactic_tree_relation_list": [{"type": "isAnaphora", "id": "17"}, {"type": "isSubject", "id": "8"}], "affected_by_negation": "no", "inip": "23", "analysis_list": [{"lemma": "it", "tag": "GN-S3S--", "original_form": "It"}], "type": "phrase", "id": "20"}, {"endp": "28", "style": {"isItalics": "no", "isUnderlined": "no", "isTitle": "no", "isBold": "no"}, "inip": "26", "form": "was", "quote_level": "0", "syntactic_tree_relation_list": [{"type": "iof_isSubject", "id": "20"}, {"type": "iof_isAttribute", "id": "19"}], "affected_by_negation": "no", "separation": "1", "analysis_list": [{"lemma": "be", "tag": "VI-S3ASA-N-N9", "original_form": "was"}], "id": "8"}, {"endp": "35", "style": {"isItalics": "no", "isUnderlined": "no", "isTitle": "no", "isBold": "no"}, "token_list": [{"endp": "35", "style": {"isItalics": "no", "isUnderlined": "no", "isTitle": "no", "isBold": "no"}, "inip": "30", "form": "hungry", "quote_level": "0", "affected_by_negation": "no", "separation": "1", "analysis_list": [{"lemma": "hungry", "tag": "AP-N4", "sense_id_list": [{"sense_id": "117db04de1"}], "original_form": "hungry"}], "sense_list": [{"info": "sementity/class=class@fiction=nonfiction@id=ODENTITY_PERSON@type=Top>Person\tsemld_list=sumo:Human", "id": "117db04de1", "form": "hungry"}], "id": "9"}], "separation": "1", "form": "hungry", "quote_level": "0", "head": "9", "syntactic_tree_relation_list": [{"type": "isAttribute", "id": "8"}], "affected_by_negation": "no", "inip": "30", "analysis_list": [{"lemma": "hungry", "tag": "GA---A--", "original_form": "hungry"}], "type": "phrase", "id": "19"}], "separation": "1", "form": "It was hungry", "quote_level": "0", "affected_by_negation": "no", "inip": "23", "analysis_list": [{"lemma": "*", "tag": "Z-----------", "original_form": "It was hungry"}], "type": "phrase", "id": "21"}, {"endp": "36", "style": {"isItalics": "no", "isUnderlined": "no", "isTitle": "no", "isBold": "no"}, "inip": "36", "form": ".", "quote_level": "0", "affected_by_negation": "no", "separation": "A", "analysis_list": [{"lemma": ".", "tag": "1D--", "original_form": "."}], "id": "10"}], "inip": "23", "quote_level": "0", "affected_by_negation": "no", "separation": "A", "type": "sentence", "id": "14"}]}